# Object Export From Tinkercad Server 2015

mtllib bom.mtl

o obj_0
v 0.5 		0.5 		85
v 0.1932 		0.5 		84.9789
v 0.1947 		0.4699 		84.9789
v 0.1991 		0.4402 		84.9789
v 0.2064 		0.411 		84.9789
v 0.2166 		0.3826 		84.9789
v 0.2295 		0.3554 		84.9789
v 0.2449 		0.3296 		84.9789
v 0.2629 		0.3054 		84.9789
v 0.2831 		0.2831 		84.9789
v 0.3054 		0.2629 		84.9789
v 0.3296 		0.2449 		84.9789
v 0.3554 		0.2295 		84.9789
v 0.3826 		0.2166 		84.9789
v 0.411 		0.2064 		84.9789
v 0.4402 		0.1991 		84.9789
v 0.4699 		0.1947 		84.9789
v 0.5 		0.1932 		84.9789
v 0.5301 		0.1947 		84.9789
v 0.5598 		0.1991 		84.9789
v 0.589 		0.2064 		84.9789
v 0.6174 		0.2166 		84.9789
v 0.6446 		0.2295 		84.9789
v 0.6704 		0.2449 		84.9789
v 0.6946 		0.2629 		84.9789
v 0.7169 		0.2831 		84.9789
v 0.7371 		0.3054 		84.9789
v 0.7551 		0.3296 		84.9789
v 0.7705 		0.3554 		84.9789
v 0.7834 		0.3826 		84.9789
v 0.7936 		0.411 		84.9789
v 0.8009 		0.4402 		84.9789
v 0.8053 		0.4699 		84.9789
v 0.8068 		0.5 		84.9789
v 0.8053 		0.5301 		84.9789
v 0.8009 		0.5598 		84.9789
v 0.7936 		0.589 		84.9789
v 0.7834 		0.6174 		84.9789
v 0.7705 		0.6446 		84.9789
v 0.7551 		0.6704 		84.9789
v 0.7371 		0.6946 		84.9789
v 0.7169 		0.7169 		84.9789
v 0.6946 		0.7371 		84.9789
v 0.6704 		0.7551 		84.9789
v 0.6446 		0.7705 		84.9789
v 0.6174 		0.7834 		84.9789
v 0.589 		0.7936 		84.9789
v 0.5598 		0.8009 		84.9789
v 0.5301 		0.8053 		84.9789
v 0.5 		0.8068 		84.9789
v 0.4699 		0.8053 		84.9789
v 0.4402 		0.8009 		84.9789
v 0.411 		0.7936 		84.9789
v 0.3826 		0.7834 		84.9789
v 0.3554 		0.7705 		84.9789
v 0.3296 		0.7551 		84.9789
v 0.3054 		0.7371 		84.9789
v 0.2831 		0.7169 		84.9789
v 0.2629 		0.6946 		84.9789
v 0.2449 		0.6704 		84.9789
v 0.2295 		0.6446 		84.9789
v 0.2166 		0.6174 		84.9789
v 0.2064 		0.589 		84.9789
v 0.1991 		0.5598 		84.9789
v 0.1947 		0.5301 		84.9789
v -0.1133 		0.5 		84.9157
v -0.1104 		0.4399 		84.9157
v -0.1016 		0.3803 		84.9157
v -0.0869 		0.322 		84.9157
v -0.0667 		0.2653 		84.9157
v -0.0409 		0.2109 		84.9157
v -0.01 		0.1592 		84.9157
v 0.0259 		0.1109 		84.9157
v 0.0663 		0.0663 		84.9157
v 0.1109 		0.0259 		84.9157
v 0.1592 		-0.01 		84.9157
v 0.2109 		-0.0409 		84.9157
v 0.2653 		-0.0667 		84.9157
v 0.322 		-0.0869 		84.9157
v 0.3803 		-0.1016 		84.9157
v 0.4399 		-0.1104 		84.9157
v 0.5 		-0.1133 		84.9157
v 0.5601 		-0.1104 		84.9157
v 0.6197 		-0.1016 		84.9157
v 0.678 		-0.0869 		84.9157
v 0.7347 		-0.0667 		84.9157
v 0.7891 		-0.0409 		84.9157
v 0.8408 		-0.01 		84.9157
v 0.8891 		0.0259 		84.9157
v 0.9337 		0.0663 		84.9157
v 0.9741 		0.1109 		84.9157
v 1.01 		0.1592 		84.9157
v 1.0409 		0.2109 		84.9157
v 1.0667 		0.2653 		84.9157
v 1.0869 		0.322 		84.9157
v 1.1016 		0.3803 		84.9157
v 1.1104 		0.4399 		84.9157
v 1.1133 		0.5 		84.9157
v 1.1104 		0.5601 		84.9157
v 1.1016 		0.6197 		84.9157
v 1.0869 		0.678 		84.9157
v 1.0667 		0.7347 		84.9157
v 1.0409 		0.7891 		84.9157
v 1.01 		0.8408 		84.9157
v 0.9741 		0.8891 		84.9157
v 0.9337 		0.9337 		84.9157
v 0.8891 		0.9741 		84.9157
v 0.8408 		1.01 		84.9157
v 0.7891 		1.0409 		84.9157
v 0.7347 		1.0667 		84.9157
v 0.678 		1.0869 		84.9157
v 0.6197 		1.1016 		84.9157
v 0.5601 		1.1104 		84.9157
v 0.5 		1.1133 		84.9157
v 0.4399 		1.1104 		84.9157
v 0.3803 		1.1016 		84.9157
v 0.322 		1.0869 		84.9157
v 0.2653 		1.0667 		84.9157
v 0.2109 		1.0409 		84.9157
v 0.1592 		1.01 		84.9157
v 0.1109 		0.9741 		84.9157
v 0.0663 		0.9337 		84.9157
v 0.0259 		0.8891 		84.9157
v -0.01 		0.8408 		84.9157
v -0.0409 		0.7891 		84.9157
v -0.0667 		0.7347 		84.9157
v -0.0869 		0.678 		84.9157
v -0.1016 		0.6197 		84.9157
v -0.1104 		0.5601 		84.9157
v -0.4196 		0.5 		84.8106
v -0.4151 		0.4099 		84.8106
v -0.4019 		0.3206 		84.8106
v -0.38 		0.2331 		84.8106
v -0.3496 		0.1481 		84.8106
v -0.311 		0.0665 		84.8106
v -0.2646 		-0.0109 		84.8106
v -0.2108 		-0.0834 		84.8106
v -0.1502 		-0.1502 		84.8106
v -0.0834 		-0.2108 		84.8106
v -0.0109 		-0.2646 		84.8106
v 0.0665 		-0.311 		84.8106
v 0.1481 		-0.3496 		84.8106
v 0.2331 		-0.38 		84.8106
v 0.3206 		-0.4019 		84.8106
v 0.4099 		-0.4151 		84.8106
v 0.5 		-0.4196 		84.8106
v 0.5901 		-0.4151 		84.8106
v 0.6794 		-0.4019 		84.8106
v 0.7669 		-0.38 		84.8106
v 0.8519 		-0.3496 		84.8106
v 0.9335 		-0.311 		84.8106
v 1.0109 		-0.2646 		84.8106
v 1.0834 		-0.2108 		84.8106
v 1.1502 		-0.1502 		84.8106
v 1.2108 		-0.0834 		84.8106
v 1.2646 		-0.0109 		84.8106
v 1.311 		0.0665 		84.8106
v 1.3496 		0.1481 		84.8106
v 1.38 		0.2331 		84.8106
v 1.4019 		0.3206 		84.8106
v 1.4151 		0.4099 		84.8106
v 1.4196 		0.5 		84.8106
v 1.4151 		0.5901 		84.8106
v 1.4019 		0.6794 		84.8106
v 1.38 		0.7669 		84.8106
v 1.3496 		0.8519 		84.8106
v 1.311 		0.9335 		84.8106
v 1.2646 		1.0109 		84.8106
v 1.2108 		1.0834 		84.8106
v 1.1502 		1.1502 		84.8106
v 1.0834 		1.2108 		84.8106
v 1.0109 		1.2646 		84.8106
v 0.9335 		1.311 		84.8106
v 0.8519 		1.3496 		84.8106
v 0.7669 		1.38 		84.8106
v 0.6794 		1.4019 		84.8106
v 0.5901 		1.4151 		84.8106
v 0.5 		1.4196 		84.8106
v 0.4099 		1.4151 		84.8106
v 0.3206 		1.4019 		84.8106
v 0.2331 		1.38 		84.8106
v 0.1481 		1.3496 		84.8106
v 0.0665 		1.311 		84.8106
v -0.0109 		1.2646 		84.8106
v -0.0834 		1.2108 		84.8106
v -0.1502 		1.1502 		84.8106
v -0.2108 		1.0834 		84.8106
v -0.2646 		1.0109 		84.8106
v -0.311 		0.9335 		84.8106
v -0.3496 		0.8519 		84.8106
v -0.38 		0.7669 		84.8106
v -0.4019 		0.6794 		84.8106
v -0.4151 		0.5901 		84.8106
v -0.7252 		0.5 		84.6637
v -0.7193 		0.3799 		84.6637
v -0.7017 		0.261 		84.6637
v -0.6725 		0.1443 		84.6637
v -0.632 		0.0311 		84.6637
v -0.5805 		-0.0776 		84.6637
v -0.5187 		-0.1807 		84.6637
v -0.4471 		-0.2773 		84.6637
v -0.3664 		-0.3664 		84.6637
v -0.2773 		-0.4471 		84.6637
v -0.1807 		-0.5187 		84.6637
v -0.0776 		-0.5805 		84.6637
v 0.0311 		-0.632 		84.6637
v 0.1443 		-0.6725 		84.6637
v 0.261 		-0.7017 		84.6637
v 0.3799 		-0.7193 		84.6637
v 0.5 		-0.7252 		84.6637
v 0.6201 		-0.7193 		84.6637
v 0.739 		-0.7017 		84.6637
v 0.8557 		-0.6725 		84.6637
v 0.9689 		-0.632 		84.6637
v 1.0776 		-0.5805 		84.6637
v 1.1807 		-0.5187 		84.6637
v 1.2773 		-0.4471 		84.6637
v 1.3664 		-0.3664 		84.6637
v 1.4471 		-0.2773 		84.6637
v 1.5187 		-0.1807 		84.6637
v 1.5805 		-0.0776 		84.6637
v 1.632 		0.0311 		84.6637
v 1.6725 		0.1443 		84.6637
v 1.7017 		0.261 		84.6637
v 1.7193 		0.3799 		84.6637
v 1.7252 		0.5 		84.6637
v 1.7193 		0.6201 		84.6637
v 1.7017 		0.739 		84.6637
v 1.6725 		0.8557 		84.6637
v 1.632 		0.9689 		84.6637
v 1.5805 		1.0776 		84.6637
v 1.5187 		1.1807 		84.6637
v 1.4471 		1.2773 		84.6637
v 1.3664 		1.3664 		84.6637
v 1.2773 		1.4471 		84.6637
v 1.1807 		1.5187 		84.6637
v 1.0776 		1.5805 		84.6637
v 0.9689 		1.632 		84.6637
v 0.8557 		1.6725 		84.6637
v 0.739 		1.7017 		84.6637
v 0.6201 		1.7193 		84.6637
v 0.5 		1.7252 		84.6637
v 0.3799 		1.7193 		84.6637
v 0.261 		1.7017 		84.6637
v 0.1443 		1.6725 		84.6637
v 0.0311 		1.632 		84.6637
v -0.0776 		1.5805 		84.6637
v -0.1807 		1.5187 		84.6637
v -0.2773 		1.4471 		84.6637
v -0.3664 		1.3664 		84.6637
v -0.4471 		1.2773 		84.6637
v -0.5187 		1.1807 		84.6637
v -0.5805 		1.0776 		84.6637
v -0.632 		0.9689 		84.6637
v -0.6725 		0.8557 		84.6637
v -0.7017 		0.739 		84.6637
v -0.7193 		0.6201 		84.6637
v -1.0301 		0.5 		84.4755
v -1.0228 		0.35 		84.4755
v -1.0007 		0.2015 		84.4755
v -0.9642 		0.0558 		84.4755
v -0.9137 		-0.0856 		84.4755
v -0.8495 		-0.2213 		84.4755
v -0.7723 		-0.3501 		84.4755
v -0.6828 		-0.4707 		84.4755
v -0.582 		-0.582 		84.4755
v -0.4707 		-0.6828 		84.4755
v -0.3501 		-0.7723 		84.4755
v -0.2213 		-0.8495 		84.4755
v -0.0856 		-0.9137 		84.4755
v 0.0558 		-0.9642 		84.4755
v 0.2015 		-1.0007 		84.4755
v 0.35 		-1.0228 		84.4755
v 0.5 		-1.0301 		84.4755
v 0.65 		-1.0228 		84.4755
v 0.7985 		-1.0007 		84.4755
v 0.9442 		-0.9642 		84.4755
v 1.0856 		-0.9137 		84.4755
v 1.2213 		-0.8495 		84.4755
v 1.3501 		-0.7723 		84.4755
v 1.4707 		-0.6828 		84.4755
v 1.582 		-0.582 		84.4755
v 1.6828 		-0.4707 		84.4755
v 1.7723 		-0.3501 		84.4755
v 1.8495 		-0.2213 		84.4755
v 1.9137 		-0.0856 		84.4755
v 1.9642 		0.0558 		84.4755
v 2.0007 		0.2015 		84.4755
v 2.0228 		0.35 		84.4755
v 2.0301 		0.5 		84.4755
v 2.0228 		0.65 		84.4755
v 2.0007 		0.7985 		84.4755
v 1.9642 		0.9442 		84.4755
v 1.9137 		1.0856 		84.4755
v 1.8495 		1.2213 		84.4755
v 1.7723 		1.3501 		84.4755
v 1.6828 		1.4707 		84.4755
v 1.582 		1.582 		84.4755
v 1.4707 		1.6828 		84.4755
v 1.3501 		1.7723 		84.4755
v 1.2213 		1.8495 		84.4755
v 1.0856 		1.9137 		84.4755
v 0.9442 		1.9642 		84.4755
v 0.7985 		2.0007 		84.4755
v 0.65 		2.0228 		84.4755
v 0.5 		2.0301 		84.4755
v 0.35 		2.0228 		84.4755
v 0.2015 		2.0007 		84.4755
v 0.0558 		1.9642 		84.4755
v -0.0856 		1.9137 		84.4755
v -0.2213 		1.8495 		84.4755
v -0.3501 		1.7723 		84.4755
v -0.4707 		1.6828 		84.4755
v -0.582 		1.582 		84.4755
v -0.6828 		1.4707 		84.4755
v -0.7723 		1.3501 		84.4755
v -0.8495 		1.2213 		84.4755
v -0.9137 		1.0856 		84.4755
v -0.9642 		0.9442 		84.4755
v -1.0007 		0.7985 		84.4755
v -1.0228 		0.65 		84.4755
v -1.3341 		0.5 		84.2465
v -1.3253 		0.3202 		84.2465
v -1.2989 		0.1422 		84.2465
v -1.2552 		-0.0324 		84.2465
v -1.1945 		-0.2019 		84.2465
v -1.1176 		-0.3646 		84.2465
v -1.025 		-0.519 		84.2465
v -0.9178 		-0.6636 		84.2465
v -0.7969 		-0.7969 		84.2465
v -0.6636 		-0.9178 		84.2465
v -0.519 		-1.025 		84.2465
v -0.3646 		-1.1176 		84.2465
v -0.2019 		-1.1945 		84.2465
v -0.0324 		-1.2552 		84.2465
v 0.1422 		-1.2989 		84.2465
v 0.3202 		-1.3253 		84.2465
v 0.5 		-1.3341 		84.2465
v 0.6798 		-1.3253 		84.2465
v 0.8578 		-1.2989 		84.2465
v 1.0324 		-1.2552 		84.2465
v 1.2019 		-1.1945 		84.2465
v 1.3646 		-1.1176 		84.2465
v 1.519 		-1.025 		84.2465
v 1.6636 		-0.9178 		84.2465
v 1.7969 		-0.7969 		84.2465
v 1.9178 		-0.6636 		84.2465
v 2.025 		-0.519 		84.2465
v 2.1176 		-0.3646 		84.2465
v 2.1945 		-0.2019 		84.2465
v 2.2552 		-0.0324 		84.2465
v 2.2989 		0.1422 		84.2465
v 2.3253 		0.3202 		84.2465
v 2.3341 		0.5 		84.2465
v 2.3253 		0.6798 		84.2465
v 2.2989 		0.8578 		84.2465
v 2.2552 		1.0324 		84.2465
v 2.1945 		1.2019 		84.2465
v 2.1176 		1.3646 		84.2465
v 2.025 		1.519 		84.2465
v 1.9178 		1.6636 		84.2465
v 1.7969 		1.7969 		84.2465
v 1.6636 		1.9178 		84.2465
v 1.519 		2.025 		84.2465
v 1.3646 		2.1176 		84.2465
v 1.2019 		2.1945 		84.2465
v 1.0324 		2.2552 		84.2465
v 0.8578 		2.2989 		84.2465
v 0.6798 		2.3253 		84.2465
v 0.5 		2.3341 		84.2465
v 0.3202 		2.3253 		84.2465
v 0.1422 		2.2989 		84.2465
v -0.0324 		2.2552 		84.2465
v -0.2019 		2.1945 		84.2465
v -0.3646 		2.1176 		84.2465
v -0.519 		2.025 		84.2465
v -0.6636 		1.9178 		84.2465
v -0.7969 		1.7969 		84.2465
v -0.9178 		1.6636 		84.2465
v -1.025 		1.519 		84.2465
v -1.1176 		1.3646 		84.2465
v -1.1945 		1.2019 		84.2465
v -1.2552 		1.0324 		84.2465
v -1.2989 		0.8578 		84.2465
v -1.3253 		0.6798 		84.2465
v -1.637 		0.5 		83.977
v -1.6267 		0.2905 		83.977
v -1.596 		0.0831 		83.977
v -1.545 		-0.1203 		83.977
v -1.4744 		-0.3178 		83.977
v -1.3847 		-0.5074 		83.977
v -1.2769 		-0.6873 		83.977
v -1.1519 		-0.8557 		83.977
v -1.0111 		-1.0111 		83.977
v -0.8557 		-1.1519 		83.977
v -0.6873 		-1.2769 		83.977
v -0.5074 		-1.3847 		83.977
v -0.3178 		-1.4744 		83.977
v -0.1203 		-1.545 		83.977
v 0.0831 		-1.596 		83.977
v 0.2905 		-1.6267 		83.977
v 0.5 		-1.637 		83.977
v 0.7095 		-1.6267 		83.977
v 0.9169 		-1.596 		83.977
v 1.1203 		-1.545 		83.977
v 1.3178 		-1.4744 		83.977
v 1.5074 		-1.3847 		83.977
v 1.6873 		-1.2769 		83.977
v 1.8557 		-1.1519 		83.977
v 2.0111 		-1.0111 		83.977
v 2.1519 		-0.8557 		83.977
v 2.2769 		-0.6873 		83.977
v 2.3847 		-0.5074 		83.977
v 2.4744 		-0.3178 		83.977
v 2.545 		-0.1203 		83.977
v 2.596 		0.0831 		83.977
v 2.6267 		0.2905 		83.977
v 2.637 		0.5 		83.977
v 2.6267 		0.7095 		83.977
v 2.596 		0.9169 		83.977
v 2.545 		1.1203 		83.977
v 2.4744 		1.3178 		83.977
v 2.3847 		1.5074 		83.977
v 2.2769 		1.6873 		83.977
v 2.1519 		1.8557 		83.977
v 2.0111 		2.0111 		83.977
v 1.8557 		2.1519 		83.977
v 1.6873 		2.2769 		83.977
v 1.5074 		2.3847 		83.977
v 1.3178 		2.4744 		83.977
v 1.1203 		2.545 		83.977
v 0.9169 		2.596 		83.977
v 0.7095 		2.6267 		83.977
v 0.5 		2.637 		83.977
v 0.2905 		2.6267 		83.977
v 0.0831 		2.596 		83.977
v -0.1203 		2.545 		83.977
v -0.3178 		2.4744 		83.977
v -0.5074 		2.3847 		83.977
v -0.6873 		2.2769 		83.977
v -0.8557 		2.1519 		83.977
v -1.0111 		2.0111 		83.977
v -1.1519 		1.8557 		83.977
v -1.2769 		1.6873 		83.977
v -1.3847 		1.5074 		83.977
v -1.4744 		1.3178 		83.977
v -1.545 		1.1203 		83.977
v -1.596 		0.9169 		83.977
v -1.6267 		0.7095 		83.977
v -1.9386 		0.5 		83.6679
v -1.9269 		0.261 		83.6679
v -1.8918 		0.0242 		83.6679
v -1.8336 		-0.2079 		83.6679
v -1.753 		-0.4332 		83.6679
v -1.6507 		-0.6496 		83.6679
v -1.5276 		-0.8548 		83.6679
v -1.3851 		-1.047 		83.6679
v -1.2244 		-1.2244 		83.6679
v -1.047 		-1.3851 		83.6679
v -0.8548 		-1.5276 		83.6679
v -0.6496 		-1.6507 		83.6679
v -0.4332 		-1.753 		83.6679
v -0.2079 		-1.8336 		83.6679
v 0.0242 		-1.8918 		83.6679
v 0.261 		-1.9269 		83.6679
v 0.5 		-1.9386 		83.6679
v 0.739 		-1.9269 		83.6679
v 0.9758 		-1.8918 		83.6679
v 1.2079 		-1.8336 		83.6679
v 1.4332 		-1.753 		83.6679
v 1.6496 		-1.6507 		83.6679
v 1.8548 		-1.5276 		83.6679
v 2.047 		-1.3851 		83.6679
v 2.2244 		-1.2244 		83.6679
v 2.3851 		-1.047 		83.6679
v 2.5276 		-0.8548 		83.6679
v 2.6507 		-0.6496 		83.6679
v 2.753 		-0.4332 		83.6679
v 2.8336 		-0.2079 		83.6679
v 2.8918 		0.0242 		83.6679
v 2.9269 		0.261 		83.6679
v 2.9386 		0.5 		83.6679
v 2.9269 		0.739 		83.6679
v 2.8918 		0.9758 		83.6679
v 2.8336 		1.2079 		83.6679
v 2.753 		1.4332 		83.6679
v 2.6507 		1.6496 		83.6679
v 2.5276 		1.8548 		83.6679
v 2.3851 		2.047 		83.6679
v 2.2244 		2.2244 		83.6679
v 2.047 		2.3851 		83.6679
v 1.8548 		2.5276 		83.6679
v 1.6496 		2.6507 		83.6679
v 1.4332 		2.753 		83.6679
v 1.2079 		2.8336 		83.6679
v 0.9758 		2.8918 		83.6679
v 0.739 		2.9269 		83.6679
v 0.5 		2.9386 		83.6679
v 0.261 		2.9269 		83.6679
v 0.0242 		2.8918 		83.6679
v -0.2079 		2.8336 		83.6679
v -0.4332 		2.753 		83.6679
v -0.6496 		2.6507 		83.6679
v -0.8548 		2.5276 		83.6679
v -1.047 		2.3851 		83.6679
v -1.2244 		2.2244 		83.6679
v -1.3851 		2.047 		83.6679
v -1.5276 		1.8548 		83.6679
v -1.6507 		1.6496 		83.6679
v -1.753 		1.4332 		83.6679
v -1.8336 		1.2079 		83.6679
v -1.8918 		0.9758 		83.6679
v -1.9269 		0.739 		83.6679
v -2.2388 		0.5 		83.3198
v -2.2256 		0.2316 		83.3198
v -2.1861 		-0.0343 		83.3198
v -2.1208 		-0.295 		83.3198
v -2.0303 		-0.5481 		83.3198
v -1.9154 		-0.791 		83.3198
v -1.7772 		-1.0216 		83.3198
v -1.6171 		-1.2375 		83.3198
v -1.4366 		-1.4366 		83.3198
v -1.2375 		-1.6171 		83.3198
v -1.0216 		-1.7772 		83.3198
v -0.791 		-1.9154 		83.3198
v -0.5481 		-2.0303 		83.3198
v -0.295 		-2.1208 		83.3198
v -0.0343 		-2.1861 		83.3198
v 0.2316 		-2.2256 		83.3198
v 0.5 		-2.2388 		83.3198
v 0.7684 		-2.2256 		83.3198
v 1.0343 		-2.1861 		83.3198
v 1.295 		-2.1208 		83.3198
v 1.5481 		-2.0303 		83.3198
v 1.791 		-1.9154 		83.3198
v 2.0216 		-1.7772 		83.3198
v 2.2375 		-1.6171 		83.3198
v 2.4366 		-1.4366 		83.3198
v 2.6171 		-1.2375 		83.3198
v 2.7772 		-1.0216 		83.3198
v 2.9154 		-0.791 		83.3198
v 3.0303 		-0.5481 		83.3198
v 3.1208 		-0.295 		83.3198
v 3.1861 		-0.0343 		83.3198
v 3.2256 		0.2316 		83.3198
v 3.2388 		0.5 		83.3198
v 3.2256 		0.7684 		83.3198
v 3.1861 		1.0343 		83.3198
v 3.1208 		1.295 		83.3198
v 3.0303 		1.5481 		83.3198
v 2.9154 		1.791 		83.3198
v 2.7772 		2.0216 		83.3198
v 2.6171 		2.2375 		83.3198
v 2.4366 		2.4366 		83.3198
v 2.2375 		2.6171 		83.3198
v 2.0216 		2.7772 		83.3198
v 1.791 		2.9154 		83.3198
v 1.5481 		3.0303 		83.3198
v 1.295 		3.1208 		83.3198
v 1.0343 		3.1861 		83.3198
v 0.7684 		3.2256 		83.3198
v 0.5 		3.2388 		83.3198
v 0.2316 		3.2256 		83.3198
v -0.0343 		3.1861 		83.3198
v -0.295 		3.1208 		83.3198
v -0.5481 		3.0303 		83.3198
v -0.791 		2.9154 		83.3198
v -1.0216 		2.7772 		83.3198
v -1.2375 		2.6171 		83.3198
v -1.4366 		2.4366 		83.3198
v -1.6171 		2.2375 		83.3198
v -1.7772 		2.0216 		83.3198
v -1.9154 		1.791 		83.3198
v -2.0303 		1.5481 		83.3198
v -2.1208 		1.295 		83.3198
v -2.1861 		1.0343 		83.3198
v -2.2256 		0.7684 		83.3198
v -2.5373 		0.5 		82.9336
v -2.5226 		0.2023 		82.9336
v -2.4789 		-0.0925 		82.9336
v -2.4065 		-0.3817 		82.9336
v -2.3061 		-0.6623 		82.9336
v -2.1786 		-0.9318 		82.9336
v -2.0254 		-1.1874 		82.9336
v -1.8478 		-1.4268 		82.9336
v -1.6477 		-1.6477 		82.9336
v -1.4268 		-1.8478 		82.9336
v -1.1874 		-2.0254 		82.9336
v -0.9318 		-2.1786 		82.9336
v -0.6623 		-2.3061 		82.9336
v -0.3817 		-2.4065 		82.9336
v -0.0925 		-2.4789 		82.9336
v 0.2023 		-2.5226 		82.9336
v 0.5 		-2.5373 		82.9336
v 0.7977 		-2.5226 		82.9336
v 1.0925 		-2.4789 		82.9336
v 1.3817 		-2.4065 		82.9336
v 1.6623 		-2.3061 		82.9336
v 1.9318 		-2.1786 		82.9336
v 2.1874 		-2.0254 		82.9336
v 2.4268 		-1.8478 		82.9336
v 2.6477 		-1.6477 		82.9336
v 2.8478 		-1.4268 		82.9336
v 3.0254 		-1.1874 		82.9336
v 3.1786 		-0.9318 		82.9336
v 3.3061 		-0.6623 		82.9336
v 3.4065 		-0.3817 		82.9336
v 3.4789 		-0.0925 		82.9336
v 3.5226 		0.2023 		82.9336
v 3.5373 		0.5 		82.9336
v 3.5226 		0.7977 		82.9336
v 3.4789 		1.0925 		82.9336
v 3.4065 		1.3817 		82.9336
v 3.3061 		1.6623 		82.9336
v 3.1786 		1.9318 		82.9336
v 3.0254 		2.1874 		82.9336
v 2.8478 		2.4268 		82.9336
v 2.6477 		2.6477 		82.9336
v 2.4268 		2.8478 		82.9336
v 2.1874 		3.0254 		82.9336
v 1.9318 		3.1786 		82.9336
v 1.6623 		3.3061 		82.9336
v 1.3817 		3.4065 		82.9336
v 1.0925 		3.4789 		82.9336
v 0.7977 		3.5226 		82.9336
v 0.5 		3.5373 		82.9336
v 0.2023 		3.5226 		82.9336
v -0.0925 		3.4789 		82.9336
v -0.3817 		3.4065 		82.9336
v -0.6623 		3.3061 		82.9336
v -0.9318 		3.1786 		82.9336
v -1.1874 		3.0254 		82.9336
v -1.4268 		2.8478 		82.9336
v -1.6477 		2.6477 		82.9336
v -1.8478 		2.4268 		82.9336
v -2.0254 		2.1874 		82.9336
v -2.1786 		1.9318 		82.9336
v -2.3061 		1.6623 		82.9336
v -2.4065 		1.3817 		82.9336
v -2.4789 		1.0925 		82.9336
v -2.5226 		0.7977 		82.9336
v -2.8339 		0.5 		82.5103
v -2.8179 		0.1732 		82.5103
v -2.7698 		-0.1504 		82.5103
v -2.6904 		-0.4678 		82.5103
v -2.5801 		-0.7758 		82.5103
v -2.4402 		-1.0716 		82.5103
v -2.272 		-1.3522 		82.5103
v -2.0771 		-1.615 		82.5103
v -1.8574 		-1.8574 		82.5103
v -1.615 		-2.0771 		82.5103
v -1.3522 		-2.272 		82.5103
v -1.0716 		-2.4402 		82.5103
v -0.7758 		-2.5801 		82.5103
v -0.4678 		-2.6904 		82.5103
v -0.1504 		-2.7698 		82.5103
v 0.1732 		-2.8179 		82.5103
v 0.5 		-2.8339 		82.5103
v 0.8268 		-2.8179 		82.5103
v 1.1504 		-2.7698 		82.5103
v 1.4678 		-2.6904 		82.5103
v 1.7758 		-2.5801 		82.5103
v 2.0716 		-2.4402 		82.5103
v 2.3522 		-2.272 		82.5103
v 2.615 		-2.0771 		82.5103
v 2.8574 		-1.8574 		82.5103
v 3.0771 		-1.615 		82.5103
v 3.272 		-1.3522 		82.5103
v 3.4402 		-1.0716 		82.5103
v 3.5801 		-0.7758 		82.5103
v 3.6904 		-0.4678 		82.5103
v 3.7698 		-0.1504 		82.5103
v 3.8179 		0.1732 		82.5103
v 3.8339 		0.5 		82.5103
v 3.8179 		0.8268 		82.5103
v 3.7698 		1.1504 		82.5103
v 3.6904 		1.4678 		82.5103
v 3.5801 		1.7758 		82.5103
v 3.4402 		2.0716 		82.5103
v 3.272 		2.3522 		82.5103
v 3.0771 		2.615 		82.5103
v 2.8574 		2.8574 		82.5103
v 2.615 		3.0771 		82.5103
v 2.3522 		3.272 		82.5103
v 2.0716 		3.4402 		82.5103
v 1.7758 		3.5801 		82.5103
v 1.4678 		3.6904 		82.5103
v 1.1504 		3.7698 		82.5103
v 0.8268 		3.8179 		82.5103
v 0.5 		3.8339 		82.5103
v 0.1732 		3.8179 		82.5103
v -0.1504 		3.7698 		82.5103
v -0.4678 		3.6904 		82.5103
v -0.7758 		3.5801 		82.5103
v -1.0716 		3.4402 		82.5103
v -1.3522 		3.272 		82.5103
v -1.615 		3.0771 		82.5103
v -1.8574 		2.8574 		82.5103
v -2.0771 		2.615 		82.5103
v -2.272 		2.3522 		82.5103
v -2.4402 		2.0716 		82.5103
v -2.5801 		1.7758 		82.5103
v -2.6904 		1.4678 		82.5103
v -2.7698 		1.1504 		82.5103
v -2.8179 		0.8268 		82.5103
v -3.1286 		0.5 		82.0507
v -3.1111 		0.1443 		82.0507
v -3.0588 		-0.2079 		82.0507
v -2.9723 		-0.5533 		82.0507
v -2.8524 		-0.8886 		82.0507
v -2.7001 		-1.2105 		82.0507
v -2.517 		-1.5159 		82.0507
v -2.3049 		-1.8019 		82.0507
v -2.0658 		-2.0658 		82.0507
v -1.8019 		-2.3049 		82.0507
v -1.5159 		-2.517 		82.0507
v -1.2105 		-2.7001 		82.0507
v -0.8886 		-2.8524 		82.0507
v -0.5533 		-2.9723 		82.0507
v -0.2079 		-3.0588 		82.0507
v 0.1443 		-3.1111 		82.0507
v 0.5 		-3.1286 		82.0507
v 0.8557 		-3.1111 		82.0507
v 1.2079 		-3.0588 		82.0507
v 1.5533 		-2.9723 		82.0507
v 1.8886 		-2.8524 		82.0507
v 2.2105 		-2.7001 		82.0507
v 2.5159 		-2.517 		82.0507
v 2.8019 		-2.3049 		82.0507
v 3.0658 		-2.0658 		82.0507
v 3.3049 		-1.8019 		82.0507
v 3.517 		-1.5159 		82.0507
v 3.7001 		-1.2105 		82.0507
v 3.8524 		-0.8886 		82.0507
v 3.9723 		-0.5533 		82.0507
v 4.0588 		-0.2079 		82.0507
v 4.1111 		0.1443 		82.0507
v 4.1286 		0.5 		82.0507
v 4.1111 		0.8557 		82.0507
v 4.0588 		1.2079 		82.0507
v 3.9723 		1.5533 		82.0507
v 3.8524 		1.8886 		82.0507
v 3.7001 		2.2105 		82.0507
v 3.517 		2.5159 		82.0507
v 3.3049 		2.8019 		82.0507
v 3.0658 		3.0658 		82.0507
v 2.8019 		3.3049 		82.0507
v 2.5159 		3.517 		82.0507
v 2.2105 		3.7001 		82.0507
v 1.8886 		3.8524 		82.0507
v 1.5533 		3.9723 		82.0507
v 1.2079 		4.0588 		82.0507
v 0.8557 		4.1111 		82.0507
v 0.5 		4.1286 		82.0507
v 0.1443 		4.1111 		82.0507
v -0.2079 		4.0588 		82.0507
v -0.5533 		3.9723 		82.0507
v -0.8886 		3.8524 		82.0507
v -1.2105 		3.7001 		82.0507
v -1.5159 		3.517 		82.0507
v -1.8019 		3.3049 		82.0507
v -2.0658 		3.0658 		82.0507
v -2.3049 		2.8019 		82.0507
v -2.517 		2.5159 		82.0507
v -2.7001 		2.2105 		82.0507
v -2.8524 		1.8886 		82.0507
v -2.9723 		1.5533 		82.0507
v -3.0588 		1.2079 		82.0507
v -3.1111 		0.8557 		82.0507
v -3.421 		0.5 		81.5561
v -3.4021 		0.1157 		81.5561
v -3.3457 		-0.265 		81.5561
v -3.2522 		-0.6382 		81.5561
v -3.1226 		-1.0005 		81.5561
v -2.958 		-1.3484 		81.5561
v -2.7602 		-1.6784 		81.5561
v -2.531 		-1.9875 		81.5561
v -2.2726 		-2.2726 		81.5561
v -1.9875 		-2.531 		81.5561
v -1.6784 		-2.7602 		81.5561
v -1.3484 		-2.958 		81.5561
v -1.0005 		-3.1226 		81.5561
v -0.6382 		-3.2522 		81.5561
v -0.265 		-3.3457 		81.5561
v 0.1157 		-3.4021 		81.5561
v 0.5 		-3.421 		81.5561
v 0.8843 		-3.4021 		81.5561
v 1.265 		-3.3457 		81.5561
v 1.6382 		-3.2522 		81.5561
v 2.0005 		-3.1226 		81.5561
v 2.3484 		-2.958 		81.5561
v 2.6784 		-2.7602 		81.5561
v 2.9875 		-2.531 		81.5561
v 3.2726 		-2.2726 		81.5561
v 3.531 		-1.9875 		81.5561
v 3.7602 		-1.6784 		81.5561
v 3.958 		-1.3484 		81.5561
v 4.1226 		-1.0005 		81.5561
v 4.2522 		-0.6382 		81.5561
v 4.3457 		-0.265 		81.5561
v 4.4021 		0.1157 		81.5561
v 4.421 		0.5 		81.5561
v 4.4021 		0.8843 		81.5561
v 4.3457 		1.265 		81.5561
v 4.2522 		1.6382 		81.5561
v 4.1226 		2.0005 		81.5561
v 3.958 		2.3484 		81.5561
v 3.7602 		2.6784 		81.5561
v 3.531 		2.9875 		81.5561
v 3.2726 		3.2726 		81.5561
v 2.9875 		3.531 		81.5561
v 2.6784 		3.7602 		81.5561
v 2.3484 		3.958 		81.5561
v 2.0005 		4.1226 		81.5561
v 1.6382 		4.2522 		81.5561
v 1.265 		4.3457 		81.5561
v 0.8843 		4.4021 		81.5561
v 0.5 		4.421 		81.5561
v 0.1157 		4.4021 		81.5561
v -0.265 		4.3457 		81.5561
v -0.6382 		4.2522 		81.5561
v -1.0005 		4.1226 		81.5561
v -1.3484 		3.958 		81.5561
v -1.6784 		3.7602 		81.5561
v -1.9875 		3.531 		81.5561
v -2.2726 		3.2726 		81.5561
v -2.531 		2.9875 		81.5561
v -2.7602 		2.6784 		81.5561
v -2.958 		2.3484 		81.5561
v -3.1226 		2.0005 		81.5561
v -3.2522 		1.6382 		81.5561
v -3.3457 		1.265 		81.5561
v -3.4021 		0.8843 		81.5561
v -3.7111 		0.5 		81.0277
v -3.6908 		0.0872 		81.0277
v -3.6302 		-0.3215 		81.0277
v -3.5298 		-0.7224 		81.0277
v -3.3906 		-1.1115 		81.0277
v -3.2139 		-1.4851 		81.0277
v -3.0014 		-1.8396 		81.0277
v -2.7552 		-2.1715 		81.0277
v -2.4777 		-2.4777 		81.0277
v -2.1715 		-2.7552 		81.0277
v -1.8396 		-3.0014 		81.0277
v -1.4851 		-3.2139 		81.0277
v -1.1115 		-3.3906 		81.0277
v -0.7224 		-3.5298 		81.0277
v -0.3215 		-3.6302 		81.0277
v 0.0872 		-3.6908 		81.0277
v 0.5 		-3.7111 		81.0277
v 0.9128 		-3.6908 		81.0277
v 1.3215 		-3.6302 		81.0277
v 1.7224 		-3.5298 		81.0277
v 2.1115 		-3.3906 		81.0277
v 2.4851 		-3.2139 		81.0277
v 2.8396 		-3.0014 		81.0277
v 3.1715 		-2.7552 		81.0277
v 3.4777 		-2.4777 		81.0277
v 3.7552 		-2.1715 		81.0277
v 4.0014 		-1.8396 		81.0277
v 4.2139 		-1.4851 		81.0277
v 4.3906 		-1.1115 		81.0277
v 4.5298 		-0.7224 		81.0277
v 4.6302 		-0.3215 		81.0277
v 4.6908 		0.0872 		81.0277
v 4.7111 		0.5 		81.0277
v 4.6908 		0.9128 		81.0277
v 4.6302 		1.3215 		81.0277
v 4.5298 		1.7224 		81.0277
v 4.3906 		2.1115 		81.0277
v 4.2139 		2.4851 		81.0277
v 4.0014 		2.8396 		81.0277
v 3.7552 		3.1715 		81.0277
v 3.4777 		3.4777 		81.0277
v 3.1715 		3.7552 		81.0277
v 2.8396 		4.0014 		81.0277
v 2.4851 		4.2139 		81.0277
v 2.1115 		4.3906 		81.0277
v 1.7224 		4.5298 		81.0277
v 1.3215 		4.6302 		81.0277
v 0.9128 		4.6908 		81.0277
v 0.5 		4.7111 		81.0277
v 0.0872 		4.6908 		81.0277
v -0.3215 		4.6302 		81.0277
v -0.7224 		4.5298 		81.0277
v -1.1115 		4.3906 		81.0277
v -1.4851 		4.2139 		81.0277
v -1.8396 		4.0014 		81.0277
v -2.1715 		3.7552 		81.0277
v -2.4777 		3.4777 		81.0277
v -2.7552 		3.1715 		81.0277
v -3.0014 		2.8396 		81.0277
v -3.2139 		2.4851 		81.0277
v -3.3906 		2.1115 		81.0277
v -3.5298 		1.7224 		81.0277
v -3.6302 		1.3215 		81.0277
v -3.6908 		0.9128 		81.0277
v -3.9987 		0.5 		80.4666
v -3.977 		0.0591 		80.4666
v -3.9122 		-0.3777 		80.4666
v -3.805 		-0.8059 		80.4666
v -3.6562 		-1.2216 		80.4666
v -3.4675 		-1.6207 		80.4666
v -3.2405 		-1.9993 		80.4666
v -2.9775 		-2.3539 		80.4666
v -2.6811 		-2.6811 		80.4666
v -2.3539 		-2.9775 		80.4666
v -1.9993 		-3.2405 		80.4666
v -1.6207 		-3.4675 		80.4666
v -1.2216 		-3.6562 		80.4666
v -0.8059 		-3.805 		80.4666
v -0.3777 		-3.9122 		80.4666
v 0.0591 		-3.977 		80.4666
v 0.5 		-3.9987 		80.4666
v 0.9409 		-3.977 		80.4666
v 1.3777 		-3.9122 		80.4666
v 1.8059 		-3.805 		80.4666
v 2.2216 		-3.6562 		80.4666
v 2.6207 		-3.4675 		80.4666
v 2.9993 		-3.2405 		80.4666
v 3.3539 		-2.9775 		80.4666
v 3.6811 		-2.6811 		80.4666
v 3.9775 		-2.3539 		80.4666
v 4.2405 		-1.9993 		80.4666
v 4.4675 		-1.6207 		80.4666
v 4.6562 		-1.2216 		80.4666
v 4.805 		-0.8059 		80.4666
v 4.9122 		-0.3777 		80.4666
v 4.977 		0.0591 		80.4666
v 4.9987 		0.5 		80.4666
v 4.977 		0.9409 		80.4666
v 4.9122 		1.3777 		80.4666
v 4.805 		1.8059 		80.4666
v 4.6562 		2.2216 		80.4666
v 4.4675 		2.6207 		80.4666
v 4.2405 		2.9993 		80.4666
v 3.9775 		3.3539 		80.4666
v 3.6811 		3.6811 		80.4666
v 3.3539 		3.9775 		80.4666
v 2.9993 		4.2405 		80.4666
v 2.6207 		4.4675 		80.4666
v 2.2216 		4.6562 		80.4666
v 1.8059 		4.805 		80.4666
v 1.3777 		4.9122 		80.4666
v 0.9409 		4.977 		80.4666
v 0.5 		4.9987 		80.4666
v 0.0591 		4.977 		80.4666
v -0.3777 		4.9122 		80.4666
v -0.8059 		4.805 		80.4666
v -1.2216 		4.6562 		80.4666
v -1.6207 		4.4675 		80.4666
v -1.9993 		4.2405 		80.4666
v -2.3539 		3.9775 		80.4666
v -2.6811 		3.6811 		80.4666
v -2.9775 		3.3539 		80.4666
v -3.2405 		2.9993 		80.4666
v -3.4675 		2.6207 		80.4666
v -3.6562 		2.2216 		80.4666
v -3.805 		1.8059 		80.4666
v -3.9122 		1.3777 		80.4666
v -3.977 		0.9409 		80.4666
v -4.2835 		0.5 		79.8744
v -4.2605 		0.0311 		79.8744
v -4.1916 		-0.4332 		79.8744
v -4.0776 		-0.8886 		79.8744
v -3.9194 		-1.3306 		79.8744
v -3.7187 		-1.7549 		79.8744
v -3.4774 		-2.1576 		79.8744
v -3.1977 		-2.5346 		79.8744
v -2.8825 		-2.8825 		79.8744
v -2.5346 		-3.1977 		79.8744
v -2.1576 		-3.4774 		79.8744
v -1.7549 		-3.7187 		79.8744
v -1.3306 		-3.9194 		79.8744
v -0.8886 		-4.0776 		79.8744
v -0.4332 		-4.1916 		79.8744
v 0.0311 		-4.2605 		79.8744
v 0.5 		-4.2835 		79.8744
v 0.9689 		-4.2605 		79.8744
v 1.4332 		-4.1916 		79.8744
v 1.8886 		-4.0776 		79.8744
v 2.3306 		-3.9194 		79.8744
v 2.7549 		-3.7187 		79.8744
v 3.1576 		-3.4774 		79.8744
v 3.5346 		-3.1977 		79.8744
v 3.8825 		-2.8825 		79.8744
v 4.1977 		-2.5346 		79.8744
v 4.4774 		-2.1576 		79.8744
v 4.7187 		-1.7549 		79.8744
v 4.9194 		-1.3306 		79.8744
v 5.0776 		-0.8886 		79.8744
v 5.1916 		-0.4332 		79.8744
v 5.2605 		0.0311 		79.8744
v 5.2835 		0.5 		79.8744
v 5.2605 		0.9689 		79.8744
v 5.1916 		1.4332 		79.8744
v 5.0776 		1.8886 		79.8744
v 4.9194 		2.3306 		79.8744
v 4.7187 		2.7549 		79.8744
v 4.4774 		3.1576 		79.8744
v 4.1977 		3.5346 		79.8744
v 3.8825 		3.8825 		79.8744
v 3.5346 		4.1977 		79.8744
v 3.1576 		4.4774 		79.8744
v 2.7549 		4.7187 		79.8744
v 2.3306 		4.9194 		79.8744
v 1.8886 		5.0776 		79.8744
v 1.4332 		5.1916 		79.8744
v 0.9689 		5.2605 		79.8744
v 0.5 		5.2835 		79.8744
v 0.0311 		5.2605 		79.8744
v -0.4332 		5.1916 		79.8744
v -0.8886 		5.0776 		79.8744
v -1.3306 		4.9194 		79.8744
v -1.7549 		4.7187 		79.8744
v -2.1576 		4.4774 		79.8744
v -2.5346 		4.1977 		79.8744
v -2.8825 		3.8825 		79.8744
v -3.1977 		3.5346 		79.8744
v -3.4774 		3.1576 		79.8744
v -3.7187 		2.7549 		79.8744
v -3.9194 		2.3306 		79.8744
v -4.0776 		1.8886 		79.8744
v -4.1916 		1.4332 		79.8744
v -4.2605 		0.9689 		79.8744
v -4.5655 		0.5 		79.2523
v -4.5411 		0.0035 		79.2523
v -4.4682 		-0.4882 		79.2523
v -4.3474 		-0.9704 		79.2523
v -4.1799 		-1.4385 		79.2523
v -3.9674 		-1.8879 		79.2523
v -3.7118 		-2.3143 		79.2523
v -3.4157 		-2.7135 		79.2523
v -3.0819 		-3.0819 		79.2523
v -2.7135 		-3.4157 		79.2523
v -2.3143 		-3.7118 		79.2523
v -1.8879 		-3.9674 		79.2523
v -1.4385 		-4.1799 		79.2523
v -0.9704 		-4.3474 		79.2523
v -0.4882 		-4.4682 		79.2523
v 0.0035 		-4.5411 		79.2523
v 0.5 		-4.5655 		79.2523
v 0.9965 		-4.5411 		79.2523
v 1.4882 		-4.4682 		79.2523
v 1.9704 		-4.3474 		79.2523
v 2.4385 		-4.1799 		79.2523
v 2.8879 		-3.9674 		79.2523
v 3.3143 		-3.7118 		79.2523
v 3.7135 		-3.4157 		79.2523
v 4.0819 		-3.0819 		79.2523
v 4.4157 		-2.7135 		79.2523
v 4.7118 		-2.3143 		79.2523
v 4.9674 		-1.8879 		79.2523
v 5.1799 		-1.4385 		79.2523
v 5.3474 		-0.9704 		79.2523
v 5.4682 		-0.4882 		79.2523
v 5.5411 		0.0035 		79.2523
v 5.5655 		0.5 		79.2523
v 5.5411 		0.9965 		79.2523
v 5.4682 		1.4882 		79.2523
v 5.3474 		1.9704 		79.2523
v 5.1799 		2.4385 		79.2523
v 4.9674 		2.8879 		79.2523
v 4.7118 		3.3143 		79.2523
v 4.4157 		3.7135 		79.2523
v 4.0819 		4.0819 		79.2523
v 3.7135 		4.4157 		79.2523
v 3.3143 		4.7118 		79.2523
v 2.8879 		4.9674 		79.2523
v 2.4385 		5.1799 		79.2523
v 1.9704 		5.3474 		79.2523
v 1.4882 		5.4682 		79.2523
v 0.9965 		5.5411 		79.2523
v 0.5 		5.5655 		79.2523
v 0.0035 		5.5411 		79.2523
v -0.4882 		5.4682 		79.2523
v -0.9704 		5.3474 		79.2523
v -1.4385 		5.1799 		79.2523
v -1.8879 		4.9674 		79.2523
v -2.3143 		4.7118 		79.2523
v -2.7135 		4.4157 		79.2523
v -3.0819 		4.0819 		79.2523
v -3.4157 		3.7135 		79.2523
v -3.7118 		3.3143 		79.2523
v -3.9674 		2.8879 		79.2523
v -4.1799 		2.4385 		79.2523
v -4.3474 		1.9704 		79.2523
v -4.4682 		1.4882 		79.2523
v -4.5411 		0.9965 		79.2523
v -4.8444 		0.5 		78.6019
v -4.8187 		-0.0238 		78.6019
v -4.7417 		-0.5426 		78.6019
v -4.6143 		-1.0514 		78.6019
v -4.4376 		-1.5452 		78.6019
v -4.2134 		-2.0194 		78.6019
v -3.9437 		-2.4692 		78.6019
v -3.6313 		-2.8905 		78.6019
v -3.2791 		-3.2791 		78.6019
v -2.8905 		-3.6313 		78.6019
v -2.4692 		-3.9437 		78.6019
v -2.0194 		-4.2134 		78.6019
v -1.5452 		-4.4376 		78.6019
v -1.0514 		-4.6143 		78.6019
v -0.5426 		-4.7417 		78.6019
v -0.0238 		-4.8187 		78.6019
v 0.5 		-4.8444 		78.6019
v 1.0238 		-4.8187 		78.6019
v 1.5426 		-4.7417 		78.6019
v 2.0514 		-4.6143 		78.6019
v 2.5452 		-4.4376 		78.6019
v 3.0194 		-4.2134 		78.6019
v 3.4692 		-3.9437 		78.6019
v 3.8905 		-3.6313 		78.6019
v 4.2791 		-3.2791 		78.6019
v 4.6313 		-2.8905 		78.6019
v 4.9437 		-2.4692 		78.6019
v 5.2134 		-2.0194 		78.6019
v 5.4376 		-1.5452 		78.6019
v 5.6143 		-1.0514 		78.6019
v 5.7417 		-0.5426 		78.6019
v 5.8187 		-0.0238 		78.6019
v 5.8444 		0.5 		78.6019
v 5.8187 		1.0238 		78.6019
v 5.7417 		1.5426 		78.6019
v 5.6143 		2.0514 		78.6019
v 5.4376 		2.5452 		78.6019
v 5.2134 		3.0194 		78.6019
v 4.9437 		3.4692 		78.6019
v 4.6313 		3.8905 		78.6019
v 4.2791 		4.2791 		78.6019
v 3.8905 		4.6313 		78.6019
v 3.4692 		4.9437 		78.6019
v 3.0194 		5.2134 		78.6019
v 2.5452 		5.4376 		78.6019
v 2.0514 		5.6143 		78.6019
v 1.5426 		5.7417 		78.6019
v 1.0238 		5.8187 		78.6019
v 0.5 		5.8444 		78.6019
v -0.0238 		5.8187 		78.6019
v -0.5426 		5.7417 		78.6019
v -1.0514 		5.6143 		78.6019
v -1.5452 		5.4376 		78.6019
v -2.0194 		5.2134 		78.6019
v -2.4692 		4.9437 		78.6019
v -2.8905 		4.6313 		78.6019
v -3.2791 		4.2791 		78.6019
v -3.6313 		3.8905 		78.6019
v -3.9437 		3.4692 		78.6019
v -4.2134 		3.0194 		78.6019
v -4.4376 		2.5452 		78.6019
v -4.6143 		2.0514 		78.6019
v -4.7417 		1.5426 		78.6019
v -4.8187 		1.0238 		78.6019
v -5.1201 		0.5 		77.9247
v -5.0931 		-0.0509 		77.9247
v -5.0122 		-0.5964 		77.9247
v -4.8781 		-1.1314 		77.9247
v -4.6923 		-1.6507 		77.9247
v -4.4565 		-2.1493 		77.9247
v -4.173 		-2.6224 		77.9247
v -3.8444 		-3.0654 		77.9247
v -3.474 		-3.474 		77.9247
v -3.0654 		-3.8444 		77.9247
v -2.6224 		-4.173 		77.9247
v -2.1493 		-4.4565 		77.9247
v -1.6507 		-4.6923 		77.9247
v -1.1314 		-4.8781 		77.9247
v -0.5964 		-5.0122 		77.9247
v -0.0509 		-5.0931 		77.9247
v 0.5 		-5.1201 		77.9247
v 1.0509 		-5.0931 		77.9247
v 1.5964 		-5.0122 		77.9247
v 2.1314 		-4.8781 		77.9247
v 2.6507 		-4.6923 		77.9247
v 3.1493 		-4.4565 		77.9247
v 3.6224 		-4.173 		77.9247
v 4.0654 		-3.8444 		77.9247
v 4.474 		-3.474 		77.9247
v 4.8444 		-3.0654 		77.9247
v 5.173 		-2.6224 		77.9247
v 5.4565 		-2.1493 		77.9247
v 5.6923 		-1.6507 		77.9247
v 5.8781 		-1.1314 		77.9247
v 6.0122 		-0.5964 		77.9247
v 6.0931 		-0.0509 		77.9247
v 6.1201 		0.5 		77.9247
v 6.0931 		1.0509 		77.9247
v 6.0122 		1.5964 		77.9247
v 5.8781 		2.1314 		77.9247
v 5.6923 		2.6507 		77.9247
v 5.4565 		3.1493 		77.9247
v 5.173 		3.6224 		77.9247
v 4.8444 		4.0654 		77.9247
v 4.474 		4.474 		77.9247
v 4.0654 		4.8444 		77.9247
v 3.6224 		5.173 		77.9247
v 3.1493 		5.4565 		77.9247
v 2.6507 		5.6923 		77.9247
v 2.1314 		5.8781 		77.9247
v 1.5964 		6.0122 		77.9247
v 1.0509 		6.0931 		77.9247
v 0.5 		6.1201 		77.9247
v -0.0509 		6.0931 		77.9247
v -0.5964 		6.0122 		77.9247
v -1.1314 		5.8781 		77.9247
v -1.6507 		5.6923 		77.9247
v -2.1493 		5.4565 		77.9247
v -2.6224 		5.173 		77.9247
v -3.0654 		4.8444 		77.9247
v -3.474 		4.474 		77.9247
v -3.8444 		4.0654 		77.9247
v -4.173 		3.6224 		77.9247
v -4.4565 		3.1493 		77.9247
v -4.6923 		2.6507 		77.9247
v -4.8781 		2.1314 		77.9247
v -5.0122 		1.5964 		77.9247
v -5.0931 		1.0509 		77.9247
v -5.3925 		0.5 		77.2225
v -5.3641 		-0.0776 		77.2225
v -5.2792 		-0.6496 		77.2225
v -5.1387 		-1.2105 		77.2225
v -4.9439 		-1.7549 		77.2225
v -4.6967 		-2.2777 		77.2225
v -4.3994 		-2.7737 		77.2225
v -4.0549 		-3.2381 		77.2225
v -3.6666 		-3.6666 		77.2225
v -3.2381 		-4.0549 		77.2225
v -2.7737 		-4.3994 		77.2225
v -2.2777 		-4.6967 		77.2225
v -1.7549 		-4.9439 		77.2225
v -1.2105 		-5.1387 		77.2225
v -0.6496 		-5.2792 		77.2225
v -0.0776 		-5.3641 		77.2225
v 0.5 		-5.3925 		77.2225
v 1.0776 		-5.3641 		77.2225
v 1.6496 		-5.2792 		77.2225
v 2.2105 		-5.1387 		77.2225
v 2.7549 		-4.9439 		77.2225
v 3.2777 		-4.6967 		77.2225
v 3.7737 		-4.3994 		77.2225
v 4.2381 		-4.0549 		77.2225
v 4.6666 		-3.6666 		77.2225
v 5.0549 		-3.2381 		77.2225
v 5.3994 		-2.7737 		77.2225
v 5.6967 		-2.2777 		77.2225
v 5.9439 		-1.7549 		77.2225
v 6.1387 		-1.2105 		77.2225
v 6.2792 		-0.6496 		77.2225
v 6.3641 		-0.0776 		77.2225
v 6.3925 		0.5 		77.2225
v 6.3641 		1.0776 		77.2225
v 6.2792 		1.6496 		77.2225
v 6.1387 		2.2105 		77.2225
v 5.9439 		2.7549 		77.2225
v 5.6967 		3.2777 		77.2225
v 5.3994 		3.7737 		77.2225
v 5.0549 		4.2381 		77.2225
v 4.6666 		4.6666 		77.2225
v 4.2381 		5.0549 		77.2225
v 3.7737 		5.3994 		77.2225
v 3.2777 		5.6967 		77.2225
v 2.7549 		5.9439 		77.2225
v 2.2105 		6.1387 		77.2225
v 1.6496 		6.2792 		77.2225
v 1.0776 		6.3641 		77.2225
v 0.5 		6.3925 		77.2225
v -0.0776 		6.3641 		77.2225
v -0.6496 		6.2792 		77.2225
v -1.2105 		6.1387 		77.2225
v -1.7549 		5.9439 		77.2225
v -2.2777 		5.6967 		77.2225
v -2.7737 		5.3994 		77.2225
v -3.2381 		5.0549 		77.2225
v -3.6666 		4.6666 		77.2225
v -4.0549 		4.2381 		77.2225
v -4.3994 		3.7737 		77.2225
v -4.6967 		3.2777 		77.2225
v -4.9439 		2.7549 		77.2225
v -5.1387 		2.2105 		77.2225
v -5.2792 		1.6496 		77.2225
v -5.3641 		1.0776 		77.2225
v -5.6612 		0.5 		76.4968
v -5.6316 		-0.1039 		76.4968
v -5.5428 		-0.702 		76.4968
v -5.3959 		-1.2885 		76.4968
v -5.1922 		-1.8578 		76.4968
v -4.9337 		-2.4044 		76.4968
v -4.6229 		-2.923 		76.4968
v -4.2627 		-3.4086 		76.4968
v -3.8566 		-3.8566 		76.4968
v -3.4086 		-4.2627 		76.4968
v -2.923 		-4.6229 		76.4968
v -2.4044 		-4.9337 		76.4968
v -1.8578 		-5.1922 		76.4968
v -1.2885 		-5.3959 		76.4968
v -0.702 		-5.5428 		76.4968
v -0.1039 		-5.6316 		76.4968
v 0.5 		-5.6612 		76.4968
v 1.1039 		-5.6316 		76.4968
v 1.702 		-5.5428 		76.4968
v 2.2885 		-5.3959 		76.4968
v 2.8578 		-5.1922 		76.4968
v 3.4044 		-4.9337 		76.4968
v 3.923 		-4.6229 		76.4968
v 4.4086 		-4.2627 		76.4968
v 4.8566 		-3.8566 		76.4968
v 5.2627 		-3.4086 		76.4968
v 5.6229 		-2.923 		76.4968
v 5.9337 		-2.4044 		76.4968
v 6.1922 		-1.8578 		76.4968
v 6.3959 		-1.2885 		76.4968
v 6.5428 		-0.702 		76.4968
v 6.6316 		-0.1039 		76.4968
v 6.6612 		0.5 		76.4968
v 6.6316 		1.1039 		76.4968
v 6.5428 		1.702 		76.4968
v 6.3959 		2.2885 		76.4968
v 6.1922 		2.8578 		76.4968
v 5.9337 		3.4044 		76.4968
v 5.6229 		3.923 		76.4968
v 5.2627 		4.4086 		76.4968
v 4.8566 		4.8566 		76.4968
v 4.4086 		5.2627 		76.4968
v 3.923 		5.6229 		76.4968
v 3.4044 		5.9337 		76.4968
v 2.8578 		6.1922 		76.4968
v 2.2885 		6.3959 		76.4968
v 1.702 		6.5428 		76.4968
v 1.1039 		6.6316 		76.4968
v 0.5 		6.6612 		76.4968
v -0.1039 		6.6316 		76.4968
v -0.702 		6.5428 		76.4968
v -1.2885 		6.3959 		76.4968
v -1.8578 		6.1922 		76.4968
v -2.4044 		5.9337 		76.4968
v -2.923 		5.6229 		76.4968
v -3.4086 		5.2627 		76.4968
v -3.8566 		4.8566 		76.4968
v -4.2627 		4.4086 		76.4968
v -4.6229 		3.923 		76.4968
v -4.9337 		3.4044 		76.4968
v -5.1922 		2.8578 		76.4968
v -5.3959 		2.2885 		76.4968
v -5.5428 		1.702 		76.4968
v -5.6316 		1.1039 		76.4968
v -5.9263 		0.5 		75.7494
v -5.8953 		-0.1299 		75.7494
v -5.8028 		-0.7537 		75.7494
v -5.6496 		-1.3655 		75.7494
v -5.4371 		-1.9592 		75.7494
v -5.1675 		-2.5293 		75.7494
v -4.8433 		-3.0703 		75.7494
v -4.4676 		-3.5768 		75.7494
v -4.0441 		-4.0441 		75.7494
v -3.5768 		-4.4676 		75.7494
v -3.0703 		-4.8433 		75.7494
v -2.5293 		-5.1675 		75.7494
v -1.9592 		-5.4371 		75.7494
v -1.3655 		-5.6496 		75.7494
v -0.7537 		-5.8028 		75.7494
v -0.1299 		-5.8953 		75.7494
v 0.5 		-5.9263 		75.7494
v 1.1299 		-5.8953 		75.7494
v 1.7537 		-5.8028 		75.7494
v 2.3655 		-5.6496 		75.7494
v 2.9592 		-5.4371 		75.7494
v 3.5293 		-5.1675 		75.7494
v 4.0703 		-4.8433 		75.7494
v 4.5768 		-4.4676 		75.7494
v 5.0441 		-4.0441 		75.7494
v 5.4676 		-3.5768 		75.7494
v 5.8433 		-3.0703 		75.7494
v 6.1675 		-2.5293 		75.7494
v 6.4371 		-1.9592 		75.7494
v 6.6496 		-1.3655 		75.7494
v 6.8028 		-0.7537 		75.7494
v 6.8953 		-0.1299 		75.7494
v 6.9263 		0.5 		75.7494
v 6.8953 		1.1299 		75.7494
v 6.8028 		1.7537 		75.7494
v 6.6496 		2.3655 		75.7494
v 6.4371 		2.9592 		75.7494
v 6.1675 		3.5293 		75.7494
v 5.8433 		4.0703 		75.7494
v 5.4676 		4.5768 		75.7494
v 5.0441 		5.0441 		75.7494
v 4.5768 		5.4676 		75.7494
v 4.0703 		5.8433 		75.7494
v 3.5293 		6.1675 		75.7494
v 2.9592 		6.4371 		75.7494
v 2.3655 		6.6496 		75.7494
v 1.7537 		6.8028 		75.7494
v 1.1299 		6.8953 		75.7494
v 0.5 		6.9263 		75.7494
v -0.1299 		6.8953 		75.7494
v -0.7537 		6.8028 		75.7494
v -1.3655 		6.6496 		75.7494
v -1.9592 		6.4371 		75.7494
v -2.5293 		6.1675 		75.7494
v -3.0703 		5.8433 		75.7494
v -3.5768 		5.4676 		75.7494
v -4.0441 		5.0441 		75.7494
v -4.4676 		4.5768 		75.7494
v -4.8433 		4.0703 		75.7494
v -5.1675 		3.5293 		75.7494
v -5.4371 		2.9592 		75.7494
v -5.6496 		2.3655 		75.7494
v -5.8028 		1.7537 		75.7494
v -5.8953 		1.1299 		75.7494
v -6.1875 		0.5 		74.9822
v -6.1553 		-0.1555 		74.9822
v -6.059 		-0.8047 		74.9822
v -5.8995 		-1.4413 		74.9822
v -5.6784 		-2.0592 		74.9822
v -5.3978 		-2.6525 		74.9822
v -5.0604 		-3.2154 		74.9822
v -4.6695 		-3.7425 		74.9822
v -4.2288 		-4.2288 		74.9822
v -3.7425 		-4.6695 		74.9822
v -3.2154 		-5.0604 		74.9822
v -2.6525 		-5.3978 		74.9822
v -2.0592 		-5.6784 		74.9822
v -1.4413 		-5.8995 		74.9822
v -0.8047 		-6.059 		74.9822
v -0.1555 		-6.1553 		74.9822
v 0.5 		-6.1875 		74.9822
v 1.1555 		-6.1553 		74.9822
v 1.8047 		-6.059 		74.9822
v 2.4413 		-5.8995 		74.9822
v 3.0592 		-5.6784 		74.9822
v 3.6525 		-5.3978 		74.9822
v 4.2154 		-5.0604 		74.9822
v 4.7425 		-4.6695 		74.9822
v 5.2288 		-4.2288 		74.9822
v 5.6695 		-3.7425 		74.9822
v 6.0604 		-3.2154 		74.9822
v 6.3978 		-2.6525 		74.9822
v 6.6784 		-2.0592 		74.9822
v 6.8995 		-1.4413 		74.9822
v 7.059 		-0.8047 		74.9822
v 7.1553 		-0.1555 		74.9822
v 7.1875 		0.5 		74.9822
v 7.1553 		1.1555 		74.9822
v 7.059 		1.8047 		74.9822
v 6.8995 		2.4413 		74.9822
v 6.6784 		3.0592 		74.9822
v 6.3978 		3.6525 		74.9822
v 6.0604 		4.2154 		74.9822
v 5.6695 		4.7425 		74.9822
v 5.2288 		5.2288 		74.9822
v 4.7425 		5.6695 		74.9822
v 4.2154 		6.0604 		74.9822
v 3.6525 		6.3978 		74.9822
v 3.0592 		6.6784 		74.9822
v 2.4413 		6.8995 		74.9822
v 1.8047 		7.059 		74.9822
v 1.1555 		7.1553 		74.9822
v 0.5 		7.1875 		74.9822
v -0.1555 		7.1553 		74.9822
v -0.8047 		7.059 		74.9822
v -1.4413 		6.8995 		74.9822
v -2.0592 		6.6784 		74.9822
v -2.6525 		6.3978 		74.9822
v -3.2154 		6.0604 		74.9822
v -3.7425 		5.6695 		74.9822
v -4.2288 		5.2288 		74.9822
v -4.6695 		4.7425 		74.9822
v -5.0604 		4.2154 		74.9822
v -5.3978 		3.6525 		74.9822
v -5.6784 		3.0592 		74.9822
v -5.8995 		2.4413 		74.9822
v -6.059 		1.8047 		74.9822
v -6.1553 		1.1555 		74.9822
v -6.4446 		0.5 		74.197
v -6.4112 		-0.1807 		74.197
v -6.3112 		-0.8548 		74.197
v -6.1456 		-1.5159 		74.197
v -5.916 		-2.1576 		74.197
v -5.6246 		-2.7737 		74.197
v -5.2742 		-3.3582 		74.197
v -4.8683 		-3.9056 		74.197
v -4.4106 		-4.4106 		74.197
v -3.9056 		-4.8683 		74.197
v -3.3582 		-5.2742 		74.197
v -2.7737 		-5.6246 		74.197
v -2.1576 		-5.916 		74.197
v -1.5159 		-6.1456 		74.197
v -0.8548 		-6.3112 		74.197
v -0.1807 		-6.4112 		74.197
v 0.5 		-6.4446 		74.197
v 1.1807 		-6.4112 		74.197
v 1.8548 		-6.3112 		74.197
v 2.5159 		-6.1456 		74.197
v 3.1576 		-5.916 		74.197
v 3.7737 		-5.6246 		74.197
v 4.3582 		-5.2742 		74.197
v 4.9056 		-4.8683 		74.197
v 5.4106 		-4.4106 		74.197
v 5.8683 		-3.9056 		74.197
v 6.2742 		-3.3582 		74.197
v 6.6246 		-2.7737 		74.197
v 6.916 		-2.1576 		74.197
v 7.1456 		-1.5159 		74.197
v 7.3112 		-0.8548 		74.197
v 7.4112 		-0.1807 		74.197
v 7.4446 		0.5 		74.197
v 7.4112 		1.1807 		74.197
v 7.3112 		1.8548 		74.197
v 7.1456 		2.5159 		74.197
v 6.916 		3.1576 		74.197
v 6.6246 		3.7737 		74.197
v 6.2742 		4.3582 		74.197
v 5.8683 		4.9056 		74.197
v 5.4106 		5.4106 		74.197
v 4.9056 		5.8683 		74.197
v 4.3582 		6.2742 		74.197
v 3.7737 		6.6246 		74.197
v 3.1576 		6.916 		74.197
v 2.5159 		7.1456 		74.197
v 1.8548 		7.3112 		74.197
v 1.1807 		7.4112 		74.197
v 0.5 		7.4446 		74.197
v -0.1807 		7.4112 		74.197
v -0.8548 		7.3112 		74.197
v -1.5159 		7.1456 		74.197
v -2.1576 		6.916 		74.197
v -2.7737 		6.6246 		74.197
v -3.3582 		6.2742 		74.197
v -3.9056 		5.8683 		74.197
v -4.4106 		5.4106 		74.197
v -4.8683 		4.9056 		74.197
v -5.2742 		4.3582 		74.197
v -5.6246 		3.7737 		74.197
v -5.916 		3.1576 		74.197
v -6.1456 		2.5159 		74.197
v -6.3112 		1.8548 		74.197
v -6.4112 		1.1807 		74.197
v -6.6976 		0.5 		73.3956
v -6.6629 		-0.2055 		73.3956
v -6.5593 		-0.9042 		73.3956
v -6.3877 		-1.5894 		73.3956
v -6.1497 		-2.2544 		73.3956
v -5.8477 		-2.8929 		73.3956
v -5.4846 		-3.4988 		73.3956
v -5.0638 		-4.0661 		73.3956
v -4.5895 		-4.5895 		73.3956
v -4.0661 		-5.0638 		73.3956
v -3.4988 		-5.4846 		73.3956
v -2.8929 		-5.8477 		73.3956
v -2.2544 		-6.1497 		73.3956
v -1.5894 		-6.3877 		73.3956
v -0.9042 		-6.5593 		73.3956
v -0.2055 		-6.6629 		73.3956
v 0.5 		-6.6976 		73.3956
v 1.2055 		-6.6629 		73.3956
v 1.9042 		-6.5593 		73.3956
v 2.5894 		-6.3877 		73.3956
v 3.2544 		-6.1497 		73.3956
v 3.8929 		-5.8477 		73.3956
v 4.4988 		-5.4846 		73.3956
v 5.0661 		-5.0638 		73.3956
v 5.5895 		-4.5895 		73.3956
v 6.0638 		-4.0661 		73.3956
v 6.4846 		-3.4988 		73.3956
v 6.8477 		-2.8929 		73.3956
v 7.1497 		-2.2544 		73.3956
v 7.3877 		-1.5894 		73.3956
v 7.5593 		-0.9042 		73.3956
v 7.6629 		-0.2055 		73.3956
v 7.6976 		0.5 		73.3956
v 7.6629 		1.2055 		73.3956
v 7.5593 		1.9042 		73.3956
v 7.3877 		2.5894 		73.3956
v 7.1497 		3.2544 		73.3956
v 6.8477 		3.8929 		73.3956
v 6.4846 		4.4988 		73.3956
v 6.0638 		5.0661 		73.3956
v 5.5895 		5.5895 		73.3956
v 5.0661 		6.0638 		73.3956
v 4.4988 		6.4846 		73.3956
v 3.8929 		6.8477 		73.3956
v 3.2544 		7.1497 		73.3956
v 2.5894 		7.3877 		73.3956
v 1.9042 		7.5593 		73.3956
v 1.2055 		7.6629 		73.3956
v 0.5 		7.6976 		73.3956
v -0.2055 		7.6629 		73.3956
v -0.9042 		7.5593 		73.3956
v -1.5894 		7.3877 		73.3956
v -2.2544 		7.1497 		73.3956
v -2.8929 		6.8477 		73.3956
v -3.4988 		6.4846 		73.3956
v -4.0661 		6.0638 		73.3956
v -4.5895 		5.5895 		73.3956
v -5.0638 		5.0661 		73.3956
v -5.4846 		4.4988 		73.3956
v -5.8477 		3.8929 		73.3956
v -6.1497 		3.2544 		73.3956
v -6.3877 		2.5894 		73.3956
v -6.5593 		1.9042 		73.3956
v -6.6629 		1.2055 		73.3956
v -6.9462 		0.5 		72.58
v -6.9104 		-0.2299 		72.58
v -6.8032 		-0.9527 		72.58
v -6.6256 		-1.6615 		72.58
v -6.3794 		-2.3496 		72.58
v -6.067 		-3.0101 		72.58
v -5.6913 		-3.6369 		72.58
v -5.256 		-4.2238 		72.58
v -4.7653 		-4.7653 		72.58
v -4.2238 		-5.256 		72.58
v -3.6369 		-5.6913 		72.58
v -3.0101 		-6.067 		72.58
v -2.3496 		-6.3794 		72.58
v -1.6615 		-6.6256 		72.58
v -0.9527 		-6.8032 		72.58
v -0.2299 		-6.9104 		72.58
v 0.5 		-6.9462 		72.58
v 1.2299 		-6.9104 		72.58
v 1.9527 		-6.8032 		72.58
v 2.6615 		-6.6256 		72.58
v 3.3496 		-6.3794 		72.58
v 4.0101 		-6.067 		72.58
v 4.6369 		-5.6913 		72.58
v 5.2238 		-5.256 		72.58
v 5.7653 		-4.7653 		72.58
v 6.256 		-4.2238 		72.58
v 6.6913 		-3.6369 		72.58
v 7.067 		-3.0101 		72.58
v 7.3794 		-2.3496 		72.58
v 7.6256 		-1.6615 		72.58
v 7.8032 		-0.9527 		72.58
v 7.9104 		-0.2299 		72.58
v 7.9462 		0.5 		72.58
v 7.9104 		1.2299 		72.58
v 7.8032 		1.9527 		72.58
v 7.6256 		2.6615 		72.58
v 7.3794 		3.3496 		72.58
v 7.067 		4.0101 		72.58
v 6.6913 		4.6369 		72.58
v 6.256 		5.2238 		72.58
v 5.7653 		5.7653 		72.58
v 5.2238 		6.256 		72.58
v 4.6369 		6.6913 		72.58
v 4.0101 		7.067 		72.58
v 3.3496 		7.3794 		72.58
v 2.6615 		7.6256 		72.58
v 1.9527 		7.8032 		72.58
v 1.2299 		7.9104 		72.58
v 0.5 		7.9462 		72.58
v -0.2299 		7.9104 		72.58
v -0.9527 		7.8032 		72.58
v -1.6615 		7.6256 		72.58
v -2.3496 		7.3794 		72.58
v -3.0101 		7.067 		72.58
v -3.6369 		6.6913 		72.58
v -4.2238 		6.256 		72.58
v -4.7653 		5.7653 		72.58
v -5.256 		5.2238 		72.58
v -5.6913 		4.6369 		72.58
v -6.067 		4.0101 		72.58
v -6.3794 		3.3496 		72.58
v -6.6256 		2.6615 		72.58
v -6.8032 		1.9527 		72.58
v -6.9104 		1.2299 		72.58
v -7.1904 		0.5 		71.7522
v -7.1534 		-0.2538 		71.7522
v -7.0426 		-1.0003 		71.7522
v -6.8592 		-1.7324 		71.7522
v -6.605 		-2.443 		71.7522
v -6.2823 		-3.1252 		71.7522
v -5.8943 		-3.7726 		71.7522
v -5.4448 		-4.3787 		71.7522
v -4.9379 		-4.9379 		71.7522
v -4.3787 		-5.4448 		71.7522
v -3.7726 		-5.8943 		71.7522
v -3.1252 		-6.2823 		71.7522
v -2.443 		-6.605 		71.7522
v -1.7324 		-6.8592 		71.7522
v -1.0003 		-7.0426 		71.7522
v -0.2538 		-7.1534 		71.7522
v 0.5 		-7.1904 		71.7522
v 1.2538 		-7.1534 		71.7522
v 2.0003 		-7.0426 		71.7522
v 2.7324 		-6.8592 		71.7522
v 3.443 		-6.605 		71.7522
v 4.1252 		-6.2823 		71.7522
v 4.7726 		-5.8943 		71.7522
v 5.3787 		-5.4448 		71.7522
v 5.9379 		-4.9379 		71.7522
v 6.4448 		-4.3787 		71.7522
v 6.8943 		-3.7726 		71.7522
v 7.2823 		-3.1252 		71.7522
v 7.605 		-2.443 		71.7522
v 7.8592 		-1.7324 		71.7522
v 8.0426 		-1.0003 		71.7522
v 8.1534 		-0.2538 		71.7522
v 8.1904 		0.5 		71.7522
v 8.1534 		1.2538 		71.7522
v 8.0426 		2.0003 		71.7522
v 7.8592 		2.7324 		71.7522
v 7.605 		3.443 		71.7522
v 7.2823 		4.1252 		71.7522
v 6.8943 		4.7726 		71.7522
v 6.4448 		5.3787 		71.7522
v 5.9379 		5.9379 		71.7522
v 5.3787 		6.4448 		71.7522
v 4.7726 		6.8943 		71.7522
v 4.1252 		7.2823 		71.7522
v 3.443 		7.605 		71.7522
v 2.7324 		7.8592 		71.7522
v 2.0003 		8.0426 		71.7522
v 1.2538 		8.1534 		71.7522
v 0.5 		8.1904 		71.7522
v -0.2538 		8.1534 		71.7522
v -1.0003 		8.0426 		71.7522
v -1.7324 		7.8592 		71.7522
v -2.443 		7.605 		71.7522
v -3.1252 		7.2823 		71.7522
v -3.7726 		6.8943 		71.7522
v -4.3787 		6.4448 		71.7522
v -4.9379 		5.9379 		71.7522
v -5.4448 		5.3787 		71.7522
v -5.8943 		4.7726 		71.7522
v -6.2823 		4.1252 		71.7522
v -6.605 		3.443 		71.7522
v -6.8592 		2.7324 		71.7522
v -7.0426 		2.0003 		71.7522
v -7.1534 		1.2538 		71.7522
v -7.4299 		0.5 		70.9141
v -7.3917 		-0.2773 		70.9141
v -7.2775 		-1.047 		70.9141
v -7.0885 		-1.8019 		70.9141
v -6.8263 		-2.5346 		70.9141
v -6.4936 		-3.2381 		70.9141
v -6.0935 		-3.9056 		70.9141
v -5.6299 		-4.5307 		70.9141
v -5.1073 		-5.1073 		70.9141
v -4.5307 		-5.6299 		70.9141
v -3.9056 		-6.0935 		70.9141
v -3.2381 		-6.4936 		70.9141
v -2.5346 		-6.8263 		70.9141
v -1.8019 		-7.0885 		70.9141
v -1.047 		-7.2775 		70.9141
v -0.2773 		-7.3917 		70.9141
v 0.5 		-7.4299 		70.9141
v 1.2773 		-7.3917 		70.9141
v 2.047 		-7.2775 		70.9141
v 2.8019 		-7.0885 		70.9141
v 3.5346 		-6.8263 		70.9141
v 4.2381 		-6.4936 		70.9141
v 4.9056 		-6.0935 		70.9141
v 5.5307 		-5.6299 		70.9141
v 6.1073 		-5.1073 		70.9141
v 6.6299 		-4.5307 		70.9141
v 7.0935 		-3.9056 		70.9141
v 7.4936 		-3.2381 		70.9141
v 7.8263 		-2.5346 		70.9141
v 8.0885 		-1.8019 		70.9141
v 8.2775 		-1.047 		70.9141
v 8.3917 		-0.2773 		70.9141
v 8.4299 		0.5 		70.9141
v 8.3917 		1.2773 		70.9141
v 8.2775 		2.047 		70.9141
v 8.0885 		2.8019 		70.9141
v 7.8263 		3.5346 		70.9141
v 7.4936 		4.2381 		70.9141
v 7.0935 		4.9056 		70.9141
v 6.6299 		5.5307 		70.9141
v 6.1073 		6.1073 		70.9141
v 5.5307 		6.6299 		70.9141
v 4.9056 		7.0935 		70.9141
v 4.2381 		7.4936 		70.9141
v 3.5346 		7.8263 		70.9141
v 2.8019 		8.0885 		70.9141
v 2.047 		8.2775 		70.9141
v 1.2773 		8.3917 		70.9141
v 0.5 		8.4299 		70.9141
v -0.2773 		8.3917 		70.9141
v -1.047 		8.2775 		70.9141
v -1.8019 		8.0885 		70.9141
v -2.5346 		7.8263 		70.9141
v -3.2381 		7.4936 		70.9141
v -3.9056 		7.0935 		70.9141
v -4.5307 		6.6299 		70.9141
v -5.1073 		6.1073 		70.9141
v -5.6299 		5.5307 		70.9141
v -6.0935 		4.9056 		70.9141
v -6.4936 		4.2381 		70.9141
v -6.8263 		3.5346 		70.9141
v -7.0885 		2.8019 		70.9141
v -7.2775 		2.047 		70.9141
v -7.3917 		1.2773 		70.9141
v -7.6647 		0.5 		70.0678
v -7.6253 		-0.3003 		70.0678
v -7.5078 		-1.0928 		70.0678
v -7.3131 		-1.8701 		70.0678
v -7.0432 		-2.6245 		70.0678
v -6.7006 		-3.3488 		70.0678
v -6.2887 		-4.036 		70.0678
v -5.8114 		-4.6796 		70.0678
v -5.2733 		-5.2733 		70.0678
v -4.6796 		-5.8114 		70.0678
v -4.036 		-6.2887 		70.0678
v -3.3488 		-6.7006 		70.0678
v -2.6245 		-7.0432 		70.0678
v -1.8701 		-7.3131 		70.0678
v -1.0928 		-7.5078 		70.0678
v -0.3003 		-7.6253 		70.0678
v 0.5 		-7.6647 		70.0678
v 1.3003 		-7.6253 		70.0678
v 2.0928 		-7.5078 		70.0678
v 2.8701 		-7.3131 		70.0678
v 3.6245 		-7.0432 		70.0678
v 4.3488 		-6.7006 		70.0678
v 5.036 		-6.2887 		70.0678
v 5.6796 		-5.8114 		70.0678
v 6.2733 		-5.2733 		70.0678
v 6.8114 		-4.6796 		70.0678
v 7.2887 		-4.036 		70.0678
v 7.7006 		-3.3488 		70.0678
v 8.0432 		-2.6245 		70.0678
v 8.3131 		-1.8701 		70.0678
v 8.5078 		-1.0928 		70.0678
v 8.6253 		-0.3003 		70.0678
v 8.6647 		0.5 		70.0678
v 8.6253 		1.3003 		70.0678
v 8.5078 		2.0928 		70.0678
v 8.3131 		2.8701 		70.0678
v 8.0432 		3.6245 		70.0678
v 7.7006 		4.3488 		70.0678
v 7.2887 		5.036 		70.0678
v 6.8114 		5.6796 		70.0678
v 6.2733 		6.2733 		70.0678
v 5.6796 		6.8114 		70.0678
v 5.036 		7.2887 		70.0678
v 4.3488 		7.7006 		70.0678
v 3.6245 		8.0432 		70.0678
v 2.8701 		8.3131 		70.0678
v 2.0928 		8.5078 		70.0678
v 1.3003 		8.6253 		70.0678
v 0.5 		8.6647 		70.0678
v -0.3003 		8.6253 		70.0678
v -1.0928 		8.5078 		70.0678
v -1.8701 		8.3131 		70.0678
v -2.6245 		8.0432 		70.0678
v -3.3488 		7.7006 		70.0678
v -4.036 		7.2887 		70.0678
v -4.6796 		6.8114 		70.0678
v -5.2733 		6.2733 		70.0678
v -5.8114 		5.6796 		70.0678
v -6.2887 		5.036 		70.0678
v -6.7006 		4.3488 		70.0678
v -7.0432 		3.6245 		70.0678
v -7.3131 		2.8701 		70.0678
v -7.5078 		2.0928 		70.0678
v -7.6253 		1.3003 		70.0678
v -7.8945 		0.5 		69.2153
v -7.8541 		-0.3228 		69.2153
v -7.7332 		-1.1377 		69.2153
v -7.533 		-1.9368 		69.2153
v -7.2555 		-2.7124 		69.2153
v -6.9033 		-3.4571 		69.2153
v -6.4798 		-4.1637 		69.2153
v -5.989 		-4.8254 		69.2153
v -5.4358 		-5.4358 		69.2153
v -4.8254 		-5.989 		69.2153
v -4.1637 		-6.4798 		69.2153
v -3.4571 		-6.9033 		69.2153
v -2.7124 		-7.2555 		69.2153
v -1.9368 		-7.533 		69.2153
v -1.1377 		-7.7332 		69.2153
v -0.3228 		-7.8541 		69.2153
v 0.5 		-7.8945 		69.2153
v 1.3228 		-7.8541 		69.2153
v 2.1377 		-7.7332 		69.2153
v 2.9368 		-7.533 		69.2153
v 3.7124 		-7.2555 		69.2153
v 4.4571 		-6.9033 		69.2153
v 5.1637 		-6.4798 		69.2153
v 5.8254 		-5.989 		69.2153
v 6.4358 		-5.4358 		69.2153
v 6.989 		-4.8254 		69.2153
v 7.4798 		-4.1637 		69.2153
v 7.9033 		-3.4571 		69.2153
v 8.2555 		-2.7124 		69.2153
v 8.533 		-1.9368 		69.2153
v 8.7332 		-1.1377 		69.2153
v 8.8541 		-0.3228 		69.2153
v 8.8945 		0.5 		69.2153
v 8.8541 		1.3228 		69.2153
v 8.7332 		2.1377 		69.2153
v 8.533 		2.9368 		69.2153
v 8.2555 		3.7124 		69.2153
v 7.9033 		4.4571 		69.2153
v 7.4798 		5.1637 		69.2153
v 6.989 		5.8254 		69.2153
v 6.4358 		6.4358 		69.2153
v 5.8254 		6.989 		69.2153
v 5.1637 		7.4798 		69.2153
v 4.4571 		7.9033 		69.2153
v 3.7124 		8.2555 		69.2153
v 2.9368 		8.533 		69.2153
v 2.1377 		8.7332 		69.2153
v 1.3228 		8.8541 		69.2153
v 0.5 		8.8945 		69.2153
v -0.3228 		8.8541 		69.2153
v -1.1377 		8.7332 		69.2153
v -1.9368 		8.533 		69.2153
v -2.7124 		8.2555 		69.2153
v -3.4571 		7.9033 		69.2153
v -4.1637 		7.4798 		69.2153
v -4.8254 		6.989 		69.2153
v -5.4358 		6.4358 		69.2153
v -5.989 		5.8254 		69.2153
v -6.4798 		5.1637 		69.2153
v -6.9033 		4.4571 		69.2153
v -7.2555 		3.7124 		69.2153
v -7.533 		2.9368 		69.2153
v -7.7332 		2.1377 		69.2153
v -7.8541 		1.3228 		69.2153
v -8.1193 		0.5 		68.3587
v -8.0778 		-0.3448 		68.3587
v -7.9536 		-1.1815 		68.3587
v -7.7481 		-2.002 		68.3587
v -7.4632 		-2.7984 		68.3587
v -7.1015 		-3.5631 		68.3587
v -6.6667 		-4.2886 		68.3587
v -6.1628 		-4.968 		68.3587
v -5.5947 		-5.5947 		68.3587
v -4.968 		-6.1628 		68.3587
v -4.2886 		-6.6667 		68.3587
v -3.5631 		-7.1015 		68.3587
v -2.7984 		-7.4632 		68.3587
v -2.002 		-7.7481 		68.3587
v -1.1815 		-7.9536 		68.3587
v -0.3448 		-8.0778 		68.3587
v 0.5 		-8.1193 		68.3587
v 1.3448 		-8.0778 		68.3587
v 2.1815 		-7.9536 		68.3587
v 3.002 		-7.7481 		68.3587
v 3.7984 		-7.4632 		68.3587
v 4.5631 		-7.1015 		68.3587
v 5.2886 		-6.6667 		68.3587
v 5.968 		-6.1628 		68.3587
v 6.5947 		-5.5947 		68.3587
v 7.1628 		-4.968 		68.3587
v 7.6667 		-4.2886 		68.3587
v 8.1015 		-3.5631 		68.3587
v 8.4632 		-2.7984 		68.3587
v 8.7481 		-2.002 		68.3587
v 8.9536 		-1.1815 		68.3587
v 9.0778 		-0.3448 		68.3587
v 9.1193 		0.5 		68.3587
v 9.0778 		1.3448 		68.3587
v 8.9536 		2.1815 		68.3587
v 8.7481 		3.002 		68.3587
v 8.4632 		3.7984 		68.3587
v 8.1015 		4.5631 		68.3587
v 7.6667 		5.2886 		68.3587
v 7.1628 		5.968 		68.3587
v 6.5947 		6.5947 		68.3587
v 5.968 		7.1628 		68.3587
v 5.2886 		7.6667 		68.3587
v 4.5631 		8.1015 		68.3587
v 3.7984 		8.4632 		68.3587
v 3.002 		8.7481 		68.3587
v 2.1815 		8.9536 		68.3587
v 1.3448 		9.0778 		68.3587
v 0.5 		9.1193 		68.3587
v -0.3448 		9.0778 		68.3587
v -1.1815 		8.9536 		68.3587
v -2.002 		8.7481 		68.3587
v -2.7984 		8.4632 		68.3587
v -3.5631 		8.1015 		68.3587
v -4.2886 		7.6667 		68.3587
v -4.968 		7.1628 		68.3587
v -5.5947 		6.5947 		68.3587
v -6.1628 		5.968 		68.3587
v -6.6667 		5.2886 		68.3587
v -7.1015 		4.5631 		68.3587
v -7.4632 		3.7984 		68.3587
v -7.7481 		3.002 		68.3587
v -7.9536 		2.1815 		68.3587
v -8.0778 		1.3448 		68.3587
v -8.3388 		0.5 		67.5
v -8.2963 		-0.3664 		67.5
v -8.169 		-1.2244 		67.5
v -7.9582 		-2.0658 		67.5
v -7.666 		-2.8825 		67.5
v -7.2952 		-3.6666 		67.5
v -6.8492 		-4.4106 		67.5
v -6.3325 		-5.1073 		67.5
v -5.75 		-5.75 		67.5
v -5.1073 		-6.3325 		67.5
v -4.4106 		-6.8492 		67.5
v -3.6666 		-7.2952 		67.5
v -2.8825 		-7.666 		67.5
v -2.0658 		-7.9582 		67.5
v -1.2244 		-8.169 		67.5
v -0.3664 		-8.2963 		67.5
v 0.5 		-8.3388 		67.5
v 1.3664 		-8.2963 		67.5
v 2.2244 		-8.169 		67.5
v 3.0658 		-7.9582 		67.5
v 3.8825 		-7.666 		67.5
v 4.6666 		-7.2952 		67.5
v 5.4106 		-6.8492 		67.5
v 6.1073 		-6.3325 		67.5
v 6.75 		-5.75 		67.5
v 7.3325 		-5.1073 		67.5
v 7.8492 		-4.4106 		67.5
v 8.2952 		-3.6666 		67.5
v 8.666 		-2.8825 		67.5
v 8.9582 		-2.0658 		67.5
v 9.169 		-1.2244 		67.5
v 9.2963 		-0.3664 		67.5
v 9.3388 		0.5 		67.5
v 9.2963 		1.3664 		67.5
v 9.169 		2.2244 		67.5
v 8.9582 		3.0658 		67.5
v 8.666 		3.8825 		67.5
v 8.2952 		4.6666 		67.5
v 7.8492 		5.4106 		67.5
v 7.3325 		6.1073 		67.5
v 6.75 		6.75 		67.5
v 6.1073 		7.3325 		67.5
v 5.4106 		7.8492 		67.5
v 4.6666 		8.2952 		67.5
v 3.8825 		8.666 		67.5
v 3.0658 		8.9582 		67.5
v 2.2244 		9.169 		67.5
v 1.3664 		9.2963 		67.5
v 0.5 		9.3388 		67.5
v -0.3664 		9.2963 		67.5
v -1.2244 		9.169 		67.5
v -2.0658 		8.9582 		67.5
v -2.8825 		8.666 		67.5
v -3.6666 		8.2952 		67.5
v -4.4106 		7.8492 		67.5
v -5.1073 		7.3325 		67.5
v -5.75 		6.75 		67.5
v -6.3325 		6.1073 		67.5
v -6.8492 		5.4106 		67.5
v -7.2952 		4.6666 		67.5
v -7.666 		3.8825 		67.5
v -7.9582 		3.0658 		67.5
v -8.169 		2.2244 		67.5
v -8.2963 		1.3664 		67.5
v -8.5531 		0.5 		66.6413
v -8.5095 		-0.3874 		66.6413
v -8.3791 		-1.2662 		66.6413
v -8.1633 		-2.128 		66.6413
v -7.864 		-2.9645 		66.6413
v -7.4841 		-3.7676 		66.6413
v -7.0274 		-4.5296 		66.6413
v -6.4981 		-5.2432 		66.6413
v -5.9015 		-5.9015 		66.6413
v -5.2432 		-6.4981 		66.6413
v -4.5296 		-7.0274 		66.6413
v -3.7676 		-7.4841 		66.6413
v -2.9645 		-7.864 		66.6413
v -2.128 		-8.1633 		66.6413
v -1.2662 		-8.3791 		66.6413
v -0.3874 		-8.5095 		66.6413
v 0.5 		-8.5531 		66.6413
v 1.3874 		-8.5095 		66.6413
v 2.2662 		-8.3791 		66.6413
v 3.128 		-8.1633 		66.6413
v 3.9645 		-7.864 		66.6413
v 4.7676 		-7.4841 		66.6413
v 5.5296 		-7.0274 		66.6413
v 6.2432 		-6.4981 		66.6413
v 6.9015 		-5.9015 		66.6413
v 7.4981 		-5.2432 		66.6413
v 8.0274 		-4.5296 		66.6413
v 8.4841 		-3.7676 		66.6413
v 8.864 		-2.9645 		66.6413
v 9.1633 		-2.128 		66.6413
v 9.3791 		-1.2662 		66.6413
v 9.5095 		-0.3874 		66.6413
v 9.5531 		0.5 		66.6413
v 9.5095 		1.3874 		66.6413
v 9.3791 		2.2662 		66.6413
v 9.1633 		3.128 		66.6413
v 8.864 		3.9645 		66.6413
v 8.4841 		4.7676 		66.6413
v 8.0274 		5.5296 		66.6413
v 7.4981 		6.2432 		66.6413
v 6.9015 		6.9015 		66.6413
v 6.2432 		7.4981 		66.6413
v 5.5296 		8.0274 		66.6413
v 4.7676 		8.4841 		66.6413
v 3.9645 		8.864 		66.6413
v 3.128 		9.1633 		66.6413
v 2.2662 		9.3791 		66.6413
v 1.3874 		9.5095 		66.6413
v 0.5 		9.5531 		66.6413
v -0.3874 		9.5095 		66.6413
v -1.2662 		9.3791 		66.6413
v -2.128 		9.1633 		66.6413
v -2.9645 		8.864 		66.6413
v -3.7676 		8.4841 		66.6413
v -4.5296 		8.0274 		66.6413
v -5.2432 		7.4981 		66.6413
v -5.9015 		6.9015 		66.6413
v -6.4981 		6.2432 		66.6413
v -7.0274 		5.5296 		66.6413
v -7.4841 		4.7676 		66.6413
v -7.864 		3.9645 		66.6413
v -8.1633 		3.128 		66.6413
v -8.3791 		2.2662 		66.6413
v -8.5095 		1.3874 		66.6413
v -8.7619 		0.5 		65.7847
v -8.7173 		-0.4078 		65.7847
v -8.5839 		-1.3069 		65.7847
v -8.3631 		-2.1886 		65.7847
v -8.0569 		-3.0444 		65.7847
v -7.6683 		-3.866 		65.7847
v -7.201 		-4.6456 		65.7847
v -6.6595 		-5.3757 		65.7847
v -6.0491 		-6.0491 		65.7847
v -5.3757 		-6.6595 		65.7847
v -4.6456 		-7.201 		65.7847
v -3.866 		-7.6683 		65.7847
v -3.0444 		-8.0569 		65.7847
v -2.1886 		-8.3631 		65.7847
v -1.3069 		-8.5839 		65.7847
v -0.4078 		-8.7173 		65.7847
v 0.5 		-8.7619 		65.7847
v 1.4078 		-8.7173 		65.7847
v 2.3069 		-8.5839 		65.7847
v 3.1886 		-8.3631 		65.7847
v 4.0444 		-8.0569 		65.7847
v 4.866 		-7.6683 		65.7847
v 5.6456 		-7.201 		65.7847
v 6.3757 		-6.6595 		65.7847
v 7.0491 		-6.0491 		65.7847
v 7.6595 		-5.3757 		65.7847
v 8.201 		-4.6456 		65.7847
v 8.6683 		-3.866 		65.7847
v 9.0569 		-3.0444 		65.7847
v 9.3631 		-2.1886 		65.7847
v 9.5839 		-1.3069 		65.7847
v 9.7173 		-0.4078 		65.7847
v 9.7619 		0.5 		65.7847
v 9.7173 		1.4078 		65.7847
v 9.5839 		2.3069 		65.7847
v 9.3631 		3.1886 		65.7847
v 9.0569 		4.0444 		65.7847
v 8.6683 		4.866 		65.7847
v 8.201 		5.6456 		65.7847
v 7.6595 		6.3757 		65.7847
v 7.0491 		7.0491 		65.7847
v 6.3757 		7.6595 		65.7847
v 5.6456 		8.201 		65.7847
v 4.866 		8.6683 		65.7847
v 4.0444 		9.0569 		65.7847
v 3.1886 		9.3631 		65.7847
v 2.3069 		9.5839 		65.7847
v 1.4078 		9.7173 		65.7847
v 0.5 		9.7619 		65.7847
v -0.4078 		9.7173 		65.7847
v -1.3069 		9.5839 		65.7847
v -2.1886 		9.3631 		65.7847
v -3.0444 		9.0569 		65.7847
v -3.866 		8.6683 		65.7847
v -4.6456 		8.201 		65.7847
v -5.3757 		7.6595 		65.7847
v -6.0491 		7.0491 		65.7847
v -6.6595 		6.3757 		65.7847
v -7.201 		5.6456 		65.7847
v -7.6683 		4.866 		65.7847
v -8.0569 		4.0444 		65.7847
v -8.3631 		3.1886 		65.7847
v -8.5839 		2.3069 		65.7847
v -8.7173 		1.4078 		65.7847
v -8.9651 		0.5 		64.9322
v -8.9195 		-0.4277 		64.9322
v -8.7832 		-1.3466 		64.9322
v -8.5575 		-2.2476 		64.9322
v -8.2446 		-3.1221 		64.9322
v -7.8475 		-3.9618 		64.9322
v -7.37 		-4.7585 		64.9322
v -6.8166 		-5.5046 		64.9322
v -6.1928 		-6.1928 		64.9322
v -5.5046 		-6.8166 		64.9322
v -4.7585 		-7.37 		64.9322
v -3.9618 		-7.8475 		64.9322
v -3.1221 		-8.2446 		64.9322
v -2.2476 		-8.5575 		64.9322
v -1.3466 		-8.7832 		64.9322
v -0.4277 		-8.9195 		64.9322
v 0.5 		-8.9651 		64.9322
v 1.4277 		-8.9195 		64.9322
v 2.3466 		-8.7832 		64.9322
v 3.2476 		-8.5575 		64.9322
v 4.1221 		-8.2446 		64.9322
v 4.9618 		-7.8475 		64.9322
v 5.7585 		-7.37 		64.9322
v 6.5046 		-6.8166 		64.9322
v 7.1928 		-6.1928 		64.9322
v 7.8166 		-5.5046 		64.9322
v 8.37 		-4.7585 		64.9322
v 8.8475 		-3.9618 		64.9322
v 9.2446 		-3.1221 		64.9322
v 9.5575 		-2.2476 		64.9322
v 9.7832 		-1.3466 		64.9322
v 9.9195 		-0.4277 		64.9322
v 9.9651 		0.5 		64.9322
v 9.9195 		1.4277 		64.9322
v 9.7832 		2.3466 		64.9322
v 9.5575 		3.2476 		64.9322
v 9.2446 		4.1221 		64.9322
v 8.8475 		4.9618 		64.9322
v 8.37 		5.7585 		64.9322
v 7.8166 		6.5046 		64.9322
v 7.1928 		7.1928 		64.9322
v 6.5046 		7.8166 		64.9322
v 5.7585 		8.37 		64.9322
v 4.9618 		8.8475 		64.9322
v 4.1221 		9.2446 		64.9322
v 3.2476 		9.5575 		64.9322
v 2.3466 		9.7832 		64.9322
v 1.4277 		9.9195 		64.9322
v 0.5 		9.9651 		64.9322
v -0.4277 		9.9195 		64.9322
v -1.3466 		9.7832 		64.9322
v -2.2476 		9.5575 		64.9322
v -3.1221 		9.2446 		64.9322
v -3.9618 		8.8475 		64.9322
v -4.7585 		8.37 		64.9322
v -5.5046 		7.8166 		64.9322
v -6.1928 		7.1928 		64.9322
v -6.8166 		6.5046 		64.9322
v -7.37 		5.7585 		64.9322
v -7.8475 		4.9618 		64.9322
v -8.2446 		4.1221 		64.9322
v -8.5575 		3.2476 		64.9322
v -8.7832 		2.3466 		64.9322
v -8.9195 		1.4277 		64.9322
v -9.1626 		0.5 		64.0859
v -9.1161 		-0.4471 		64.0859
v -8.977 		-1.3851 		64.0859
v -8.7466 		-2.3049 		64.0859
v -8.4271 		-3.1977 		64.0859
v -8.0217 		-4.0549 		64.0859
v -7.5342 		-4.8683 		64.0859
v -6.9693 		-5.6299 		64.0859
v -6.3325 		-6.3325 		64.0859
v -5.6299 		-6.9693 		64.0859
v -4.8683 		-7.5342 		64.0859
v -4.0549 		-8.0217 		64.0859
v -3.1977 		-8.4271 		64.0859
v -2.3049 		-8.7466 		64.0859
v -1.3851 		-8.977 		64.0859
v -0.4471 		-9.1161 		64.0859
v 0.5 		-9.1626 		64.0859
v 1.4471 		-9.1161 		64.0859
v 2.3851 		-8.977 		64.0859
v 3.3049 		-8.7466 		64.0859
v 4.1977 		-8.4271 		64.0859
v 5.0549 		-8.0217 		64.0859
v 5.8683 		-7.5342 		64.0859
v 6.6299 		-6.9693 		64.0859
v 7.3325 		-6.3325 		64.0859
v 7.9693 		-5.6299 		64.0859
v 8.5342 		-4.8683 		64.0859
v 9.0217 		-4.0549 		64.0859
v 9.4271 		-3.1977 		64.0859
v 9.7466 		-2.3049 		64.0859
v 9.977 		-1.3851 		64.0859
v 10.1161 		-0.4471 		64.0859
v 10.1626 		0.5 		64.0859
v 10.1161 		1.4471 		64.0859
v 9.977 		2.3851 		64.0859
v 9.7466 		3.3049 		64.0859
v 9.4271 		4.1977 		64.0859
v 9.0217 		5.0549 		64.0859
v 8.5342 		5.8683 		64.0859
v 7.9693 		6.6299 		64.0859
v 7.3325 		7.3325 		64.0859
v 6.6299 		7.9693 		64.0859
v 5.8683 		8.5342 		64.0859
v 5.0549 		9.0217 		64.0859
v 4.1977 		9.4271 		64.0859
v 3.3049 		9.7466 		64.0859
v 2.3851 		9.977 		64.0859
v 1.4471 		10.1161 		64.0859
v 0.5 		10.1626 		64.0859
v -0.4471 		10.1161 		64.0859
v -1.3851 		9.977 		64.0859
v -2.3049 		9.7466 		64.0859
v -3.1977 		9.4271 		64.0859
v -4.0549 		9.0217 		64.0859
v -4.8683 		8.5342 		64.0859
v -5.6299 		7.9693 		64.0859
v -6.3325 		7.3325 		64.0859
v -6.9693 		6.6299 		64.0859
v -7.5342 		5.8683 		64.0859
v -8.0217 		5.0549 		64.0859
v -8.4271 		4.1977 		64.0859
v -8.7466 		3.3049 		64.0859
v -8.977 		2.3851 		64.0859
v -9.1161 		1.4471 		64.0859
v -9.3543 		0.5 		63.2478
v -9.3069 		-0.4659 		63.2478
v -9.165 		-1.4225 		63.2478
v -8.93 		-2.3606 		63.2478
v -8.6042 		-3.2711 		63.2478
v -8.1907 		-4.1453 		63.2478
v -7.6936 		-4.9748 		63.2478
v -7.1175 		-5.7515 		63.2478
v -6.4681 		-6.4681 		63.2478
v -5.7515 		-7.1175 		63.2478
v -4.9748 		-7.6936 		63.2478
v -4.1453 		-8.1907 		63.2478
v -3.2711 		-8.6042 		63.2478
v -2.3606 		-8.93 		63.2478
v -1.4225 		-9.165 		63.2478
v -0.4659 		-9.3069 		63.2478
v 0.5 		-9.3543 		63.2478
v 1.4659 		-9.3069 		63.2478
v 2.4225 		-9.165 		63.2478
v 3.3606 		-8.93 		63.2478
v 4.2711 		-8.6042 		63.2478
v 5.1453 		-8.1907 		63.2478
v 5.9748 		-7.6936 		63.2478
v 6.7515 		-7.1175 		63.2478
v 7.4681 		-6.4681 		63.2478
v 8.1175 		-5.7515 		63.2478
v 8.6936 		-4.9748 		63.2478
v 9.1907 		-4.1453 		63.2478
v 9.6042 		-3.2711 		63.2478
v 9.93 		-2.3606 		63.2478
v 10.165 		-1.4225 		63.2478
v 10.3069 		-0.4659 		63.2478
v 10.3543 		0.5 		63.2478
v 10.3069 		1.4659 		63.2478
v 10.165 		2.4225 		63.2478
v 9.93 		3.3606 		63.2478
v 9.6042 		4.2711 		63.2478
v 9.1907 		5.1453 		63.2478
v 8.6936 		5.9748 		63.2478
v 8.1175 		6.7515 		63.2478
v 7.4681 		7.4681 		63.2478
v 6.7515 		8.1175 		63.2478
v 5.9748 		8.6936 		63.2478
v 5.1453 		9.1907 		63.2478
v 4.2711 		9.6042 		63.2478
v 3.3606 		9.93 		63.2478
v 2.4225 		10.165 		63.2478
v 1.4659 		10.3069 		63.2478
v 0.5 		10.3543 		63.2478
v -0.4659 		10.3069 		63.2478
v -1.4225 		10.165 		63.2478
v -2.3606 		9.93 		63.2478
v -3.2711 		9.6042 		63.2478
v -4.1453 		9.1907 		63.2478
v -4.9748 		8.6936 		63.2478
v -5.7515 		8.1175 		63.2478
v -6.4681 		7.4681 		63.2478
v -7.1175 		6.7515 		63.2478
v -7.6936 		5.9748 		63.2478
v -8.1907 		5.1453 		63.2478
v -8.6042 		4.2711 		63.2478
v -8.93 		3.3606 		63.2478
v -9.165 		2.4225 		63.2478
v -9.3069 		1.4659 		63.2478
v -9.5401 		0.5 		62.42
v -9.4917 		-0.4841 		62.42
v -9.3472 		-1.4587 		62.42
v -9.1078 		-2.4145 		62.42
v -8.7758 		-3.3422 		62.42
v -8.3546 		-4.2329 		62.42
v -7.848 		-5.078 		62.42
v -7.2611 		-5.8694 		62.42
v -6.5994 		-6.5994 		62.42
v -5.8694 		-7.2611 		62.42
v -5.078 		-7.848 		62.42
v -4.2329 		-8.3546 		62.42
v -3.3422 		-8.7758 		62.42
v -2.4145 		-9.1078 		62.42
v -1.4587 		-9.3472 		62.42
v -0.4841 		-9.4917 		62.42
v 0.5 		-9.5401 		62.42
v 1.4841 		-9.4917 		62.42
v 2.4587 		-9.3472 		62.42
v 3.4145 		-9.1078 		62.42
v 4.3422 		-8.7758 		62.42
v 5.2329 		-8.3546 		62.42
v 6.078 		-7.848 		62.42
v 6.8694 		-7.2611 		62.42
v 7.5994 		-6.5994 		62.42
v 8.2611 		-5.8694 		62.42
v 8.848 		-5.078 		62.42
v 9.3546 		-4.2329 		62.42
v 9.7758 		-3.3422 		62.42
v 10.1078 		-2.4145 		62.42
v 10.3472 		-1.4587 		62.42
v 10.4917 		-0.4841 		62.42
v 10.5401 		0.5 		62.42
v 10.4917 		1.4841 		62.42
v 10.3472 		2.4587 		62.42
v 10.1078 		3.4145 		62.42
v 9.7758 		4.3422 		62.42
v 9.3546 		5.2329 		62.42
v 8.848 		6.078 		62.42
v 8.2611 		6.8694 		62.42
v 7.5994 		7.5994 		62.42
v 6.8694 		8.2611 		62.42
v 6.078 		8.848 		62.42
v 5.2329 		9.3546 		62.42
v 4.3422 		9.7758 		62.42
v 3.4145 		10.1078 		62.42
v 2.4587 		10.3472 		62.42
v 1.4841 		10.4917 		62.42
v 0.5 		10.5401 		62.42
v -0.4841 		10.4917 		62.42
v -1.4587 		10.3472 		62.42
v -2.4145 		10.1078 		62.42
v -3.3422 		9.7758 		62.42
v -4.2329 		9.3546 		62.42
v -5.078 		8.848 		62.42
v -5.8694 		8.2611 		62.42
v -6.5994 		7.5994 		62.42
v -7.2611 		6.8694 		62.42
v -7.848 		6.078 		62.42
v -8.3546 		5.2329 		62.42
v -8.7758 		4.3422 		62.42
v -9.1078 		3.4145 		62.42
v -9.3472 		2.4587 		62.42
v -9.4917 		1.4841 		62.42
v -9.7198 		0.5 		61.6044
v -9.6706 		-0.5017 		61.6044
v -9.5234 		-1.4938 		61.6044
v -9.2797 		-2.4667 		61.6044
v -8.9419 		-3.411 		61.6044
v -8.5131 		-4.3176 		61.6044
v -7.9975 		-5.1778 		61.6044
v -7.4 		-5.9834 		61.6044
v -6.7265 		-6.7265 		61.6044
v -5.9834 		-7.4 		61.6044
v -5.1778 		-7.9975 		61.6044
v -4.3176 		-8.5131 		61.6044
v -3.411 		-8.9419 		61.6044
v -2.4667 		-9.2797 		61.6044
v -1.4938 		-9.5234 		61.6044
v -0.5017 		-9.6706 		61.6044
v 0.5 		-9.7198 		61.6044
v 1.5017 		-9.6706 		61.6044
v 2.4938 		-9.5234 		61.6044
v 3.4667 		-9.2797 		61.6044
v 4.411 		-8.9419 		61.6044
v 5.3176 		-8.5131 		61.6044
v 6.1778 		-7.9975 		61.6044
v 6.9834 		-7.4 		61.6044
v 7.7265 		-6.7265 		61.6044
v 8.4 		-5.9834 		61.6044
v 8.9975 		-5.1778 		61.6044
v 9.5131 		-4.3176 		61.6044
v 9.9419 		-3.411 		61.6044
v 10.2797 		-2.4667 		61.6044
v 10.5234 		-1.4938 		61.6044
v 10.6706 		-0.5017 		61.6044
v 10.7198 		0.5 		61.6044
v 10.6706 		1.5017 		61.6044
v 10.5234 		2.4938 		61.6044
v 10.2797 		3.4667 		61.6044
v 9.9419 		4.411 		61.6044
v 9.5131 		5.3176 		61.6044
v 8.9975 		6.1778 		61.6044
v 8.4 		6.9834 		61.6044
v 7.7265 		7.7265 		61.6044
v 6.9834 		8.4 		61.6044
v 6.1778 		8.9975 		61.6044
v 5.3176 		9.5131 		61.6044
v 4.411 		9.9419 		61.6044
v 3.4667 		10.2797 		61.6044
v 2.4938 		10.5234 		61.6044
v 1.5017 		10.6706 		61.6044
v 0.5 		10.7198 		61.6044
v -0.5017 		10.6706 		61.6044
v -1.4938 		10.5234 		61.6044
v -2.4667 		10.2797 		61.6044
v -3.411 		9.9419 		61.6044
v -4.3176 		9.5131 		61.6044
v -5.1778 		8.9975 		61.6044
v -5.9834 		8.4 		61.6044
v -6.7265 		7.7265 		61.6044
v -7.4 		6.9834 		61.6044
v -7.9975 		6.1778 		61.6044
v -8.5131 		5.3176 		61.6044
v -8.9419 		4.411 		61.6044
v -9.2797 		3.4667 		61.6044
v -9.5234 		2.4938 		61.6044
v -9.6706 		1.5017 		61.6044
v -9.8934 		0.5 		60.803
v -9.8433 		-0.5187 		60.803
v -9.6937 		-1.5276 		60.803
v -9.4458 		-2.517 		60.803
v -9.1022 		-3.4774 		60.803
v -8.6661 		-4.3994 		60.803
v -8.1418 		-5.2742 		60.803
v -7.5342 		-6.0935 		60.803
v -6.8492 		-6.8492 		60.803
v -6.0935 		-7.5342 		60.803
v -5.2742 		-8.1418 		60.803
v -4.3994 		-8.6661 		60.803
v -3.4774 		-9.1022 		60.803
v -2.517 		-9.4458 		60.803
v -1.5276 		-9.6937 		60.803
v -0.5187 		-9.8433 		60.803
v 0.5 		-9.8934 		60.803
v 1.5187 		-9.8433 		60.803
v 2.5276 		-9.6937 		60.803
v 3.517 		-9.4458 		60.803
v 4.4774 		-9.1022 		60.803
v 5.3994 		-8.6661 		60.803
v 6.2742 		-8.1418 		60.803
v 7.0935 		-7.5342 		60.803
v 7.8492 		-6.8492 		60.803
v 8.5342 		-6.0935 		60.803
v 9.1418 		-5.2742 		60.803
v 9.6661 		-4.3994 		60.803
v 10.1022 		-3.4774 		60.803
v 10.4458 		-2.517 		60.803
v 10.6937 		-1.5276 		60.803
v 10.8433 		-0.5187 		60.803
v 10.8934 		0.5 		60.803
v 10.8433 		1.5187 		60.803
v 10.6937 		2.5276 		60.803
v 10.4458 		3.517 		60.803
v 10.1022 		4.4774 		60.803
v 9.6661 		5.3994 		60.803
v 9.1418 		6.2742 		60.803
v 8.5342 		7.0935 		60.803
v 7.8492 		7.8492 		60.803
v 7.0935 		8.5342 		60.803
v 6.2742 		9.1418 		60.803
v 5.3994 		9.6661 		60.803
v 4.4774 		10.1022 		60.803
v 3.517 		10.4458 		60.803
v 2.5276 		10.6937 		60.803
v 1.5187 		10.8433 		60.803
v 0.5 		10.8934 		60.803
v -0.5187 		10.8433 		60.803
v -1.5276 		10.6937 		60.803
v -2.517 		10.4458 		60.803
v -3.4774 		10.1022 		60.803
v -4.3994 		9.6661 		60.803
v -5.2742 		9.1418 		60.803
v -6.0935 		8.5342 		60.803
v -6.8492 		7.8492 		60.803
v -7.5342 		7.0935 		60.803
v -8.1418 		6.2742 		60.803
v -8.6661 		5.3994 		60.803
v -9.1022 		4.4774 		60.803
v -9.4458 		3.517 		60.803
v -9.6937 		2.5276 		60.803
v -9.8433 		1.5187 		60.803
v -10.0607 		0.5 		60.0178
v -10.0098 		-0.5351 		60.0178
v -9.8577 		-1.5603 		60.0178
v -9.6059 		-2.5656 		60.0178
v -9.2568 		-3.5414 		60.0178
v -8.8137 		-4.4783 		60.0178
v -8.2809 		-5.3672 		60.0178
v -7.6635 		-6.1996 		60.0178
v -6.9675 		-6.9675 		60.0178
v -6.1996 		-7.6635 		60.0178
v -5.3672 		-8.2809 		60.0178
v -4.4783 		-8.8137 		60.0178
v -3.5414 		-9.2568 		60.0178
v -2.5656 		-9.6059 		60.0178
v -1.5603 		-9.8577 		60.0178
v -0.5351 		-10.0098 		60.0178
v 0.5 		-10.0607 		60.0178
v 1.5351 		-10.0098 		60.0178
v 2.5603 		-9.8577 		60.0178
v 3.5656 		-9.6059 		60.0178
v 4.5414 		-9.2568 		60.0178
v 5.4783 		-8.8137 		60.0178
v 6.3672 		-8.2809 		60.0178
v 7.1996 		-7.6635 		60.0178
v 7.9675 		-6.9675 		60.0178
v 8.6635 		-6.1996 		60.0178
v 9.2809 		-5.3672 		60.0178
v 9.8137 		-4.4783 		60.0178
v 10.2568 		-3.5414 		60.0178
v 10.6059 		-2.5656 		60.0178
v 10.8577 		-1.5603 		60.0178
v 11.0098 		-0.5351 		60.0178
v 11.0607 		0.5 		60.0178
v 11.0098 		1.5351 		60.0178
v 10.8577 		2.5603 		60.0178
v 10.6059 		3.5656 		60.0178
v 10.2568 		4.5414 		60.0178
v 9.8137 		5.4783 		60.0178
v 9.2809 		6.3672 		60.0178
v 8.6635 		7.1996 		60.0178
v 7.9675 		7.9675 		60.0178
v 7.1996 		8.6635 		60.0178
v 6.3672 		9.2809 		60.0178
v 5.4783 		9.8137 		60.0178
v 4.5414 		10.2568 		60.0178
v 3.5656 		10.6059 		60.0178
v 2.5603 		10.8577 		60.0178
v 1.5351 		11.0098 		60.0178
v 0.5 		11.0607 		60.0178
v -0.5351 		11.0098 		60.0178
v -1.5603 		10.8577 		60.0178
v -2.5656 		10.6059 		60.0178
v -3.5414 		10.2568 		60.0178
v -4.4783 		9.8137 		60.0178
v -5.3672 		9.2809 		60.0178
v -6.1996 		8.6635 		60.0178
v -6.9675 		7.9675 		60.0178
v -7.6635 		7.1996 		60.0178
v -8.2809 		6.3672 		60.0178
v -8.8137 		5.4783 		60.0178
v -9.2568 		4.5414 		60.0178
v -9.6059 		3.5656 		60.0178
v -9.8577 		2.5603 		60.0178
v -10.0098 		1.5351 		60.0178
v -10.2216 		0.5 		59.2506
v -10.17 		-0.5509 		59.2506
v -10.0156 		-1.5917 		59.2506
v -9.7599 		-2.6123 		59.2506
v -9.4055 		-3.603 		59.2506
v -8.9556 		-4.5541 		59.2506
v -8.4147 		-5.4566 		59.2506
v -7.7879 		-6.3017 		59.2506
v -7.0813 		-7.0813 		59.2506
v -6.3017 		-7.7879 		59.2506
v -5.4566 		-8.4147 		59.2506
v -4.5541 		-8.9556 		59.2506
v -3.603 		-9.4055 		59.2506
v -2.6123 		-9.7599 		59.2506
v -1.5917 		-10.0156 		59.2506
v -0.5509 		-10.17 		59.2506
v 0.5 		-10.2216 		59.2506
v 1.5509 		-10.17 		59.2506
v 2.5917 		-10.0156 		59.2506
v 3.6123 		-9.7599 		59.2506
v 4.603 		-9.4055 		59.2506
v 5.5541 		-8.9556 		59.2506
v 6.4566 		-8.4147 		59.2506
v 7.3017 		-7.7879 		59.2506
v 8.0813 		-7.0813 		59.2506
v 8.7879 		-6.3017 		59.2506
v 9.4147 		-5.4566 		59.2506
v 9.9556 		-4.5541 		59.2506
v 10.4055 		-3.603 		59.2506
v 10.7599 		-2.6123 		59.2506
v 11.0156 		-1.5917 		59.2506
v 11.17 		-0.5509 		59.2506
v 11.2216 		0.5 		59.2506
v 11.17 		1.5509 		59.2506
v 11.0156 		2.5917 		59.2506
v 10.7599 		3.6123 		59.2506
v 10.4055 		4.603 		59.2506
v 9.9556 		5.5541 		59.2506
v 9.4147 		6.4566 		59.2506
v 8.7879 		7.3017 		59.2506
v 8.0813 		8.0813 		59.2506
v 7.3017 		8.7879 		59.2506
v 6.4566 		9.4147 		59.2506
v 5.5541 		9.9556 		59.2506
v 4.603 		10.4055 		59.2506
v 3.6123 		10.7599 		59.2506
v 2.5917 		11.0156 		59.2506
v 1.5509 		11.17 		59.2506
v 0.5 		11.2216 		59.2506
v -0.5509 		11.17 		59.2506
v -1.5917 		11.0156 		59.2506
v -2.6123 		10.7599 		59.2506
v -3.603 		10.4055 		59.2506
v -4.5541 		9.9556 		59.2506
v -5.4566 		9.4147 		59.2506
v -6.3017 		8.7879 		59.2506
v -7.0813 		8.0813 		59.2506
v -7.7879 		7.3017 		59.2506
v -8.4147 		6.4566 		59.2506
v -8.9556 		5.5541 		59.2506
v -9.4055 		4.603 		59.2506
v -9.7599 		3.6123 		59.2506
v -10.0156 		2.5917 		59.2506
v -10.17 		1.5509 		59.2506
v -10.3761 		0.5 		58.5032
v -10.3237 		-0.566 		58.5032
v -10.1671 		-1.6218 		58.5032
v -9.9078 		-2.6572 		58.5032
v -9.5482 		-3.6621 		58.5032
v -9.0919 		-4.627 		58.5032
v -8.5431 		-5.5424 		58.5032
v -7.9073 		-6.3997 		58.5032
v -7.1906 		-7.1906 		58.5032
v -6.3997 		-7.9073 		58.5032
v -5.5424 		-8.5431 		58.5032
v -4.627 		-9.0919 		58.5032
v -3.6621 		-9.5482 		58.5032
v -2.6572 		-9.9078 		58.5032
v -1.6218 		-10.1671 		58.5032
v -0.566 		-10.3237 		58.5032
v 0.5 		-10.3761 		58.5032
v 1.566 		-10.3237 		58.5032
v 2.6218 		-10.1671 		58.5032
v 3.6572 		-9.9078 		58.5032
v 4.6621 		-9.5482 		58.5032
v 5.627 		-9.0919 		58.5032
v 6.5424 		-8.5431 		58.5032
v 7.3997 		-7.9073 		58.5032
v 8.1906 		-7.1906 		58.5032
v 8.9073 		-6.3997 		58.5032
v 9.5431 		-5.5424 		58.5032
v 10.0919 		-4.627 		58.5032
v 10.5482 		-3.6621 		58.5032
v 10.9078 		-2.6572 		58.5032
v 11.1671 		-1.6218 		58.5032
v 11.3237 		-0.566 		58.5032
v 11.3761 		0.5 		58.5032
v 11.3237 		1.566 		58.5032
v 11.1671 		2.6218 		58.5032
v 10.9078 		3.6572 		58.5032
v 10.5482 		4.6621 		58.5032
v 10.0919 		5.627 		58.5032
v 9.5431 		6.5424 		58.5032
v 8.9073 		7.3997 		58.5032
v 8.1906 		8.1906 		58.5032
v 7.3997 		8.9073 		58.5032
v 6.5424 		9.5431 		58.5032
v 5.627 		10.0919 		58.5032
v 4.6621 		10.5482 		58.5032
v 3.6572 		10.9078 		58.5032
v 2.6218 		11.1671 		58.5032
v 1.566 		11.3237 		58.5032
v 0.5 		11.3761 		58.5032
v -0.566 		11.3237 		58.5032
v -1.6218 		11.1671 		58.5032
v -2.6572 		10.9078 		58.5032
v -3.6621 		10.5482 		58.5032
v -4.627 		10.0919 		58.5032
v -5.5424 		9.5431 		58.5032
v -6.3997 		8.9073 		58.5032
v -7.1906 		8.1906 		58.5032
v -7.9073 		7.3997 		58.5032
v -8.5431 		6.5424 		58.5032
v -9.0919 		5.627 		58.5032
v -9.5482 		4.6621 		58.5032
v -9.9078 		3.6572 		58.5032
v -10.1671 		2.6218 		58.5032
v -10.3237 		1.566 		58.5032
v -10.524 		0.5 		57.7775
v -10.4709 		-0.5805 		57.7775
v -10.3122 		-1.6507 		57.7775
v -10.0493 		-2.7001 		57.7775
v -9.6849 		-3.7187 		57.7775
v -9.2223 		-4.6967 		57.7775
v -8.6661 		-5.6246 		57.7775
v -8.0217 		-6.4936 		57.7775
v -7.2952 		-7.2952 		57.7775
v -6.4936 		-8.0217 		57.7775
v -5.6246 		-8.6661 		57.7775
v -4.6967 		-9.2223 		57.7775
v -3.7187 		-9.6849 		57.7775
v -2.7001 		-10.0493 		57.7775
v -1.6507 		-10.3122 		57.7775
v -0.5805 		-10.4709 		57.7775
v 0.5 		-10.524 		57.7775
v 1.5805 		-10.4709 		57.7775
v 2.6507 		-10.3122 		57.7775
v 3.7001 		-10.0493 		57.7775
v 4.7187 		-9.6849 		57.7775
v 5.6967 		-9.2223 		57.7775
v 6.6246 		-8.6661 		57.7775
v 7.4936 		-8.0217 		57.7775
v 8.2952 		-7.2952 		57.7775
v 9.0217 		-6.4936 		57.7775
v 9.6661 		-5.6246 		57.7775
v 10.2223 		-4.6967 		57.7775
v 10.6849 		-3.7187 		57.7775
v 11.0493 		-2.7001 		57.7775
v 11.3122 		-1.6507 		57.7775
v 11.4709 		-0.5805 		57.7775
v 11.524 		0.5 		57.7775
v 11.4709 		1.5805 		57.7775
v 11.3122 		2.6507 		57.7775
v 11.0493 		3.7001 		57.7775
v 10.6849 		4.7187 		57.7775
v 10.2223 		5.6967 		57.7775
v 9.6661 		6.6246 		57.7775
v 9.0217 		7.4936 		57.7775
v 8.2952 		8.2952 		57.7775
v 7.4936 		9.0217 		57.7775
v 6.6246 		9.6661 		57.7775
v 5.6967 		10.2223 		57.7775
v 4.7187 		10.6849 		57.7775
v 3.7001 		11.0493 		57.7775
v 2.6507 		11.3122 		57.7775
v 1.5805 		11.4709 		57.7775
v 0.5 		11.524 		57.7775
v -0.5805 		11.4709 		57.7775
v -1.6507 		11.3122 		57.7775
v -2.7001 		11.0493 		57.7775
v -3.7187 		10.6849 		57.7775
v -4.6967 		10.2223 		57.7775
v -5.6246 		9.6661 		57.7775
v -6.4936 		9.0217 		57.7775
v -7.2952 		8.2952 		57.7775
v -8.0217 		7.4936 		57.7775
v -8.6661 		6.6246 		57.7775
v -9.2223 		5.6967 		57.7775
v -9.6849 		4.7187 		57.7775
v -10.0493 		3.7001 		57.7775
v -10.3122 		2.6507 		57.7775
v -10.4709 		1.5805 		57.7775
v -10.6653 		0.5 		57.0753
v -10.6115 		-0.5944 		57.0753
v -10.4508 		-1.6782 		57.0753
v -10.1845 		-2.7411 		57.0753
v -9.8154 		-3.7728 		57.0753
v -9.3469 		-4.7633 		57.0753
v -8.7836 		-5.7031 		57.0753
v -8.1309 		-6.5832 		57.0753
v -7.3951 		-7.3951 		57.0753
v -6.5832 		-8.1309 		57.0753
v -5.7031 		-8.7836 		57.0753
v -4.7633 		-9.3469 		57.0753
v -3.7728 		-9.8154 		57.0753
v -2.7411 		-10.1845 		57.0753
v -1.6782 		-10.4508 		57.0753
v -0.5944 		-10.6115 		57.0753
v 0.5 		-10.6653 		57.0753
v 1.5944 		-10.6115 		57.0753
v 2.6782 		-10.4508 		57.0753
v 3.7411 		-10.1845 		57.0753
v 4.7728 		-9.8154 		57.0753
v 5.7633 		-9.3469 		57.0753
v 6.7031 		-8.7836 		57.0753
v 7.5832 		-8.1309 		57.0753
v 8.3951 		-7.3951 		57.0753
v 9.1309 		-6.5832 		57.0753
v 9.7836 		-5.7031 		57.0753
v 10.3469 		-4.7633 		57.0753
v 10.8154 		-3.7728 		57.0753
v 11.1845 		-2.7411 		57.0753
v 11.4508 		-1.6782 		57.0753
v 11.6115 		-0.5944 		57.0753
v 11.6653 		0.5 		57.0753
v 11.6115 		1.5944 		57.0753
v 11.4508 		2.6782 		57.0753
v 11.1845 		3.7411 		57.0753
v 10.8154 		4.7728 		57.0753
v 10.3469 		5.7633 		57.0753
v 9.7836 		6.7031 		57.0753
v 9.1309 		7.5832 		57.0753
v 8.3951 		8.3951 		57.0753
v 7.5832 		9.1309 		57.0753
v 6.7031 		9.7836 		57.0753
v 5.7633 		10.3469 		57.0753
v 4.7728 		10.8154 		57.0753
v 3.7411 		11.1845 		57.0753
v 2.6782 		11.4508 		57.0753
v 1.5944 		11.6115 		57.0753
v 0.5 		11.6653 		57.0753
v -0.5944 		11.6115 		57.0753
v -1.6782 		11.4508 		57.0753
v -2.7411 		11.1845 		57.0753
v -3.7728 		10.8154 		57.0753
v -4.7633 		10.3469 		57.0753
v -5.7031 		9.7836 		57.0753
v -6.5832 		9.1309 		57.0753
v -7.3951 		8.3951 		57.0753
v -8.1309 		7.5832 		57.0753
v -8.7836 		6.7031 		57.0753
v -9.3469 		5.7633 		57.0753
v -9.8154 		4.7728 		57.0753
v -10.1845 		3.7411 		57.0753
v -10.4508 		2.6782 		57.0753
v -10.6115 		1.5944 		57.0753
v -10.7999 		0.5 		56.3981
v -10.7455 		-0.6076 		56.3981
v -10.5827 		-1.7045 		56.3981
v -10.3133 		-2.7802 		56.3981
v -9.9397 		-3.8243 		56.3981
v -9.4656 		-4.8267 		56.3981
v -8.8955 		-5.7779 		56.3981
v -8.2349 		-6.6686 		56.3981
v -7.4902 		-7.4902 		56.3981
v -6.6686 		-8.2349 		56.3981
v -5.7779 		-8.8955 		56.3981
v -4.8267 		-9.4656 		56.3981
v -3.8243 		-9.9397 		56.3981
v -2.7802 		-10.3133 		56.3981
v -1.7045 		-10.5827 		56.3981
v -0.6076 		-10.7455 		56.3981
v 0.5 		-10.7999 		56.3981
v 1.6076 		-10.7455 		56.3981
v 2.7045 		-10.5827 		56.3981
v 3.7802 		-10.3133 		56.3981
v 4.8243 		-9.9397 		56.3981
v 5.8267 		-9.4656 		56.3981
v 6.7779 		-8.8955 		56.3981
v 7.6686 		-8.2349 		56.3981
v 8.4902 		-7.4902 		56.3981
v 9.2349 		-6.6686 		56.3981
v 9.8955 		-5.7779 		56.3981
v 10.4656 		-4.8267 		56.3981
v 10.9397 		-3.8243 		56.3981
v 11.3133 		-2.7802 		56.3981
v 11.5827 		-1.7045 		56.3981
v 11.7455 		-0.6076 		56.3981
v 11.7999 		0.5 		56.3981
v 11.7455 		1.6076 		56.3981
v 11.5827 		2.7045 		56.3981
v 11.3133 		3.7802 		56.3981
v 10.9397 		4.8243 		56.3981
v 10.4656 		5.8267 		56.3981
v 9.8955 		6.7779 		56.3981
v 9.2349 		7.6686 		56.3981
v 8.4902 		8.4902 		56.3981
v 7.6686 		9.2349 		56.3981
v 6.7779 		9.8955 		56.3981
v 5.8267 		10.4656 		56.3981
v 4.8243 		10.9397 		56.3981
v 3.7802 		11.3133 		56.3981
v 2.7045 		11.5827 		56.3981
v 1.6076 		11.7455 		56.3981
v 0.5 		11.7999 		56.3981
v -0.6076 		11.7455 		56.3981
v -1.7045 		11.5827 		56.3981
v -2.7802 		11.3133 		56.3981
v -3.8243 		10.9397 		56.3981
v -4.8267 		10.4656 		56.3981
v -5.7779 		9.8955 		56.3981
v -6.6686 		9.2349 		56.3981
v -7.4902 		8.4902 		56.3981
v -8.2349 		7.6686 		56.3981
v -8.8955 		6.7779 		56.3981
v -9.4656 		5.8267 		56.3981
v -9.9397 		4.8243 		56.3981
v -10.3133 		3.7802 		56.3981
v -10.5827 		2.7045 		56.3981
v -10.7455 		1.6076 		56.3981
v -10.9276 		0.5 		55.7477
v -10.8726 		-0.6201 		55.7477
v -10.708 		-1.7294 		55.7477
v -10.4356 		-2.8173 		55.7477
v -10.0577 		-3.8732 		55.7477
v -9.5783 		-4.8869 		55.7477
v -9.0017 		-5.8488 		55.7477
v -8.3337 		-6.7496 		55.7477
v -7.5805 		-7.5805 		55.7477
v -6.7496 		-8.3337 		55.7477
v -5.8488 		-9.0017 		55.7477
v -4.8869 		-9.5783 		55.7477
v -3.8732 		-10.0577 		55.7477
v -2.8173 		-10.4356 		55.7477
v -1.7294 		-10.708 		55.7477
v -0.6201 		-10.8726 		55.7477
v 0.5 		-10.9276 		55.7477
v 1.6201 		-10.8726 		55.7477
v 2.7294 		-10.708 		55.7477
v 3.8173 		-10.4356 		55.7477
v 4.8732 		-10.0577 		55.7477
v 5.8869 		-9.5783 		55.7477
v 6.8488 		-9.0017 		55.7477
v 7.7496 		-8.3337 		55.7477
v 8.5805 		-7.5805 		55.7477
v 9.3337 		-6.7496 		55.7477
v 10.0017 		-5.8488 		55.7477
v 10.5783 		-4.8869 		55.7477
v 11.0577 		-3.8732 		55.7477
v 11.4356 		-2.8173 		55.7477
v 11.708 		-1.7294 		55.7477
v 11.8726 		-0.6201 		55.7477
v 11.9276 		0.5 		55.7477
v 11.8726 		1.6201 		55.7477
v 11.708 		2.7294 		55.7477
v 11.4356 		3.8173 		55.7477
v 11.0577 		4.8732 		55.7477
v 10.5783 		5.8869 		55.7477
v 10.0017 		6.8488 		55.7477
v 9.3337 		7.7496 		55.7477
v 8.5805 		8.5805 		55.7477
v 7.7496 		9.3337 		55.7477
v 6.8488 		10.0017 		55.7477
v 5.8869 		10.5783 		55.7477
v 4.8732 		11.0577 		55.7477
v 3.8173 		11.4356 		55.7477
v 2.7294 		11.708 		55.7477
v 1.6201 		11.8726 		55.7477
v 0.5 		11.9276 		55.7477
v -0.6201 		11.8726 		55.7477
v -1.7294 		11.708 		55.7477
v -2.8173 		11.4356 		55.7477
v -3.8732 		11.0577 		55.7477
v -4.8869 		10.5783 		55.7477
v -5.8488 		10.0017 		55.7477
v -6.7496 		9.3337 		55.7477
v -7.5805 		8.5805 		55.7477
v -8.3337 		7.7496 		55.7477
v -9.0017 		6.8488 		55.7477
v -9.5783 		5.8869 		55.7477
v -10.0577 		4.8732 		55.7477
v -10.4356 		3.8173 		55.7477
v -10.708 		2.7294 		55.7477
v -10.8726 		1.6201 		55.7477
v -11.0485 		0.5 		55.1256
v -10.9929 		-0.632 		55.1256
v -10.8266 		-1.753 		55.1256
v -10.5512 		-2.8524 		55.1256
v -10.1694 		-3.9194 		55.1256
v -9.6849 		-4.9439 		55.1256
v -9.1022 		-5.916 		55.1256
v -8.4271 		-6.8263 		55.1256
v -7.666 		-7.666 		55.1256
v -6.8263 		-8.4271 		55.1256
v -5.916 		-9.1022 		55.1256
v -4.9439 		-9.6849 		55.1256
v -3.9194 		-10.1694 		55.1256
v -2.8524 		-10.5512 		55.1256
v -1.753 		-10.8266 		55.1256
v -0.632 		-10.9929 		55.1256
v 0.5 		-11.0485 		55.1256
v 1.632 		-10.9929 		55.1256
v 2.753 		-10.8266 		55.1256
v 3.8524 		-10.5512 		55.1256
v 4.9194 		-10.1694 		55.1256
v 5.9439 		-9.6849 		55.1256
v 6.916 		-9.1022 		55.1256
v 7.8263 		-8.4271 		55.1256
v 8.666 		-7.666 		55.1256
v 9.4271 		-6.8263 		55.1256
v 10.1022 		-5.916 		55.1256
v 10.6849 		-4.9439 		55.1256
v 11.1694 		-3.9194 		55.1256
v 11.5512 		-2.8524 		55.1256
v 11.8266 		-1.753 		55.1256
v 11.9929 		-0.632 		55.1256
v 12.0485 		0.5 		55.1256
v 11.9929 		1.632 		55.1256
v 11.8266 		2.753 		55.1256
v 11.5512 		3.8524 		55.1256
v 11.1694 		4.9194 		55.1256
v 10.6849 		5.9439 		55.1256
v 10.1022 		6.916 		55.1256
v 9.4271 		7.8263 		55.1256
v 8.666 		8.666 		55.1256
v 7.8263 		9.4271 		55.1256
v 6.916 		10.1022 		55.1256
v 5.9439 		10.6849 		55.1256
v 4.9194 		11.1694 		55.1256
v 3.8524 		11.5512 		55.1256
v 2.753 		11.8266 		55.1256
v 1.632 		11.9929 		55.1256
v 0.5 		12.0485 		55.1256
v -0.632 		11.9929 		55.1256
v -1.753 		11.8266 		55.1256
v -2.8524 		11.5512 		55.1256
v -3.9194 		11.1694 		55.1256
v -4.9439 		10.6849 		55.1256
v -5.916 		10.1022 		55.1256
v -6.8263 		9.4271 		55.1256
v -7.666 		8.666 		55.1256
v -8.4271 		7.8263 		55.1256
v -9.1022 		6.916 		55.1256
v -9.6849 		5.9439 		55.1256
v -10.1694 		4.9194 		55.1256
v -10.5512 		3.8524 		55.1256
v -10.8266 		2.753 		55.1256
v -10.9929 		1.632 		55.1256
v -11.1624 		0.5 		54.5334
v -11.1063 		-0.6431 		54.5334
v -10.9383 		-1.7752 		54.5334
v -10.6602 		-2.8854 		54.5334
v -10.2747 		-3.963 		54.5334
v -9.7853 		-4.9976 		54.5334
v -9.1969 		-5.9793 		54.5334
v -8.5152 		-6.8986 		54.5334
v -7.7466 		-7.7466 		54.5334
v -6.8986 		-8.5152 		54.5334
v -5.9793 		-9.1969 		54.5334
v -4.9976 		-9.7853 		54.5334
v -3.963 		-10.2747 		54.5334
v -2.8854 		-10.6602 		54.5334
v -1.7752 		-10.9383 		54.5334
v -0.6431 		-11.1063 		54.5334
v 0.5 		-11.1624 		54.5334
v 1.6431 		-11.1063 		54.5334
v 2.7752 		-10.9383 		54.5334
v 3.8854 		-10.6602 		54.5334
v 4.963 		-10.2747 		54.5334
v 5.9976 		-9.7853 		54.5334
v 6.9793 		-9.1969 		54.5334
v 7.8986 		-8.5152 		54.5334
v 8.7466 		-7.7466 		54.5334
v 9.5152 		-6.8986 		54.5334
v 10.1969 		-5.9793 		54.5334
v 10.7853 		-4.9976 		54.5334
v 11.2747 		-3.963 		54.5334
v 11.6602 		-2.8854 		54.5334
v 11.9383 		-1.7752 		54.5334
v 12.1063 		-0.6431 		54.5334
v 12.1624 		0.5 		54.5334
v 12.1063 		1.6431 		54.5334
v 11.9383 		2.7752 		54.5334
v 11.6602 		3.8854 		54.5334
v 11.2747 		4.963 		54.5334
v 10.7853 		5.9976 		54.5334
v 10.1969 		6.9793 		54.5334
v 9.5152 		7.8986 		54.5334
v 8.7466 		8.7466 		54.5334
v 7.8986 		9.5152 		54.5334
v 6.9793 		10.1969 		54.5334
v 5.9976 		10.7853 		54.5334
v 4.963 		11.2747 		54.5334
v 3.8854 		11.6602 		54.5334
v 2.7752 		11.9383 		54.5334
v 1.6431 		12.1063 		54.5334
v 0.5 		12.1624 		54.5334
v -0.6431 		12.1063 		54.5334
v -1.7752 		11.9383 		54.5334
v -2.8854 		11.6602 		54.5334
v -3.963 		11.2747 		54.5334
v -4.9976 		10.7853 		54.5334
v -5.9793 		10.1969 		54.5334
v -6.8986 		9.5152 		54.5334
v -7.7466 		8.7466 		54.5334
v -8.5152 		7.8986 		54.5334
v -9.1969 		6.9793 		54.5334
v -9.7853 		5.9976 		54.5334
v -10.2747 		4.963 		54.5334
v -10.6602 		3.8854 		54.5334
v -10.9383 		2.7752 		54.5334
v -11.1063 		1.6431 		54.5334
v -11.2693 		0.5 		53.9723
v -11.2126 		-0.6536 		53.9723
v -11.0432 		-1.7961 		53.9723
v -10.7625 		-2.9164 		53.9723
v -10.3734 		-4.0039 		53.9723
v -9.8796 		-5.048 		53.9723
v -9.2858 		-6.0387 		53.9723
v -8.5978 		-6.9664 		53.9723
v -7.8222 		-7.8222 		53.9723
v -6.9664 		-8.5978 		53.9723
v -6.0387 		-9.2858 		53.9723
v -5.048 		-9.8796 		53.9723
v -4.0039 		-10.3734 		53.9723
v -2.9164 		-10.7625 		53.9723
v -1.7961 		-11.0432 		53.9723
v -0.6536 		-11.2126 		53.9723
v 0.5 		-11.2693 		53.9723
v 1.6536 		-11.2126 		53.9723
v 2.7961 		-11.0432 		53.9723
v 3.9164 		-10.7625 		53.9723
v 5.0039 		-10.3734 		53.9723
v 6.048 		-9.8796 		53.9723
v 7.0387 		-9.2858 		53.9723
v 7.9664 		-8.5978 		53.9723
v 8.8222 		-7.8222 		53.9723
v 9.5978 		-6.9664 		53.9723
v 10.2858 		-6.0387 		53.9723
v 10.8796 		-5.048 		53.9723
v 11.3734 		-4.0039 		53.9723
v 11.7625 		-2.9164 		53.9723
v 12.0432 		-1.7961 		53.9723
v 12.2126 		-0.6536 		53.9723
v 12.2693 		0.5 		53.9723
v 12.2126 		1.6536 		53.9723
v 12.0432 		2.7961 		53.9723
v 11.7625 		3.9164 		53.9723
v 11.3734 		5.0039 		53.9723
v 10.8796 		6.048 		53.9723
v 10.2858 		7.0387 		53.9723
v 9.5978 		7.9664 		53.9723
v 8.8222 		8.8222 		53.9723
v 7.9664 		9.5978 		53.9723
v 7.0387 		10.2858 		53.9723
v 6.048 		10.8796 		53.9723
v 5.0039 		11.3734 		53.9723
v 3.9164 		11.7625 		53.9723
v 2.7961 		12.0432 		53.9723
v 1.6536 		12.2126 		53.9723
v 0.5 		12.2693 		53.9723
v -0.6536 		12.2126 		53.9723
v -1.7961 		12.0432 		53.9723
v -2.9164 		11.7625 		53.9723
v -4.0039 		11.3734 		53.9723
v -5.048 		10.8796 		53.9723
v -6.0387 		10.2858 		53.9723
v -6.9664 		9.5978 		53.9723
v -7.8222 		8.8222 		53.9723
v -8.5978 		7.9664 		53.9723
v -9.2858 		7.0387 		53.9723
v -9.8796 		6.048 		53.9723
v -10.3734 		5.0039 		53.9723
v -10.7625 		3.9164 		53.9723
v -11.0432 		2.7961 		53.9723
v -11.2126 		1.6536 		53.9723
v -11.3691 		0.5 		53.4439
v -11.3119 		-0.6634 		53.4439
v -11.141 		-1.8155 		53.4439
v -10.858 		-2.9454 		53.4439
v -10.4656 		-4.0421 		53.4439
v -9.9676 		-5.0951 		53.4439
v -9.3688 		-6.0941 		53.4439
v -8.6749 		-7.0297 		53.4439
v -7.8927 		-7.8927 		53.4439
v -7.0297 		-8.6749 		53.4439
v -6.0941 		-9.3688 		53.4439
v -5.0951 		-9.9676 		53.4439
v -4.0421 		-10.4656 		53.4439
v -2.9454 		-10.858 		53.4439
v -1.8155 		-11.141 		53.4439
v -0.6634 		-11.3119 		53.4439
v 0.5 		-11.3691 		53.4439
v 1.6634 		-11.3119 		53.4439
v 2.8155 		-11.141 		53.4439
v 3.9454 		-10.858 		53.4439
v 5.0421 		-10.4656 		53.4439
v 6.0951 		-9.9676 		53.4439
v 7.0941 		-9.3688 		53.4439
v 8.0297 		-8.6749 		53.4439
v 8.8927 		-7.8927 		53.4439
v 9.6749 		-7.0297 		53.4439
v 10.3688 		-6.0941 		53.4439
v 10.9676 		-5.0951 		53.4439
v 11.4656 		-4.0421 		53.4439
v 11.858 		-2.9454 		53.4439
v 12.141 		-1.8155 		53.4439
v 12.3119 		-0.6634 		53.4439
v 12.3691 		0.5 		53.4439
v 12.3119 		1.6634 		53.4439
v 12.141 		2.8155 		53.4439
v 11.858 		3.9454 		53.4439
v 11.4656 		5.0421 		53.4439
v 10.9676 		6.0951 		53.4439
v 10.3688 		7.0941 		53.4439
v 9.6749 		8.0297 		53.4439
v 8.8927 		8.8927 		53.4439
v 8.0297 		9.6749 		53.4439
v 7.0941 		10.3688 		53.4439
v 6.0951 		10.9676 		53.4439
v 5.0421 		11.4656 		53.4439
v 3.9454 		11.858 		53.4439
v 2.8155 		12.141 		53.4439
v 1.6634 		12.3119 		53.4439
v 0.5 		12.3691 		53.4439
v -0.6634 		12.3119 		53.4439
v -1.8155 		12.141 		53.4439
v -2.9454 		11.858 		53.4439
v -4.0421 		11.4656 		53.4439
v -5.0951 		10.9676 		53.4439
v -6.0941 		10.3688 		53.4439
v -7.0297 		9.6749 		53.4439
v -7.8927 		8.8927 		53.4439
v -8.6749 		8.0297 		53.4439
v -9.3688 		7.0941 		53.4439
v -9.9676 		6.0951 		53.4439
v -10.4656 		5.0421 		53.4439
v -10.858 		3.9454 		53.4439
v -11.141 		2.8155 		53.4439
v -11.3119 		1.6634 		53.4439
v -11.4618 		0.5 		52.9493
v -11.4042 		-0.6725 		52.9493
v -11.2319 		-1.8336 		52.9493
v -10.9467 		-2.9723 		52.9493
v -10.5512 		-4.0776 		52.9493
v -10.0493 		-5.1387 		52.9493
v -9.4458 		-6.1456 		52.9493
v -8.7466 		-7.0885 		52.9493
v -7.9582 		-7.9582 		52.9493
v -7.0885 		-8.7466 		52.9493
v -6.1456 		-9.4458 		52.9493
v -5.1387 		-10.0493 		52.9493
v -4.0776 		-10.5512 		52.9493
v -2.9723 		-10.9467 		52.9493
v -1.8336 		-11.2319 		52.9493
v -0.6725 		-11.4042 		52.9493
v 0.5 		-11.4618 		52.9493
v 1.6725 		-11.4042 		52.9493
v 2.8336 		-11.2319 		52.9493
v 3.9723 		-10.9467 		52.9493
v 5.0776 		-10.5512 		52.9493
v 6.1387 		-10.0493 		52.9493
v 7.1456 		-9.4458 		52.9493
v 8.0885 		-8.7466 		52.9493
v 8.9582 		-7.9582 		52.9493
v 9.7466 		-7.0885 		52.9493
v 10.4458 		-6.1456 		52.9493
v 11.0493 		-5.1387 		52.9493
v 11.5512 		-4.0776 		52.9493
v 11.9467 		-2.9723 		52.9493
v 12.2319 		-1.8336 		52.9493
v 12.4042 		-0.6725 		52.9493
v 12.4618 		0.5 		52.9493
v 12.4042 		1.6725 		52.9493
v 12.2319 		2.8336 		52.9493
v 11.9467 		3.9723 		52.9493
v 11.5512 		5.0776 		52.9493
v 11.0493 		6.1387 		52.9493
v 10.4458 		7.1456 		52.9493
v 9.7466 		8.0885 		52.9493
v 8.9582 		8.9582 		52.9493
v 8.0885 		9.7466 		52.9493
v 7.1456 		10.4458 		52.9493
v 6.1387 		11.0493 		52.9493
v 5.0776 		11.5512 		52.9493
v 3.9723 		11.9467 		52.9493
v 2.8336 		12.2319 		52.9493
v 1.6725 		12.4042 		52.9493
v 0.5 		12.4618 		52.9493
v -0.6725 		12.4042 		52.9493
v -1.8336 		12.2319 		52.9493
v -2.9723 		11.9467 		52.9493
v -4.0776 		11.5512 		52.9493
v -5.1387 		11.0493 		52.9493
v -6.1456 		10.4458 		52.9493
v -7.0885 		9.7466 		52.9493
v -7.9582 		8.9582 		52.9493
v -8.7466 		8.0885 		52.9493
v -9.4458 		7.1456 		52.9493
v -10.0493 		6.1387 		52.9493
v -10.5512 		5.0776 		52.9493
v -10.9467 		3.9723 		52.9493
v -11.2319 		2.8336 		52.9493
v -11.4042 		1.6725 		52.9493
v -11.5472 		0.5 		52.4897
v -11.4892 		-0.6808 		52.4897
v -11.3157 		-1.8503 		52.4897
v -11.0285 		-2.9971 		52.4897
v -10.6302 		-4.1103 		52.4897
v -10.1247 		-5.179 		52.4897
v -9.5169 		-6.1931 		52.4897
v -8.8126 		-7.1427 		52.4897
v -8.0187 		-8.0187 		52.4897
v -7.1427 		-8.8126 		52.4897
v -6.1931 		-9.5169 		52.4897
v -5.179 		-10.1247 		52.4897
v -4.1103 		-10.6302 		52.4897
v -2.9971 		-11.0285 		52.4897
v -1.8503 		-11.3157 		52.4897
v -0.6808 		-11.4892 		52.4897
v 0.5 		-11.5472 		52.4897
v 1.6808 		-11.4892 		52.4897
v 2.8503 		-11.3157 		52.4897
v 3.9971 		-11.0285 		52.4897
v 5.1103 		-10.6302 		52.4897
v 6.179 		-10.1247 		52.4897
v 7.1931 		-9.5169 		52.4897
v 8.1427 		-8.8126 		52.4897
v 9.0187 		-8.0187 		52.4897
v 9.8126 		-7.1427 		52.4897
v 10.5169 		-6.1931 		52.4897
v 11.1247 		-5.179 		52.4897
v 11.6302 		-4.1103 		52.4897
v 12.0285 		-2.9971 		52.4897
v 12.3157 		-1.8503 		52.4897
v 12.4892 		-0.6808 		52.4897
v 12.5472 		0.5 		52.4897
v 12.4892 		1.6808 		52.4897
v 12.3157 		2.8503 		52.4897
v 12.0285 		3.9971 		52.4897
v 11.6302 		5.1103 		52.4897
v 11.1247 		6.179 		52.4897
v 10.5169 		7.1931 		52.4897
v 9.8126 		8.1427 		52.4897
v 9.0187 		9.0187 		52.4897
v 8.1427 		9.8126 		52.4897
v 7.1931 		10.5169 		52.4897
v 6.179 		11.1247 		52.4897
v 5.1103 		11.6302 		52.4897
v 3.9971 		12.0285 		52.4897
v 2.8503 		12.3157 		52.4897
v 1.6808 		12.4892 		52.4897
v 0.5 		12.5472 		52.4897
v -0.6808 		12.4892 		52.4897
v -1.8503 		12.3157 		52.4897
v -2.9971 		12.0285 		52.4897
v -4.1103 		11.6302 		52.4897
v -5.179 		11.1247 		52.4897
v -6.1931 		10.5169 		52.4897
v -7.1427 		9.8126 		52.4897
v -8.0187 		9.0187 		52.4897
v -8.8126 		8.1427 		52.4897
v -9.5169 		7.1931 		52.4897
v -10.1247 		6.179 		52.4897
v -10.6302 		5.1103 		52.4897
v -11.0285 		3.9971 		52.4897
v -11.3157 		2.8503 		52.4897
v -11.4892 		1.6808 		52.4897
v -11.6254 		0.5 		52.0664
v -11.567 		-0.6885 		52.0664
v -11.3924 		-1.8655 		52.0664
v -11.1033 		-3.0198 		52.0664
v -10.7024 		-4.1402 		52.0664
v -10.1936 		-5.2159 		52.0664
v -9.5819 		-6.2365 		52.0664
v -8.8731 		-7.1923 		52.0664
v -8.0739 		-8.0739 		52.0664
v -7.1923 		-8.8731 		52.0664
v -6.2365 		-9.5819 		52.0664
v -5.2159 		-10.1936 		52.0664
v -4.1402 		-10.7024 		52.0664
v -3.0198 		-11.1033 		52.0664
v -1.8655 		-11.3924 		52.0664
v -0.6885 		-11.567 		52.0664
v 0.5 		-11.6254 		52.0664
v 1.6885 		-11.567 		52.0664
v 2.8655 		-11.3924 		52.0664
v 4.0198 		-11.1033 		52.0664
v 5.1402 		-10.7024 		52.0664
v 6.2159 		-10.1936 		52.0664
v 7.2365 		-9.5819 		52.0664
v 8.1923 		-8.8731 		52.0664
v 9.0739 		-8.0739 		52.0664
v 9.8731 		-7.1923 		52.0664
v 10.5819 		-6.2365 		52.0664
v 11.1936 		-5.2159 		52.0664
v 11.7024 		-4.1402 		52.0664
v 12.1033 		-3.0198 		52.0664
v 12.3924 		-1.8655 		52.0664
v 12.567 		-0.6885 		52.0664
v 12.6254 		0.5 		52.0664
v 12.567 		1.6885 		52.0664
v 12.3924 		2.8655 		52.0664
v 12.1033 		4.0198 		52.0664
v 11.7024 		5.1402 		52.0664
v 11.1936 		6.2159 		52.0664
v 10.5819 		7.2365 		52.0664
v 9.8731 		8.1923 		52.0664
v 9.0739 		9.0739 		52.0664
v 8.1923 		9.8731 		52.0664
v 7.2365 		10.5819 		52.0664
v 6.2159 		11.1936 		52.0664
v 5.1402 		11.7024 		52.0664
v 4.0198 		12.1033 		52.0664
v 2.8655 		12.3924 		52.0664
v 1.6885 		12.567 		52.0664
v 0.5 		12.6254 		52.0664
v -0.6885 		12.567 		52.0664
v -1.8655 		12.3924 		52.0664
v -3.0198 		12.1033 		52.0664
v -4.1402 		11.7024 		52.0664
v -5.2159 		11.1936 		52.0664
v -6.2365 		10.5819 		52.0664
v -7.1923 		9.8731 		52.0664
v -8.0739 		9.0739 		52.0664
v -8.8731 		8.1923 		52.0664
v -9.5819 		7.2365 		52.0664
v -10.1936 		6.2159 		52.0664
v -10.7024 		5.1402 		52.0664
v -11.1033 		4.0198 		52.0664
v -11.3924 		2.8655 		52.0664
v -11.567 		1.6885 		52.0664
v -11.6963 		0.5 		51.6802
v -11.6375 		-0.6954 		51.6802
v -11.4619 		-1.8794 		51.6802
v -11.1711 		-3.0404 		51.6802
v -10.7679 		-4.1673 		51.6802
v -10.2562 		-5.2493 		51.6802
v -9.6408 		-6.2759 		51.6802
v -8.9278 		-7.2372 		51.6802
v -8.1241 		-8.1241 		51.6802
v -7.2372 		-8.9278 		51.6802
v -6.2759 		-9.6408 		51.6802
v -5.2493 		-10.2562 		51.6802
v -4.1673 		-10.7679 		51.6802
v -3.0404 		-11.1711 		51.6802
v -1.8794 		-11.4619 		51.6802
v -0.6954 		-11.6375 		51.6802
v 0.5 		-11.6963 		51.6802
v 1.6954 		-11.6375 		51.6802
v 2.8794 		-11.4619 		51.6802
v 4.0404 		-11.1711 		51.6802
v 5.1673 		-10.7679 		51.6802
v 6.2493 		-10.2562 		51.6802
v 7.2759 		-9.6408 		51.6802
v 8.2372 		-8.9278 		51.6802
v 9.1241 		-8.1241 		51.6802
v 9.9278 		-7.2372 		51.6802
v 10.6408 		-6.2759 		51.6802
v 11.2562 		-5.2493 		51.6802
v 11.7679 		-4.1673 		51.6802
v 12.1711 		-3.0404 		51.6802
v 12.4619 		-1.8794 		51.6802
v 12.6375 		-0.6954 		51.6802
v 12.6963 		0.5 		51.6802
v 12.6375 		1.6954 		51.6802
v 12.4619 		2.8794 		51.6802
v 12.1711 		4.0404 		51.6802
v 11.7679 		5.1673 		51.6802
v 11.2562 		6.2493 		51.6802
v 10.6408 		7.2759 		51.6802
v 9.9278 		8.2372 		51.6802
v 9.1241 		9.1241 		51.6802
v 8.2372 		9.9278 		51.6802
v 7.2759 		10.6408 		51.6802
v 6.2493 		11.2562 		51.6802
v 5.1673 		11.7679 		51.6802
v 4.0404 		12.1711 		51.6802
v 2.8794 		12.4619 		51.6802
v 1.6954 		12.6375 		51.6802
v 0.5 		12.6963 		51.6802
v -0.6954 		12.6375 		51.6802
v -1.8794 		12.4619 		51.6802
v -3.0404 		12.1711 		51.6802
v -4.1673 		11.7679 		51.6802
v -5.2493 		11.2562 		51.6802
v -6.2759 		10.6408 		51.6802
v -7.2372 		9.9278 		51.6802
v -8.1241 		9.1241 		51.6802
v -8.9278 		8.2372 		51.6802
v -9.6408 		7.2759 		51.6802
v -10.2562 		6.2493 		51.6802
v -10.7679 		5.1673 		51.6802
v -11.1711 		4.0404 		51.6802
v -11.4619 		2.8794 		51.6802
v -11.6375 		1.6954 		51.6802
v -11.7598 		0.5 		51.3321
v -11.7008 		-0.7017 		51.3321
v -11.5242 		-1.8918 		51.3321
v -11.2319 		-3.0588 		51.3321
v -10.8266 		-4.1916 		51.3321
v -10.3122 		-5.2792 		51.3321
v -9.6937 		-6.3112 		51.3321
v -8.977 		-7.2775 		51.3321
v -8.169 		-8.169 		51.3321
v -7.2775 		-8.977 		51.3321
v -6.3112 		-9.6937 		51.3321
v -5.2792 		-10.3122 		51.3321
v -4.1916 		-10.8266 		51.3321
v -3.0588 		-11.2319 		51.3321
v -1.8918 		-11.5242 		51.3321
v -0.7017 		-11.7008 		51.3321
v 0.5 		-11.7598 		51.3321
v 1.7017 		-11.7008 		51.3321
v 2.8918 		-11.5242 		51.3321
v 4.0588 		-11.2319 		51.3321
v 5.1916 		-10.8266 		51.3321
v 6.2792 		-10.3122 		51.3321
v 7.3112 		-9.6937 		51.3321
v 8.2775 		-8.977 		51.3321
v 9.169 		-8.169 		51.3321
v 9.977 		-7.2775 		51.3321
v 10.6937 		-6.3112 		51.3321
v 11.3122 		-5.2792 		51.3321
v 11.8266 		-4.1916 		51.3321
v 12.2319 		-3.0588 		51.3321
v 12.5242 		-1.8918 		51.3321
v 12.7008 		-0.7017 		51.3321
v 12.7598 		0.5 		51.3321
v 12.7008 		1.7017 		51.3321
v 12.5242 		2.8918 		51.3321
v 12.2319 		4.0588 		51.3321
v 11.8266 		5.1916 		51.3321
v 11.3122 		6.2792 		51.3321
v 10.6937 		7.3112 		51.3321
v 9.977 		8.2775 		51.3321
v 9.169 		9.169 		51.3321
v 8.2775 		9.977 		51.3321
v 7.3112 		10.6937 		51.3321
v 6.2792 		11.3122 		51.3321
v 5.1916 		11.8266 		51.3321
v 4.0588 		12.2319 		51.3321
v 2.8918 		12.5242 		51.3321
v 1.7017 		12.7008 		51.3321
v 0.5 		12.7598 		51.3321
v -0.7017 		12.7008 		51.3321
v -1.8918 		12.5242 		51.3321
v -3.0588 		12.2319 		51.3321
v -4.1916 		11.8266 		51.3321
v -5.2792 		11.3122 		51.3321
v -6.3112 		10.6937 		51.3321
v -7.2775 		9.977 		51.3321
v -8.169 		9.169 		51.3321
v -8.977 		8.2775 		51.3321
v -9.6937 		7.3112 		51.3321
v -10.3122 		6.2792 		51.3321
v -10.8266 		5.1916 		51.3321
v -11.2319 		4.0588 		51.3321
v -11.5242 		2.8918 		51.3321
v -11.7008 		1.7017 		51.3321
v -11.816 		0.5 		51.023
v -11.7567 		-0.7072 		51.023
v -11.5793 		-1.9027 		51.023
v -11.2856 		-3.0751 		51.023
v -10.8785 		-4.2131 		51.023
v -10.3617 		-5.3057 		51.023
v -9.7404 		-6.3424 		51.023
v -9.0204 		-7.3132 		51.023
v -8.2087 		-8.2087 		51.023
v -7.3132 		-9.0204 		51.023
v -6.3424 		-9.7404 		51.023
v -5.3057 		-10.3617 		51.023
v -4.2131 		-10.8785 		51.023
v -3.0751 		-11.2856 		51.023
v -1.9027 		-11.5793 		51.023
v -0.7072 		-11.7567 		51.023
v 0.5 		-11.816 		51.023
v 1.7072 		-11.7567 		51.023
v 2.9027 		-11.5793 		51.023
v 4.0751 		-11.2856 		51.023
v 5.2131 		-10.8785 		51.023
v 6.3057 		-10.3617 		51.023
v 7.3424 		-9.7404 		51.023
v 8.3132 		-9.0204 		51.023
v 9.2087 		-8.2087 		51.023
v 10.0204 		-7.3132 		51.023
v 10.7404 		-6.3424 		51.023
v 11.3617 		-5.3057 		51.023
v 11.8785 		-4.2131 		51.023
v 12.2856 		-3.0751 		51.023
v 12.5793 		-1.9027 		51.023
v 12.7567 		-0.7072 		51.023
v 12.816 		0.5 		51.023
v 12.7567 		1.7072 		51.023
v 12.5793 		2.9027 		51.023
v 12.2856 		4.0751 		51.023
v 11.8785 		5.2131 		51.023
v 11.3617 		6.3057 		51.023
v 10.7404 		7.3424 		51.023
v 10.0204 		8.3132 		51.023
v 9.2087 		9.2087 		51.023
v 8.3132 		10.0204 		51.023
v 7.3424 		10.7404 		51.023
v 6.3057 		11.3617 		51.023
v 5.2131 		11.8785 		51.023
v 4.0751 		12.2856 		51.023
v 2.9027 		12.5793 		51.023
v 1.7072 		12.7567 		51.023
v 0.5 		12.816 		51.023
v -0.7072 		12.7567 		51.023
v -1.9027 		12.5793 		51.023
v -3.0751 		12.2856 		51.023
v -4.2131 		11.8785 		51.023
v -5.3057 		11.3617 		51.023
v -6.3424 		10.7404 		51.023
v -7.3132 		10.0204 		51.023
v -8.2087 		9.2087 		51.023
v -9.0204 		8.3132 		51.023
v -9.7404 		7.3424 		51.023
v -10.3617 		6.3057 		51.023
v -10.8785 		5.2131 		51.023
v -11.2856 		4.0751 		51.023
v -11.5793 		2.9027 		51.023
v -11.7567 		1.7072 		51.023
v -11.8647 		0.5 		50.7535
v -11.8052 		-0.712 		50.7535
v -11.6271 		-1.9122 		50.7535
v -11.3323 		-3.0893 		50.7535
v -10.9235 		-4.2318 		50.7535
v -10.4047 		-5.3287 		50.7535
v -9.7809 		-6.3695 		50.7535
v -9.058 		-7.3441 		50.7535
v -8.2432 		-8.2432 		50.7535
v -7.3441 		-9.058 		50.7535
v -6.3695 		-9.7809 		50.7535
v -5.3287 		-10.4047 		50.7535
v -4.2318 		-10.9235 		50.7535
v -3.0893 		-11.3323 		50.7535
v -1.9122 		-11.6271 		50.7535
v -0.712 		-11.8052 		50.7535
v 0.5 		-11.8647 		50.7535
v 1.712 		-11.8052 		50.7535
v 2.9122 		-11.6271 		50.7535
v 4.0893 		-11.3323 		50.7535
v 5.2318 		-10.9235 		50.7535
v 6.3287 		-10.4047 		50.7535
v 7.3695 		-9.7809 		50.7535
v 8.3441 		-9.058 		50.7535
v 9.2432 		-8.2432 		50.7535
v 10.058 		-7.3441 		50.7535
v 10.7809 		-6.3695 		50.7535
v 11.4047 		-5.3287 		50.7535
v 11.9235 		-4.2318 		50.7535
v 12.3323 		-3.0893 		50.7535
v 12.6271 		-1.9122 		50.7535
v 12.8052 		-0.712 		50.7535
v 12.8647 		0.5 		50.7535
v 12.8052 		1.712 		50.7535
v 12.6271 		2.9122 		50.7535
v 12.3323 		4.0893 		50.7535
v 11.9235 		5.2318 		50.7535
v 11.4047 		6.3287 		50.7535
v 10.7809 		7.3695 		50.7535
v 10.058 		8.3441 		50.7535
v 9.2432 		9.2432 		50.7535
v 8.3441 		10.058 		50.7535
v 7.3695 		10.7809 		50.7535
v 6.3287 		11.4047 		50.7535
v 5.2318 		11.9235 		50.7535
v 4.0893 		12.3323 		50.7535
v 2.9122 		12.6271 		50.7535
v 1.712 		12.8052 		50.7535
v 0.5 		12.8647 		50.7535
v -0.712 		12.8052 		50.7535
v -1.9122 		12.6271 		50.7535
v -3.0893 		12.3323 		50.7535
v -4.2318 		11.9235 		50.7535
v -5.3287 		11.4047 		50.7535
v -6.3695 		10.7809 		50.7535
v -7.3441 		10.058 		50.7535
v -8.2432 		9.2432 		50.7535
v -9.058 		8.3441 		50.7535
v -9.7809 		7.3695 		50.7535
v -10.4047 		6.3287 		50.7535
v -10.9235 		5.2318 		50.7535
v -11.3323 		4.0893 		50.7535
v -11.6271 		2.9122 		50.7535
v -11.8052 		1.712 		50.7535
v -11.906 		0.5 		50.5245
v -11.8463 		-0.716 		50.5245
v -11.6676 		-1.9203 		50.5245
v -11.3718 		-3.1013 		50.5245
v -10.9616 		-4.2476 		50.5245
v -10.4411 		-5.3481 		50.5245
v -9.8152 		-6.3924 		50.5245
v -9.09 		-7.3703 		50.5245
v -8.2724 		-8.2724 		50.5245
v -7.3703 		-9.09 		50.5245
v -6.3924 		-9.8152 		50.5245
v -5.3481 		-10.4411 		50.5245
v -4.2476 		-10.9616 		50.5245
v -3.1013 		-11.3718 		50.5245
v -1.9203 		-11.6676 		50.5245
v -0.716 		-11.8463 		50.5245
v 0.5 		-11.906 		50.5245
v 1.716 		-11.8463 		50.5245
v 2.9203 		-11.6676 		50.5245
v 4.1013 		-11.3718 		50.5245
v 5.2476 		-10.9616 		50.5245
v 6.3481 		-10.4411 		50.5245
v 7.3924 		-9.8152 		50.5245
v 8.3703 		-9.09 		50.5245
v 9.2724 		-8.2724 		50.5245
v 10.09 		-7.3703 		50.5245
v 10.8152 		-6.3924 		50.5245
v 11.4411 		-5.3481 		50.5245
v 11.9616 		-4.2476 		50.5245
v 12.3718 		-3.1013 		50.5245
v 12.6676 		-1.9203 		50.5245
v 12.8463 		-0.716 		50.5245
v 12.906 		0.5 		50.5245
v 12.8463 		1.716 		50.5245
v 12.6676 		2.9203 		50.5245
v 12.3718 		4.1013 		50.5245
v 11.9616 		5.2476 		50.5245
v 11.4411 		6.3481 		50.5245
v 10.8152 		7.3924 		50.5245
v 10.09 		8.3703 		50.5245
v 9.2724 		9.2724 		50.5245
v 8.3703 		10.09 		50.5245
v 7.3924 		10.8152 		50.5245
v 6.3481 		11.4411 		50.5245
v 5.2476 		11.9616 		50.5245
v 4.1013 		12.3718 		50.5245
v 2.9203 		12.6676 		50.5245
v 1.716 		12.8463 		50.5245
v 0.5 		12.906 		50.5245
v -0.716 		12.8463 		50.5245
v -1.9203 		12.6676 		50.5245
v -3.1013 		12.3718 		50.5245
v -4.2476 		11.9616 		50.5245
v -5.3481 		11.4411 		50.5245
v -6.3924 		10.8152 		50.5245
v -7.3703 		10.09 		50.5245
v -8.2724 		9.2724 		50.5245
v -9.09 		8.3703 		50.5245
v -9.8152 		7.3924 		50.5245
v -10.4411 		6.3481 		50.5245
v -10.9616 		5.2476 		50.5245
v -11.3718 		4.1013 		50.5245
v -11.6676 		2.9203 		50.5245
v -11.8463 		1.716 		50.5245
v -11.9398 		0.5 		50.3363
v -11.8799 		-0.7193 		50.3363
v -11.7008 		-1.9269 		50.3363
v -11.4042 		-3.1111 		50.3363
v -10.9929 		-4.2605 		50.3363
v -10.4709 		-5.3641 		50.3363
v -9.8433 		-6.4112 		50.3363
v -9.1161 		-7.3917 		50.3363
v -8.2963 		-8.2963 		50.3363
v -7.3917 		-9.1161 		50.3363
v -6.4112 		-9.8433 		50.3363
v -5.3641 		-10.4709 		50.3363
v -4.2605 		-10.9929 		50.3363
v -3.1111 		-11.4042 		50.3363
v -1.9269 		-11.7008 		50.3363
v -0.7193 		-11.8799 		50.3363
v 0.5 		-11.9398 		50.3363
v 1.7193 		-11.8799 		50.3363
v 2.9269 		-11.7008 		50.3363
v 4.1111 		-11.4042 		50.3363
v 5.2605 		-10.9929 		50.3363
v 6.3641 		-10.4709 		50.3363
v 7.4112 		-9.8433 		50.3363
v 8.3917 		-9.1161 		50.3363
v 9.2963 		-8.2963 		50.3363
v 10.1161 		-7.3917 		50.3363
v 10.8433 		-6.4112 		50.3363
v 11.4709 		-5.3641 		50.3363
v 11.9929 		-4.2605 		50.3363
v 12.4042 		-3.1111 		50.3363
v 12.7008 		-1.9269 		50.3363
v 12.8799 		-0.7193 		50.3363
v 12.9398 		0.5 		50.3363
v 12.8799 		1.7193 		50.3363
v 12.7008 		2.9269 		50.3363
v 12.4042 		4.1111 		50.3363
v 11.9929 		5.2605 		50.3363
v 11.4709 		6.3641 		50.3363
v 10.8433 		7.4112 		50.3363
v 10.1161 		8.3917 		50.3363
v 9.2963 		9.2963 		50.3363
v 8.3917 		10.1161 		50.3363
v 7.4112 		10.8433 		50.3363
v 6.3641 		11.4709 		50.3363
v 5.2605 		11.9929 		50.3363
v 4.1111 		12.4042 		50.3363
v 2.9269 		12.7008 		50.3363
v 1.7193 		12.8799 		50.3363
v 0.5 		12.9398 		50.3363
v -0.7193 		12.8799 		50.3363
v -1.9269 		12.7008 		50.3363
v -3.1111 		12.4042 		50.3363
v -4.2605 		11.9929 		50.3363
v -5.3641 		11.4709 		50.3363
v -6.4112 		10.8433 		50.3363
v -7.3917 		10.1161 		50.3363
v -8.2963 		9.2963 		50.3363
v -9.1161 		8.3917 		50.3363
v -9.8433 		7.4112 		50.3363
v -10.4709 		6.3641 		50.3363
v -10.9929 		5.2605 		50.3363
v -11.4042 		4.1111 		50.3363
v -11.7008 		2.9269 		50.3363
v -11.8799 		1.7193 		50.3363
v -11.9661 		0.5 		50.1894
v -11.9061 		-0.7219 		50.1894
v -11.7266 		-1.932 		50.1894
v -11.4293 		-3.1187 		50.1894
v -11.0172 		-4.2706 		50.1894
v -10.4941 		-5.3765 		50.1894
v -9.8652 		-6.4258 		50.1894
v -9.1364 		-7.4084 		50.1894
v -8.3149 		-8.3149 		50.1894
v -7.4084 		-9.1364 		50.1894
v -6.4258 		-9.8652 		50.1894
v -5.3765 		-10.4941 		50.1894
v -4.2706 		-11.0172 		50.1894
v -3.1187 		-11.4293 		50.1894
v -1.932 		-11.7266 		50.1894
v -0.7219 		-11.9061 		50.1894
v 0.5 		-11.9661 		50.1894
v 1.7219 		-11.9061 		50.1894
v 2.932 		-11.7266 		50.1894
v 4.1187 		-11.4293 		50.1894
v 5.2706 		-11.0172 		50.1894
v 6.3765 		-10.4941 		50.1894
v 7.4258 		-9.8652 		50.1894
v 8.4084 		-9.1364 		50.1894
v 9.3149 		-8.3149 		50.1894
v 10.1364 		-7.4084 		50.1894
v 10.8652 		-6.4258 		50.1894
v 11.4941 		-5.3765 		50.1894
v 12.0172 		-4.2706 		50.1894
v 12.4293 		-3.1187 		50.1894
v 12.7266 		-1.932 		50.1894
v 12.9061 		-0.7219 		50.1894
v 12.9661 		0.5 		50.1894
v 12.9061 		1.7219 		50.1894
v 12.7266 		2.932 		50.1894
v 12.4293 		4.1187 		50.1894
v 12.0172 		5.2706 		50.1894
v 11.4941 		6.3765 		50.1894
v 10.8652 		7.4258 		50.1894
v 10.1364 		8.4084 		50.1894
v 9.3149 		9.3149 		50.1894
v 8.4084 		10.1364 		50.1894
v 7.4258 		10.8652 		50.1894
v 6.3765 		11.4941 		50.1894
v 5.2706 		12.0172 		50.1894
v 4.1187 		12.4293 		50.1894
v 2.932 		12.7266 		50.1894
v 1.7219 		12.9061 		50.1894
v 0.5 		12.9661 		50.1894
v -0.7219 		12.9061 		50.1894
v -1.932 		12.7266 		50.1894
v -3.1187 		12.4293 		50.1894
v -4.2706 		12.0172 		50.1894
v -5.3765 		11.4941 		50.1894
v -6.4258 		10.8652 		50.1894
v -7.4084 		10.1364 		50.1894
v -8.3149 		9.3149 		50.1894
v -9.1364 		8.4084 		50.1894
v -9.8652 		7.4258 		50.1894
v -10.4941 		6.3765 		50.1894
v -11.0172 		5.2706 		50.1894
v -11.4293 		4.1187 		50.1894
v -11.7266 		2.932 		50.1894
v -11.9061 		1.7219 		50.1894
v -11.9849 		0.5 		50.0843
v -11.9248 		-0.7237 		50.0843
v -11.745 		-1.9357 		50.0843
v -11.4473 		-3.1242 		50.0843
v -11.0346 		-4.2778 		50.0843
v -10.5107 		-5.3854 		50.0843
v -9.8809 		-6.4363 		50.0843
v -9.151 		-7.4204 		50.0843
v -8.3282 		-8.3282 		50.0843
v -7.4204 		-9.151 		50.0843
v -6.4363 		-9.8809 		50.0843
v -5.3854 		-10.5107 		50.0843
v -4.2778 		-11.0346 		50.0843
v -3.1242 		-11.4473 		50.0843
v -1.9357 		-11.745 		50.0843
v -0.7237 		-11.9248 		50.0843
v 0.5 		-11.9849 		50.0843
v 1.7237 		-11.9248 		50.0843
v 2.9357 		-11.745 		50.0843
v 4.1242 		-11.4473 		50.0843
v 5.2778 		-11.0346 		50.0843
v 6.3854 		-10.5107 		50.0843
v 7.4363 		-9.8809 		50.0843
v 8.4204 		-9.151 		50.0843
v 9.3282 		-8.3282 		50.0843
v 10.151 		-7.4204 		50.0843
v 10.8809 		-6.4363 		50.0843
v 11.5107 		-5.3854 		50.0843
v 12.0346 		-4.2778 		50.0843
v 12.4473 		-3.1242 		50.0843
v 12.745 		-1.9357 		50.0843
v 12.9248 		-0.7237 		50.0843
v 12.9849 		0.5 		50.0843
v 12.9248 		1.7237 		50.0843
v 12.745 		2.9357 		50.0843
v 12.4473 		4.1242 		50.0843
v 12.0346 		5.2778 		50.0843
v 11.5107 		6.3854 		50.0843
v 10.8809 		7.4363 		50.0843
v 10.151 		8.4204 		50.0843
v 9.3282 		9.3282 		50.0843
v 8.4204 		10.151 		50.0843
v 7.4363 		10.8809 		50.0843
v 6.3854 		11.5107 		50.0843
v 5.2778 		12.0346 		50.0843
v 4.1242 		12.4473 		50.0843
v 2.9357 		12.745 		50.0843
v 1.7237 		12.9248 		50.0843
v 0.5 		12.9849 		50.0843
v -0.7237 		12.9248 		50.0843
v -1.9357 		12.745 		50.0843
v -3.1242 		12.4473 		50.0843
v -4.2778 		12.0346 		50.0843
v -5.3854 		11.5107 		50.0843
v -6.4363 		10.8809 		50.0843
v -7.4204 		10.151 		50.0843
v -8.3282 		9.3282 		50.0843
v -9.151 		8.4204 		50.0843
v -9.8809 		7.4363 		50.0843
v -10.5107 		6.3854 		50.0843
v -11.0346 		5.2778 		50.0843
v -11.4473 		4.1242 		50.0843
v -11.745 		2.9357 		50.0843
v -11.9248 		1.7237 		50.0843
v -11.9962 		0.5 		50.0211
v -11.9361 		-0.7248 		50.0211
v -11.7561 		-1.9379 		50.0211
v -11.4582 		-3.1275 		50.0211
v -11.045 		-4.2821 		50.0211
v -10.5207 		-5.3907 		50.0211
v -9.8902 		-6.4425 		50.0211
v -9.1597 		-7.4275 		50.0211
v -8.3362 		-8.3362 		50.0211
v -7.4275 		-9.1597 		50.0211
v -6.4425 		-9.8902 		50.0211
v -5.3907 		-10.5207 		50.0211
v -4.2821 		-11.045 		50.0211
v -3.1275 		-11.4582 		50.0211
v -1.9379 		-11.7561 		50.0211
v -0.7248 		-11.9361 		50.0211
v 0.5 		-11.9962 		50.0211
v 1.7248 		-11.9361 		50.0211
v 2.9379 		-11.7561 		50.0211
v 4.1275 		-11.4582 		50.0211
v 5.2821 		-11.045 		50.0211
v 6.3907 		-10.5207 		50.0211
v 7.4425 		-9.8902 		50.0211
v 8.4275 		-9.1597 		50.0211
v 9.3362 		-8.3362 		50.0211
v 10.1597 		-7.4275 		50.0211
v 10.8902 		-6.4425 		50.0211
v 11.5207 		-5.3907 		50.0211
v 12.045 		-4.2821 		50.0211
v 12.4582 		-3.1275 		50.0211
v 12.7561 		-1.9379 		50.0211
v 12.9361 		-0.7248 		50.0211
v 12.9962 		0.5 		50.0211
v 12.9361 		1.7248 		50.0211
v 12.7561 		2.9379 		50.0211
v 12.4582 		4.1275 		50.0211
v 12.045 		5.2821 		50.0211
v 11.5207 		6.3907 		50.0211
v 10.8902 		7.4425 		50.0211
v 10.1597 		8.4275 		50.0211
v 9.3362 		9.3362 		50.0211
v 8.4275 		10.1597 		50.0211
v 7.4425 		10.8902 		50.0211
v 6.3907 		11.5207 		50.0211
v 5.2821 		12.045 		50.0211
v 4.1275 		12.4582 		50.0211
v 2.9379 		12.7561 		50.0211
v 1.7248 		12.9361 		50.0211
v 0.5 		12.9962 		50.0211
v -0.7248 		12.9361 		50.0211
v -1.9379 		12.7561 		50.0211
v -3.1275 		12.4582 		50.0211
v -4.2821 		12.045 		50.0211
v -5.3907 		11.5207 		50.0211
v -6.4425 		10.8902 		50.0211
v -7.4275 		10.1597 		50.0211
v -8.3362 		9.3362 		50.0211
v -9.1597 		8.4275 		50.0211
v -9.8902 		7.4425 		50.0211
v -10.5207 		6.3907 		50.0211
v -11.045 		5.2821 		50.0211
v -11.4582 		4.1275 		50.0211
v -11.7561 		2.9379 		50.0211
v -11.9361 		1.7248 		50.0211
v -12 		0.5 		50
v -11.9398 		-0.7252 		50
v -11.7598 		-1.9386 		50
v -11.4618 		-3.1286 		50
v -11.0485 		-4.2835 		50
v -10.524 		-5.3925 		50
v -9.8934 		-6.4446 		50
v -9.1626 		-7.4299 		50
v -8.3388 		-8.3388 		50
v -7.4299 		-9.1626 		50
v -6.4446 		-9.8934 		50
v -5.3925 		-10.524 		50
v -4.2835 		-11.0485 		50
v -3.1286 		-11.4618 		50
v -1.9386 		-11.7598 		50
v -0.7252 		-11.9398 		50
v 0.5 		-12 		50
v 1.7252 		-11.9398 		50
v 2.9386 		-11.7598 		50
v 4.1286 		-11.4618 		50
v 5.2835 		-11.0485 		50
v 6.3925 		-10.524 		50
v 7.4446 		-9.8934 		50
v 8.4299 		-9.1626 		50
v 9.3388 		-8.3388 		50
v 10.1626 		-7.4299 		50
v 10.8934 		-6.4446 		50
v 11.524 		-5.3925 		50
v 12.0485 		-4.2835 		50
v 12.4618 		-3.1286 		50
v 12.7598 		-1.9386 		50
v 12.9398 		-0.7252 		50
v 13 		0.5 		50
v 12.9398 		1.7252 		50
v 12.7598 		2.9386 		50
v 12.4618 		4.1286 		50
v 12.0485 		5.2835 		50
v 11.524 		6.3925 		50
v 10.8934 		7.4446 		50
v 10.1626 		8.4299 		50
v 9.3388 		9.3388 		50
v 8.4299 		10.1626 		50
v 7.4446 		10.8934 		50
v 6.3925 		11.524 		50
v 5.2835 		12.0485 		50
v 4.1286 		12.4618 		50
v 2.9386 		12.7598 		50
v 1.7252 		12.9398 		50
v 0.5 		13 		50
v -0.7252 		12.9398 		50
v -1.9386 		12.7598 		50
v -3.1286 		12.4618 		50
v -4.2835 		12.0485 		50
v -5.3925 		11.524 		50
v -6.4446 		10.8934 		50
v -7.4299 		10.1626 		50
v -8.3388 		9.3388 		50
v -9.1626 		8.4299 		50
v -9.8934 		7.4446 		50
v -10.524 		6.3925 		50
v -11.0485 		5.2835 		50
v -11.4618 		4.1286 		50
v -11.7598 		2.9386 		50
v -11.9398 		1.7252 		50
v 0.5 		0.5 		50
# 4098 vertices

g group_0_14541540

usemtl color_14541540
s 0

f 1 	2 	3
f 1 	3 	4
f 1 	4 	5
f 1 	5 	6
f 1 	6 	7
f 1 	7 	8
f 1 	8 	9
f 1 	9 	10
f 1 	10 	11
f 1 	11 	12
f 1 	12 	13
f 1 	13 	14
f 1 	14 	15
f 1 	15 	16
f 1 	16 	17
f 1 	17 	18
f 1 	18 	19
f 1 	19 	20
f 1 	20 	21
f 1 	21 	22
f 1 	22 	23
f 1 	23 	24
f 1 	24 	25
f 1 	25 	26
f 1 	26 	27
f 1 	27 	28
f 1 	28 	29
f 1 	29 	30
f 1 	30 	31
f 1 	31 	32
f 1 	32 	33
f 1 	33 	34
f 1 	34 	35
f 1 	35 	36
f 1 	36 	37
f 1 	37 	38
f 1 	38 	39
f 1 	39 	40
f 1 	40 	41
f 1 	41 	42
f 1 	42 	43
f 1 	43 	44
f 1 	44 	45
f 1 	45 	46
f 1 	46 	47
f 1 	47 	48
f 1 	48 	49
f 1 	49 	50
f 1 	50 	51
f 1 	51 	52
f 1 	52 	53
f 1 	53 	54
f 1 	54 	55
f 1 	55 	56
f 1 	56 	57
f 1 	57 	58
f 1 	58 	59
f 1 	59 	60
f 1 	60 	61
f 1 	61 	62
f 1 	62 	63
f 1 	63 	64
f 1 	64 	65
f 1 	65 	2
f 3 	2 	67
f 2 	66 	67
f 4 	3 	68
f 3 	67 	68
f 5 	4 	69
f 4 	68 	69
f 6 	5 	70
f 5 	69 	70
f 7 	6 	71
f 6 	70 	71
f 8 	7 	72
f 7 	71 	72
f 9 	8 	73
f 8 	72 	73
f 10 	9 	74
f 9 	73 	74
f 11 	10 	75
f 10 	74 	75
f 12 	11 	76
f 11 	75 	76
f 13 	12 	77
f 12 	76 	77
f 14 	13 	78
f 13 	77 	78
f 15 	14 	79
f 14 	78 	79
f 16 	15 	80
f 15 	79 	80
f 17 	16 	81
f 16 	80 	81
f 18 	17 	82
f 17 	81 	82
f 19 	18 	83
f 18 	82 	83
f 20 	19 	84
f 19 	83 	84
f 21 	20 	85
f 20 	84 	85
f 22 	21 	86
f 21 	85 	86
f 23 	22 	87
f 22 	86 	87
f 24 	23 	88
f 23 	87 	88
f 25 	24 	89
f 24 	88 	89
f 26 	25 	90
f 25 	89 	90
f 27 	26 	91
f 26 	90 	91
f 28 	27 	92
f 27 	91 	92
f 29 	28 	93
f 28 	92 	93
f 30 	29 	94
f 29 	93 	94
f 31 	30 	95
f 30 	94 	95
f 32 	31 	96
f 31 	95 	96
f 33 	32 	97
f 32 	96 	97
f 34 	33 	98
f 33 	97 	98
f 35 	34 	99
f 34 	98 	99
f 36 	35 	100
f 35 	99 	100
f 37 	36 	101
f 36 	100 	101
f 38 	37 	102
f 37 	101 	102
f 39 	38 	103
f 38 	102 	103
f 40 	39 	104
f 39 	103 	104
f 41 	40 	105
f 40 	104 	105
f 42 	41 	106
f 41 	105 	106
f 43 	42 	107
f 42 	106 	107
f 44 	43 	108
f 43 	107 	108
f 45 	44 	109
f 44 	108 	109
f 46 	45 	110
f 45 	109 	110
f 47 	46 	111
f 46 	110 	111
f 48 	47 	112
f 47 	111 	112
f 49 	48 	113
f 48 	112 	113
f 50 	49 	114
f 49 	113 	114
f 51 	50 	115
f 50 	114 	115
f 52 	51 	116
f 51 	115 	116
f 53 	52 	117
f 52 	116 	117
f 54 	53 	118
f 53 	117 	118
f 55 	54 	119
f 54 	118 	119
f 56 	55 	120
f 55 	119 	120
f 57 	56 	121
f 56 	120 	121
f 58 	57 	122
f 57 	121 	122
f 59 	58 	123
f 58 	122 	123
f 60 	59 	124
f 59 	123 	124
f 61 	60 	125
f 60 	124 	125
f 62 	61 	126
f 61 	125 	126
f 63 	62 	127
f 62 	126 	127
f 64 	63 	128
f 63 	127 	128
f 65 	64 	129
f 64 	128 	129
f 2 	65 	66
f 65 	129 	66
f 67 	66 	131
f 66 	130 	131
f 68 	67 	132
f 67 	131 	132
f 69 	68 	133
f 68 	132 	133
f 70 	69 	134
f 69 	133 	134
f 71 	70 	135
f 70 	134 	135
f 72 	71 	136
f 71 	135 	136
f 73 	72 	137
f 72 	136 	137
f 74 	73 	138
f 73 	137 	138
f 75 	74 	139
f 74 	138 	139
f 76 	75 	140
f 75 	139 	140
f 77 	76 	141
f 76 	140 	141
f 78 	77 	142
f 77 	141 	142
f 79 	78 	143
f 78 	142 	143
f 80 	79 	144
f 79 	143 	144
f 81 	80 	145
f 80 	144 	145
f 82 	81 	146
f 81 	145 	146
f 83 	82 	147
f 82 	146 	147
f 84 	83 	148
f 83 	147 	148
f 85 	84 	149
f 84 	148 	149
f 86 	85 	150
f 85 	149 	150
f 87 	86 	151
f 86 	150 	151
f 88 	87 	152
f 87 	151 	152
f 89 	88 	153
f 88 	152 	153
f 90 	89 	154
f 89 	153 	154
f 91 	90 	155
f 90 	154 	155
f 92 	91 	156
f 91 	155 	156
f 93 	92 	157
f 92 	156 	157
f 94 	93 	158
f 93 	157 	158
f 95 	94 	159
f 94 	158 	159
f 96 	95 	160
f 95 	159 	160
f 97 	96 	161
f 96 	160 	161
f 98 	97 	162
f 97 	161 	162
f 99 	98 	163
f 98 	162 	163
f 100 	99 	164
f 99 	163 	164
f 101 	100 	165
f 100 	164 	165
f 102 	101 	166
f 101 	165 	166
f 103 	102 	167
f 102 	166 	167
f 104 	103 	168
f 103 	167 	168
f 105 	104 	169
f 104 	168 	169
f 106 	105 	170
f 105 	169 	170
f 107 	106 	171
f 106 	170 	171
f 108 	107 	172
f 107 	171 	172
f 109 	108 	173
f 108 	172 	173
f 110 	109 	174
f 109 	173 	174
f 111 	110 	175
f 110 	174 	175
f 112 	111 	176
f 111 	175 	176
f 113 	112 	177
f 112 	176 	177
f 114 	113 	178
f 113 	177 	178
f 115 	114 	179
f 114 	178 	179
f 116 	115 	180
f 115 	179 	180
f 117 	116 	181
f 116 	180 	181
f 118 	117 	182
f 117 	181 	182
f 119 	118 	183
f 118 	182 	183
f 120 	119 	184
f 119 	183 	184
f 121 	120 	185
f 120 	184 	185
f 122 	121 	186
f 121 	185 	186
f 123 	122 	187
f 122 	186 	187
f 124 	123 	188
f 123 	187 	188
f 125 	124 	189
f 124 	188 	189
f 126 	125 	190
f 125 	189 	190
f 127 	126 	191
f 126 	190 	191
f 128 	127 	192
f 127 	191 	192
f 129 	128 	193
f 128 	192 	193
f 66 	129 	130
f 129 	193 	130
f 131 	130 	195
f 130 	194 	195
f 132 	131 	196
f 131 	195 	196
f 133 	132 	197
f 132 	196 	197
f 134 	133 	198
f 133 	197 	198
f 135 	134 	199
f 134 	198 	199
f 136 	135 	200
f 135 	199 	200
f 137 	136 	201
f 136 	200 	201
f 138 	137 	202
f 137 	201 	202
f 139 	138 	203
f 138 	202 	203
f 140 	139 	204
f 139 	203 	204
f 141 	140 	205
f 140 	204 	205
f 142 	141 	206
f 141 	205 	206
f 143 	142 	207
f 142 	206 	207
f 144 	143 	208
f 143 	207 	208
f 145 	144 	209
f 144 	208 	209
f 146 	145 	210
f 145 	209 	210
f 147 	146 	211
f 146 	210 	211
f 148 	147 	212
f 147 	211 	212
f 149 	148 	213
f 148 	212 	213
f 150 	149 	214
f 149 	213 	214
f 151 	150 	215
f 150 	214 	215
f 152 	151 	216
f 151 	215 	216
f 153 	152 	217
f 152 	216 	217
f 154 	153 	218
f 153 	217 	218
f 155 	154 	219
f 154 	218 	219
f 156 	155 	220
f 155 	219 	220
f 157 	156 	221
f 156 	220 	221
f 158 	157 	222
f 157 	221 	222
f 159 	158 	223
f 158 	222 	223
f 160 	159 	224
f 159 	223 	224
f 161 	160 	225
f 160 	224 	225
f 162 	161 	226
f 161 	225 	226
f 163 	162 	227
f 162 	226 	227
f 164 	163 	228
f 163 	227 	228
f 165 	164 	229
f 164 	228 	229
f 166 	165 	230
f 165 	229 	230
f 167 	166 	231
f 166 	230 	231
f 168 	167 	232
f 167 	231 	232
f 169 	168 	233
f 168 	232 	233
f 170 	169 	234
f 169 	233 	234
f 171 	170 	235
f 170 	234 	235
f 172 	171 	236
f 171 	235 	236
f 173 	172 	237
f 172 	236 	237
f 174 	173 	238
f 173 	237 	238
f 175 	174 	239
f 174 	238 	239
f 176 	175 	240
f 175 	239 	240
f 177 	176 	241
f 176 	240 	241
f 178 	177 	242
f 177 	241 	242
f 179 	178 	243
f 178 	242 	243
f 180 	179 	244
f 179 	243 	244
f 181 	180 	245
f 180 	244 	245
f 182 	181 	246
f 181 	245 	246
f 183 	182 	247
f 182 	246 	247
f 184 	183 	248
f 183 	247 	248
f 185 	184 	249
f 184 	248 	249
f 186 	185 	250
f 185 	249 	250
f 187 	186 	251
f 186 	250 	251
f 188 	187 	252
f 187 	251 	252
f 189 	188 	253
f 188 	252 	253
f 190 	189 	254
f 189 	253 	254
f 191 	190 	255
f 190 	254 	255
f 192 	191 	256
f 191 	255 	256
f 193 	192 	257
f 192 	256 	257
f 130 	193 	194
f 193 	257 	194
f 195 	194 	259
f 194 	258 	259
f 196 	195 	260
f 195 	259 	260
f 197 	196 	261
f 196 	260 	261
f 198 	197 	262
f 197 	261 	262
f 199 	198 	263
f 198 	262 	263
f 200 	199 	264
f 199 	263 	264
f 201 	200 	265
f 200 	264 	265
f 202 	201 	266
f 201 	265 	266
f 203 	202 	267
f 202 	266 	267
f 204 	203 	268
f 203 	267 	268
f 205 	204 	269
f 204 	268 	269
f 206 	205 	270
f 205 	269 	270
f 207 	206 	271
f 206 	270 	271
f 208 	207 	272
f 207 	271 	272
f 209 	208 	273
f 208 	272 	273
f 210 	209 	274
f 209 	273 	274
f 211 	210 	275
f 210 	274 	275
f 212 	211 	276
f 211 	275 	276
f 213 	212 	277
f 212 	276 	277
f 214 	213 	278
f 213 	277 	278
f 215 	214 	279
f 214 	278 	279
f 216 	215 	280
f 215 	279 	280
f 217 	216 	281
f 216 	280 	281
f 218 	217 	282
f 217 	281 	282
f 219 	218 	283
f 218 	282 	283
f 220 	219 	284
f 219 	283 	284
f 221 	220 	285
f 220 	284 	285
f 222 	221 	286
f 221 	285 	286
f 223 	222 	287
f 222 	286 	287
f 224 	223 	288
f 223 	287 	288
f 225 	224 	289
f 224 	288 	289
f 226 	225 	290
f 225 	289 	290
f 227 	226 	291
f 226 	290 	291
f 228 	227 	292
f 227 	291 	292
f 229 	228 	293
f 228 	292 	293
f 230 	229 	294
f 229 	293 	294
f 231 	230 	295
f 230 	294 	295
f 232 	231 	296
f 231 	295 	296
f 233 	232 	297
f 232 	296 	297
f 234 	233 	298
f 233 	297 	298
f 235 	234 	299
f 234 	298 	299
f 236 	235 	300
f 235 	299 	300
f 237 	236 	301
f 236 	300 	301
f 238 	237 	302
f 237 	301 	302
f 239 	238 	303
f 238 	302 	303
f 240 	239 	304
f 239 	303 	304
f 241 	240 	305
f 240 	304 	305
f 242 	241 	306
f 241 	305 	306
f 243 	242 	307
f 242 	306 	307
f 244 	243 	308
f 243 	307 	308
f 245 	244 	309
f 244 	308 	309
f 246 	245 	310
f 245 	309 	310
f 247 	246 	311
f 246 	310 	311
f 248 	247 	312
f 247 	311 	312
f 249 	248 	313
f 248 	312 	313
f 250 	249 	314
f 249 	313 	314
f 251 	250 	315
f 250 	314 	315
f 252 	251 	316
f 251 	315 	316
f 253 	252 	317
f 252 	316 	317
f 254 	253 	318
f 253 	317 	318
f 255 	254 	319
f 254 	318 	319
f 256 	255 	320
f 255 	319 	320
f 257 	256 	321
f 256 	320 	321
f 194 	257 	258
f 257 	321 	258
f 259 	258 	323
f 258 	322 	323
f 260 	259 	324
f 259 	323 	324
f 261 	260 	325
f 260 	324 	325
f 262 	261 	326
f 261 	325 	326
f 263 	262 	327
f 262 	326 	327
f 264 	263 	328
f 263 	327 	328
f 265 	264 	329
f 264 	328 	329
f 266 	265 	330
f 265 	329 	330
f 267 	266 	331
f 266 	330 	331
f 268 	267 	332
f 267 	331 	332
f 269 	268 	333
f 268 	332 	333
f 270 	269 	334
f 269 	333 	334
f 271 	270 	335
f 270 	334 	335
f 272 	271 	336
f 271 	335 	336
f 273 	272 	337
f 272 	336 	337
f 274 	273 	338
f 273 	337 	338
f 275 	274 	339
f 274 	338 	339
f 276 	275 	340
f 275 	339 	340
f 277 	276 	341
f 276 	340 	341
f 278 	277 	342
f 277 	341 	342
f 279 	278 	343
f 278 	342 	343
f 280 	279 	344
f 279 	343 	344
f 281 	280 	345
f 280 	344 	345
f 282 	281 	346
f 281 	345 	346
f 283 	282 	347
f 282 	346 	347
f 284 	283 	348
f 283 	347 	348
f 285 	284 	349
f 284 	348 	349
f 286 	285 	350
f 285 	349 	350
f 287 	286 	351
f 286 	350 	351
f 288 	287 	352
f 287 	351 	352
f 289 	288 	353
f 288 	352 	353
f 290 	289 	354
f 289 	353 	354
f 291 	290 	355
f 290 	354 	355
f 292 	291 	356
f 291 	355 	356
f 293 	292 	357
f 292 	356 	357
f 294 	293 	358
f 293 	357 	358
f 295 	294 	359
f 294 	358 	359
f 296 	295 	360
f 295 	359 	360
f 297 	296 	361
f 296 	360 	361
f 298 	297 	362
f 297 	361 	362
f 299 	298 	363
f 298 	362 	363
f 300 	299 	364
f 299 	363 	364
f 301 	300 	365
f 300 	364 	365
f 302 	301 	366
f 301 	365 	366
f 303 	302 	367
f 302 	366 	367
f 304 	303 	368
f 303 	367 	368
f 305 	304 	369
f 304 	368 	369
f 306 	305 	370
f 305 	369 	370
f 307 	306 	371
f 306 	370 	371
f 308 	307 	372
f 307 	371 	372
f 309 	308 	373
f 308 	372 	373
f 310 	309 	374
f 309 	373 	374
f 311 	310 	375
f 310 	374 	375
f 312 	311 	376
f 311 	375 	376
f 313 	312 	377
f 312 	376 	377
f 314 	313 	378
f 313 	377 	378
f 315 	314 	379
f 314 	378 	379
f 316 	315 	380
f 315 	379 	380
f 317 	316 	381
f 316 	380 	381
f 318 	317 	382
f 317 	381 	382
f 319 	318 	383
f 318 	382 	383
f 320 	319 	384
f 319 	383 	384
f 321 	320 	385
f 320 	384 	385
f 258 	321 	322
f 321 	385 	322
f 323 	322 	387
f 322 	386 	387
f 324 	323 	388
f 323 	387 	388
f 325 	324 	389
f 324 	388 	389
f 326 	325 	390
f 325 	389 	390
f 327 	326 	391
f 326 	390 	391
f 328 	327 	392
f 327 	391 	392
f 329 	328 	393
f 328 	392 	393
f 330 	329 	394
f 329 	393 	394
f 331 	330 	395
f 330 	394 	395
f 332 	331 	396
f 331 	395 	396
f 333 	332 	397
f 332 	396 	397
f 334 	333 	398
f 333 	397 	398
f 335 	334 	399
f 334 	398 	399
f 336 	335 	400
f 335 	399 	400
f 337 	336 	401
f 336 	400 	401
f 338 	337 	402
f 337 	401 	402
f 339 	338 	403
f 338 	402 	403
f 340 	339 	404
f 339 	403 	404
f 341 	340 	405
f 340 	404 	405
f 342 	341 	406
f 341 	405 	406
f 343 	342 	407
f 342 	406 	407
f 344 	343 	408
f 343 	407 	408
f 345 	344 	409
f 344 	408 	409
f 346 	345 	410
f 345 	409 	410
f 347 	346 	411
f 346 	410 	411
f 348 	347 	412
f 347 	411 	412
f 349 	348 	413
f 348 	412 	413
f 350 	349 	414
f 349 	413 	414
f 351 	350 	415
f 350 	414 	415
f 352 	351 	416
f 351 	415 	416
f 353 	352 	417
f 352 	416 	417
f 354 	353 	418
f 353 	417 	418
f 355 	354 	419
f 354 	418 	419
f 356 	355 	420
f 355 	419 	420
f 357 	356 	421
f 356 	420 	421
f 358 	357 	422
f 357 	421 	422
f 359 	358 	423
f 358 	422 	423
f 360 	359 	424
f 359 	423 	424
f 361 	360 	425
f 360 	424 	425
f 362 	361 	426
f 361 	425 	426
f 363 	362 	427
f 362 	426 	427
f 364 	363 	428
f 363 	427 	428
f 365 	364 	429
f 364 	428 	429
f 366 	365 	430
f 365 	429 	430
f 367 	366 	431
f 366 	430 	431
f 368 	367 	432
f 367 	431 	432
f 369 	368 	433
f 368 	432 	433
f 370 	369 	434
f 369 	433 	434
f 371 	370 	435
f 370 	434 	435
f 372 	371 	436
f 371 	435 	436
f 373 	372 	437
f 372 	436 	437
f 374 	373 	438
f 373 	437 	438
f 375 	374 	439
f 374 	438 	439
f 376 	375 	440
f 375 	439 	440
f 377 	376 	441
f 376 	440 	441
f 378 	377 	442
f 377 	441 	442
f 379 	378 	443
f 378 	442 	443
f 380 	379 	444
f 379 	443 	444
f 381 	380 	445
f 380 	444 	445
f 382 	381 	446
f 381 	445 	446
f 383 	382 	447
f 382 	446 	447
f 384 	383 	448
f 383 	447 	448
f 385 	384 	449
f 384 	448 	449
f 322 	385 	386
f 385 	449 	386
f 387 	386 	451
f 386 	450 	451
f 388 	387 	452
f 387 	451 	452
f 389 	388 	453
f 388 	452 	453
f 390 	389 	454
f 389 	453 	454
f 391 	390 	455
f 390 	454 	455
f 392 	391 	456
f 391 	455 	456
f 393 	392 	457
f 392 	456 	457
f 394 	393 	458
f 393 	457 	458
f 395 	394 	459
f 394 	458 	459
f 396 	395 	460
f 395 	459 	460
f 397 	396 	461
f 396 	460 	461
f 398 	397 	462
f 397 	461 	462
f 399 	398 	463
f 398 	462 	463
f 400 	399 	464
f 399 	463 	464
f 401 	400 	465
f 400 	464 	465
f 402 	401 	466
f 401 	465 	466
f 403 	402 	467
f 402 	466 	467
f 404 	403 	468
f 403 	467 	468
f 405 	404 	469
f 404 	468 	469
f 406 	405 	470
f 405 	469 	470
f 407 	406 	471
f 406 	470 	471
f 408 	407 	472
f 407 	471 	472
f 409 	408 	473
f 408 	472 	473
f 410 	409 	474
f 409 	473 	474
f 411 	410 	475
f 410 	474 	475
f 412 	411 	476
f 411 	475 	476
f 413 	412 	477
f 412 	476 	477
f 414 	413 	478
f 413 	477 	478
f 415 	414 	479
f 414 	478 	479
f 416 	415 	480
f 415 	479 	480
f 417 	416 	481
f 416 	480 	481
f 418 	417 	482
f 417 	481 	482
f 419 	418 	483
f 418 	482 	483
f 420 	419 	484
f 419 	483 	484
f 421 	420 	485
f 420 	484 	485
f 422 	421 	486
f 421 	485 	486
f 423 	422 	487
f 422 	486 	487
f 424 	423 	488
f 423 	487 	488
f 425 	424 	489
f 424 	488 	489
f 426 	425 	490
f 425 	489 	490
f 427 	426 	491
f 426 	490 	491
f 428 	427 	492
f 427 	491 	492
f 429 	428 	493
f 428 	492 	493
f 430 	429 	494
f 429 	493 	494
f 431 	430 	495
f 430 	494 	495
f 432 	431 	496
f 431 	495 	496
f 433 	432 	497
f 432 	496 	497
f 434 	433 	498
f 433 	497 	498
f 435 	434 	499
f 434 	498 	499
f 436 	435 	500
f 435 	499 	500
f 437 	436 	501
f 436 	500 	501
f 438 	437 	502
f 437 	501 	502
f 439 	438 	503
f 438 	502 	503
f 440 	439 	504
f 439 	503 	504
f 441 	440 	505
f 440 	504 	505
f 442 	441 	506
f 441 	505 	506
f 443 	442 	507
f 442 	506 	507
f 444 	443 	508
f 443 	507 	508
f 445 	444 	509
f 444 	508 	509
f 446 	445 	510
f 445 	509 	510
f 447 	446 	511
f 446 	510 	511
f 448 	447 	512
f 447 	511 	512
f 449 	448 	513
f 448 	512 	513
f 386 	449 	450
f 449 	513 	450
f 451 	450 	515
f 450 	514 	515
f 452 	451 	516
f 451 	515 	516
f 453 	452 	517
f 452 	516 	517
f 454 	453 	518
f 453 	517 	518
f 455 	454 	519
f 454 	518 	519
f 456 	455 	520
f 455 	519 	520
f 457 	456 	521
f 456 	520 	521
f 458 	457 	522
f 457 	521 	522
f 459 	458 	523
f 458 	522 	523
f 460 	459 	524
f 459 	523 	524
f 461 	460 	525
f 460 	524 	525
f 462 	461 	526
f 461 	525 	526
f 463 	462 	527
f 462 	526 	527
f 464 	463 	528
f 463 	527 	528
f 465 	464 	529
f 464 	528 	529
f 466 	465 	530
f 465 	529 	530
f 467 	466 	531
f 466 	530 	531
f 468 	467 	532
f 467 	531 	532
f 469 	468 	533
f 468 	532 	533
f 470 	469 	534
f 469 	533 	534
f 471 	470 	535
f 470 	534 	535
f 472 	471 	536
f 471 	535 	536
f 473 	472 	537
f 472 	536 	537
f 474 	473 	538
f 473 	537 	538
f 475 	474 	539
f 474 	538 	539
f 476 	475 	540
f 475 	539 	540
f 477 	476 	541
f 476 	540 	541
f 478 	477 	542
f 477 	541 	542
f 479 	478 	543
f 478 	542 	543
f 480 	479 	544
f 479 	543 	544
f 481 	480 	545
f 480 	544 	545
f 482 	481 	546
f 481 	545 	546
f 483 	482 	547
f 482 	546 	547
f 484 	483 	548
f 483 	547 	548
f 485 	484 	549
f 484 	548 	549
f 486 	485 	550
f 485 	549 	550
f 487 	486 	551
f 486 	550 	551
f 488 	487 	552
f 487 	551 	552
f 489 	488 	553
f 488 	552 	553
f 490 	489 	554
f 489 	553 	554
f 491 	490 	555
f 490 	554 	555
f 492 	491 	556
f 491 	555 	556
f 493 	492 	557
f 492 	556 	557
f 494 	493 	558
f 493 	557 	558
f 495 	494 	559
f 494 	558 	559
f 496 	495 	560
f 495 	559 	560
f 497 	496 	561
f 496 	560 	561
f 498 	497 	562
f 497 	561 	562
f 499 	498 	563
f 498 	562 	563
f 500 	499 	564
f 499 	563 	564
f 501 	500 	565
f 500 	564 	565
f 502 	501 	566
f 501 	565 	566
f 503 	502 	567
f 502 	566 	567
f 504 	503 	568
f 503 	567 	568
f 505 	504 	569
f 504 	568 	569
f 506 	505 	570
f 505 	569 	570
f 507 	506 	571
f 506 	570 	571
f 508 	507 	572
f 507 	571 	572
f 509 	508 	573
f 508 	572 	573
f 510 	509 	574
f 509 	573 	574
f 511 	510 	575
f 510 	574 	575
f 512 	511 	576
f 511 	575 	576
f 513 	512 	577
f 512 	576 	577
f 450 	513 	514
f 513 	577 	514
f 515 	514 	579
f 514 	578 	579
f 516 	515 	580
f 515 	579 	580
f 517 	516 	581
f 516 	580 	581
f 518 	517 	582
f 517 	581 	582
f 519 	518 	583
f 518 	582 	583
f 520 	519 	584
f 519 	583 	584
f 521 	520 	585
f 520 	584 	585
f 522 	521 	586
f 521 	585 	586
f 523 	522 	587
f 522 	586 	587
f 524 	523 	588
f 523 	587 	588
f 525 	524 	589
f 524 	588 	589
f 526 	525 	590
f 525 	589 	590
f 527 	526 	591
f 526 	590 	591
f 528 	527 	592
f 527 	591 	592
f 529 	528 	593
f 528 	592 	593
f 530 	529 	594
f 529 	593 	594
f 531 	530 	595
f 530 	594 	595
f 532 	531 	596
f 531 	595 	596
f 533 	532 	597
f 532 	596 	597
f 534 	533 	598
f 533 	597 	598
f 535 	534 	599
f 534 	598 	599
f 536 	535 	600
f 535 	599 	600
f 537 	536 	601
f 536 	600 	601
f 538 	537 	602
f 537 	601 	602
f 539 	538 	603
f 538 	602 	603
f 540 	539 	604
f 539 	603 	604
f 541 	540 	605
f 540 	604 	605
f 542 	541 	606
f 541 	605 	606
f 543 	542 	607
f 542 	606 	607
f 544 	543 	608
f 543 	607 	608
f 545 	544 	609
f 544 	608 	609
f 546 	545 	610
f 545 	609 	610
f 547 	546 	611
f 546 	610 	611
f 548 	547 	612
f 547 	611 	612
f 549 	548 	613
f 548 	612 	613
f 550 	549 	614
f 549 	613 	614
f 551 	550 	615
f 550 	614 	615
f 552 	551 	616
f 551 	615 	616
f 553 	552 	617
f 552 	616 	617
f 554 	553 	618
f 553 	617 	618
f 555 	554 	619
f 554 	618 	619
f 556 	555 	620
f 555 	619 	620
f 557 	556 	621
f 556 	620 	621
f 558 	557 	622
f 557 	621 	622
f 559 	558 	623
f 558 	622 	623
f 560 	559 	624
f 559 	623 	624
f 561 	560 	625
f 560 	624 	625
f 562 	561 	626
f 561 	625 	626
f 563 	562 	627
f 562 	626 	627
f 564 	563 	628
f 563 	627 	628
f 565 	564 	629
f 564 	628 	629
f 566 	565 	630
f 565 	629 	630
f 567 	566 	631
f 566 	630 	631
f 568 	567 	632
f 567 	631 	632
f 569 	568 	633
f 568 	632 	633
f 570 	569 	634
f 569 	633 	634
f 571 	570 	635
f 570 	634 	635
f 572 	571 	636
f 571 	635 	636
f 573 	572 	637
f 572 	636 	637
f 574 	573 	638
f 573 	637 	638
f 575 	574 	639
f 574 	638 	639
f 576 	575 	640
f 575 	639 	640
f 577 	576 	641
f 576 	640 	641
f 514 	577 	578
f 577 	641 	578
f 579 	578 	643
f 578 	642 	643
f 580 	579 	644
f 579 	643 	644
f 581 	580 	645
f 580 	644 	645
f 582 	581 	646
f 581 	645 	646
f 583 	582 	647
f 582 	646 	647
f 584 	583 	648
f 583 	647 	648
f 585 	584 	649
f 584 	648 	649
f 586 	585 	650
f 585 	649 	650
f 587 	586 	651
f 586 	650 	651
f 588 	587 	652
f 587 	651 	652
f 589 	588 	653
f 588 	652 	653
f 590 	589 	654
f 589 	653 	654
f 591 	590 	655
f 590 	654 	655
f 592 	591 	656
f 591 	655 	656
f 593 	592 	657
f 592 	656 	657
f 594 	593 	658
f 593 	657 	658
f 595 	594 	659
f 594 	658 	659
f 596 	595 	660
f 595 	659 	660
f 597 	596 	661
f 596 	660 	661
f 598 	597 	662
f 597 	661 	662
f 599 	598 	663
f 598 	662 	663
f 600 	599 	664
f 599 	663 	664
f 601 	600 	665
f 600 	664 	665
f 602 	601 	666
f 601 	665 	666
f 603 	602 	667
f 602 	666 	667
f 604 	603 	668
f 603 	667 	668
f 605 	604 	669
f 604 	668 	669
f 606 	605 	670
f 605 	669 	670
f 607 	606 	671
f 606 	670 	671
f 608 	607 	672
f 607 	671 	672
f 609 	608 	673
f 608 	672 	673
f 610 	609 	674
f 609 	673 	674
f 611 	610 	675
f 610 	674 	675
f 612 	611 	676
f 611 	675 	676
f 613 	612 	677
f 612 	676 	677
f 614 	613 	678
f 613 	677 	678
f 615 	614 	679
f 614 	678 	679
f 616 	615 	680
f 615 	679 	680
f 617 	616 	681
f 616 	680 	681
f 618 	617 	682
f 617 	681 	682
f 619 	618 	683
f 618 	682 	683
f 620 	619 	684
f 619 	683 	684
f 621 	620 	685
f 620 	684 	685
f 622 	621 	686
f 621 	685 	686
f 623 	622 	687
f 622 	686 	687
f 624 	623 	688
f 623 	687 	688
f 625 	624 	689
f 624 	688 	689
f 626 	625 	690
f 625 	689 	690
f 627 	626 	691
f 626 	690 	691
f 628 	627 	692
f 627 	691 	692
f 629 	628 	693
f 628 	692 	693
f 630 	629 	694
f 629 	693 	694
f 631 	630 	695
f 630 	694 	695
f 632 	631 	696
f 631 	695 	696
f 633 	632 	697
f 632 	696 	697
f 634 	633 	698
f 633 	697 	698
f 635 	634 	699
f 634 	698 	699
f 636 	635 	700
f 635 	699 	700
f 637 	636 	701
f 636 	700 	701
f 638 	637 	702
f 637 	701 	702
f 639 	638 	703
f 638 	702 	703
f 640 	639 	704
f 639 	703 	704
f 641 	640 	705
f 640 	704 	705
f 578 	641 	642
f 641 	705 	642
f 643 	642 	707
f 642 	706 	707
f 644 	643 	708
f 643 	707 	708
f 645 	644 	709
f 644 	708 	709
f 646 	645 	710
f 645 	709 	710
f 647 	646 	711
f 646 	710 	711
f 648 	647 	712
f 647 	711 	712
f 649 	648 	713
f 648 	712 	713
f 650 	649 	714
f 649 	713 	714
f 651 	650 	715
f 650 	714 	715
f 652 	651 	716
f 651 	715 	716
f 653 	652 	717
f 652 	716 	717
f 654 	653 	718
f 653 	717 	718
f 655 	654 	719
f 654 	718 	719
f 656 	655 	720
f 655 	719 	720
f 657 	656 	721
f 656 	720 	721
f 658 	657 	722
f 657 	721 	722
f 659 	658 	723
f 658 	722 	723
f 660 	659 	724
f 659 	723 	724
f 661 	660 	725
f 660 	724 	725
f 662 	661 	726
f 661 	725 	726
f 663 	662 	727
f 662 	726 	727
f 664 	663 	728
f 663 	727 	728
f 665 	664 	729
f 664 	728 	729
f 666 	665 	730
f 665 	729 	730
f 667 	666 	731
f 666 	730 	731
f 668 	667 	732
f 667 	731 	732
f 669 	668 	733
f 668 	732 	733
f 670 	669 	734
f 669 	733 	734
f 671 	670 	735
f 670 	734 	735
f 672 	671 	736
f 671 	735 	736
f 673 	672 	737
f 672 	736 	737
f 674 	673 	738
f 673 	737 	738
f 675 	674 	739
f 674 	738 	739
f 676 	675 	740
f 675 	739 	740
f 677 	676 	741
f 676 	740 	741
f 678 	677 	742
f 677 	741 	742
f 679 	678 	743
f 678 	742 	743
f 680 	679 	744
f 679 	743 	744
f 681 	680 	745
f 680 	744 	745
f 682 	681 	746
f 681 	745 	746
f 683 	682 	747
f 682 	746 	747
f 684 	683 	748
f 683 	747 	748
f 685 	684 	749
f 684 	748 	749
f 686 	685 	750
f 685 	749 	750
f 687 	686 	751
f 686 	750 	751
f 688 	687 	752
f 687 	751 	752
f 689 	688 	753
f 688 	752 	753
f 690 	689 	754
f 689 	753 	754
f 691 	690 	755
f 690 	754 	755
f 692 	691 	756
f 691 	755 	756
f 693 	692 	757
f 692 	756 	757
f 694 	693 	758
f 693 	757 	758
f 695 	694 	759
f 694 	758 	759
f 696 	695 	760
f 695 	759 	760
f 697 	696 	761
f 696 	760 	761
f 698 	697 	762
f 697 	761 	762
f 699 	698 	763
f 698 	762 	763
f 700 	699 	764
f 699 	763 	764
f 701 	700 	765
f 700 	764 	765
f 702 	701 	766
f 701 	765 	766
f 703 	702 	767
f 702 	766 	767
f 704 	703 	768
f 703 	767 	768
f 705 	704 	769
f 704 	768 	769
f 642 	705 	706
f 705 	769 	706
f 707 	706 	771
f 706 	770 	771
f 708 	707 	772
f 707 	771 	772
f 709 	708 	773
f 708 	772 	773
f 710 	709 	774
f 709 	773 	774
f 711 	710 	775
f 710 	774 	775
f 712 	711 	776
f 711 	775 	776
f 713 	712 	777
f 712 	776 	777
f 714 	713 	778
f 713 	777 	778
f 715 	714 	779
f 714 	778 	779
f 716 	715 	780
f 715 	779 	780
f 717 	716 	781
f 716 	780 	781
f 718 	717 	782
f 717 	781 	782
f 719 	718 	783
f 718 	782 	783
f 720 	719 	784
f 719 	783 	784
f 721 	720 	785
f 720 	784 	785
f 722 	721 	786
f 721 	785 	786
f 723 	722 	787
f 722 	786 	787
f 724 	723 	788
f 723 	787 	788
f 725 	724 	789
f 724 	788 	789
f 726 	725 	790
f 725 	789 	790
f 727 	726 	791
f 726 	790 	791
f 728 	727 	792
f 727 	791 	792
f 729 	728 	793
f 728 	792 	793
f 730 	729 	794
f 729 	793 	794
f 731 	730 	795
f 730 	794 	795
f 732 	731 	796
f 731 	795 	796
f 733 	732 	797
f 732 	796 	797
f 734 	733 	798
f 733 	797 	798
f 735 	734 	799
f 734 	798 	799
f 736 	735 	800
f 735 	799 	800
f 737 	736 	801
f 736 	800 	801
f 738 	737 	802
f 737 	801 	802
f 739 	738 	803
f 738 	802 	803
f 740 	739 	804
f 739 	803 	804
f 741 	740 	805
f 740 	804 	805
f 742 	741 	806
f 741 	805 	806
f 743 	742 	807
f 742 	806 	807
f 744 	743 	808
f 743 	807 	808
f 745 	744 	809
f 744 	808 	809
f 746 	745 	810
f 745 	809 	810
f 747 	746 	811
f 746 	810 	811
f 748 	747 	812
f 747 	811 	812
f 749 	748 	813
f 748 	812 	813
f 750 	749 	814
f 749 	813 	814
f 751 	750 	815
f 750 	814 	815
f 752 	751 	816
f 751 	815 	816
f 753 	752 	817
f 752 	816 	817
f 754 	753 	818
f 753 	817 	818
f 755 	754 	819
f 754 	818 	819
f 756 	755 	820
f 755 	819 	820
f 757 	756 	821
f 756 	820 	821
f 758 	757 	822
f 757 	821 	822
f 759 	758 	823
f 758 	822 	823
f 760 	759 	824
f 759 	823 	824
f 761 	760 	825
f 760 	824 	825
f 762 	761 	826
f 761 	825 	826
f 763 	762 	827
f 762 	826 	827
f 764 	763 	828
f 763 	827 	828
f 765 	764 	829
f 764 	828 	829
f 766 	765 	830
f 765 	829 	830
f 767 	766 	831
f 766 	830 	831
f 768 	767 	832
f 767 	831 	832
f 769 	768 	833
f 768 	832 	833
f 706 	769 	770
f 769 	833 	770
f 771 	770 	835
f 770 	834 	835
f 772 	771 	836
f 771 	835 	836
f 773 	772 	837
f 772 	836 	837
f 774 	773 	838
f 773 	837 	838
f 775 	774 	839
f 774 	838 	839
f 776 	775 	840
f 775 	839 	840
f 777 	776 	841
f 776 	840 	841
f 778 	777 	842
f 777 	841 	842
f 779 	778 	843
f 778 	842 	843
f 780 	779 	844
f 779 	843 	844
f 781 	780 	845
f 780 	844 	845
f 782 	781 	846
f 781 	845 	846
f 783 	782 	847
f 782 	846 	847
f 784 	783 	848
f 783 	847 	848
f 785 	784 	849
f 784 	848 	849
f 786 	785 	850
f 785 	849 	850
f 787 	786 	851
f 786 	850 	851
f 788 	787 	852
f 787 	851 	852
f 789 	788 	853
f 788 	852 	853
f 790 	789 	854
f 789 	853 	854
f 791 	790 	855
f 790 	854 	855
f 792 	791 	856
f 791 	855 	856
f 793 	792 	857
f 792 	856 	857
f 794 	793 	858
f 793 	857 	858
f 795 	794 	859
f 794 	858 	859
f 796 	795 	860
f 795 	859 	860
f 797 	796 	861
f 796 	860 	861
f 798 	797 	862
f 797 	861 	862
f 799 	798 	863
f 798 	862 	863
f 800 	799 	864
f 799 	863 	864
f 801 	800 	865
f 800 	864 	865
f 802 	801 	866
f 801 	865 	866
f 803 	802 	867
f 802 	866 	867
f 804 	803 	868
f 803 	867 	868
f 805 	804 	869
f 804 	868 	869
f 806 	805 	870
f 805 	869 	870
f 807 	806 	871
f 806 	870 	871
f 808 	807 	872
f 807 	871 	872
f 809 	808 	873
f 808 	872 	873
f 810 	809 	874
f 809 	873 	874
f 811 	810 	875
f 810 	874 	875
f 812 	811 	876
f 811 	875 	876
f 813 	812 	877
f 812 	876 	877
f 814 	813 	878
f 813 	877 	878
f 815 	814 	879
f 814 	878 	879
f 816 	815 	880
f 815 	879 	880
f 817 	816 	881
f 816 	880 	881
f 818 	817 	882
f 817 	881 	882
f 819 	818 	883
f 818 	882 	883
f 820 	819 	884
f 819 	883 	884
f 821 	820 	885
f 820 	884 	885
f 822 	821 	886
f 821 	885 	886
f 823 	822 	887
f 822 	886 	887
f 824 	823 	888
f 823 	887 	888
f 825 	824 	889
f 824 	888 	889
f 826 	825 	890
f 825 	889 	890
f 827 	826 	891
f 826 	890 	891
f 828 	827 	892
f 827 	891 	892
f 829 	828 	893
f 828 	892 	893
f 830 	829 	894
f 829 	893 	894
f 831 	830 	895
f 830 	894 	895
f 832 	831 	896
f 831 	895 	896
f 833 	832 	897
f 832 	896 	897
f 770 	833 	834
f 833 	897 	834
f 835 	834 	899
f 834 	898 	899
f 836 	835 	900
f 835 	899 	900
f 837 	836 	901
f 836 	900 	901
f 838 	837 	902
f 837 	901 	902
f 839 	838 	903
f 838 	902 	903
f 840 	839 	904
f 839 	903 	904
f 841 	840 	905
f 840 	904 	905
f 842 	841 	906
f 841 	905 	906
f 843 	842 	907
f 842 	906 	907
f 844 	843 	908
f 843 	907 	908
f 845 	844 	909
f 844 	908 	909
f 846 	845 	910
f 845 	909 	910
f 847 	846 	911
f 846 	910 	911
f 848 	847 	912
f 847 	911 	912
f 849 	848 	913
f 848 	912 	913
f 850 	849 	914
f 849 	913 	914
f 851 	850 	915
f 850 	914 	915
f 852 	851 	916
f 851 	915 	916
f 853 	852 	917
f 852 	916 	917
f 854 	853 	918
f 853 	917 	918
f 855 	854 	919
f 854 	918 	919
f 856 	855 	920
f 855 	919 	920
f 857 	856 	921
f 856 	920 	921
f 858 	857 	922
f 857 	921 	922
f 859 	858 	923
f 858 	922 	923
f 860 	859 	924
f 859 	923 	924
f 861 	860 	925
f 860 	924 	925
f 862 	861 	926
f 861 	925 	926
f 863 	862 	927
f 862 	926 	927
f 864 	863 	928
f 863 	927 	928
f 865 	864 	929
f 864 	928 	929
f 866 	865 	930
f 865 	929 	930
f 867 	866 	931
f 866 	930 	931
f 868 	867 	932
f 867 	931 	932
f 869 	868 	933
f 868 	932 	933
f 870 	869 	934
f 869 	933 	934
f 871 	870 	935
f 870 	934 	935
f 872 	871 	936
f 871 	935 	936
f 873 	872 	937
f 872 	936 	937
f 874 	873 	938
f 873 	937 	938
f 875 	874 	939
f 874 	938 	939
f 876 	875 	940
f 875 	939 	940
f 877 	876 	941
f 876 	940 	941
f 878 	877 	942
f 877 	941 	942
f 879 	878 	943
f 878 	942 	943
f 880 	879 	944
f 879 	943 	944
f 881 	880 	945
f 880 	944 	945
f 882 	881 	946
f 881 	945 	946
f 883 	882 	947
f 882 	946 	947
f 884 	883 	948
f 883 	947 	948
f 885 	884 	949
f 884 	948 	949
f 886 	885 	950
f 885 	949 	950
f 887 	886 	951
f 886 	950 	951
f 888 	887 	952
f 887 	951 	952
f 889 	888 	953
f 888 	952 	953
f 890 	889 	954
f 889 	953 	954
f 891 	890 	955
f 890 	954 	955
f 892 	891 	956
f 891 	955 	956
f 893 	892 	957
f 892 	956 	957
f 894 	893 	958
f 893 	957 	958
f 895 	894 	959
f 894 	958 	959
f 896 	895 	960
f 895 	959 	960
f 897 	896 	961
f 896 	960 	961
f 834 	897 	898
f 897 	961 	898
f 899 	898 	963
f 898 	962 	963
f 900 	899 	964
f 899 	963 	964
f 901 	900 	965
f 900 	964 	965
f 902 	901 	966
f 901 	965 	966
f 903 	902 	967
f 902 	966 	967
f 904 	903 	968
f 903 	967 	968
f 905 	904 	969
f 904 	968 	969
f 906 	905 	970
f 905 	969 	970
f 907 	906 	971
f 906 	970 	971
f 908 	907 	972
f 907 	971 	972
f 909 	908 	973
f 908 	972 	973
f 910 	909 	974
f 909 	973 	974
f 911 	910 	975
f 910 	974 	975
f 912 	911 	976
f 911 	975 	976
f 913 	912 	977
f 912 	976 	977
f 914 	913 	978
f 913 	977 	978
f 915 	914 	979
f 914 	978 	979
f 916 	915 	980
f 915 	979 	980
f 917 	916 	981
f 916 	980 	981
f 918 	917 	982
f 917 	981 	982
f 919 	918 	983
f 918 	982 	983
f 920 	919 	984
f 919 	983 	984
f 921 	920 	985
f 920 	984 	985
f 922 	921 	986
f 921 	985 	986
f 923 	922 	987
f 922 	986 	987
f 924 	923 	988
f 923 	987 	988
f 925 	924 	989
f 924 	988 	989
f 926 	925 	990
f 925 	989 	990
f 927 	926 	991
f 926 	990 	991
f 928 	927 	992
f 927 	991 	992
f 929 	928 	993
f 928 	992 	993
f 930 	929 	994
f 929 	993 	994
f 931 	930 	995
f 930 	994 	995
f 932 	931 	996
f 931 	995 	996
f 933 	932 	997
f 932 	996 	997
f 934 	933 	998
f 933 	997 	998
f 935 	934 	999
f 934 	998 	999
f 936 	935 	1000
f 935 	999 	1000
f 937 	936 	1001
f 936 	1000 	1001
f 938 	937 	1002
f 937 	1001 	1002
f 939 	938 	1003
f 938 	1002 	1003
f 940 	939 	1004
f 939 	1003 	1004
f 941 	940 	1005
f 940 	1004 	1005
f 942 	941 	1006
f 941 	1005 	1006
f 943 	942 	1007
f 942 	1006 	1007
f 944 	943 	1008
f 943 	1007 	1008
f 945 	944 	1009
f 944 	1008 	1009
f 946 	945 	1010
f 945 	1009 	1010
f 947 	946 	1011
f 946 	1010 	1011
f 948 	947 	1012
f 947 	1011 	1012
f 949 	948 	1013
f 948 	1012 	1013
f 950 	949 	1014
f 949 	1013 	1014
f 951 	950 	1015
f 950 	1014 	1015
f 952 	951 	1016
f 951 	1015 	1016
f 953 	952 	1017
f 952 	1016 	1017
f 954 	953 	1018
f 953 	1017 	1018
f 955 	954 	1019
f 954 	1018 	1019
f 956 	955 	1020
f 955 	1019 	1020
f 957 	956 	1021
f 956 	1020 	1021
f 958 	957 	1022
f 957 	1021 	1022
f 959 	958 	1023
f 958 	1022 	1023
f 960 	959 	1024
f 959 	1023 	1024
f 961 	960 	1025
f 960 	1024 	1025
f 898 	961 	962
f 961 	1025 	962
f 963 	962 	1027
f 962 	1026 	1027
f 964 	963 	1028
f 963 	1027 	1028
f 965 	964 	1029
f 964 	1028 	1029
f 966 	965 	1030
f 965 	1029 	1030
f 967 	966 	1031
f 966 	1030 	1031
f 968 	967 	1032
f 967 	1031 	1032
f 969 	968 	1033
f 968 	1032 	1033
f 970 	969 	1034
f 969 	1033 	1034
f 971 	970 	1035
f 970 	1034 	1035
f 972 	971 	1036
f 971 	1035 	1036
f 973 	972 	1037
f 972 	1036 	1037
f 974 	973 	1038
f 973 	1037 	1038
f 975 	974 	1039
f 974 	1038 	1039
f 976 	975 	1040
f 975 	1039 	1040
f 977 	976 	1041
f 976 	1040 	1041
f 978 	977 	1042
f 977 	1041 	1042
f 979 	978 	1043
f 978 	1042 	1043
f 980 	979 	1044
f 979 	1043 	1044
f 981 	980 	1045
f 980 	1044 	1045
f 982 	981 	1046
f 981 	1045 	1046
f 983 	982 	1047
f 982 	1046 	1047
f 984 	983 	1048
f 983 	1047 	1048
f 985 	984 	1049
f 984 	1048 	1049
f 986 	985 	1050
f 985 	1049 	1050
f 987 	986 	1051
f 986 	1050 	1051
f 988 	987 	1052
f 987 	1051 	1052
f 989 	988 	1053
f 988 	1052 	1053
f 990 	989 	1054
f 989 	1053 	1054
f 991 	990 	1055
f 990 	1054 	1055
f 992 	991 	1056
f 991 	1055 	1056
f 993 	992 	1057
f 992 	1056 	1057
f 994 	993 	1058
f 993 	1057 	1058
f 995 	994 	1059
f 994 	1058 	1059
f 996 	995 	1060
f 995 	1059 	1060
f 997 	996 	1061
f 996 	1060 	1061
f 998 	997 	1062
f 997 	1061 	1062
f 999 	998 	1063
f 998 	1062 	1063
f 1000 	999 	1064
f 999 	1063 	1064
f 1001 	1000 	1065
f 1000 	1064 	1065
f 1002 	1001 	1066
f 1001 	1065 	1066
f 1003 	1002 	1067
f 1002 	1066 	1067
f 1004 	1003 	1068
f 1003 	1067 	1068
f 1005 	1004 	1069
f 1004 	1068 	1069
f 1006 	1005 	1070
f 1005 	1069 	1070
f 1007 	1006 	1071
f 1006 	1070 	1071
f 1008 	1007 	1072
f 1007 	1071 	1072
f 1009 	1008 	1073
f 1008 	1072 	1073
f 1010 	1009 	1074
f 1009 	1073 	1074
f 1011 	1010 	1075
f 1010 	1074 	1075
f 1012 	1011 	1076
f 1011 	1075 	1076
f 1013 	1012 	1077
f 1012 	1076 	1077
f 1014 	1013 	1078
f 1013 	1077 	1078
f 1015 	1014 	1079
f 1014 	1078 	1079
f 1016 	1015 	1080
f 1015 	1079 	1080
f 1017 	1016 	1081
f 1016 	1080 	1081
f 1018 	1017 	1082
f 1017 	1081 	1082
f 1019 	1018 	1083
f 1018 	1082 	1083
f 1020 	1019 	1084
f 1019 	1083 	1084
f 1021 	1020 	1085
f 1020 	1084 	1085
f 1022 	1021 	1086
f 1021 	1085 	1086
f 1023 	1022 	1087
f 1022 	1086 	1087
f 1024 	1023 	1088
f 1023 	1087 	1088
f 1025 	1024 	1089
f 1024 	1088 	1089
f 962 	1025 	1026
f 1025 	1089 	1026
f 1027 	1026 	1091
f 1026 	1090 	1091
f 1028 	1027 	1092
f 1027 	1091 	1092
f 1029 	1028 	1093
f 1028 	1092 	1093
f 1030 	1029 	1094
f 1029 	1093 	1094
f 1031 	1030 	1095
f 1030 	1094 	1095
f 1032 	1031 	1096
f 1031 	1095 	1096
f 1033 	1032 	1097
f 1032 	1096 	1097
f 1034 	1033 	1098
f 1033 	1097 	1098
f 1035 	1034 	1099
f 1034 	1098 	1099
f 1036 	1035 	1100
f 1035 	1099 	1100
f 1037 	1036 	1101
f 1036 	1100 	1101
f 1038 	1037 	1102
f 1037 	1101 	1102
f 1039 	1038 	1103
f 1038 	1102 	1103
f 1040 	1039 	1104
f 1039 	1103 	1104
f 1041 	1040 	1105
f 1040 	1104 	1105
f 1042 	1041 	1106
f 1041 	1105 	1106
f 1043 	1042 	1107
f 1042 	1106 	1107
f 1044 	1043 	1108
f 1043 	1107 	1108
f 1045 	1044 	1109
f 1044 	1108 	1109
f 1046 	1045 	1110
f 1045 	1109 	1110
f 1047 	1046 	1111
f 1046 	1110 	1111
f 1048 	1047 	1112
f 1047 	1111 	1112
f 1049 	1048 	1113
f 1048 	1112 	1113
f 1050 	1049 	1114
f 1049 	1113 	1114
f 1051 	1050 	1115
f 1050 	1114 	1115
f 1052 	1051 	1116
f 1051 	1115 	1116
f 1053 	1052 	1117
f 1052 	1116 	1117
f 1054 	1053 	1118
f 1053 	1117 	1118
f 1055 	1054 	1119
f 1054 	1118 	1119
f 1056 	1055 	1120
f 1055 	1119 	1120
f 1057 	1056 	1121
f 1056 	1120 	1121
f 1058 	1057 	1122
f 1057 	1121 	1122
f 1059 	1058 	1123
f 1058 	1122 	1123
f 1060 	1059 	1124
f 1059 	1123 	1124
f 1061 	1060 	1125
f 1060 	1124 	1125
f 1062 	1061 	1126
f 1061 	1125 	1126
f 1063 	1062 	1127
f 1062 	1126 	1127
f 1064 	1063 	1128
f 1063 	1127 	1128
f 1065 	1064 	1129
f 1064 	1128 	1129
f 1066 	1065 	1130
f 1065 	1129 	1130
f 1067 	1066 	1131
f 1066 	1130 	1131
f 1068 	1067 	1132
f 1067 	1131 	1132
f 1069 	1068 	1133
f 1068 	1132 	1133
f 1070 	1069 	1134
f 1069 	1133 	1134
f 1071 	1070 	1135
f 1070 	1134 	1135
f 1072 	1071 	1136
f 1071 	1135 	1136
f 1073 	1072 	1137
f 1072 	1136 	1137
f 1074 	1073 	1138
f 1073 	1137 	1138
f 1075 	1074 	1139
f 1074 	1138 	1139
f 1076 	1075 	1140
f 1075 	1139 	1140
f 1077 	1076 	1141
f 1076 	1140 	1141
f 1078 	1077 	1142
f 1077 	1141 	1142
f 1079 	1078 	1143
f 1078 	1142 	1143
f 1080 	1079 	1144
f 1079 	1143 	1144
f 1081 	1080 	1145
f 1080 	1144 	1145
f 1082 	1081 	1146
f 1081 	1145 	1146
f 1083 	1082 	1147
f 1082 	1146 	1147
f 1084 	1083 	1148
f 1083 	1147 	1148
f 1085 	1084 	1149
f 1084 	1148 	1149
f 1086 	1085 	1150
f 1085 	1149 	1150
f 1087 	1086 	1151
f 1086 	1150 	1151
f 1088 	1087 	1152
f 1087 	1151 	1152
f 1089 	1088 	1153
f 1088 	1152 	1153
f 1026 	1089 	1090
f 1089 	1153 	1090
f 1091 	1090 	1155
f 1090 	1154 	1155
f 1092 	1091 	1156
f 1091 	1155 	1156
f 1093 	1092 	1157
f 1092 	1156 	1157
f 1094 	1093 	1158
f 1093 	1157 	1158
f 1095 	1094 	1159
f 1094 	1158 	1159
f 1096 	1095 	1160
f 1095 	1159 	1160
f 1097 	1096 	1161
f 1096 	1160 	1161
f 1098 	1097 	1162
f 1097 	1161 	1162
f 1099 	1098 	1163
f 1098 	1162 	1163
f 1100 	1099 	1164
f 1099 	1163 	1164
f 1101 	1100 	1165
f 1100 	1164 	1165
f 1102 	1101 	1166
f 1101 	1165 	1166
f 1103 	1102 	1167
f 1102 	1166 	1167
f 1104 	1103 	1168
f 1103 	1167 	1168
f 1105 	1104 	1169
f 1104 	1168 	1169
f 1106 	1105 	1170
f 1105 	1169 	1170
f 1107 	1106 	1171
f 1106 	1170 	1171
f 1108 	1107 	1172
f 1107 	1171 	1172
f 1109 	1108 	1173
f 1108 	1172 	1173
f 1110 	1109 	1174
f 1109 	1173 	1174
f 1111 	1110 	1175
f 1110 	1174 	1175
f 1112 	1111 	1176
f 1111 	1175 	1176
f 1113 	1112 	1177
f 1112 	1176 	1177
f 1114 	1113 	1178
f 1113 	1177 	1178
f 1115 	1114 	1179
f 1114 	1178 	1179
f 1116 	1115 	1180
f 1115 	1179 	1180
f 1117 	1116 	1181
f 1116 	1180 	1181
f 1118 	1117 	1182
f 1117 	1181 	1182
f 1119 	1118 	1183
f 1118 	1182 	1183
f 1120 	1119 	1184
f 1119 	1183 	1184
f 1121 	1120 	1185
f 1120 	1184 	1185
f 1122 	1121 	1186
f 1121 	1185 	1186
f 1123 	1122 	1187
f 1122 	1186 	1187
f 1124 	1123 	1188
f 1123 	1187 	1188
f 1125 	1124 	1189
f 1124 	1188 	1189
f 1126 	1125 	1190
f 1125 	1189 	1190
f 1127 	1126 	1191
f 1126 	1190 	1191
f 1128 	1127 	1192
f 1127 	1191 	1192
f 1129 	1128 	1193
f 1128 	1192 	1193
f 1130 	1129 	1194
f 1129 	1193 	1194
f 1131 	1130 	1195
f 1130 	1194 	1195
f 1132 	1131 	1196
f 1131 	1195 	1196
f 1133 	1132 	1197
f 1132 	1196 	1197
f 1134 	1133 	1198
f 1133 	1197 	1198
f 1135 	1134 	1199
f 1134 	1198 	1199
f 1136 	1135 	1200
f 1135 	1199 	1200
f 1137 	1136 	1201
f 1136 	1200 	1201
f 1138 	1137 	1202
f 1137 	1201 	1202
f 1139 	1138 	1203
f 1138 	1202 	1203
f 1140 	1139 	1204
f 1139 	1203 	1204
f 1141 	1140 	1205
f 1140 	1204 	1205
f 1142 	1141 	1206
f 1141 	1205 	1206
f 1143 	1142 	1207
f 1142 	1206 	1207
f 1144 	1143 	1208
f 1143 	1207 	1208
f 1145 	1144 	1209
f 1144 	1208 	1209
f 1146 	1145 	1210
f 1145 	1209 	1210
f 1147 	1146 	1211
f 1146 	1210 	1211
f 1148 	1147 	1212
f 1147 	1211 	1212
f 1149 	1148 	1213
f 1148 	1212 	1213
f 1150 	1149 	1214
f 1149 	1213 	1214
f 1151 	1150 	1215
f 1150 	1214 	1215
f 1152 	1151 	1216
f 1151 	1215 	1216
f 1153 	1152 	1217
f 1152 	1216 	1217
f 1090 	1153 	1154
f 1153 	1217 	1154
f 1155 	1154 	1219
f 1154 	1218 	1219
f 1156 	1155 	1220
f 1155 	1219 	1220
f 1157 	1156 	1221
f 1156 	1220 	1221
f 1158 	1157 	1222
f 1157 	1221 	1222
f 1159 	1158 	1223
f 1158 	1222 	1223
f 1160 	1159 	1224
f 1159 	1223 	1224
f 1161 	1160 	1225
f 1160 	1224 	1225
f 1162 	1161 	1226
f 1161 	1225 	1226
f 1163 	1162 	1227
f 1162 	1226 	1227
f 1164 	1163 	1228
f 1163 	1227 	1228
f 1165 	1164 	1229
f 1164 	1228 	1229
f 1166 	1165 	1230
f 1165 	1229 	1230
f 1167 	1166 	1231
f 1166 	1230 	1231
f 1168 	1167 	1232
f 1167 	1231 	1232
f 1169 	1168 	1233
f 1168 	1232 	1233
f 1170 	1169 	1234
f 1169 	1233 	1234
f 1171 	1170 	1235
f 1170 	1234 	1235
f 1172 	1171 	1236
f 1171 	1235 	1236
f 1173 	1172 	1237
f 1172 	1236 	1237
f 1174 	1173 	1238
f 1173 	1237 	1238
f 1175 	1174 	1239
f 1174 	1238 	1239
f 1176 	1175 	1240
f 1175 	1239 	1240
f 1177 	1176 	1241
f 1176 	1240 	1241
f 1178 	1177 	1242
f 1177 	1241 	1242
f 1179 	1178 	1243
f 1178 	1242 	1243
f 1180 	1179 	1244
f 1179 	1243 	1244
f 1181 	1180 	1245
f 1180 	1244 	1245
f 1182 	1181 	1246
f 1181 	1245 	1246
f 1183 	1182 	1247
f 1182 	1246 	1247
f 1184 	1183 	1248
f 1183 	1247 	1248
f 1185 	1184 	1249
f 1184 	1248 	1249
f 1186 	1185 	1250
f 1185 	1249 	1250
f 1187 	1186 	1251
f 1186 	1250 	1251
f 1188 	1187 	1252
f 1187 	1251 	1252
f 1189 	1188 	1253
f 1188 	1252 	1253
f 1190 	1189 	1254
f 1189 	1253 	1254
f 1191 	1190 	1255
f 1190 	1254 	1255
f 1192 	1191 	1256
f 1191 	1255 	1256
f 1193 	1192 	1257
f 1192 	1256 	1257
f 1194 	1193 	1258
f 1193 	1257 	1258
f 1195 	1194 	1259
f 1194 	1258 	1259
f 1196 	1195 	1260
f 1195 	1259 	1260
f 1197 	1196 	1261
f 1196 	1260 	1261
f 1198 	1197 	1262
f 1197 	1261 	1262
f 1199 	1198 	1263
f 1198 	1262 	1263
f 1200 	1199 	1264
f 1199 	1263 	1264
f 1201 	1200 	1265
f 1200 	1264 	1265
f 1202 	1201 	1266
f 1201 	1265 	1266
f 1203 	1202 	1267
f 1202 	1266 	1267
f 1204 	1203 	1268
f 1203 	1267 	1268
f 1205 	1204 	1269
f 1204 	1268 	1269
f 1206 	1205 	1270
f 1205 	1269 	1270
f 1207 	1206 	1271
f 1206 	1270 	1271
f 1208 	1207 	1272
f 1207 	1271 	1272
f 1209 	1208 	1273
f 1208 	1272 	1273
f 1210 	1209 	1274
f 1209 	1273 	1274
f 1211 	1210 	1275
f 1210 	1274 	1275
f 1212 	1211 	1276
f 1211 	1275 	1276
f 1213 	1212 	1277
f 1212 	1276 	1277
f 1214 	1213 	1278
f 1213 	1277 	1278
f 1215 	1214 	1279
f 1214 	1278 	1279
f 1216 	1215 	1280
f 1215 	1279 	1280
f 1217 	1216 	1281
f 1216 	1280 	1281
f 1154 	1217 	1218
f 1217 	1281 	1218
f 1219 	1218 	1283
f 1218 	1282 	1283
f 1220 	1219 	1284
f 1219 	1283 	1284
f 1221 	1220 	1285
f 1220 	1284 	1285
f 1222 	1221 	1286
f 1221 	1285 	1286
f 1223 	1222 	1287
f 1222 	1286 	1287
f 1224 	1223 	1288
f 1223 	1287 	1288
f 1225 	1224 	1289
f 1224 	1288 	1289
f 1226 	1225 	1290
f 1225 	1289 	1290
f 1227 	1226 	1291
f 1226 	1290 	1291
f 1228 	1227 	1292
f 1227 	1291 	1292
f 1229 	1228 	1293
f 1228 	1292 	1293
f 1230 	1229 	1294
f 1229 	1293 	1294
f 1231 	1230 	1295
f 1230 	1294 	1295
f 1232 	1231 	1296
f 1231 	1295 	1296
f 1233 	1232 	1297
f 1232 	1296 	1297
f 1234 	1233 	1298
f 1233 	1297 	1298
f 1235 	1234 	1299
f 1234 	1298 	1299
f 1236 	1235 	1300
f 1235 	1299 	1300
f 1237 	1236 	1301
f 1236 	1300 	1301
f 1238 	1237 	1302
f 1237 	1301 	1302
f 1239 	1238 	1303
f 1238 	1302 	1303
f 1240 	1239 	1304
f 1239 	1303 	1304
f 1241 	1240 	1305
f 1240 	1304 	1305
f 1242 	1241 	1306
f 1241 	1305 	1306
f 1243 	1242 	1307
f 1242 	1306 	1307
f 1244 	1243 	1308
f 1243 	1307 	1308
f 1245 	1244 	1309
f 1244 	1308 	1309
f 1246 	1245 	1310
f 1245 	1309 	1310
f 1247 	1246 	1311
f 1246 	1310 	1311
f 1248 	1247 	1312
f 1247 	1311 	1312
f 1249 	1248 	1313
f 1248 	1312 	1313
f 1250 	1249 	1314
f 1249 	1313 	1314
f 1251 	1250 	1315
f 1250 	1314 	1315
f 1252 	1251 	1316
f 1251 	1315 	1316
f 1253 	1252 	1317
f 1252 	1316 	1317
f 1254 	1253 	1318
f 1253 	1317 	1318
f 1255 	1254 	1319
f 1254 	1318 	1319
f 1256 	1255 	1320
f 1255 	1319 	1320
f 1257 	1256 	1321
f 1256 	1320 	1321
f 1258 	1257 	1322
f 1257 	1321 	1322
f 1259 	1258 	1323
f 1258 	1322 	1323
f 1260 	1259 	1324
f 1259 	1323 	1324
f 1261 	1260 	1325
f 1260 	1324 	1325
f 1262 	1261 	1326
f 1261 	1325 	1326
f 1263 	1262 	1327
f 1262 	1326 	1327
f 1264 	1263 	1328
f 1263 	1327 	1328
f 1265 	1264 	1329
f 1264 	1328 	1329
f 1266 	1265 	1330
f 1265 	1329 	1330
f 1267 	1266 	1331
f 1266 	1330 	1331
f 1268 	1267 	1332
f 1267 	1331 	1332
f 1269 	1268 	1333
f 1268 	1332 	1333
f 1270 	1269 	1334
f 1269 	1333 	1334
f 1271 	1270 	1335
f 1270 	1334 	1335
f 1272 	1271 	1336
f 1271 	1335 	1336
f 1273 	1272 	1337
f 1272 	1336 	1337
f 1274 	1273 	1338
f 1273 	1337 	1338
f 1275 	1274 	1339
f 1274 	1338 	1339
f 1276 	1275 	1340
f 1275 	1339 	1340
f 1277 	1276 	1341
f 1276 	1340 	1341
f 1278 	1277 	1342
f 1277 	1341 	1342
f 1279 	1278 	1343
f 1278 	1342 	1343
f 1280 	1279 	1344
f 1279 	1343 	1344
f 1281 	1280 	1345
f 1280 	1344 	1345
f 1218 	1281 	1282
f 1281 	1345 	1282
f 1283 	1282 	1347
f 1282 	1346 	1347
f 1284 	1283 	1348
f 1283 	1347 	1348
f 1285 	1284 	1349
f 1284 	1348 	1349
f 1286 	1285 	1350
f 1285 	1349 	1350
f 1287 	1286 	1351
f 1286 	1350 	1351
f 1288 	1287 	1352
f 1287 	1351 	1352
f 1289 	1288 	1353
f 1288 	1352 	1353
f 1290 	1289 	1354
f 1289 	1353 	1354
f 1291 	1290 	1355
f 1290 	1354 	1355
f 1292 	1291 	1356
f 1291 	1355 	1356
f 1293 	1292 	1357
f 1292 	1356 	1357
f 1294 	1293 	1358
f 1293 	1357 	1358
f 1295 	1294 	1359
f 1294 	1358 	1359
f 1296 	1295 	1360
f 1295 	1359 	1360
f 1297 	1296 	1361
f 1296 	1360 	1361
f 1298 	1297 	1362
f 1297 	1361 	1362
f 1299 	1298 	1363
f 1298 	1362 	1363
f 1300 	1299 	1364
f 1299 	1363 	1364
f 1301 	1300 	1365
f 1300 	1364 	1365
f 1302 	1301 	1366
f 1301 	1365 	1366
f 1303 	1302 	1367
f 1302 	1366 	1367
f 1304 	1303 	1368
f 1303 	1367 	1368
f 1305 	1304 	1369
f 1304 	1368 	1369
f 1306 	1305 	1370
f 1305 	1369 	1370
f 1307 	1306 	1371
f 1306 	1370 	1371
f 1308 	1307 	1372
f 1307 	1371 	1372
f 1309 	1308 	1373
f 1308 	1372 	1373
f 1310 	1309 	1374
f 1309 	1373 	1374
f 1311 	1310 	1375
f 1310 	1374 	1375
f 1312 	1311 	1376
f 1311 	1375 	1376
f 1313 	1312 	1377
f 1312 	1376 	1377
f 1314 	1313 	1378
f 1313 	1377 	1378
f 1315 	1314 	1379
f 1314 	1378 	1379
f 1316 	1315 	1380
f 1315 	1379 	1380
f 1317 	1316 	1381
f 1316 	1380 	1381
f 1318 	1317 	1382
f 1317 	1381 	1382
f 1319 	1318 	1383
f 1318 	1382 	1383
f 1320 	1319 	1384
f 1319 	1383 	1384
f 1321 	1320 	1385
f 1320 	1384 	1385
f 1322 	1321 	1386
f 1321 	1385 	1386
f 1323 	1322 	1387
f 1322 	1386 	1387
f 1324 	1323 	1388
f 1323 	1387 	1388
f 1325 	1324 	1389
f 1324 	1388 	1389
f 1326 	1325 	1390
f 1325 	1389 	1390
f 1327 	1326 	1391
f 1326 	1390 	1391
f 1328 	1327 	1392
f 1327 	1391 	1392
f 1329 	1328 	1393
f 1328 	1392 	1393
f 1330 	1329 	1394
f 1329 	1393 	1394
f 1331 	1330 	1395
f 1330 	1394 	1395
f 1332 	1331 	1396
f 1331 	1395 	1396
f 1333 	1332 	1397
f 1332 	1396 	1397
f 1334 	1333 	1398
f 1333 	1397 	1398
f 1335 	1334 	1399
f 1334 	1398 	1399
f 1336 	1335 	1400
f 1335 	1399 	1400
f 1337 	1336 	1401
f 1336 	1400 	1401
f 1338 	1337 	1402
f 1337 	1401 	1402
f 1339 	1338 	1403
f 1338 	1402 	1403
f 1340 	1339 	1404
f 1339 	1403 	1404
f 1341 	1340 	1405
f 1340 	1404 	1405
f 1342 	1341 	1406
f 1341 	1405 	1406
f 1343 	1342 	1407
f 1342 	1406 	1407
f 1344 	1343 	1408
f 1343 	1407 	1408
f 1345 	1344 	1409
f 1344 	1408 	1409
f 1282 	1345 	1346
f 1345 	1409 	1346
f 1347 	1346 	1411
f 1346 	1410 	1411
f 1348 	1347 	1412
f 1347 	1411 	1412
f 1349 	1348 	1413
f 1348 	1412 	1413
f 1350 	1349 	1414
f 1349 	1413 	1414
f 1351 	1350 	1415
f 1350 	1414 	1415
f 1352 	1351 	1416
f 1351 	1415 	1416
f 1353 	1352 	1417
f 1352 	1416 	1417
f 1354 	1353 	1418
f 1353 	1417 	1418
f 1355 	1354 	1419
f 1354 	1418 	1419
f 1356 	1355 	1420
f 1355 	1419 	1420
f 1357 	1356 	1421
f 1356 	1420 	1421
f 1358 	1357 	1422
f 1357 	1421 	1422
f 1359 	1358 	1423
f 1358 	1422 	1423
f 1360 	1359 	1424
f 1359 	1423 	1424
f 1361 	1360 	1425
f 1360 	1424 	1425
f 1362 	1361 	1426
f 1361 	1425 	1426
f 1363 	1362 	1427
f 1362 	1426 	1427
f 1364 	1363 	1428
f 1363 	1427 	1428
f 1365 	1364 	1429
f 1364 	1428 	1429
f 1366 	1365 	1430
f 1365 	1429 	1430
f 1367 	1366 	1431
f 1366 	1430 	1431
f 1368 	1367 	1432
f 1367 	1431 	1432
f 1369 	1368 	1433
f 1368 	1432 	1433
f 1370 	1369 	1434
f 1369 	1433 	1434
f 1371 	1370 	1435
f 1370 	1434 	1435
f 1372 	1371 	1436
f 1371 	1435 	1436
f 1373 	1372 	1437
f 1372 	1436 	1437
f 1374 	1373 	1438
f 1373 	1437 	1438
f 1375 	1374 	1439
f 1374 	1438 	1439
f 1376 	1375 	1440
f 1375 	1439 	1440
f 1377 	1376 	1441
f 1376 	1440 	1441
f 1378 	1377 	1442
f 1377 	1441 	1442
f 1379 	1378 	1443
f 1378 	1442 	1443
f 1380 	1379 	1444
f 1379 	1443 	1444
f 1381 	1380 	1445
f 1380 	1444 	1445
f 1382 	1381 	1446
f 1381 	1445 	1446
f 1383 	1382 	1447
f 1382 	1446 	1447
f 1384 	1383 	1448
f 1383 	1447 	1448
f 1385 	1384 	1449
f 1384 	1448 	1449
f 1386 	1385 	1450
f 1385 	1449 	1450
f 1387 	1386 	1451
f 1386 	1450 	1451
f 1388 	1387 	1452
f 1387 	1451 	1452
f 1389 	1388 	1453
f 1388 	1452 	1453
f 1390 	1389 	1454
f 1389 	1453 	1454
f 1391 	1390 	1455
f 1390 	1454 	1455
f 1392 	1391 	1456
f 1391 	1455 	1456
f 1393 	1392 	1457
f 1392 	1456 	1457
f 1394 	1393 	1458
f 1393 	1457 	1458
f 1395 	1394 	1459
f 1394 	1458 	1459
f 1396 	1395 	1460
f 1395 	1459 	1460
f 1397 	1396 	1461
f 1396 	1460 	1461
f 1398 	1397 	1462
f 1397 	1461 	1462
f 1399 	1398 	1463
f 1398 	1462 	1463
f 1400 	1399 	1464
f 1399 	1463 	1464
f 1401 	1400 	1465
f 1400 	1464 	1465
f 1402 	1401 	1466
f 1401 	1465 	1466
f 1403 	1402 	1467
f 1402 	1466 	1467
f 1404 	1403 	1468
f 1403 	1467 	1468
f 1405 	1404 	1469
f 1404 	1468 	1469
f 1406 	1405 	1470
f 1405 	1469 	1470
f 1407 	1406 	1471
f 1406 	1470 	1471
f 1408 	1407 	1472
f 1407 	1471 	1472
f 1409 	1408 	1473
f 1408 	1472 	1473
f 1346 	1409 	1410
f 1409 	1473 	1410
f 1411 	1410 	1475
f 1410 	1474 	1475
f 1412 	1411 	1476
f 1411 	1475 	1476
f 1413 	1412 	1477
f 1412 	1476 	1477
f 1414 	1413 	1478
f 1413 	1477 	1478
f 1415 	1414 	1479
f 1414 	1478 	1479
f 1416 	1415 	1480
f 1415 	1479 	1480
f 1417 	1416 	1481
f 1416 	1480 	1481
f 1418 	1417 	1482
f 1417 	1481 	1482
f 1419 	1418 	1483
f 1418 	1482 	1483
f 1420 	1419 	1484
f 1419 	1483 	1484
f 1421 	1420 	1485
f 1420 	1484 	1485
f 1422 	1421 	1486
f 1421 	1485 	1486
f 1423 	1422 	1487
f 1422 	1486 	1487
f 1424 	1423 	1488
f 1423 	1487 	1488
f 1425 	1424 	1489
f 1424 	1488 	1489
f 1426 	1425 	1490
f 1425 	1489 	1490
f 1427 	1426 	1491
f 1426 	1490 	1491
f 1428 	1427 	1492
f 1427 	1491 	1492
f 1429 	1428 	1493
f 1428 	1492 	1493
f 1430 	1429 	1494
f 1429 	1493 	1494
f 1431 	1430 	1495
f 1430 	1494 	1495
f 1432 	1431 	1496
f 1431 	1495 	1496
f 1433 	1432 	1497
f 1432 	1496 	1497
f 1434 	1433 	1498
f 1433 	1497 	1498
f 1435 	1434 	1499
f 1434 	1498 	1499
f 1436 	1435 	1500
f 1435 	1499 	1500
f 1437 	1436 	1501
f 1436 	1500 	1501
f 1438 	1437 	1502
f 1437 	1501 	1502
f 1439 	1438 	1503
f 1438 	1502 	1503
f 1440 	1439 	1504
f 1439 	1503 	1504
f 1441 	1440 	1505
f 1440 	1504 	1505
f 1442 	1441 	1506
f 1441 	1505 	1506
f 1443 	1442 	1507
f 1442 	1506 	1507
f 1444 	1443 	1508
f 1443 	1507 	1508
f 1445 	1444 	1509
f 1444 	1508 	1509
f 1446 	1445 	1510
f 1445 	1509 	1510
f 1447 	1446 	1511
f 1446 	1510 	1511
f 1448 	1447 	1512
f 1447 	1511 	1512
f 1449 	1448 	1513
f 1448 	1512 	1513
f 1450 	1449 	1514
f 1449 	1513 	1514
f 1451 	1450 	1515
f 1450 	1514 	1515
f 1452 	1451 	1516
f 1451 	1515 	1516
f 1453 	1452 	1517
f 1452 	1516 	1517
f 1454 	1453 	1518
f 1453 	1517 	1518
f 1455 	1454 	1519
f 1454 	1518 	1519
f 1456 	1455 	1520
f 1455 	1519 	1520
f 1457 	1456 	1521
f 1456 	1520 	1521
f 1458 	1457 	1522
f 1457 	1521 	1522
f 1459 	1458 	1523
f 1458 	1522 	1523
f 1460 	1459 	1524
f 1459 	1523 	1524
f 1461 	1460 	1525
f 1460 	1524 	1525
f 1462 	1461 	1526
f 1461 	1525 	1526
f 1463 	1462 	1527
f 1462 	1526 	1527
f 1464 	1463 	1528
f 1463 	1527 	1528
f 1465 	1464 	1529
f 1464 	1528 	1529
f 1466 	1465 	1530
f 1465 	1529 	1530
f 1467 	1466 	1531
f 1466 	1530 	1531
f 1468 	1467 	1532
f 1467 	1531 	1532
f 1469 	1468 	1533
f 1468 	1532 	1533
f 1470 	1469 	1534
f 1469 	1533 	1534
f 1471 	1470 	1535
f 1470 	1534 	1535
f 1472 	1471 	1536
f 1471 	1535 	1536
f 1473 	1472 	1537
f 1472 	1536 	1537
f 1410 	1473 	1474
f 1473 	1537 	1474
f 1475 	1474 	1539
f 1474 	1538 	1539
f 1476 	1475 	1540
f 1475 	1539 	1540
f 1477 	1476 	1541
f 1476 	1540 	1541
f 1478 	1477 	1542
f 1477 	1541 	1542
f 1479 	1478 	1543
f 1478 	1542 	1543
f 1480 	1479 	1544
f 1479 	1543 	1544
f 1481 	1480 	1545
f 1480 	1544 	1545
f 1482 	1481 	1546
f 1481 	1545 	1546
f 1483 	1482 	1547
f 1482 	1546 	1547
f 1484 	1483 	1548
f 1483 	1547 	1548
f 1485 	1484 	1549
f 1484 	1548 	1549
f 1486 	1485 	1550
f 1485 	1549 	1550
f 1487 	1486 	1551
f 1486 	1550 	1551
f 1488 	1487 	1552
f 1487 	1551 	1552
f 1489 	1488 	1553
f 1488 	1552 	1553
f 1490 	1489 	1554
f 1489 	1553 	1554
f 1491 	1490 	1555
f 1490 	1554 	1555
f 1492 	1491 	1556
f 1491 	1555 	1556
f 1493 	1492 	1557
f 1492 	1556 	1557
f 1494 	1493 	1558
f 1493 	1557 	1558
f 1495 	1494 	1559
f 1494 	1558 	1559
f 1496 	1495 	1560
f 1495 	1559 	1560
f 1497 	1496 	1561
f 1496 	1560 	1561
f 1498 	1497 	1562
f 1497 	1561 	1562
f 1499 	1498 	1563
f 1498 	1562 	1563
f 1500 	1499 	1564
f 1499 	1563 	1564
f 1501 	1500 	1565
f 1500 	1564 	1565
f 1502 	1501 	1566
f 1501 	1565 	1566
f 1503 	1502 	1567
f 1502 	1566 	1567
f 1504 	1503 	1568
f 1503 	1567 	1568
f 1505 	1504 	1569
f 1504 	1568 	1569
f 1506 	1505 	1570
f 1505 	1569 	1570
f 1507 	1506 	1571
f 1506 	1570 	1571
f 1508 	1507 	1572
f 1507 	1571 	1572
f 1509 	1508 	1573
f 1508 	1572 	1573
f 1510 	1509 	1574
f 1509 	1573 	1574
f 1511 	1510 	1575
f 1510 	1574 	1575
f 1512 	1511 	1576
f 1511 	1575 	1576
f 1513 	1512 	1577
f 1512 	1576 	1577
f 1514 	1513 	1578
f 1513 	1577 	1578
f 1515 	1514 	1579
f 1514 	1578 	1579
f 1516 	1515 	1580
f 1515 	1579 	1580
f 1517 	1516 	1581
f 1516 	1580 	1581
f 1518 	1517 	1582
f 1517 	1581 	1582
f 1519 	1518 	1583
f 1518 	1582 	1583
f 1520 	1519 	1584
f 1519 	1583 	1584
f 1521 	1520 	1585
f 1520 	1584 	1585
f 1522 	1521 	1586
f 1521 	1585 	1586
f 1523 	1522 	1587
f 1522 	1586 	1587
f 1524 	1523 	1588
f 1523 	1587 	1588
f 1525 	1524 	1589
f 1524 	1588 	1589
f 1526 	1525 	1590
f 1525 	1589 	1590
f 1527 	1526 	1591
f 1526 	1590 	1591
f 1528 	1527 	1592
f 1527 	1591 	1592
f 1529 	1528 	1593
f 1528 	1592 	1593
f 1530 	1529 	1594
f 1529 	1593 	1594
f 1531 	1530 	1595
f 1530 	1594 	1595
f 1532 	1531 	1596
f 1531 	1595 	1596
f 1533 	1532 	1597
f 1532 	1596 	1597
f 1534 	1533 	1598
f 1533 	1597 	1598
f 1535 	1534 	1599
f 1534 	1598 	1599
f 1536 	1535 	1600
f 1535 	1599 	1600
f 1537 	1536 	1601
f 1536 	1600 	1601
f 1474 	1537 	1538
f 1537 	1601 	1538
f 1539 	1538 	1603
f 1538 	1602 	1603
f 1540 	1539 	1604
f 1539 	1603 	1604
f 1541 	1540 	1605
f 1540 	1604 	1605
f 1542 	1541 	1606
f 1541 	1605 	1606
f 1543 	1542 	1607
f 1542 	1606 	1607
f 1544 	1543 	1608
f 1543 	1607 	1608
f 1545 	1544 	1609
f 1544 	1608 	1609
f 1546 	1545 	1610
f 1545 	1609 	1610
f 1547 	1546 	1611
f 1546 	1610 	1611
f 1548 	1547 	1612
f 1547 	1611 	1612
f 1549 	1548 	1613
f 1548 	1612 	1613
f 1550 	1549 	1614
f 1549 	1613 	1614
f 1551 	1550 	1615
f 1550 	1614 	1615
f 1552 	1551 	1616
f 1551 	1615 	1616
f 1553 	1552 	1617
f 1552 	1616 	1617
f 1554 	1553 	1618
f 1553 	1617 	1618
f 1555 	1554 	1619
f 1554 	1618 	1619
f 1556 	1555 	1620
f 1555 	1619 	1620
f 1557 	1556 	1621
f 1556 	1620 	1621
f 1558 	1557 	1622
f 1557 	1621 	1622
f 1559 	1558 	1623
f 1558 	1622 	1623
f 1560 	1559 	1624
f 1559 	1623 	1624
f 1561 	1560 	1625
f 1560 	1624 	1625
f 1562 	1561 	1626
f 1561 	1625 	1626
f 1563 	1562 	1627
f 1562 	1626 	1627
f 1564 	1563 	1628
f 1563 	1627 	1628
f 1565 	1564 	1629
f 1564 	1628 	1629
f 1566 	1565 	1630
f 1565 	1629 	1630
f 1567 	1566 	1631
f 1566 	1630 	1631
f 1568 	1567 	1632
f 1567 	1631 	1632
f 1569 	1568 	1633
f 1568 	1632 	1633
f 1570 	1569 	1634
f 1569 	1633 	1634
f 1571 	1570 	1635
f 1570 	1634 	1635
f 1572 	1571 	1636
f 1571 	1635 	1636
f 1573 	1572 	1637
f 1572 	1636 	1637
f 1574 	1573 	1638
f 1573 	1637 	1638
f 1575 	1574 	1639
f 1574 	1638 	1639
f 1576 	1575 	1640
f 1575 	1639 	1640
f 1577 	1576 	1641
f 1576 	1640 	1641
f 1578 	1577 	1642
f 1577 	1641 	1642
f 1579 	1578 	1643
f 1578 	1642 	1643
f 1580 	1579 	1644
f 1579 	1643 	1644
f 1581 	1580 	1645
f 1580 	1644 	1645
f 1582 	1581 	1646
f 1581 	1645 	1646
f 1583 	1582 	1647
f 1582 	1646 	1647
f 1584 	1583 	1648
f 1583 	1647 	1648
f 1585 	1584 	1649
f 1584 	1648 	1649
f 1586 	1585 	1650
f 1585 	1649 	1650
f 1587 	1586 	1651
f 1586 	1650 	1651
f 1588 	1587 	1652
f 1587 	1651 	1652
f 1589 	1588 	1653
f 1588 	1652 	1653
f 1590 	1589 	1654
f 1589 	1653 	1654
f 1591 	1590 	1655
f 1590 	1654 	1655
f 1592 	1591 	1656
f 1591 	1655 	1656
f 1593 	1592 	1657
f 1592 	1656 	1657
f 1594 	1593 	1658
f 1593 	1657 	1658
f 1595 	1594 	1659
f 1594 	1658 	1659
f 1596 	1595 	1660
f 1595 	1659 	1660
f 1597 	1596 	1661
f 1596 	1660 	1661
f 1598 	1597 	1662
f 1597 	1661 	1662
f 1599 	1598 	1663
f 1598 	1662 	1663
f 1600 	1599 	1664
f 1599 	1663 	1664
f 1601 	1600 	1665
f 1600 	1664 	1665
f 1538 	1601 	1602
f 1601 	1665 	1602
f 1603 	1602 	1667
f 1602 	1666 	1667
f 1604 	1603 	1668
f 1603 	1667 	1668
f 1605 	1604 	1669
f 1604 	1668 	1669
f 1606 	1605 	1670
f 1605 	1669 	1670
f 1607 	1606 	1671
f 1606 	1670 	1671
f 1608 	1607 	1672
f 1607 	1671 	1672
f 1609 	1608 	1673
f 1608 	1672 	1673
f 1610 	1609 	1674
f 1609 	1673 	1674
f 1611 	1610 	1675
f 1610 	1674 	1675
f 1612 	1611 	1676
f 1611 	1675 	1676
f 1613 	1612 	1677
f 1612 	1676 	1677
f 1614 	1613 	1678
f 1613 	1677 	1678
f 1615 	1614 	1679
f 1614 	1678 	1679
f 1616 	1615 	1680
f 1615 	1679 	1680
f 1617 	1616 	1681
f 1616 	1680 	1681
f 1618 	1617 	1682
f 1617 	1681 	1682
f 1619 	1618 	1683
f 1618 	1682 	1683
f 1620 	1619 	1684
f 1619 	1683 	1684
f 1621 	1620 	1685
f 1620 	1684 	1685
f 1622 	1621 	1686
f 1621 	1685 	1686
f 1623 	1622 	1687
f 1622 	1686 	1687
f 1624 	1623 	1688
f 1623 	1687 	1688
f 1625 	1624 	1689
f 1624 	1688 	1689
f 1626 	1625 	1690
f 1625 	1689 	1690
f 1627 	1626 	1691
f 1626 	1690 	1691
f 1628 	1627 	1692
f 1627 	1691 	1692
f 1629 	1628 	1693
f 1628 	1692 	1693
f 1630 	1629 	1694
f 1629 	1693 	1694
f 1631 	1630 	1695
f 1630 	1694 	1695
f 1632 	1631 	1696
f 1631 	1695 	1696
f 1633 	1632 	1697
f 1632 	1696 	1697
f 1634 	1633 	1698
f 1633 	1697 	1698
f 1635 	1634 	1699
f 1634 	1698 	1699
f 1636 	1635 	1700
f 1635 	1699 	1700
f 1637 	1636 	1701
f 1636 	1700 	1701
f 1638 	1637 	1702
f 1637 	1701 	1702
f 1639 	1638 	1703
f 1638 	1702 	1703
f 1640 	1639 	1704
f 1639 	1703 	1704
f 1641 	1640 	1705
f 1640 	1704 	1705
f 1642 	1641 	1706
f 1641 	1705 	1706
f 1643 	1642 	1707
f 1642 	1706 	1707
f 1644 	1643 	1708
f 1643 	1707 	1708
f 1645 	1644 	1709
f 1644 	1708 	1709
f 1646 	1645 	1710
f 1645 	1709 	1710
f 1647 	1646 	1711
f 1646 	1710 	1711
f 1648 	1647 	1712
f 1647 	1711 	1712
f 1649 	1648 	1713
f 1648 	1712 	1713
f 1650 	1649 	1714
f 1649 	1713 	1714
f 1651 	1650 	1715
f 1650 	1714 	1715
f 1652 	1651 	1716
f 1651 	1715 	1716
f 1653 	1652 	1717
f 1652 	1716 	1717
f 1654 	1653 	1718
f 1653 	1717 	1718
f 1655 	1654 	1719
f 1654 	1718 	1719
f 1656 	1655 	1720
f 1655 	1719 	1720
f 1657 	1656 	1721
f 1656 	1720 	1721
f 1658 	1657 	1722
f 1657 	1721 	1722
f 1659 	1658 	1723
f 1658 	1722 	1723
f 1660 	1659 	1724
f 1659 	1723 	1724
f 1661 	1660 	1725
f 1660 	1724 	1725
f 1662 	1661 	1726
f 1661 	1725 	1726
f 1663 	1662 	1727
f 1662 	1726 	1727
f 1664 	1663 	1728
f 1663 	1727 	1728
f 1665 	1664 	1729
f 1664 	1728 	1729
f 1602 	1665 	1666
f 1665 	1729 	1666
f 1667 	1666 	1731
f 1666 	1730 	1731
f 1668 	1667 	1732
f 1667 	1731 	1732
f 1669 	1668 	1733
f 1668 	1732 	1733
f 1670 	1669 	1734
f 1669 	1733 	1734
f 1671 	1670 	1735
f 1670 	1734 	1735
f 1672 	1671 	1736
f 1671 	1735 	1736
f 1673 	1672 	1737
f 1672 	1736 	1737
f 1674 	1673 	1738
f 1673 	1737 	1738
f 1675 	1674 	1739
f 1674 	1738 	1739
f 1676 	1675 	1740
f 1675 	1739 	1740
f 1677 	1676 	1741
f 1676 	1740 	1741
f 1678 	1677 	1742
f 1677 	1741 	1742
f 1679 	1678 	1743
f 1678 	1742 	1743
f 1680 	1679 	1744
f 1679 	1743 	1744
f 1681 	1680 	1745
f 1680 	1744 	1745
f 1682 	1681 	1746
f 1681 	1745 	1746
f 1683 	1682 	1747
f 1682 	1746 	1747
f 1684 	1683 	1748
f 1683 	1747 	1748
f 1685 	1684 	1749
f 1684 	1748 	1749
f 1686 	1685 	1750
f 1685 	1749 	1750
f 1687 	1686 	1751
f 1686 	1750 	1751
f 1688 	1687 	1752
f 1687 	1751 	1752
f 1689 	1688 	1753
f 1688 	1752 	1753
f 1690 	1689 	1754
f 1689 	1753 	1754
f 1691 	1690 	1755
f 1690 	1754 	1755
f 1692 	1691 	1756
f 1691 	1755 	1756
f 1693 	1692 	1757
f 1692 	1756 	1757
f 1694 	1693 	1758
f 1693 	1757 	1758
f 1695 	1694 	1759
f 1694 	1758 	1759
f 1696 	1695 	1760
f 1695 	1759 	1760
f 1697 	1696 	1761
f 1696 	1760 	1761
f 1698 	1697 	1762
f 1697 	1761 	1762
f 1699 	1698 	1763
f 1698 	1762 	1763
f 1700 	1699 	1764
f 1699 	1763 	1764
f 1701 	1700 	1765
f 1700 	1764 	1765
f 1702 	1701 	1766
f 1701 	1765 	1766
f 1703 	1702 	1767
f 1702 	1766 	1767
f 1704 	1703 	1768
f 1703 	1767 	1768
f 1705 	1704 	1769
f 1704 	1768 	1769
f 1706 	1705 	1770
f 1705 	1769 	1770
f 1707 	1706 	1771
f 1706 	1770 	1771
f 1708 	1707 	1772
f 1707 	1771 	1772
f 1709 	1708 	1773
f 1708 	1772 	1773
f 1710 	1709 	1774
f 1709 	1773 	1774
f 1711 	1710 	1775
f 1710 	1774 	1775
f 1712 	1711 	1776
f 1711 	1775 	1776
f 1713 	1712 	1777
f 1712 	1776 	1777
f 1714 	1713 	1778
f 1713 	1777 	1778
f 1715 	1714 	1779
f 1714 	1778 	1779
f 1716 	1715 	1780
f 1715 	1779 	1780
f 1717 	1716 	1781
f 1716 	1780 	1781
f 1718 	1717 	1782
f 1717 	1781 	1782
f 1719 	1718 	1783
f 1718 	1782 	1783
f 1720 	1719 	1784
f 1719 	1783 	1784
f 1721 	1720 	1785
f 1720 	1784 	1785
f 1722 	1721 	1786
f 1721 	1785 	1786
f 1723 	1722 	1787
f 1722 	1786 	1787
f 1724 	1723 	1788
f 1723 	1787 	1788
f 1725 	1724 	1789
f 1724 	1788 	1789
f 1726 	1725 	1790
f 1725 	1789 	1790
f 1727 	1726 	1791
f 1726 	1790 	1791
f 1728 	1727 	1792
f 1727 	1791 	1792
f 1729 	1728 	1793
f 1728 	1792 	1793
f 1666 	1729 	1730
f 1729 	1793 	1730
f 1731 	1730 	1795
f 1730 	1794 	1795
f 1732 	1731 	1796
f 1731 	1795 	1796
f 1733 	1732 	1797
f 1732 	1796 	1797
f 1734 	1733 	1798
f 1733 	1797 	1798
f 1735 	1734 	1799
f 1734 	1798 	1799
f 1736 	1735 	1800
f 1735 	1799 	1800
f 1737 	1736 	1801
f 1736 	1800 	1801
f 1738 	1737 	1802
f 1737 	1801 	1802
f 1739 	1738 	1803
f 1738 	1802 	1803
f 1740 	1739 	1804
f 1739 	1803 	1804
f 1741 	1740 	1805
f 1740 	1804 	1805
f 1742 	1741 	1806
f 1741 	1805 	1806
f 1743 	1742 	1807
f 1742 	1806 	1807
f 1744 	1743 	1808
f 1743 	1807 	1808
f 1745 	1744 	1809
f 1744 	1808 	1809
f 1746 	1745 	1810
f 1745 	1809 	1810
f 1747 	1746 	1811
f 1746 	1810 	1811
f 1748 	1747 	1812
f 1747 	1811 	1812
f 1749 	1748 	1813
f 1748 	1812 	1813
f 1750 	1749 	1814
f 1749 	1813 	1814
f 1751 	1750 	1815
f 1750 	1814 	1815
f 1752 	1751 	1816
f 1751 	1815 	1816
f 1753 	1752 	1817
f 1752 	1816 	1817
f 1754 	1753 	1818
f 1753 	1817 	1818
f 1755 	1754 	1819
f 1754 	1818 	1819
f 1756 	1755 	1820
f 1755 	1819 	1820
f 1757 	1756 	1821
f 1756 	1820 	1821
f 1758 	1757 	1822
f 1757 	1821 	1822
f 1759 	1758 	1823
f 1758 	1822 	1823
f 1760 	1759 	1824
f 1759 	1823 	1824
f 1761 	1760 	1825
f 1760 	1824 	1825
f 1762 	1761 	1826
f 1761 	1825 	1826
f 1763 	1762 	1827
f 1762 	1826 	1827
f 1764 	1763 	1828
f 1763 	1827 	1828
f 1765 	1764 	1829
f 1764 	1828 	1829
f 1766 	1765 	1830
f 1765 	1829 	1830
f 1767 	1766 	1831
f 1766 	1830 	1831
f 1768 	1767 	1832
f 1767 	1831 	1832
f 1769 	1768 	1833
f 1768 	1832 	1833
f 1770 	1769 	1834
f 1769 	1833 	1834
f 1771 	1770 	1835
f 1770 	1834 	1835
f 1772 	1771 	1836
f 1771 	1835 	1836
f 1773 	1772 	1837
f 1772 	1836 	1837
f 1774 	1773 	1838
f 1773 	1837 	1838
f 1775 	1774 	1839
f 1774 	1838 	1839
f 1776 	1775 	1840
f 1775 	1839 	1840
f 1777 	1776 	1841
f 1776 	1840 	1841
f 1778 	1777 	1842
f 1777 	1841 	1842
f 1779 	1778 	1843
f 1778 	1842 	1843
f 1780 	1779 	1844
f 1779 	1843 	1844
f 1781 	1780 	1845
f 1780 	1844 	1845
f 1782 	1781 	1846
f 1781 	1845 	1846
f 1783 	1782 	1847
f 1782 	1846 	1847
f 1784 	1783 	1848
f 1783 	1847 	1848
f 1785 	1784 	1849
f 1784 	1848 	1849
f 1786 	1785 	1850
f 1785 	1849 	1850
f 1787 	1786 	1851
f 1786 	1850 	1851
f 1788 	1787 	1852
f 1787 	1851 	1852
f 1789 	1788 	1853
f 1788 	1852 	1853
f 1790 	1789 	1854
f 1789 	1853 	1854
f 1791 	1790 	1855
f 1790 	1854 	1855
f 1792 	1791 	1856
f 1791 	1855 	1856
f 1793 	1792 	1857
f 1792 	1856 	1857
f 1730 	1793 	1794
f 1793 	1857 	1794
f 1795 	1794 	1859
f 1794 	1858 	1859
f 1796 	1795 	1860
f 1795 	1859 	1860
f 1797 	1796 	1861
f 1796 	1860 	1861
f 1798 	1797 	1862
f 1797 	1861 	1862
f 1799 	1798 	1863
f 1798 	1862 	1863
f 1800 	1799 	1864
f 1799 	1863 	1864
f 1801 	1800 	1865
f 1800 	1864 	1865
f 1802 	1801 	1866
f 1801 	1865 	1866
f 1803 	1802 	1867
f 1802 	1866 	1867
f 1804 	1803 	1868
f 1803 	1867 	1868
f 1805 	1804 	1869
f 1804 	1868 	1869
f 1806 	1805 	1870
f 1805 	1869 	1870
f 1807 	1806 	1871
f 1806 	1870 	1871
f 1808 	1807 	1872
f 1807 	1871 	1872
f 1809 	1808 	1873
f 1808 	1872 	1873
f 1810 	1809 	1874
f 1809 	1873 	1874
f 1811 	1810 	1875
f 1810 	1874 	1875
f 1812 	1811 	1876
f 1811 	1875 	1876
f 1813 	1812 	1877
f 1812 	1876 	1877
f 1814 	1813 	1878
f 1813 	1877 	1878
f 1815 	1814 	1879
f 1814 	1878 	1879
f 1816 	1815 	1880
f 1815 	1879 	1880
f 1817 	1816 	1881
f 1816 	1880 	1881
f 1818 	1817 	1882
f 1817 	1881 	1882
f 1819 	1818 	1883
f 1818 	1882 	1883
f 1820 	1819 	1884
f 1819 	1883 	1884
f 1821 	1820 	1885
f 1820 	1884 	1885
f 1822 	1821 	1886
f 1821 	1885 	1886
f 1823 	1822 	1887
f 1822 	1886 	1887
f 1824 	1823 	1888
f 1823 	1887 	1888
f 1825 	1824 	1889
f 1824 	1888 	1889
f 1826 	1825 	1890
f 1825 	1889 	1890
f 1827 	1826 	1891
f 1826 	1890 	1891
f 1828 	1827 	1892
f 1827 	1891 	1892
f 1829 	1828 	1893
f 1828 	1892 	1893
f 1830 	1829 	1894
f 1829 	1893 	1894
f 1831 	1830 	1895
f 1830 	1894 	1895
f 1832 	1831 	1896
f 1831 	1895 	1896
f 1833 	1832 	1897
f 1832 	1896 	1897
f 1834 	1833 	1898
f 1833 	1897 	1898
f 1835 	1834 	1899
f 1834 	1898 	1899
f 1836 	1835 	1900
f 1835 	1899 	1900
f 1837 	1836 	1901
f 1836 	1900 	1901
f 1838 	1837 	1902
f 1837 	1901 	1902
f 1839 	1838 	1903
f 1838 	1902 	1903
f 1840 	1839 	1904
f 1839 	1903 	1904
f 1841 	1840 	1905
f 1840 	1904 	1905
f 1842 	1841 	1906
f 1841 	1905 	1906
f 1843 	1842 	1907
f 1842 	1906 	1907
f 1844 	1843 	1908
f 1843 	1907 	1908
f 1845 	1844 	1909
f 1844 	1908 	1909
f 1846 	1845 	1910
f 1845 	1909 	1910
f 1847 	1846 	1911
f 1846 	1910 	1911
f 1848 	1847 	1912
f 1847 	1911 	1912
f 1849 	1848 	1913
f 1848 	1912 	1913
f 1850 	1849 	1914
f 1849 	1913 	1914
f 1851 	1850 	1915
f 1850 	1914 	1915
f 1852 	1851 	1916
f 1851 	1915 	1916
f 1853 	1852 	1917
f 1852 	1916 	1917
f 1854 	1853 	1918
f 1853 	1917 	1918
f 1855 	1854 	1919
f 1854 	1918 	1919
f 1856 	1855 	1920
f 1855 	1919 	1920
f 1857 	1856 	1921
f 1856 	1920 	1921
f 1794 	1857 	1858
f 1857 	1921 	1858
f 1859 	1858 	1923
f 1858 	1922 	1923
f 1860 	1859 	1924
f 1859 	1923 	1924
f 1861 	1860 	1925
f 1860 	1924 	1925
f 1862 	1861 	1926
f 1861 	1925 	1926
f 1863 	1862 	1927
f 1862 	1926 	1927
f 1864 	1863 	1928
f 1863 	1927 	1928
f 1865 	1864 	1929
f 1864 	1928 	1929
f 1866 	1865 	1930
f 1865 	1929 	1930
f 1867 	1866 	1931
f 1866 	1930 	1931
f 1868 	1867 	1932
f 1867 	1931 	1932
f 1869 	1868 	1933
f 1868 	1932 	1933
f 1870 	1869 	1934
f 1869 	1933 	1934
f 1871 	1870 	1935
f 1870 	1934 	1935
f 1872 	1871 	1936
f 1871 	1935 	1936
f 1873 	1872 	1937
f 1872 	1936 	1937
f 1874 	1873 	1938
f 1873 	1937 	1938
f 1875 	1874 	1939
f 1874 	1938 	1939
f 1876 	1875 	1940
f 1875 	1939 	1940
f 1877 	1876 	1941
f 1876 	1940 	1941
f 1878 	1877 	1942
f 1877 	1941 	1942
f 1879 	1878 	1943
f 1878 	1942 	1943
f 1880 	1879 	1944
f 1879 	1943 	1944
f 1881 	1880 	1945
f 1880 	1944 	1945
f 1882 	1881 	1946
f 1881 	1945 	1946
f 1883 	1882 	1947
f 1882 	1946 	1947
f 1884 	1883 	1948
f 1883 	1947 	1948
f 1885 	1884 	1949
f 1884 	1948 	1949
f 1886 	1885 	1950
f 1885 	1949 	1950
f 1887 	1886 	1951
f 1886 	1950 	1951
f 1888 	1887 	1952
f 1887 	1951 	1952
f 1889 	1888 	1953
f 1888 	1952 	1953
f 1890 	1889 	1954
f 1889 	1953 	1954
f 1891 	1890 	1955
f 1890 	1954 	1955
f 1892 	1891 	1956
f 1891 	1955 	1956
f 1893 	1892 	1957
f 1892 	1956 	1957
f 1894 	1893 	1958
f 1893 	1957 	1958
f 1895 	1894 	1959
f 1894 	1958 	1959
f 1896 	1895 	1960
f 1895 	1959 	1960
f 1897 	1896 	1961
f 1896 	1960 	1961
f 1898 	1897 	1962
f 1897 	1961 	1962
f 1899 	1898 	1963
f 1898 	1962 	1963
f 1900 	1899 	1964
f 1899 	1963 	1964
f 1901 	1900 	1965
f 1900 	1964 	1965
f 1902 	1901 	1966
f 1901 	1965 	1966
f 1903 	1902 	1967
f 1902 	1966 	1967
f 1904 	1903 	1968
f 1903 	1967 	1968
f 1905 	1904 	1969
f 1904 	1968 	1969
f 1906 	1905 	1970
f 1905 	1969 	1970
f 1907 	1906 	1971
f 1906 	1970 	1971
f 1908 	1907 	1972
f 1907 	1971 	1972
f 1909 	1908 	1973
f 1908 	1972 	1973
f 1910 	1909 	1974
f 1909 	1973 	1974
f 1911 	1910 	1975
f 1910 	1974 	1975
f 1912 	1911 	1976
f 1911 	1975 	1976
f 1913 	1912 	1977
f 1912 	1976 	1977
f 1914 	1913 	1978
f 1913 	1977 	1978
f 1915 	1914 	1979
f 1914 	1978 	1979
f 1916 	1915 	1980
f 1915 	1979 	1980
f 1917 	1916 	1981
f 1916 	1980 	1981
f 1918 	1917 	1982
f 1917 	1981 	1982
f 1919 	1918 	1983
f 1918 	1982 	1983
f 1920 	1919 	1984
f 1919 	1983 	1984
f 1921 	1920 	1985
f 1920 	1984 	1985
f 1858 	1921 	1922
f 1921 	1985 	1922
f 1923 	1922 	1987
f 1922 	1986 	1987
f 1924 	1923 	1988
f 1923 	1987 	1988
f 1925 	1924 	1989
f 1924 	1988 	1989
f 1926 	1925 	1990
f 1925 	1989 	1990
f 1927 	1926 	1991
f 1926 	1990 	1991
f 1928 	1927 	1992
f 1927 	1991 	1992
f 1929 	1928 	1993
f 1928 	1992 	1993
f 1930 	1929 	1994
f 1929 	1993 	1994
f 1931 	1930 	1995
f 1930 	1994 	1995
f 1932 	1931 	1996
f 1931 	1995 	1996
f 1933 	1932 	1997
f 1932 	1996 	1997
f 1934 	1933 	1998
f 1933 	1997 	1998
f 1935 	1934 	1999
f 1934 	1998 	1999
f 1936 	1935 	2000
f 1935 	1999 	2000
f 1937 	1936 	2001
f 1936 	2000 	2001
f 1938 	1937 	2002
f 1937 	2001 	2002
f 1939 	1938 	2003
f 1938 	2002 	2003
f 1940 	1939 	2004
f 1939 	2003 	2004
f 1941 	1940 	2005
f 1940 	2004 	2005
f 1942 	1941 	2006
f 1941 	2005 	2006
f 1943 	1942 	2007
f 1942 	2006 	2007
f 1944 	1943 	2008
f 1943 	2007 	2008
f 1945 	1944 	2009
f 1944 	2008 	2009
f 1946 	1945 	2010
f 1945 	2009 	2010
f 1947 	1946 	2011
f 1946 	2010 	2011
f 1948 	1947 	2012
f 1947 	2011 	2012
f 1949 	1948 	2013
f 1948 	2012 	2013
f 1950 	1949 	2014
f 1949 	2013 	2014
f 1951 	1950 	2015
f 1950 	2014 	2015
f 1952 	1951 	2016
f 1951 	2015 	2016
f 1953 	1952 	2017
f 1952 	2016 	2017
f 1954 	1953 	2018
f 1953 	2017 	2018
f 1955 	1954 	2019
f 1954 	2018 	2019
f 1956 	1955 	2020
f 1955 	2019 	2020
f 1957 	1956 	2021
f 1956 	2020 	2021
f 1958 	1957 	2022
f 1957 	2021 	2022
f 1959 	1958 	2023
f 1958 	2022 	2023
f 1960 	1959 	2024
f 1959 	2023 	2024
f 1961 	1960 	2025
f 1960 	2024 	2025
f 1962 	1961 	2026
f 1961 	2025 	2026
f 1963 	1962 	2027
f 1962 	2026 	2027
f 1964 	1963 	2028
f 1963 	2027 	2028
f 1965 	1964 	2029
f 1964 	2028 	2029
f 1966 	1965 	2030
f 1965 	2029 	2030
f 1967 	1966 	2031
f 1966 	2030 	2031
f 1968 	1967 	2032
f 1967 	2031 	2032
f 1969 	1968 	2033
f 1968 	2032 	2033
f 1970 	1969 	2034
f 1969 	2033 	2034
f 1971 	1970 	2035
f 1970 	2034 	2035
f 1972 	1971 	2036
f 1971 	2035 	2036
f 1973 	1972 	2037
f 1972 	2036 	2037
f 1974 	1973 	2038
f 1973 	2037 	2038
f 1975 	1974 	2039
f 1974 	2038 	2039
f 1976 	1975 	2040
f 1975 	2039 	2040
f 1977 	1976 	2041
f 1976 	2040 	2041
f 1978 	1977 	2042
f 1977 	2041 	2042
f 1979 	1978 	2043
f 1978 	2042 	2043
f 1980 	1979 	2044
f 1979 	2043 	2044
f 1981 	1980 	2045
f 1980 	2044 	2045
f 1982 	1981 	2046
f 1981 	2045 	2046
f 1983 	1982 	2047
f 1982 	2046 	2047
f 1984 	1983 	2048
f 1983 	2047 	2048
f 1985 	1984 	2049
f 1984 	2048 	2049
f 1922 	1985 	1986
f 1985 	2049 	1986
f 1987 	1986 	2051
f 1986 	2050 	2051
f 1988 	1987 	2052
f 1987 	2051 	2052
f 1989 	1988 	2053
f 1988 	2052 	2053
f 1990 	1989 	2054
f 1989 	2053 	2054
f 1991 	1990 	2055
f 1990 	2054 	2055
f 1992 	1991 	2056
f 1991 	2055 	2056
f 1993 	1992 	2057
f 1992 	2056 	2057
f 1994 	1993 	2058
f 1993 	2057 	2058
f 1995 	1994 	2059
f 1994 	2058 	2059
f 1996 	1995 	2060
f 1995 	2059 	2060
f 1997 	1996 	2061
f 1996 	2060 	2061
f 1998 	1997 	2062
f 1997 	2061 	2062
f 1999 	1998 	2063
f 1998 	2062 	2063
f 2000 	1999 	2064
f 1999 	2063 	2064
f 2001 	2000 	2065
f 2000 	2064 	2065
f 2002 	2001 	2066
f 2001 	2065 	2066
f 2003 	2002 	2067
f 2002 	2066 	2067
f 2004 	2003 	2068
f 2003 	2067 	2068
f 2005 	2004 	2069
f 2004 	2068 	2069
f 2006 	2005 	2070
f 2005 	2069 	2070
f 2007 	2006 	2071
f 2006 	2070 	2071
f 2008 	2007 	2072
f 2007 	2071 	2072
f 2009 	2008 	2073
f 2008 	2072 	2073
f 2010 	2009 	2074
f 2009 	2073 	2074
f 2011 	2010 	2075
f 2010 	2074 	2075
f 2012 	2011 	2076
f 2011 	2075 	2076
f 2013 	2012 	2077
f 2012 	2076 	2077
f 2014 	2013 	2078
f 2013 	2077 	2078
f 2015 	2014 	2079
f 2014 	2078 	2079
f 2016 	2015 	2080
f 2015 	2079 	2080
f 2017 	2016 	2081
f 2016 	2080 	2081
f 2018 	2017 	2082
f 2017 	2081 	2082
f 2019 	2018 	2083
f 2018 	2082 	2083
f 2020 	2019 	2084
f 2019 	2083 	2084
f 2021 	2020 	2085
f 2020 	2084 	2085
f 2022 	2021 	2086
f 2021 	2085 	2086
f 2023 	2022 	2087
f 2022 	2086 	2087
f 2024 	2023 	2088
f 2023 	2087 	2088
f 2025 	2024 	2089
f 2024 	2088 	2089
f 2026 	2025 	2090
f 2025 	2089 	2090
f 2027 	2026 	2091
f 2026 	2090 	2091
f 2028 	2027 	2092
f 2027 	2091 	2092
f 2029 	2028 	2093
f 2028 	2092 	2093
f 2030 	2029 	2094
f 2029 	2093 	2094
f 2031 	2030 	2095
f 2030 	2094 	2095
f 2032 	2031 	2096
f 2031 	2095 	2096
f 2033 	2032 	2097
f 2032 	2096 	2097
f 2034 	2033 	2098
f 2033 	2097 	2098
f 2035 	2034 	2099
f 2034 	2098 	2099
f 2036 	2035 	2100
f 2035 	2099 	2100
f 2037 	2036 	2101
f 2036 	2100 	2101
f 2038 	2037 	2102
f 2037 	2101 	2102
f 2039 	2038 	2103
f 2038 	2102 	2103
f 2040 	2039 	2104
f 2039 	2103 	2104
f 2041 	2040 	2105
f 2040 	2104 	2105
f 2042 	2041 	2106
f 2041 	2105 	2106
f 2043 	2042 	2107
f 2042 	2106 	2107
f 2044 	2043 	2108
f 2043 	2107 	2108
f 2045 	2044 	2109
f 2044 	2108 	2109
f 2046 	2045 	2110
f 2045 	2109 	2110
f 2047 	2046 	2111
f 2046 	2110 	2111
f 2048 	2047 	2112
f 2047 	2111 	2112
f 2049 	2048 	2113
f 2048 	2112 	2113
f 1986 	2049 	2050
f 2049 	2113 	2050
f 2051 	2050 	2115
f 2050 	2114 	2115
f 2052 	2051 	2116
f 2051 	2115 	2116
f 2053 	2052 	2117
f 2052 	2116 	2117
f 2054 	2053 	2118
f 2053 	2117 	2118
f 2055 	2054 	2119
f 2054 	2118 	2119
f 2056 	2055 	2120
f 2055 	2119 	2120
f 2057 	2056 	2121
f 2056 	2120 	2121
f 2058 	2057 	2122
f 2057 	2121 	2122
f 2059 	2058 	2123
f 2058 	2122 	2123
f 2060 	2059 	2124
f 2059 	2123 	2124
f 2061 	2060 	2125
f 2060 	2124 	2125
f 2062 	2061 	2126
f 2061 	2125 	2126
f 2063 	2062 	2127
f 2062 	2126 	2127
f 2064 	2063 	2128
f 2063 	2127 	2128
f 2065 	2064 	2129
f 2064 	2128 	2129
f 2066 	2065 	2130
f 2065 	2129 	2130
f 2067 	2066 	2131
f 2066 	2130 	2131
f 2068 	2067 	2132
f 2067 	2131 	2132
f 2069 	2068 	2133
f 2068 	2132 	2133
f 2070 	2069 	2134
f 2069 	2133 	2134
f 2071 	2070 	2135
f 2070 	2134 	2135
f 2072 	2071 	2136
f 2071 	2135 	2136
f 2073 	2072 	2137
f 2072 	2136 	2137
f 2074 	2073 	2138
f 2073 	2137 	2138
f 2075 	2074 	2139
f 2074 	2138 	2139
f 2076 	2075 	2140
f 2075 	2139 	2140
f 2077 	2076 	2141
f 2076 	2140 	2141
f 2078 	2077 	2142
f 2077 	2141 	2142
f 2079 	2078 	2143
f 2078 	2142 	2143
f 2080 	2079 	2144
f 2079 	2143 	2144
f 2081 	2080 	2145
f 2080 	2144 	2145
f 2082 	2081 	2146
f 2081 	2145 	2146
f 2083 	2082 	2147
f 2082 	2146 	2147
f 2084 	2083 	2148
f 2083 	2147 	2148
f 2085 	2084 	2149
f 2084 	2148 	2149
f 2086 	2085 	2150
f 2085 	2149 	2150
f 2087 	2086 	2151
f 2086 	2150 	2151
f 2088 	2087 	2152
f 2087 	2151 	2152
f 2089 	2088 	2153
f 2088 	2152 	2153
f 2090 	2089 	2154
f 2089 	2153 	2154
f 2091 	2090 	2155
f 2090 	2154 	2155
f 2092 	2091 	2156
f 2091 	2155 	2156
f 2093 	2092 	2157
f 2092 	2156 	2157
f 2094 	2093 	2158
f 2093 	2157 	2158
f 2095 	2094 	2159
f 2094 	2158 	2159
f 2096 	2095 	2160
f 2095 	2159 	2160
f 2097 	2096 	2161
f 2096 	2160 	2161
f 2098 	2097 	2162
f 2097 	2161 	2162
f 2099 	2098 	2163
f 2098 	2162 	2163
f 2100 	2099 	2164
f 2099 	2163 	2164
f 2101 	2100 	2165
f 2100 	2164 	2165
f 2102 	2101 	2166
f 2101 	2165 	2166
f 2103 	2102 	2167
f 2102 	2166 	2167
f 2104 	2103 	2168
f 2103 	2167 	2168
f 2105 	2104 	2169
f 2104 	2168 	2169
f 2106 	2105 	2170
f 2105 	2169 	2170
f 2107 	2106 	2171
f 2106 	2170 	2171
f 2108 	2107 	2172
f 2107 	2171 	2172
f 2109 	2108 	2173
f 2108 	2172 	2173
f 2110 	2109 	2174
f 2109 	2173 	2174
f 2111 	2110 	2175
f 2110 	2174 	2175
f 2112 	2111 	2176
f 2111 	2175 	2176
f 2113 	2112 	2177
f 2112 	2176 	2177
f 2050 	2113 	2114
f 2113 	2177 	2114
f 2115 	2114 	2179
f 2114 	2178 	2179
f 2116 	2115 	2180
f 2115 	2179 	2180
f 2117 	2116 	2181
f 2116 	2180 	2181
f 2118 	2117 	2182
f 2117 	2181 	2182
f 2119 	2118 	2183
f 2118 	2182 	2183
f 2120 	2119 	2184
f 2119 	2183 	2184
f 2121 	2120 	2185
f 2120 	2184 	2185
f 2122 	2121 	2186
f 2121 	2185 	2186
f 2123 	2122 	2187
f 2122 	2186 	2187
f 2124 	2123 	2188
f 2123 	2187 	2188
f 2125 	2124 	2189
f 2124 	2188 	2189
f 2126 	2125 	2190
f 2125 	2189 	2190
f 2127 	2126 	2191
f 2126 	2190 	2191
f 2128 	2127 	2192
f 2127 	2191 	2192
f 2129 	2128 	2193
f 2128 	2192 	2193
f 2130 	2129 	2194
f 2129 	2193 	2194
f 2131 	2130 	2195
f 2130 	2194 	2195
f 2132 	2131 	2196
f 2131 	2195 	2196
f 2133 	2132 	2197
f 2132 	2196 	2197
f 2134 	2133 	2198
f 2133 	2197 	2198
f 2135 	2134 	2199
f 2134 	2198 	2199
f 2136 	2135 	2200
f 2135 	2199 	2200
f 2137 	2136 	2201
f 2136 	2200 	2201
f 2138 	2137 	2202
f 2137 	2201 	2202
f 2139 	2138 	2203
f 2138 	2202 	2203
f 2140 	2139 	2204
f 2139 	2203 	2204
f 2141 	2140 	2205
f 2140 	2204 	2205
f 2142 	2141 	2206
f 2141 	2205 	2206
f 2143 	2142 	2207
f 2142 	2206 	2207
f 2144 	2143 	2208
f 2143 	2207 	2208
f 2145 	2144 	2209
f 2144 	2208 	2209
f 2146 	2145 	2210
f 2145 	2209 	2210
f 2147 	2146 	2211
f 2146 	2210 	2211
f 2148 	2147 	2212
f 2147 	2211 	2212
f 2149 	2148 	2213
f 2148 	2212 	2213
f 2150 	2149 	2214
f 2149 	2213 	2214
f 2151 	2150 	2215
f 2150 	2214 	2215
f 2152 	2151 	2216
f 2151 	2215 	2216
f 2153 	2152 	2217
f 2152 	2216 	2217
f 2154 	2153 	2218
f 2153 	2217 	2218
f 2155 	2154 	2219
f 2154 	2218 	2219
f 2156 	2155 	2220
f 2155 	2219 	2220
f 2157 	2156 	2221
f 2156 	2220 	2221
f 2158 	2157 	2222
f 2157 	2221 	2222
f 2159 	2158 	2223
f 2158 	2222 	2223
f 2160 	2159 	2224
f 2159 	2223 	2224
f 2161 	2160 	2225
f 2160 	2224 	2225
f 2162 	2161 	2226
f 2161 	2225 	2226
f 2163 	2162 	2227
f 2162 	2226 	2227
f 2164 	2163 	2228
f 2163 	2227 	2228
f 2165 	2164 	2229
f 2164 	2228 	2229
f 2166 	2165 	2230
f 2165 	2229 	2230
f 2167 	2166 	2231
f 2166 	2230 	2231
f 2168 	2167 	2232
f 2167 	2231 	2232
f 2169 	2168 	2233
f 2168 	2232 	2233
f 2170 	2169 	2234
f 2169 	2233 	2234
f 2171 	2170 	2235
f 2170 	2234 	2235
f 2172 	2171 	2236
f 2171 	2235 	2236
f 2173 	2172 	2237
f 2172 	2236 	2237
f 2174 	2173 	2238
f 2173 	2237 	2238
f 2175 	2174 	2239
f 2174 	2238 	2239
f 2176 	2175 	2240
f 2175 	2239 	2240
f 2177 	2176 	2241
f 2176 	2240 	2241
f 2114 	2177 	2178
f 2177 	2241 	2178
f 2179 	2178 	2243
f 2178 	2242 	2243
f 2180 	2179 	2244
f 2179 	2243 	2244
f 2181 	2180 	2245
f 2180 	2244 	2245
f 2182 	2181 	2246
f 2181 	2245 	2246
f 2183 	2182 	2247
f 2182 	2246 	2247
f 2184 	2183 	2248
f 2183 	2247 	2248
f 2185 	2184 	2249
f 2184 	2248 	2249
f 2186 	2185 	2250
f 2185 	2249 	2250
f 2187 	2186 	2251
f 2186 	2250 	2251
f 2188 	2187 	2252
f 2187 	2251 	2252
f 2189 	2188 	2253
f 2188 	2252 	2253
f 2190 	2189 	2254
f 2189 	2253 	2254
f 2191 	2190 	2255
f 2190 	2254 	2255
f 2192 	2191 	2256
f 2191 	2255 	2256
f 2193 	2192 	2257
f 2192 	2256 	2257
f 2194 	2193 	2258
f 2193 	2257 	2258
f 2195 	2194 	2259
f 2194 	2258 	2259
f 2196 	2195 	2260
f 2195 	2259 	2260
f 2197 	2196 	2261
f 2196 	2260 	2261
f 2198 	2197 	2262
f 2197 	2261 	2262
f 2199 	2198 	2263
f 2198 	2262 	2263
f 2200 	2199 	2264
f 2199 	2263 	2264
f 2201 	2200 	2265
f 2200 	2264 	2265
f 2202 	2201 	2266
f 2201 	2265 	2266
f 2203 	2202 	2267
f 2202 	2266 	2267
f 2204 	2203 	2268
f 2203 	2267 	2268
f 2205 	2204 	2269
f 2204 	2268 	2269
f 2206 	2205 	2270
f 2205 	2269 	2270
f 2207 	2206 	2271
f 2206 	2270 	2271
f 2208 	2207 	2272
f 2207 	2271 	2272
f 2209 	2208 	2273
f 2208 	2272 	2273
f 2210 	2209 	2274
f 2209 	2273 	2274
f 2211 	2210 	2275
f 2210 	2274 	2275
f 2212 	2211 	2276
f 2211 	2275 	2276
f 2213 	2212 	2277
f 2212 	2276 	2277
f 2214 	2213 	2278
f 2213 	2277 	2278
f 2215 	2214 	2279
f 2214 	2278 	2279
f 2216 	2215 	2280
f 2215 	2279 	2280
f 2217 	2216 	2281
f 2216 	2280 	2281
f 2218 	2217 	2282
f 2217 	2281 	2282
f 2219 	2218 	2283
f 2218 	2282 	2283
f 2220 	2219 	2284
f 2219 	2283 	2284
f 2221 	2220 	2285
f 2220 	2284 	2285
f 2222 	2221 	2286
f 2221 	2285 	2286
f 2223 	2222 	2287
f 2222 	2286 	2287
f 2224 	2223 	2288
f 2223 	2287 	2288
f 2225 	2224 	2289
f 2224 	2288 	2289
f 2226 	2225 	2290
f 2225 	2289 	2290
f 2227 	2226 	2291
f 2226 	2290 	2291
f 2228 	2227 	2292
f 2227 	2291 	2292
f 2229 	2228 	2293
f 2228 	2292 	2293
f 2230 	2229 	2294
f 2229 	2293 	2294
f 2231 	2230 	2295
f 2230 	2294 	2295
f 2232 	2231 	2296
f 2231 	2295 	2296
f 2233 	2232 	2297
f 2232 	2296 	2297
f 2234 	2233 	2298
f 2233 	2297 	2298
f 2235 	2234 	2299
f 2234 	2298 	2299
f 2236 	2235 	2300
f 2235 	2299 	2300
f 2237 	2236 	2301
f 2236 	2300 	2301
f 2238 	2237 	2302
f 2237 	2301 	2302
f 2239 	2238 	2303
f 2238 	2302 	2303
f 2240 	2239 	2304
f 2239 	2303 	2304
f 2241 	2240 	2305
f 2240 	2304 	2305
f 2178 	2241 	2242
f 2241 	2305 	2242
f 2243 	2242 	2307
f 2242 	2306 	2307
f 2244 	2243 	2308
f 2243 	2307 	2308
f 2245 	2244 	2309
f 2244 	2308 	2309
f 2246 	2245 	2310
f 2245 	2309 	2310
f 2247 	2246 	2311
f 2246 	2310 	2311
f 2248 	2247 	2312
f 2247 	2311 	2312
f 2249 	2248 	2313
f 2248 	2312 	2313
f 2250 	2249 	2314
f 2249 	2313 	2314
f 2251 	2250 	2315
f 2250 	2314 	2315
f 2252 	2251 	2316
f 2251 	2315 	2316
f 2253 	2252 	2317
f 2252 	2316 	2317
f 2254 	2253 	2318
f 2253 	2317 	2318
f 2255 	2254 	2319
f 2254 	2318 	2319
f 2256 	2255 	2320
f 2255 	2319 	2320
f 2257 	2256 	2321
f 2256 	2320 	2321
f 2258 	2257 	2322
f 2257 	2321 	2322
f 2259 	2258 	2323
f 2258 	2322 	2323
f 2260 	2259 	2324
f 2259 	2323 	2324
f 2261 	2260 	2325
f 2260 	2324 	2325
f 2262 	2261 	2326
f 2261 	2325 	2326
f 2263 	2262 	2327
f 2262 	2326 	2327
f 2264 	2263 	2328
f 2263 	2327 	2328
f 2265 	2264 	2329
f 2264 	2328 	2329
f 2266 	2265 	2330
f 2265 	2329 	2330
f 2267 	2266 	2331
f 2266 	2330 	2331
f 2268 	2267 	2332
f 2267 	2331 	2332
f 2269 	2268 	2333
f 2268 	2332 	2333
f 2270 	2269 	2334
f 2269 	2333 	2334
f 2271 	2270 	2335
f 2270 	2334 	2335
f 2272 	2271 	2336
f 2271 	2335 	2336
f 2273 	2272 	2337
f 2272 	2336 	2337
f 2274 	2273 	2338
f 2273 	2337 	2338
f 2275 	2274 	2339
f 2274 	2338 	2339
f 2276 	2275 	2340
f 2275 	2339 	2340
f 2277 	2276 	2341
f 2276 	2340 	2341
f 2278 	2277 	2342
f 2277 	2341 	2342
f 2279 	2278 	2343
f 2278 	2342 	2343
f 2280 	2279 	2344
f 2279 	2343 	2344
f 2281 	2280 	2345
f 2280 	2344 	2345
f 2282 	2281 	2346
f 2281 	2345 	2346
f 2283 	2282 	2347
f 2282 	2346 	2347
f 2284 	2283 	2348
f 2283 	2347 	2348
f 2285 	2284 	2349
f 2284 	2348 	2349
f 2286 	2285 	2350
f 2285 	2349 	2350
f 2287 	2286 	2351
f 2286 	2350 	2351
f 2288 	2287 	2352
f 2287 	2351 	2352
f 2289 	2288 	2353
f 2288 	2352 	2353
f 2290 	2289 	2354
f 2289 	2353 	2354
f 2291 	2290 	2355
f 2290 	2354 	2355
f 2292 	2291 	2356
f 2291 	2355 	2356
f 2293 	2292 	2357
f 2292 	2356 	2357
f 2294 	2293 	2358
f 2293 	2357 	2358
f 2295 	2294 	2359
f 2294 	2358 	2359
f 2296 	2295 	2360
f 2295 	2359 	2360
f 2297 	2296 	2361
f 2296 	2360 	2361
f 2298 	2297 	2362
f 2297 	2361 	2362
f 2299 	2298 	2363
f 2298 	2362 	2363
f 2300 	2299 	2364
f 2299 	2363 	2364
f 2301 	2300 	2365
f 2300 	2364 	2365
f 2302 	2301 	2366
f 2301 	2365 	2366
f 2303 	2302 	2367
f 2302 	2366 	2367
f 2304 	2303 	2368
f 2303 	2367 	2368
f 2305 	2304 	2369
f 2304 	2368 	2369
f 2242 	2305 	2306
f 2305 	2369 	2306
f 2307 	2306 	2371
f 2306 	2370 	2371
f 2308 	2307 	2372
f 2307 	2371 	2372
f 2309 	2308 	2373
f 2308 	2372 	2373
f 2310 	2309 	2374
f 2309 	2373 	2374
f 2311 	2310 	2375
f 2310 	2374 	2375
f 2312 	2311 	2376
f 2311 	2375 	2376
f 2313 	2312 	2377
f 2312 	2376 	2377
f 2314 	2313 	2378
f 2313 	2377 	2378
f 2315 	2314 	2379
f 2314 	2378 	2379
f 2316 	2315 	2380
f 2315 	2379 	2380
f 2317 	2316 	2381
f 2316 	2380 	2381
f 2318 	2317 	2382
f 2317 	2381 	2382
f 2319 	2318 	2383
f 2318 	2382 	2383
f 2320 	2319 	2384
f 2319 	2383 	2384
f 2321 	2320 	2385
f 2320 	2384 	2385
f 2322 	2321 	2386
f 2321 	2385 	2386
f 2323 	2322 	2387
f 2322 	2386 	2387
f 2324 	2323 	2388
f 2323 	2387 	2388
f 2325 	2324 	2389
f 2324 	2388 	2389
f 2326 	2325 	2390
f 2325 	2389 	2390
f 2327 	2326 	2391
f 2326 	2390 	2391
f 2328 	2327 	2392
f 2327 	2391 	2392
f 2329 	2328 	2393
f 2328 	2392 	2393
f 2330 	2329 	2394
f 2329 	2393 	2394
f 2331 	2330 	2395
f 2330 	2394 	2395
f 2332 	2331 	2396
f 2331 	2395 	2396
f 2333 	2332 	2397
f 2332 	2396 	2397
f 2334 	2333 	2398
f 2333 	2397 	2398
f 2335 	2334 	2399
f 2334 	2398 	2399
f 2336 	2335 	2400
f 2335 	2399 	2400
f 2337 	2336 	2401
f 2336 	2400 	2401
f 2338 	2337 	2402
f 2337 	2401 	2402
f 2339 	2338 	2403
f 2338 	2402 	2403
f 2340 	2339 	2404
f 2339 	2403 	2404
f 2341 	2340 	2405
f 2340 	2404 	2405
f 2342 	2341 	2406
f 2341 	2405 	2406
f 2343 	2342 	2407
f 2342 	2406 	2407
f 2344 	2343 	2408
f 2343 	2407 	2408
f 2345 	2344 	2409
f 2344 	2408 	2409
f 2346 	2345 	2410
f 2345 	2409 	2410
f 2347 	2346 	2411
f 2346 	2410 	2411
f 2348 	2347 	2412
f 2347 	2411 	2412
f 2349 	2348 	2413
f 2348 	2412 	2413
f 2350 	2349 	2414
f 2349 	2413 	2414
f 2351 	2350 	2415
f 2350 	2414 	2415
f 2352 	2351 	2416
f 2351 	2415 	2416
f 2353 	2352 	2417
f 2352 	2416 	2417
f 2354 	2353 	2418
f 2353 	2417 	2418
f 2355 	2354 	2419
f 2354 	2418 	2419
f 2356 	2355 	2420
f 2355 	2419 	2420
f 2357 	2356 	2421
f 2356 	2420 	2421
f 2358 	2357 	2422
f 2357 	2421 	2422
f 2359 	2358 	2423
f 2358 	2422 	2423
f 2360 	2359 	2424
f 2359 	2423 	2424
f 2361 	2360 	2425
f 2360 	2424 	2425
f 2362 	2361 	2426
f 2361 	2425 	2426
f 2363 	2362 	2427
f 2362 	2426 	2427
f 2364 	2363 	2428
f 2363 	2427 	2428
f 2365 	2364 	2429
f 2364 	2428 	2429
f 2366 	2365 	2430
f 2365 	2429 	2430
f 2367 	2366 	2431
f 2366 	2430 	2431
f 2368 	2367 	2432
f 2367 	2431 	2432
f 2369 	2368 	2433
f 2368 	2432 	2433
f 2306 	2369 	2370
f 2369 	2433 	2370
f 2371 	2370 	2435
f 2370 	2434 	2435
f 2372 	2371 	2436
f 2371 	2435 	2436
f 2373 	2372 	2437
f 2372 	2436 	2437
f 2374 	2373 	2438
f 2373 	2437 	2438
f 2375 	2374 	2439
f 2374 	2438 	2439
f 2376 	2375 	2440
f 2375 	2439 	2440
f 2377 	2376 	2441
f 2376 	2440 	2441
f 2378 	2377 	2442
f 2377 	2441 	2442
f 2379 	2378 	2443
f 2378 	2442 	2443
f 2380 	2379 	2444
f 2379 	2443 	2444
f 2381 	2380 	2445
f 2380 	2444 	2445
f 2382 	2381 	2446
f 2381 	2445 	2446
f 2383 	2382 	2447
f 2382 	2446 	2447
f 2384 	2383 	2448
f 2383 	2447 	2448
f 2385 	2384 	2449
f 2384 	2448 	2449
f 2386 	2385 	2450
f 2385 	2449 	2450
f 2387 	2386 	2451
f 2386 	2450 	2451
f 2388 	2387 	2452
f 2387 	2451 	2452
f 2389 	2388 	2453
f 2388 	2452 	2453
f 2390 	2389 	2454
f 2389 	2453 	2454
f 2391 	2390 	2455
f 2390 	2454 	2455
f 2392 	2391 	2456
f 2391 	2455 	2456
f 2393 	2392 	2457
f 2392 	2456 	2457
f 2394 	2393 	2458
f 2393 	2457 	2458
f 2395 	2394 	2459
f 2394 	2458 	2459
f 2396 	2395 	2460
f 2395 	2459 	2460
f 2397 	2396 	2461
f 2396 	2460 	2461
f 2398 	2397 	2462
f 2397 	2461 	2462
f 2399 	2398 	2463
f 2398 	2462 	2463
f 2400 	2399 	2464
f 2399 	2463 	2464
f 2401 	2400 	2465
f 2400 	2464 	2465
f 2402 	2401 	2466
f 2401 	2465 	2466
f 2403 	2402 	2467
f 2402 	2466 	2467
f 2404 	2403 	2468
f 2403 	2467 	2468
f 2405 	2404 	2469
f 2404 	2468 	2469
f 2406 	2405 	2470
f 2405 	2469 	2470
f 2407 	2406 	2471
f 2406 	2470 	2471
f 2408 	2407 	2472
f 2407 	2471 	2472
f 2409 	2408 	2473
f 2408 	2472 	2473
f 2410 	2409 	2474
f 2409 	2473 	2474
f 2411 	2410 	2475
f 2410 	2474 	2475
f 2412 	2411 	2476
f 2411 	2475 	2476
f 2413 	2412 	2477
f 2412 	2476 	2477
f 2414 	2413 	2478
f 2413 	2477 	2478
f 2415 	2414 	2479
f 2414 	2478 	2479
f 2416 	2415 	2480
f 2415 	2479 	2480
f 2417 	2416 	2481
f 2416 	2480 	2481
f 2418 	2417 	2482
f 2417 	2481 	2482
f 2419 	2418 	2483
f 2418 	2482 	2483
f 2420 	2419 	2484
f 2419 	2483 	2484
f 2421 	2420 	2485
f 2420 	2484 	2485
f 2422 	2421 	2486
f 2421 	2485 	2486
f 2423 	2422 	2487
f 2422 	2486 	2487
f 2424 	2423 	2488
f 2423 	2487 	2488
f 2425 	2424 	2489
f 2424 	2488 	2489
f 2426 	2425 	2490
f 2425 	2489 	2490
f 2427 	2426 	2491
f 2426 	2490 	2491
f 2428 	2427 	2492
f 2427 	2491 	2492
f 2429 	2428 	2493
f 2428 	2492 	2493
f 2430 	2429 	2494
f 2429 	2493 	2494
f 2431 	2430 	2495
f 2430 	2494 	2495
f 2432 	2431 	2496
f 2431 	2495 	2496
f 2433 	2432 	2497
f 2432 	2496 	2497
f 2370 	2433 	2434
f 2433 	2497 	2434
f 2435 	2434 	2499
f 2434 	2498 	2499
f 2436 	2435 	2500
f 2435 	2499 	2500
f 2437 	2436 	2501
f 2436 	2500 	2501
f 2438 	2437 	2502
f 2437 	2501 	2502
f 2439 	2438 	2503
f 2438 	2502 	2503
f 2440 	2439 	2504
f 2439 	2503 	2504
f 2441 	2440 	2505
f 2440 	2504 	2505
f 2442 	2441 	2506
f 2441 	2505 	2506
f 2443 	2442 	2507
f 2442 	2506 	2507
f 2444 	2443 	2508
f 2443 	2507 	2508
f 2445 	2444 	2509
f 2444 	2508 	2509
f 2446 	2445 	2510
f 2445 	2509 	2510
f 2447 	2446 	2511
f 2446 	2510 	2511
f 2448 	2447 	2512
f 2447 	2511 	2512
f 2449 	2448 	2513
f 2448 	2512 	2513
f 2450 	2449 	2514
f 2449 	2513 	2514
f 2451 	2450 	2515
f 2450 	2514 	2515
f 2452 	2451 	2516
f 2451 	2515 	2516
f 2453 	2452 	2517
f 2452 	2516 	2517
f 2454 	2453 	2518
f 2453 	2517 	2518
f 2455 	2454 	2519
f 2454 	2518 	2519
f 2456 	2455 	2520
f 2455 	2519 	2520
f 2457 	2456 	2521
f 2456 	2520 	2521
f 2458 	2457 	2522
f 2457 	2521 	2522
f 2459 	2458 	2523
f 2458 	2522 	2523
f 2460 	2459 	2524
f 2459 	2523 	2524
f 2461 	2460 	2525
f 2460 	2524 	2525
f 2462 	2461 	2526
f 2461 	2525 	2526
f 2463 	2462 	2527
f 2462 	2526 	2527
f 2464 	2463 	2528
f 2463 	2527 	2528
f 2465 	2464 	2529
f 2464 	2528 	2529
f 2466 	2465 	2530
f 2465 	2529 	2530
f 2467 	2466 	2531
f 2466 	2530 	2531
f 2468 	2467 	2532
f 2467 	2531 	2532
f 2469 	2468 	2533
f 2468 	2532 	2533
f 2470 	2469 	2534
f 2469 	2533 	2534
f 2471 	2470 	2535
f 2470 	2534 	2535
f 2472 	2471 	2536
f 2471 	2535 	2536
f 2473 	2472 	2537
f 2472 	2536 	2537
f 2474 	2473 	2538
f 2473 	2537 	2538
f 2475 	2474 	2539
f 2474 	2538 	2539
f 2476 	2475 	2540
f 2475 	2539 	2540
f 2477 	2476 	2541
f 2476 	2540 	2541
f 2478 	2477 	2542
f 2477 	2541 	2542
f 2479 	2478 	2543
f 2478 	2542 	2543
f 2480 	2479 	2544
f 2479 	2543 	2544
f 2481 	2480 	2545
f 2480 	2544 	2545
f 2482 	2481 	2546
f 2481 	2545 	2546
f 2483 	2482 	2547
f 2482 	2546 	2547
f 2484 	2483 	2548
f 2483 	2547 	2548
f 2485 	2484 	2549
f 2484 	2548 	2549
f 2486 	2485 	2550
f 2485 	2549 	2550
f 2487 	2486 	2551
f 2486 	2550 	2551
f 2488 	2487 	2552
f 2487 	2551 	2552
f 2489 	2488 	2553
f 2488 	2552 	2553
f 2490 	2489 	2554
f 2489 	2553 	2554
f 2491 	2490 	2555
f 2490 	2554 	2555
f 2492 	2491 	2556
f 2491 	2555 	2556
f 2493 	2492 	2557
f 2492 	2556 	2557
f 2494 	2493 	2558
f 2493 	2557 	2558
f 2495 	2494 	2559
f 2494 	2558 	2559
f 2496 	2495 	2560
f 2495 	2559 	2560
f 2497 	2496 	2561
f 2496 	2560 	2561
f 2434 	2497 	2498
f 2497 	2561 	2498
f 2499 	2498 	2563
f 2498 	2562 	2563
f 2500 	2499 	2564
f 2499 	2563 	2564
f 2501 	2500 	2565
f 2500 	2564 	2565
f 2502 	2501 	2566
f 2501 	2565 	2566
f 2503 	2502 	2567
f 2502 	2566 	2567
f 2504 	2503 	2568
f 2503 	2567 	2568
f 2505 	2504 	2569
f 2504 	2568 	2569
f 2506 	2505 	2570
f 2505 	2569 	2570
f 2507 	2506 	2571
f 2506 	2570 	2571
f 2508 	2507 	2572
f 2507 	2571 	2572
f 2509 	2508 	2573
f 2508 	2572 	2573
f 2510 	2509 	2574
f 2509 	2573 	2574
f 2511 	2510 	2575
f 2510 	2574 	2575
f 2512 	2511 	2576
f 2511 	2575 	2576
f 2513 	2512 	2577
f 2512 	2576 	2577
f 2514 	2513 	2578
f 2513 	2577 	2578
f 2515 	2514 	2579
f 2514 	2578 	2579
f 2516 	2515 	2580
f 2515 	2579 	2580
f 2517 	2516 	2581
f 2516 	2580 	2581
f 2518 	2517 	2582
f 2517 	2581 	2582
f 2519 	2518 	2583
f 2518 	2582 	2583
f 2520 	2519 	2584
f 2519 	2583 	2584
f 2521 	2520 	2585
f 2520 	2584 	2585
f 2522 	2521 	2586
f 2521 	2585 	2586
f 2523 	2522 	2587
f 2522 	2586 	2587
f 2524 	2523 	2588
f 2523 	2587 	2588
f 2525 	2524 	2589
f 2524 	2588 	2589
f 2526 	2525 	2590
f 2525 	2589 	2590
f 2527 	2526 	2591
f 2526 	2590 	2591
f 2528 	2527 	2592
f 2527 	2591 	2592
f 2529 	2528 	2593
f 2528 	2592 	2593
f 2530 	2529 	2594
f 2529 	2593 	2594
f 2531 	2530 	2595
f 2530 	2594 	2595
f 2532 	2531 	2596
f 2531 	2595 	2596
f 2533 	2532 	2597
f 2532 	2596 	2597
f 2534 	2533 	2598
f 2533 	2597 	2598
f 2535 	2534 	2599
f 2534 	2598 	2599
f 2536 	2535 	2600
f 2535 	2599 	2600
f 2537 	2536 	2601
f 2536 	2600 	2601
f 2538 	2537 	2602
f 2537 	2601 	2602
f 2539 	2538 	2603
f 2538 	2602 	2603
f 2540 	2539 	2604
f 2539 	2603 	2604
f 2541 	2540 	2605
f 2540 	2604 	2605
f 2542 	2541 	2606
f 2541 	2605 	2606
f 2543 	2542 	2607
f 2542 	2606 	2607
f 2544 	2543 	2608
f 2543 	2607 	2608
f 2545 	2544 	2609
f 2544 	2608 	2609
f 2546 	2545 	2610
f 2545 	2609 	2610
f 2547 	2546 	2611
f 2546 	2610 	2611
f 2548 	2547 	2612
f 2547 	2611 	2612
f 2549 	2548 	2613
f 2548 	2612 	2613
f 2550 	2549 	2614
f 2549 	2613 	2614
f 2551 	2550 	2615
f 2550 	2614 	2615
f 2552 	2551 	2616
f 2551 	2615 	2616
f 2553 	2552 	2617
f 2552 	2616 	2617
f 2554 	2553 	2618
f 2553 	2617 	2618
f 2555 	2554 	2619
f 2554 	2618 	2619
f 2556 	2555 	2620
f 2555 	2619 	2620
f 2557 	2556 	2621
f 2556 	2620 	2621
f 2558 	2557 	2622
f 2557 	2621 	2622
f 2559 	2558 	2623
f 2558 	2622 	2623
f 2560 	2559 	2624
f 2559 	2623 	2624
f 2561 	2560 	2625
f 2560 	2624 	2625
f 2498 	2561 	2562
f 2561 	2625 	2562
f 2563 	2562 	2627
f 2562 	2626 	2627
f 2564 	2563 	2628
f 2563 	2627 	2628
f 2565 	2564 	2629
f 2564 	2628 	2629
f 2566 	2565 	2630
f 2565 	2629 	2630
f 2567 	2566 	2631
f 2566 	2630 	2631
f 2568 	2567 	2632
f 2567 	2631 	2632
f 2569 	2568 	2633
f 2568 	2632 	2633
f 2570 	2569 	2634
f 2569 	2633 	2634
f 2571 	2570 	2635
f 2570 	2634 	2635
f 2572 	2571 	2636
f 2571 	2635 	2636
f 2573 	2572 	2637
f 2572 	2636 	2637
f 2574 	2573 	2638
f 2573 	2637 	2638
f 2575 	2574 	2639
f 2574 	2638 	2639
f 2576 	2575 	2640
f 2575 	2639 	2640
f 2577 	2576 	2641
f 2576 	2640 	2641
f 2578 	2577 	2642
f 2577 	2641 	2642
f 2579 	2578 	2643
f 2578 	2642 	2643
f 2580 	2579 	2644
f 2579 	2643 	2644
f 2581 	2580 	2645
f 2580 	2644 	2645
f 2582 	2581 	2646
f 2581 	2645 	2646
f 2583 	2582 	2647
f 2582 	2646 	2647
f 2584 	2583 	2648
f 2583 	2647 	2648
f 2585 	2584 	2649
f 2584 	2648 	2649
f 2586 	2585 	2650
f 2585 	2649 	2650
f 2587 	2586 	2651
f 2586 	2650 	2651
f 2588 	2587 	2652
f 2587 	2651 	2652
f 2589 	2588 	2653
f 2588 	2652 	2653
f 2590 	2589 	2654
f 2589 	2653 	2654
f 2591 	2590 	2655
f 2590 	2654 	2655
f 2592 	2591 	2656
f 2591 	2655 	2656
f 2593 	2592 	2657
f 2592 	2656 	2657
f 2594 	2593 	2658
f 2593 	2657 	2658
f 2595 	2594 	2659
f 2594 	2658 	2659
f 2596 	2595 	2660
f 2595 	2659 	2660
f 2597 	2596 	2661
f 2596 	2660 	2661
f 2598 	2597 	2662
f 2597 	2661 	2662
f 2599 	2598 	2663
f 2598 	2662 	2663
f 2600 	2599 	2664
f 2599 	2663 	2664
f 2601 	2600 	2665
f 2600 	2664 	2665
f 2602 	2601 	2666
f 2601 	2665 	2666
f 2603 	2602 	2667
f 2602 	2666 	2667
f 2604 	2603 	2668
f 2603 	2667 	2668
f 2605 	2604 	2669
f 2604 	2668 	2669
f 2606 	2605 	2670
f 2605 	2669 	2670
f 2607 	2606 	2671
f 2606 	2670 	2671
f 2608 	2607 	2672
f 2607 	2671 	2672
f 2609 	2608 	2673
f 2608 	2672 	2673
f 2610 	2609 	2674
f 2609 	2673 	2674
f 2611 	2610 	2675
f 2610 	2674 	2675
f 2612 	2611 	2676
f 2611 	2675 	2676
f 2613 	2612 	2677
f 2612 	2676 	2677
f 2614 	2613 	2678
f 2613 	2677 	2678
f 2615 	2614 	2679
f 2614 	2678 	2679
f 2616 	2615 	2680
f 2615 	2679 	2680
f 2617 	2616 	2681
f 2616 	2680 	2681
f 2618 	2617 	2682
f 2617 	2681 	2682
f 2619 	2618 	2683
f 2618 	2682 	2683
f 2620 	2619 	2684
f 2619 	2683 	2684
f 2621 	2620 	2685
f 2620 	2684 	2685
f 2622 	2621 	2686
f 2621 	2685 	2686
f 2623 	2622 	2687
f 2622 	2686 	2687
f 2624 	2623 	2688
f 2623 	2687 	2688
f 2625 	2624 	2689
f 2624 	2688 	2689
f 2562 	2625 	2626
f 2625 	2689 	2626
f 2627 	2626 	2691
f 2626 	2690 	2691
f 2628 	2627 	2692
f 2627 	2691 	2692
f 2629 	2628 	2693
f 2628 	2692 	2693
f 2630 	2629 	2694
f 2629 	2693 	2694
f 2631 	2630 	2695
f 2630 	2694 	2695
f 2632 	2631 	2696
f 2631 	2695 	2696
f 2633 	2632 	2697
f 2632 	2696 	2697
f 2634 	2633 	2698
f 2633 	2697 	2698
f 2635 	2634 	2699
f 2634 	2698 	2699
f 2636 	2635 	2700
f 2635 	2699 	2700
f 2637 	2636 	2701
f 2636 	2700 	2701
f 2638 	2637 	2702
f 2637 	2701 	2702
f 2639 	2638 	2703
f 2638 	2702 	2703
f 2640 	2639 	2704
f 2639 	2703 	2704
f 2641 	2640 	2705
f 2640 	2704 	2705
f 2642 	2641 	2706
f 2641 	2705 	2706
f 2643 	2642 	2707
f 2642 	2706 	2707
f 2644 	2643 	2708
f 2643 	2707 	2708
f 2645 	2644 	2709
f 2644 	2708 	2709
f 2646 	2645 	2710
f 2645 	2709 	2710
f 2647 	2646 	2711
f 2646 	2710 	2711
f 2648 	2647 	2712
f 2647 	2711 	2712
f 2649 	2648 	2713
f 2648 	2712 	2713
f 2650 	2649 	2714
f 2649 	2713 	2714
f 2651 	2650 	2715
f 2650 	2714 	2715
f 2652 	2651 	2716
f 2651 	2715 	2716
f 2653 	2652 	2717
f 2652 	2716 	2717
f 2654 	2653 	2718
f 2653 	2717 	2718
f 2655 	2654 	2719
f 2654 	2718 	2719
f 2656 	2655 	2720
f 2655 	2719 	2720
f 2657 	2656 	2721
f 2656 	2720 	2721
f 2658 	2657 	2722
f 2657 	2721 	2722
f 2659 	2658 	2723
f 2658 	2722 	2723
f 2660 	2659 	2724
f 2659 	2723 	2724
f 2661 	2660 	2725
f 2660 	2724 	2725
f 2662 	2661 	2726
f 2661 	2725 	2726
f 2663 	2662 	2727
f 2662 	2726 	2727
f 2664 	2663 	2728
f 2663 	2727 	2728
f 2665 	2664 	2729
f 2664 	2728 	2729
f 2666 	2665 	2730
f 2665 	2729 	2730
f 2667 	2666 	2731
f 2666 	2730 	2731
f 2668 	2667 	2732
f 2667 	2731 	2732
f 2669 	2668 	2733
f 2668 	2732 	2733
f 2670 	2669 	2734
f 2669 	2733 	2734
f 2671 	2670 	2735
f 2670 	2734 	2735
f 2672 	2671 	2736
f 2671 	2735 	2736
f 2673 	2672 	2737
f 2672 	2736 	2737
f 2674 	2673 	2738
f 2673 	2737 	2738
f 2675 	2674 	2739
f 2674 	2738 	2739
f 2676 	2675 	2740
f 2675 	2739 	2740
f 2677 	2676 	2741
f 2676 	2740 	2741
f 2678 	2677 	2742
f 2677 	2741 	2742
f 2679 	2678 	2743
f 2678 	2742 	2743
f 2680 	2679 	2744
f 2679 	2743 	2744
f 2681 	2680 	2745
f 2680 	2744 	2745
f 2682 	2681 	2746
f 2681 	2745 	2746
f 2683 	2682 	2747
f 2682 	2746 	2747
f 2684 	2683 	2748
f 2683 	2747 	2748
f 2685 	2684 	2749
f 2684 	2748 	2749
f 2686 	2685 	2750
f 2685 	2749 	2750
f 2687 	2686 	2751
f 2686 	2750 	2751
f 2688 	2687 	2752
f 2687 	2751 	2752
f 2689 	2688 	2753
f 2688 	2752 	2753
f 2626 	2689 	2690
f 2689 	2753 	2690
f 2691 	2690 	2755
f 2690 	2754 	2755
f 2692 	2691 	2756
f 2691 	2755 	2756
f 2693 	2692 	2757
f 2692 	2756 	2757
f 2694 	2693 	2758
f 2693 	2757 	2758
f 2695 	2694 	2759
f 2694 	2758 	2759
f 2696 	2695 	2760
f 2695 	2759 	2760
f 2697 	2696 	2761
f 2696 	2760 	2761
f 2698 	2697 	2762
f 2697 	2761 	2762
f 2699 	2698 	2763
f 2698 	2762 	2763
f 2700 	2699 	2764
f 2699 	2763 	2764
f 2701 	2700 	2765
f 2700 	2764 	2765
f 2702 	2701 	2766
f 2701 	2765 	2766
f 2703 	2702 	2767
f 2702 	2766 	2767
f 2704 	2703 	2768
f 2703 	2767 	2768
f 2705 	2704 	2769
f 2704 	2768 	2769
f 2706 	2705 	2770
f 2705 	2769 	2770
f 2707 	2706 	2771
f 2706 	2770 	2771
f 2708 	2707 	2772
f 2707 	2771 	2772
f 2709 	2708 	2773
f 2708 	2772 	2773
f 2710 	2709 	2774
f 2709 	2773 	2774
f 2711 	2710 	2775
f 2710 	2774 	2775
f 2712 	2711 	2776
f 2711 	2775 	2776
f 2713 	2712 	2777
f 2712 	2776 	2777
f 2714 	2713 	2778
f 2713 	2777 	2778
f 2715 	2714 	2779
f 2714 	2778 	2779
f 2716 	2715 	2780
f 2715 	2779 	2780
f 2717 	2716 	2781
f 2716 	2780 	2781
f 2718 	2717 	2782
f 2717 	2781 	2782
f 2719 	2718 	2783
f 2718 	2782 	2783
f 2720 	2719 	2784
f 2719 	2783 	2784
f 2721 	2720 	2785
f 2720 	2784 	2785
f 2722 	2721 	2786
f 2721 	2785 	2786
f 2723 	2722 	2787
f 2722 	2786 	2787
f 2724 	2723 	2788
f 2723 	2787 	2788
f 2725 	2724 	2789
f 2724 	2788 	2789
f 2726 	2725 	2790
f 2725 	2789 	2790
f 2727 	2726 	2791
f 2726 	2790 	2791
f 2728 	2727 	2792
f 2727 	2791 	2792
f 2729 	2728 	2793
f 2728 	2792 	2793
f 2730 	2729 	2794
f 2729 	2793 	2794
f 2731 	2730 	2795
f 2730 	2794 	2795
f 2732 	2731 	2796
f 2731 	2795 	2796
f 2733 	2732 	2797
f 2732 	2796 	2797
f 2734 	2733 	2798
f 2733 	2797 	2798
f 2735 	2734 	2799
f 2734 	2798 	2799
f 2736 	2735 	2800
f 2735 	2799 	2800
f 2737 	2736 	2801
f 2736 	2800 	2801
f 2738 	2737 	2802
f 2737 	2801 	2802
f 2739 	2738 	2803
f 2738 	2802 	2803
f 2740 	2739 	2804
f 2739 	2803 	2804
f 2741 	2740 	2805
f 2740 	2804 	2805
f 2742 	2741 	2806
f 2741 	2805 	2806
f 2743 	2742 	2807
f 2742 	2806 	2807
f 2744 	2743 	2808
f 2743 	2807 	2808
f 2745 	2744 	2809
f 2744 	2808 	2809
f 2746 	2745 	2810
f 2745 	2809 	2810
f 2747 	2746 	2811
f 2746 	2810 	2811
f 2748 	2747 	2812
f 2747 	2811 	2812
f 2749 	2748 	2813
f 2748 	2812 	2813
f 2750 	2749 	2814
f 2749 	2813 	2814
f 2751 	2750 	2815
f 2750 	2814 	2815
f 2752 	2751 	2816
f 2751 	2815 	2816
f 2753 	2752 	2817
f 2752 	2816 	2817
f 2690 	2753 	2754
f 2753 	2817 	2754
f 2755 	2754 	2819
f 2754 	2818 	2819
f 2756 	2755 	2820
f 2755 	2819 	2820
f 2757 	2756 	2821
f 2756 	2820 	2821
f 2758 	2757 	2822
f 2757 	2821 	2822
f 2759 	2758 	2823
f 2758 	2822 	2823
f 2760 	2759 	2824
f 2759 	2823 	2824
f 2761 	2760 	2825
f 2760 	2824 	2825
f 2762 	2761 	2826
f 2761 	2825 	2826
f 2763 	2762 	2827
f 2762 	2826 	2827
f 2764 	2763 	2828
f 2763 	2827 	2828
f 2765 	2764 	2829
f 2764 	2828 	2829
f 2766 	2765 	2830
f 2765 	2829 	2830
f 2767 	2766 	2831
f 2766 	2830 	2831
f 2768 	2767 	2832
f 2767 	2831 	2832
f 2769 	2768 	2833
f 2768 	2832 	2833
f 2770 	2769 	2834
f 2769 	2833 	2834
f 2771 	2770 	2835
f 2770 	2834 	2835
f 2772 	2771 	2836
f 2771 	2835 	2836
f 2773 	2772 	2837
f 2772 	2836 	2837
f 2774 	2773 	2838
f 2773 	2837 	2838
f 2775 	2774 	2839
f 2774 	2838 	2839
f 2776 	2775 	2840
f 2775 	2839 	2840
f 2777 	2776 	2841
f 2776 	2840 	2841
f 2778 	2777 	2842
f 2777 	2841 	2842
f 2779 	2778 	2843
f 2778 	2842 	2843
f 2780 	2779 	2844
f 2779 	2843 	2844
f 2781 	2780 	2845
f 2780 	2844 	2845
f 2782 	2781 	2846
f 2781 	2845 	2846
f 2783 	2782 	2847
f 2782 	2846 	2847
f 2784 	2783 	2848
f 2783 	2847 	2848
f 2785 	2784 	2849
f 2784 	2848 	2849
f 2786 	2785 	2850
f 2785 	2849 	2850
f 2787 	2786 	2851
f 2786 	2850 	2851
f 2788 	2787 	2852
f 2787 	2851 	2852
f 2789 	2788 	2853
f 2788 	2852 	2853
f 2790 	2789 	2854
f 2789 	2853 	2854
f 2791 	2790 	2855
f 2790 	2854 	2855
f 2792 	2791 	2856
f 2791 	2855 	2856
f 2793 	2792 	2857
f 2792 	2856 	2857
f 2794 	2793 	2858
f 2793 	2857 	2858
f 2795 	2794 	2859
f 2794 	2858 	2859
f 2796 	2795 	2860
f 2795 	2859 	2860
f 2797 	2796 	2861
f 2796 	2860 	2861
f 2798 	2797 	2862
f 2797 	2861 	2862
f 2799 	2798 	2863
f 2798 	2862 	2863
f 2800 	2799 	2864
f 2799 	2863 	2864
f 2801 	2800 	2865
f 2800 	2864 	2865
f 2802 	2801 	2866
f 2801 	2865 	2866
f 2803 	2802 	2867
f 2802 	2866 	2867
f 2804 	2803 	2868
f 2803 	2867 	2868
f 2805 	2804 	2869
f 2804 	2868 	2869
f 2806 	2805 	2870
f 2805 	2869 	2870
f 2807 	2806 	2871
f 2806 	2870 	2871
f 2808 	2807 	2872
f 2807 	2871 	2872
f 2809 	2808 	2873
f 2808 	2872 	2873
f 2810 	2809 	2874
f 2809 	2873 	2874
f 2811 	2810 	2875
f 2810 	2874 	2875
f 2812 	2811 	2876
f 2811 	2875 	2876
f 2813 	2812 	2877
f 2812 	2876 	2877
f 2814 	2813 	2878
f 2813 	2877 	2878
f 2815 	2814 	2879
f 2814 	2878 	2879
f 2816 	2815 	2880
f 2815 	2879 	2880
f 2817 	2816 	2881
f 2816 	2880 	2881
f 2754 	2817 	2818
f 2817 	2881 	2818
f 2819 	2818 	2883
f 2818 	2882 	2883
f 2820 	2819 	2884
f 2819 	2883 	2884
f 2821 	2820 	2885
f 2820 	2884 	2885
f 2822 	2821 	2886
f 2821 	2885 	2886
f 2823 	2822 	2887
f 2822 	2886 	2887
f 2824 	2823 	2888
f 2823 	2887 	2888
f 2825 	2824 	2889
f 2824 	2888 	2889
f 2826 	2825 	2890
f 2825 	2889 	2890
f 2827 	2826 	2891
f 2826 	2890 	2891
f 2828 	2827 	2892
f 2827 	2891 	2892
f 2829 	2828 	2893
f 2828 	2892 	2893
f 2830 	2829 	2894
f 2829 	2893 	2894
f 2831 	2830 	2895
f 2830 	2894 	2895
f 2832 	2831 	2896
f 2831 	2895 	2896
f 2833 	2832 	2897
f 2832 	2896 	2897
f 2834 	2833 	2898
f 2833 	2897 	2898
f 2835 	2834 	2899
f 2834 	2898 	2899
f 2836 	2835 	2900
f 2835 	2899 	2900
f 2837 	2836 	2901
f 2836 	2900 	2901
f 2838 	2837 	2902
f 2837 	2901 	2902
f 2839 	2838 	2903
f 2838 	2902 	2903
f 2840 	2839 	2904
f 2839 	2903 	2904
f 2841 	2840 	2905
f 2840 	2904 	2905
f 2842 	2841 	2906
f 2841 	2905 	2906
f 2843 	2842 	2907
f 2842 	2906 	2907
f 2844 	2843 	2908
f 2843 	2907 	2908
f 2845 	2844 	2909
f 2844 	2908 	2909
f 2846 	2845 	2910
f 2845 	2909 	2910
f 2847 	2846 	2911
f 2846 	2910 	2911
f 2848 	2847 	2912
f 2847 	2911 	2912
f 2849 	2848 	2913
f 2848 	2912 	2913
f 2850 	2849 	2914
f 2849 	2913 	2914
f 2851 	2850 	2915
f 2850 	2914 	2915
f 2852 	2851 	2916
f 2851 	2915 	2916
f 2853 	2852 	2917
f 2852 	2916 	2917
f 2854 	2853 	2918
f 2853 	2917 	2918
f 2855 	2854 	2919
f 2854 	2918 	2919
f 2856 	2855 	2920
f 2855 	2919 	2920
f 2857 	2856 	2921
f 2856 	2920 	2921
f 2858 	2857 	2922
f 2857 	2921 	2922
f 2859 	2858 	2923
f 2858 	2922 	2923
f 2860 	2859 	2924
f 2859 	2923 	2924
f 2861 	2860 	2925
f 2860 	2924 	2925
f 2862 	2861 	2926
f 2861 	2925 	2926
f 2863 	2862 	2927
f 2862 	2926 	2927
f 2864 	2863 	2928
f 2863 	2927 	2928
f 2865 	2864 	2929
f 2864 	2928 	2929
f 2866 	2865 	2930
f 2865 	2929 	2930
f 2867 	2866 	2931
f 2866 	2930 	2931
f 2868 	2867 	2932
f 2867 	2931 	2932
f 2869 	2868 	2933
f 2868 	2932 	2933
f 2870 	2869 	2934
f 2869 	2933 	2934
f 2871 	2870 	2935
f 2870 	2934 	2935
f 2872 	2871 	2936
f 2871 	2935 	2936
f 2873 	2872 	2937
f 2872 	2936 	2937
f 2874 	2873 	2938
f 2873 	2937 	2938
f 2875 	2874 	2939
f 2874 	2938 	2939
f 2876 	2875 	2940
f 2875 	2939 	2940
f 2877 	2876 	2941
f 2876 	2940 	2941
f 2878 	2877 	2942
f 2877 	2941 	2942
f 2879 	2878 	2943
f 2878 	2942 	2943
f 2880 	2879 	2944
f 2879 	2943 	2944
f 2881 	2880 	2945
f 2880 	2944 	2945
f 2818 	2881 	2882
f 2881 	2945 	2882
f 2883 	2882 	2947
f 2882 	2946 	2947
f 2884 	2883 	2948
f 2883 	2947 	2948
f 2885 	2884 	2949
f 2884 	2948 	2949
f 2886 	2885 	2950
f 2885 	2949 	2950
f 2887 	2886 	2951
f 2886 	2950 	2951
f 2888 	2887 	2952
f 2887 	2951 	2952
f 2889 	2888 	2953
f 2888 	2952 	2953
f 2890 	2889 	2954
f 2889 	2953 	2954
f 2891 	2890 	2955
f 2890 	2954 	2955
f 2892 	2891 	2956
f 2891 	2955 	2956
f 2893 	2892 	2957
f 2892 	2956 	2957
f 2894 	2893 	2958
f 2893 	2957 	2958
f 2895 	2894 	2959
f 2894 	2958 	2959
f 2896 	2895 	2960
f 2895 	2959 	2960
f 2897 	2896 	2961
f 2896 	2960 	2961
f 2898 	2897 	2962
f 2897 	2961 	2962
f 2899 	2898 	2963
f 2898 	2962 	2963
f 2900 	2899 	2964
f 2899 	2963 	2964
f 2901 	2900 	2965
f 2900 	2964 	2965
f 2902 	2901 	2966
f 2901 	2965 	2966
f 2903 	2902 	2967
f 2902 	2966 	2967
f 2904 	2903 	2968
f 2903 	2967 	2968
f 2905 	2904 	2969
f 2904 	2968 	2969
f 2906 	2905 	2970
f 2905 	2969 	2970
f 2907 	2906 	2971
f 2906 	2970 	2971
f 2908 	2907 	2972
f 2907 	2971 	2972
f 2909 	2908 	2973
f 2908 	2972 	2973
f 2910 	2909 	2974
f 2909 	2973 	2974
f 2911 	2910 	2975
f 2910 	2974 	2975
f 2912 	2911 	2976
f 2911 	2975 	2976
f 2913 	2912 	2977
f 2912 	2976 	2977
f 2914 	2913 	2978
f 2913 	2977 	2978
f 2915 	2914 	2979
f 2914 	2978 	2979
f 2916 	2915 	2980
f 2915 	2979 	2980
f 2917 	2916 	2981
f 2916 	2980 	2981
f 2918 	2917 	2982
f 2917 	2981 	2982
f 2919 	2918 	2983
f 2918 	2982 	2983
f 2920 	2919 	2984
f 2919 	2983 	2984
f 2921 	2920 	2985
f 2920 	2984 	2985
f 2922 	2921 	2986
f 2921 	2985 	2986
f 2923 	2922 	2987
f 2922 	2986 	2987
f 2924 	2923 	2988
f 2923 	2987 	2988
f 2925 	2924 	2989
f 2924 	2988 	2989
f 2926 	2925 	2990
f 2925 	2989 	2990
f 2927 	2926 	2991
f 2926 	2990 	2991
f 2928 	2927 	2992
f 2927 	2991 	2992
f 2929 	2928 	2993
f 2928 	2992 	2993
f 2930 	2929 	2994
f 2929 	2993 	2994
f 2931 	2930 	2995
f 2930 	2994 	2995
f 2932 	2931 	2996
f 2931 	2995 	2996
f 2933 	2932 	2997
f 2932 	2996 	2997
f 2934 	2933 	2998
f 2933 	2997 	2998
f 2935 	2934 	2999
f 2934 	2998 	2999
f 2936 	2935 	3000
f 2935 	2999 	3000
f 2937 	2936 	3001
f 2936 	3000 	3001
f 2938 	2937 	3002
f 2937 	3001 	3002
f 2939 	2938 	3003
f 2938 	3002 	3003
f 2940 	2939 	3004
f 2939 	3003 	3004
f 2941 	2940 	3005
f 2940 	3004 	3005
f 2942 	2941 	3006
f 2941 	3005 	3006
f 2943 	2942 	3007
f 2942 	3006 	3007
f 2944 	2943 	3008
f 2943 	3007 	3008
f 2945 	2944 	3009
f 2944 	3008 	3009
f 2882 	2945 	2946
f 2945 	3009 	2946
f 2947 	2946 	3011
f 2946 	3010 	3011
f 2948 	2947 	3012
f 2947 	3011 	3012
f 2949 	2948 	3013
f 2948 	3012 	3013
f 2950 	2949 	3014
f 2949 	3013 	3014
f 2951 	2950 	3015
f 2950 	3014 	3015
f 2952 	2951 	3016
f 2951 	3015 	3016
f 2953 	2952 	3017
f 2952 	3016 	3017
f 2954 	2953 	3018
f 2953 	3017 	3018
f 2955 	2954 	3019
f 2954 	3018 	3019
f 2956 	2955 	3020
f 2955 	3019 	3020
f 2957 	2956 	3021
f 2956 	3020 	3021
f 2958 	2957 	3022
f 2957 	3021 	3022
f 2959 	2958 	3023
f 2958 	3022 	3023
f 2960 	2959 	3024
f 2959 	3023 	3024
f 2961 	2960 	3025
f 2960 	3024 	3025
f 2962 	2961 	3026
f 2961 	3025 	3026
f 2963 	2962 	3027
f 2962 	3026 	3027
f 2964 	2963 	3028
f 2963 	3027 	3028
f 2965 	2964 	3029
f 2964 	3028 	3029
f 2966 	2965 	3030
f 2965 	3029 	3030
f 2967 	2966 	3031
f 2966 	3030 	3031
f 2968 	2967 	3032
f 2967 	3031 	3032
f 2969 	2968 	3033
f 2968 	3032 	3033
f 2970 	2969 	3034
f 2969 	3033 	3034
f 2971 	2970 	3035
f 2970 	3034 	3035
f 2972 	2971 	3036
f 2971 	3035 	3036
f 2973 	2972 	3037
f 2972 	3036 	3037
f 2974 	2973 	3038
f 2973 	3037 	3038
f 2975 	2974 	3039
f 2974 	3038 	3039
f 2976 	2975 	3040
f 2975 	3039 	3040
f 2977 	2976 	3041
f 2976 	3040 	3041
f 2978 	2977 	3042
f 2977 	3041 	3042
f 2979 	2978 	3043
f 2978 	3042 	3043
f 2980 	2979 	3044
f 2979 	3043 	3044
f 2981 	2980 	3045
f 2980 	3044 	3045
f 2982 	2981 	3046
f 2981 	3045 	3046
f 2983 	2982 	3047
f 2982 	3046 	3047
f 2984 	2983 	3048
f 2983 	3047 	3048
f 2985 	2984 	3049
f 2984 	3048 	3049
f 2986 	2985 	3050
f 2985 	3049 	3050
f 2987 	2986 	3051
f 2986 	3050 	3051
f 2988 	2987 	3052
f 2987 	3051 	3052
f 2989 	2988 	3053
f 2988 	3052 	3053
f 2990 	2989 	3054
f 2989 	3053 	3054
f 2991 	2990 	3055
f 2990 	3054 	3055
f 2992 	2991 	3056
f 2991 	3055 	3056
f 2993 	2992 	3057
f 2992 	3056 	3057
f 2994 	2993 	3058
f 2993 	3057 	3058
f 2995 	2994 	3059
f 2994 	3058 	3059
f 2996 	2995 	3060
f 2995 	3059 	3060
f 2997 	2996 	3061
f 2996 	3060 	3061
f 2998 	2997 	3062
f 2997 	3061 	3062
f 2999 	2998 	3063
f 2998 	3062 	3063
f 3000 	2999 	3064
f 2999 	3063 	3064
f 3001 	3000 	3065
f 3000 	3064 	3065
f 3002 	3001 	3066
f 3001 	3065 	3066
f 3003 	3002 	3067
f 3002 	3066 	3067
f 3004 	3003 	3068
f 3003 	3067 	3068
f 3005 	3004 	3069
f 3004 	3068 	3069
f 3006 	3005 	3070
f 3005 	3069 	3070
f 3007 	3006 	3071
f 3006 	3070 	3071
f 3008 	3007 	3072
f 3007 	3071 	3072
f 3009 	3008 	3073
f 3008 	3072 	3073
f 2946 	3009 	3010
f 3009 	3073 	3010
f 3011 	3010 	3075
f 3010 	3074 	3075
f 3012 	3011 	3076
f 3011 	3075 	3076
f 3013 	3012 	3077
f 3012 	3076 	3077
f 3014 	3013 	3078
f 3013 	3077 	3078
f 3015 	3014 	3079
f 3014 	3078 	3079
f 3016 	3015 	3080
f 3015 	3079 	3080
f 3017 	3016 	3081
f 3016 	3080 	3081
f 3018 	3017 	3082
f 3017 	3081 	3082
f 3019 	3018 	3083
f 3018 	3082 	3083
f 3020 	3019 	3084
f 3019 	3083 	3084
f 3021 	3020 	3085
f 3020 	3084 	3085
f 3022 	3021 	3086
f 3021 	3085 	3086
f 3023 	3022 	3087
f 3022 	3086 	3087
f 3024 	3023 	3088
f 3023 	3087 	3088
f 3025 	3024 	3089
f 3024 	3088 	3089
f 3026 	3025 	3090
f 3025 	3089 	3090
f 3027 	3026 	3091
f 3026 	3090 	3091
f 3028 	3027 	3092
f 3027 	3091 	3092
f 3029 	3028 	3093
f 3028 	3092 	3093
f 3030 	3029 	3094
f 3029 	3093 	3094
f 3031 	3030 	3095
f 3030 	3094 	3095
f 3032 	3031 	3096
f 3031 	3095 	3096
f 3033 	3032 	3097
f 3032 	3096 	3097
f 3034 	3033 	3098
f 3033 	3097 	3098
f 3035 	3034 	3099
f 3034 	3098 	3099
f 3036 	3035 	3100
f 3035 	3099 	3100
f 3037 	3036 	3101
f 3036 	3100 	3101
f 3038 	3037 	3102
f 3037 	3101 	3102
f 3039 	3038 	3103
f 3038 	3102 	3103
f 3040 	3039 	3104
f 3039 	3103 	3104
f 3041 	3040 	3105
f 3040 	3104 	3105
f 3042 	3041 	3106
f 3041 	3105 	3106
f 3043 	3042 	3107
f 3042 	3106 	3107
f 3044 	3043 	3108
f 3043 	3107 	3108
f 3045 	3044 	3109
f 3044 	3108 	3109
f 3046 	3045 	3110
f 3045 	3109 	3110
f 3047 	3046 	3111
f 3046 	3110 	3111
f 3048 	3047 	3112
f 3047 	3111 	3112
f 3049 	3048 	3113
f 3048 	3112 	3113
f 3050 	3049 	3114
f 3049 	3113 	3114
f 3051 	3050 	3115
f 3050 	3114 	3115
f 3052 	3051 	3116
f 3051 	3115 	3116
f 3053 	3052 	3117
f 3052 	3116 	3117
f 3054 	3053 	3118
f 3053 	3117 	3118
f 3055 	3054 	3119
f 3054 	3118 	3119
f 3056 	3055 	3120
f 3055 	3119 	3120
f 3057 	3056 	3121
f 3056 	3120 	3121
f 3058 	3057 	3122
f 3057 	3121 	3122
f 3059 	3058 	3123
f 3058 	3122 	3123
f 3060 	3059 	3124
f 3059 	3123 	3124
f 3061 	3060 	3125
f 3060 	3124 	3125
f 3062 	3061 	3126
f 3061 	3125 	3126
f 3063 	3062 	3127
f 3062 	3126 	3127
f 3064 	3063 	3128
f 3063 	3127 	3128
f 3065 	3064 	3129
f 3064 	3128 	3129
f 3066 	3065 	3130
f 3065 	3129 	3130
f 3067 	3066 	3131
f 3066 	3130 	3131
f 3068 	3067 	3132
f 3067 	3131 	3132
f 3069 	3068 	3133
f 3068 	3132 	3133
f 3070 	3069 	3134
f 3069 	3133 	3134
f 3071 	3070 	3135
f 3070 	3134 	3135
f 3072 	3071 	3136
f 3071 	3135 	3136
f 3073 	3072 	3137
f 3072 	3136 	3137
f 3010 	3073 	3074
f 3073 	3137 	3074
f 3075 	3074 	3139
f 3074 	3138 	3139
f 3076 	3075 	3140
f 3075 	3139 	3140
f 3077 	3076 	3141
f 3076 	3140 	3141
f 3078 	3077 	3142
f 3077 	3141 	3142
f 3079 	3078 	3143
f 3078 	3142 	3143
f 3080 	3079 	3144
f 3079 	3143 	3144
f 3081 	3080 	3145
f 3080 	3144 	3145
f 3082 	3081 	3146
f 3081 	3145 	3146
f 3083 	3082 	3147
f 3082 	3146 	3147
f 3084 	3083 	3148
f 3083 	3147 	3148
f 3085 	3084 	3149
f 3084 	3148 	3149
f 3086 	3085 	3150
f 3085 	3149 	3150
f 3087 	3086 	3151
f 3086 	3150 	3151
f 3088 	3087 	3152
f 3087 	3151 	3152
f 3089 	3088 	3153
f 3088 	3152 	3153
f 3090 	3089 	3154
f 3089 	3153 	3154
f 3091 	3090 	3155
f 3090 	3154 	3155
f 3092 	3091 	3156
f 3091 	3155 	3156
f 3093 	3092 	3157
f 3092 	3156 	3157
f 3094 	3093 	3158
f 3093 	3157 	3158
f 3095 	3094 	3159
f 3094 	3158 	3159
f 3096 	3095 	3160
f 3095 	3159 	3160
f 3097 	3096 	3161
f 3096 	3160 	3161
f 3098 	3097 	3162
f 3097 	3161 	3162
f 3099 	3098 	3163
f 3098 	3162 	3163
f 3100 	3099 	3164
f 3099 	3163 	3164
f 3101 	3100 	3165
f 3100 	3164 	3165
f 3102 	3101 	3166
f 3101 	3165 	3166
f 3103 	3102 	3167
f 3102 	3166 	3167
f 3104 	3103 	3168
f 3103 	3167 	3168
f 3105 	3104 	3169
f 3104 	3168 	3169
f 3106 	3105 	3170
f 3105 	3169 	3170
f 3107 	3106 	3171
f 3106 	3170 	3171
f 3108 	3107 	3172
f 3107 	3171 	3172
f 3109 	3108 	3173
f 3108 	3172 	3173
f 3110 	3109 	3174
f 3109 	3173 	3174
f 3111 	3110 	3175
f 3110 	3174 	3175
f 3112 	3111 	3176
f 3111 	3175 	3176
f 3113 	3112 	3177
f 3112 	3176 	3177
f 3114 	3113 	3178
f 3113 	3177 	3178
f 3115 	3114 	3179
f 3114 	3178 	3179
f 3116 	3115 	3180
f 3115 	3179 	3180
f 3117 	3116 	3181
f 3116 	3180 	3181
f 3118 	3117 	3182
f 3117 	3181 	3182
f 3119 	3118 	3183
f 3118 	3182 	3183
f 3120 	3119 	3184
f 3119 	3183 	3184
f 3121 	3120 	3185
f 3120 	3184 	3185
f 3122 	3121 	3186
f 3121 	3185 	3186
f 3123 	3122 	3187
f 3122 	3186 	3187
f 3124 	3123 	3188
f 3123 	3187 	3188
f 3125 	3124 	3189
f 3124 	3188 	3189
f 3126 	3125 	3190
f 3125 	3189 	3190
f 3127 	3126 	3191
f 3126 	3190 	3191
f 3128 	3127 	3192
f 3127 	3191 	3192
f 3129 	3128 	3193
f 3128 	3192 	3193
f 3130 	3129 	3194
f 3129 	3193 	3194
f 3131 	3130 	3195
f 3130 	3194 	3195
f 3132 	3131 	3196
f 3131 	3195 	3196
f 3133 	3132 	3197
f 3132 	3196 	3197
f 3134 	3133 	3198
f 3133 	3197 	3198
f 3135 	3134 	3199
f 3134 	3198 	3199
f 3136 	3135 	3200
f 3135 	3199 	3200
f 3137 	3136 	3201
f 3136 	3200 	3201
f 3074 	3137 	3138
f 3137 	3201 	3138
f 3139 	3138 	3203
f 3138 	3202 	3203
f 3140 	3139 	3204
f 3139 	3203 	3204
f 3141 	3140 	3205
f 3140 	3204 	3205
f 3142 	3141 	3206
f 3141 	3205 	3206
f 3143 	3142 	3207
f 3142 	3206 	3207
f 3144 	3143 	3208
f 3143 	3207 	3208
f 3145 	3144 	3209
f 3144 	3208 	3209
f 3146 	3145 	3210
f 3145 	3209 	3210
f 3147 	3146 	3211
f 3146 	3210 	3211
f 3148 	3147 	3212
f 3147 	3211 	3212
f 3149 	3148 	3213
f 3148 	3212 	3213
f 3150 	3149 	3214
f 3149 	3213 	3214
f 3151 	3150 	3215
f 3150 	3214 	3215
f 3152 	3151 	3216
f 3151 	3215 	3216
f 3153 	3152 	3217
f 3152 	3216 	3217
f 3154 	3153 	3218
f 3153 	3217 	3218
f 3155 	3154 	3219
f 3154 	3218 	3219
f 3156 	3155 	3220
f 3155 	3219 	3220
f 3157 	3156 	3221
f 3156 	3220 	3221
f 3158 	3157 	3222
f 3157 	3221 	3222
f 3159 	3158 	3223
f 3158 	3222 	3223
f 3160 	3159 	3224
f 3159 	3223 	3224
f 3161 	3160 	3225
f 3160 	3224 	3225
f 3162 	3161 	3226
f 3161 	3225 	3226
f 3163 	3162 	3227
f 3162 	3226 	3227
f 3164 	3163 	3228
f 3163 	3227 	3228
f 3165 	3164 	3229
f 3164 	3228 	3229
f 3166 	3165 	3230
f 3165 	3229 	3230
f 3167 	3166 	3231
f 3166 	3230 	3231
f 3168 	3167 	3232
f 3167 	3231 	3232
f 3169 	3168 	3233
f 3168 	3232 	3233
f 3170 	3169 	3234
f 3169 	3233 	3234
f 3171 	3170 	3235
f 3170 	3234 	3235
f 3172 	3171 	3236
f 3171 	3235 	3236
f 3173 	3172 	3237
f 3172 	3236 	3237
f 3174 	3173 	3238
f 3173 	3237 	3238
f 3175 	3174 	3239
f 3174 	3238 	3239
f 3176 	3175 	3240
f 3175 	3239 	3240
f 3177 	3176 	3241
f 3176 	3240 	3241
f 3178 	3177 	3242
f 3177 	3241 	3242
f 3179 	3178 	3243
f 3178 	3242 	3243
f 3180 	3179 	3244
f 3179 	3243 	3244
f 3181 	3180 	3245
f 3180 	3244 	3245
f 3182 	3181 	3246
f 3181 	3245 	3246
f 3183 	3182 	3247
f 3182 	3246 	3247
f 3184 	3183 	3248
f 3183 	3247 	3248
f 3185 	3184 	3249
f 3184 	3248 	3249
f 3186 	3185 	3250
f 3185 	3249 	3250
f 3187 	3186 	3251
f 3186 	3250 	3251
f 3188 	3187 	3252
f 3187 	3251 	3252
f 3189 	3188 	3253
f 3188 	3252 	3253
f 3190 	3189 	3254
f 3189 	3253 	3254
f 3191 	3190 	3255
f 3190 	3254 	3255
f 3192 	3191 	3256
f 3191 	3255 	3256
f 3193 	3192 	3257
f 3192 	3256 	3257
f 3194 	3193 	3258
f 3193 	3257 	3258
f 3195 	3194 	3259
f 3194 	3258 	3259
f 3196 	3195 	3260
f 3195 	3259 	3260
f 3197 	3196 	3261
f 3196 	3260 	3261
f 3198 	3197 	3262
f 3197 	3261 	3262
f 3199 	3198 	3263
f 3198 	3262 	3263
f 3200 	3199 	3264
f 3199 	3263 	3264
f 3201 	3200 	3265
f 3200 	3264 	3265
f 3138 	3201 	3202
f 3201 	3265 	3202
f 3203 	3202 	3267
f 3202 	3266 	3267
f 3204 	3203 	3268
f 3203 	3267 	3268
f 3205 	3204 	3269
f 3204 	3268 	3269
f 3206 	3205 	3270
f 3205 	3269 	3270
f 3207 	3206 	3271
f 3206 	3270 	3271
f 3208 	3207 	3272
f 3207 	3271 	3272
f 3209 	3208 	3273
f 3208 	3272 	3273
f 3210 	3209 	3274
f 3209 	3273 	3274
f 3211 	3210 	3275
f 3210 	3274 	3275
f 3212 	3211 	3276
f 3211 	3275 	3276
f 3213 	3212 	3277
f 3212 	3276 	3277
f 3214 	3213 	3278
f 3213 	3277 	3278
f 3215 	3214 	3279
f 3214 	3278 	3279
f 3216 	3215 	3280
f 3215 	3279 	3280
f 3217 	3216 	3281
f 3216 	3280 	3281
f 3218 	3217 	3282
f 3217 	3281 	3282
f 3219 	3218 	3283
f 3218 	3282 	3283
f 3220 	3219 	3284
f 3219 	3283 	3284
f 3221 	3220 	3285
f 3220 	3284 	3285
f 3222 	3221 	3286
f 3221 	3285 	3286
f 3223 	3222 	3287
f 3222 	3286 	3287
f 3224 	3223 	3288
f 3223 	3287 	3288
f 3225 	3224 	3289
f 3224 	3288 	3289
f 3226 	3225 	3290
f 3225 	3289 	3290
f 3227 	3226 	3291
f 3226 	3290 	3291
f 3228 	3227 	3292
f 3227 	3291 	3292
f 3229 	3228 	3293
f 3228 	3292 	3293
f 3230 	3229 	3294
f 3229 	3293 	3294
f 3231 	3230 	3295
f 3230 	3294 	3295
f 3232 	3231 	3296
f 3231 	3295 	3296
f 3233 	3232 	3297
f 3232 	3296 	3297
f 3234 	3233 	3298
f 3233 	3297 	3298
f 3235 	3234 	3299
f 3234 	3298 	3299
f 3236 	3235 	3300
f 3235 	3299 	3300
f 3237 	3236 	3301
f 3236 	3300 	3301
f 3238 	3237 	3302
f 3237 	3301 	3302
f 3239 	3238 	3303
f 3238 	3302 	3303
f 3240 	3239 	3304
f 3239 	3303 	3304
f 3241 	3240 	3305
f 3240 	3304 	3305
f 3242 	3241 	3306
f 3241 	3305 	3306
f 3243 	3242 	3307
f 3242 	3306 	3307
f 3244 	3243 	3308
f 3243 	3307 	3308
f 3245 	3244 	3309
f 3244 	3308 	3309
f 3246 	3245 	3310
f 3245 	3309 	3310
f 3247 	3246 	3311
f 3246 	3310 	3311
f 3248 	3247 	3312
f 3247 	3311 	3312
f 3249 	3248 	3313
f 3248 	3312 	3313
f 3250 	3249 	3314
f 3249 	3313 	3314
f 3251 	3250 	3315
f 3250 	3314 	3315
f 3252 	3251 	3316
f 3251 	3315 	3316
f 3253 	3252 	3317
f 3252 	3316 	3317
f 3254 	3253 	3318
f 3253 	3317 	3318
f 3255 	3254 	3319
f 3254 	3318 	3319
f 3256 	3255 	3320
f 3255 	3319 	3320
f 3257 	3256 	3321
f 3256 	3320 	3321
f 3258 	3257 	3322
f 3257 	3321 	3322
f 3259 	3258 	3323
f 3258 	3322 	3323
f 3260 	3259 	3324
f 3259 	3323 	3324
f 3261 	3260 	3325
f 3260 	3324 	3325
f 3262 	3261 	3326
f 3261 	3325 	3326
f 3263 	3262 	3327
f 3262 	3326 	3327
f 3264 	3263 	3328
f 3263 	3327 	3328
f 3265 	3264 	3329
f 3264 	3328 	3329
f 3202 	3265 	3266
f 3265 	3329 	3266
f 3267 	3266 	3331
f 3266 	3330 	3331
f 3268 	3267 	3332
f 3267 	3331 	3332
f 3269 	3268 	3333
f 3268 	3332 	3333
f 3270 	3269 	3334
f 3269 	3333 	3334
f 3271 	3270 	3335
f 3270 	3334 	3335
f 3272 	3271 	3336
f 3271 	3335 	3336
f 3273 	3272 	3337
f 3272 	3336 	3337
f 3274 	3273 	3338
f 3273 	3337 	3338
f 3275 	3274 	3339
f 3274 	3338 	3339
f 3276 	3275 	3340
f 3275 	3339 	3340
f 3277 	3276 	3341
f 3276 	3340 	3341
f 3278 	3277 	3342
f 3277 	3341 	3342
f 3279 	3278 	3343
f 3278 	3342 	3343
f 3280 	3279 	3344
f 3279 	3343 	3344
f 3281 	3280 	3345
f 3280 	3344 	3345
f 3282 	3281 	3346
f 3281 	3345 	3346
f 3283 	3282 	3347
f 3282 	3346 	3347
f 3284 	3283 	3348
f 3283 	3347 	3348
f 3285 	3284 	3349
f 3284 	3348 	3349
f 3286 	3285 	3350
f 3285 	3349 	3350
f 3287 	3286 	3351
f 3286 	3350 	3351
f 3288 	3287 	3352
f 3287 	3351 	3352
f 3289 	3288 	3353
f 3288 	3352 	3353
f 3290 	3289 	3354
f 3289 	3353 	3354
f 3291 	3290 	3355
f 3290 	3354 	3355
f 3292 	3291 	3356
f 3291 	3355 	3356
f 3293 	3292 	3357
f 3292 	3356 	3357
f 3294 	3293 	3358
f 3293 	3357 	3358
f 3295 	3294 	3359
f 3294 	3358 	3359
f 3296 	3295 	3360
f 3295 	3359 	3360
f 3297 	3296 	3361
f 3296 	3360 	3361
f 3298 	3297 	3362
f 3297 	3361 	3362
f 3299 	3298 	3363
f 3298 	3362 	3363
f 3300 	3299 	3364
f 3299 	3363 	3364
f 3301 	3300 	3365
f 3300 	3364 	3365
f 3302 	3301 	3366
f 3301 	3365 	3366
f 3303 	3302 	3367
f 3302 	3366 	3367
f 3304 	3303 	3368
f 3303 	3367 	3368
f 3305 	3304 	3369
f 3304 	3368 	3369
f 3306 	3305 	3370
f 3305 	3369 	3370
f 3307 	3306 	3371
f 3306 	3370 	3371
f 3308 	3307 	3372
f 3307 	3371 	3372
f 3309 	3308 	3373
f 3308 	3372 	3373
f 3310 	3309 	3374
f 3309 	3373 	3374
f 3311 	3310 	3375
f 3310 	3374 	3375
f 3312 	3311 	3376
f 3311 	3375 	3376
f 3313 	3312 	3377
f 3312 	3376 	3377
f 3314 	3313 	3378
f 3313 	3377 	3378
f 3315 	3314 	3379
f 3314 	3378 	3379
f 3316 	3315 	3380
f 3315 	3379 	3380
f 3317 	3316 	3381
f 3316 	3380 	3381
f 3318 	3317 	3382
f 3317 	3381 	3382
f 3319 	3318 	3383
f 3318 	3382 	3383
f 3320 	3319 	3384
f 3319 	3383 	3384
f 3321 	3320 	3385
f 3320 	3384 	3385
f 3322 	3321 	3386
f 3321 	3385 	3386
f 3323 	3322 	3387
f 3322 	3386 	3387
f 3324 	3323 	3388
f 3323 	3387 	3388
f 3325 	3324 	3389
f 3324 	3388 	3389
f 3326 	3325 	3390
f 3325 	3389 	3390
f 3327 	3326 	3391
f 3326 	3390 	3391
f 3328 	3327 	3392
f 3327 	3391 	3392
f 3329 	3328 	3393
f 3328 	3392 	3393
f 3266 	3329 	3330
f 3329 	3393 	3330
f 3331 	3330 	3395
f 3330 	3394 	3395
f 3332 	3331 	3396
f 3331 	3395 	3396
f 3333 	3332 	3397
f 3332 	3396 	3397
f 3334 	3333 	3398
f 3333 	3397 	3398
f 3335 	3334 	3399
f 3334 	3398 	3399
f 3336 	3335 	3400
f 3335 	3399 	3400
f 3337 	3336 	3401
f 3336 	3400 	3401
f 3338 	3337 	3402
f 3337 	3401 	3402
f 3339 	3338 	3403
f 3338 	3402 	3403
f 3340 	3339 	3404
f 3339 	3403 	3404
f 3341 	3340 	3405
f 3340 	3404 	3405
f 3342 	3341 	3406
f 3341 	3405 	3406
f 3343 	3342 	3407
f 3342 	3406 	3407
f 3344 	3343 	3408
f 3343 	3407 	3408
f 3345 	3344 	3409
f 3344 	3408 	3409
f 3346 	3345 	3410
f 3345 	3409 	3410
f 3347 	3346 	3411
f 3346 	3410 	3411
f 3348 	3347 	3412
f 3347 	3411 	3412
f 3349 	3348 	3413
f 3348 	3412 	3413
f 3350 	3349 	3414
f 3349 	3413 	3414
f 3351 	3350 	3415
f 3350 	3414 	3415
f 3352 	3351 	3416
f 3351 	3415 	3416
f 3353 	3352 	3417
f 3352 	3416 	3417
f 3354 	3353 	3418
f 3353 	3417 	3418
f 3355 	3354 	3419
f 3354 	3418 	3419
f 3356 	3355 	3420
f 3355 	3419 	3420
f 3357 	3356 	3421
f 3356 	3420 	3421
f 3358 	3357 	3422
f 3357 	3421 	3422
f 3359 	3358 	3423
f 3358 	3422 	3423
f 3360 	3359 	3424
f 3359 	3423 	3424
f 3361 	3360 	3425
f 3360 	3424 	3425
f 3362 	3361 	3426
f 3361 	3425 	3426
f 3363 	3362 	3427
f 3362 	3426 	3427
f 3364 	3363 	3428
f 3363 	3427 	3428
f 3365 	3364 	3429
f 3364 	3428 	3429
f 3366 	3365 	3430
f 3365 	3429 	3430
f 3367 	3366 	3431
f 3366 	3430 	3431
f 3368 	3367 	3432
f 3367 	3431 	3432
f 3369 	3368 	3433
f 3368 	3432 	3433
f 3370 	3369 	3434
f 3369 	3433 	3434
f 3371 	3370 	3435
f 3370 	3434 	3435
f 3372 	3371 	3436
f 3371 	3435 	3436
f 3373 	3372 	3437
f 3372 	3436 	3437
f 3374 	3373 	3438
f 3373 	3437 	3438
f 3375 	3374 	3439
f 3374 	3438 	3439
f 3376 	3375 	3440
f 3375 	3439 	3440
f 3377 	3376 	3441
f 3376 	3440 	3441
f 3378 	3377 	3442
f 3377 	3441 	3442
f 3379 	3378 	3443
f 3378 	3442 	3443
f 3380 	3379 	3444
f 3379 	3443 	3444
f 3381 	3380 	3445
f 3380 	3444 	3445
f 3382 	3381 	3446
f 3381 	3445 	3446
f 3383 	3382 	3447
f 3382 	3446 	3447
f 3384 	3383 	3448
f 3383 	3447 	3448
f 3385 	3384 	3449
f 3384 	3448 	3449
f 3386 	3385 	3450
f 3385 	3449 	3450
f 3387 	3386 	3451
f 3386 	3450 	3451
f 3388 	3387 	3452
f 3387 	3451 	3452
f 3389 	3388 	3453
f 3388 	3452 	3453
f 3390 	3389 	3454
f 3389 	3453 	3454
f 3391 	3390 	3455
f 3390 	3454 	3455
f 3392 	3391 	3456
f 3391 	3455 	3456
f 3393 	3392 	3457
f 3392 	3456 	3457
f 3330 	3393 	3394
f 3393 	3457 	3394
f 3395 	3394 	3459
f 3394 	3458 	3459
f 3396 	3395 	3460
f 3395 	3459 	3460
f 3397 	3396 	3461
f 3396 	3460 	3461
f 3398 	3397 	3462
f 3397 	3461 	3462
f 3399 	3398 	3463
f 3398 	3462 	3463
f 3400 	3399 	3464
f 3399 	3463 	3464
f 3401 	3400 	3465
f 3400 	3464 	3465
f 3402 	3401 	3466
f 3401 	3465 	3466
f 3403 	3402 	3467
f 3402 	3466 	3467
f 3404 	3403 	3468
f 3403 	3467 	3468
f 3405 	3404 	3469
f 3404 	3468 	3469
f 3406 	3405 	3470
f 3405 	3469 	3470
f 3407 	3406 	3471
f 3406 	3470 	3471
f 3408 	3407 	3472
f 3407 	3471 	3472
f 3409 	3408 	3473
f 3408 	3472 	3473
f 3410 	3409 	3474
f 3409 	3473 	3474
f 3411 	3410 	3475
f 3410 	3474 	3475
f 3412 	3411 	3476
f 3411 	3475 	3476
f 3413 	3412 	3477
f 3412 	3476 	3477
f 3414 	3413 	3478
f 3413 	3477 	3478
f 3415 	3414 	3479
f 3414 	3478 	3479
f 3416 	3415 	3480
f 3415 	3479 	3480
f 3417 	3416 	3481
f 3416 	3480 	3481
f 3418 	3417 	3482
f 3417 	3481 	3482
f 3419 	3418 	3483
f 3418 	3482 	3483
f 3420 	3419 	3484
f 3419 	3483 	3484
f 3421 	3420 	3485
f 3420 	3484 	3485
f 3422 	3421 	3486
f 3421 	3485 	3486
f 3423 	3422 	3487
f 3422 	3486 	3487
f 3424 	3423 	3488
f 3423 	3487 	3488
f 3425 	3424 	3489
f 3424 	3488 	3489
f 3426 	3425 	3490
f 3425 	3489 	3490
f 3427 	3426 	3491
f 3426 	3490 	3491
f 3428 	3427 	3492
f 3427 	3491 	3492
f 3429 	3428 	3493
f 3428 	3492 	3493
f 3430 	3429 	3494
f 3429 	3493 	3494
f 3431 	3430 	3495
f 3430 	3494 	3495
f 3432 	3431 	3496
f 3431 	3495 	3496
f 3433 	3432 	3497
f 3432 	3496 	3497
f 3434 	3433 	3498
f 3433 	3497 	3498
f 3435 	3434 	3499
f 3434 	3498 	3499
f 3436 	3435 	3500
f 3435 	3499 	3500
f 3437 	3436 	3501
f 3436 	3500 	3501
f 3438 	3437 	3502
f 3437 	3501 	3502
f 3439 	3438 	3503
f 3438 	3502 	3503
f 3440 	3439 	3504
f 3439 	3503 	3504
f 3441 	3440 	3505
f 3440 	3504 	3505
f 3442 	3441 	3506
f 3441 	3505 	3506
f 3443 	3442 	3507
f 3442 	3506 	3507
f 3444 	3443 	3508
f 3443 	3507 	3508
f 3445 	3444 	3509
f 3444 	3508 	3509
f 3446 	3445 	3510
f 3445 	3509 	3510
f 3447 	3446 	3511
f 3446 	3510 	3511
f 3448 	3447 	3512
f 3447 	3511 	3512
f 3449 	3448 	3513
f 3448 	3512 	3513
f 3450 	3449 	3514
f 3449 	3513 	3514
f 3451 	3450 	3515
f 3450 	3514 	3515
f 3452 	3451 	3516
f 3451 	3515 	3516
f 3453 	3452 	3517
f 3452 	3516 	3517
f 3454 	3453 	3518
f 3453 	3517 	3518
f 3455 	3454 	3519
f 3454 	3518 	3519
f 3456 	3455 	3520
f 3455 	3519 	3520
f 3457 	3456 	3521
f 3456 	3520 	3521
f 3394 	3457 	3458
f 3457 	3521 	3458
f 3459 	3458 	3523
f 3458 	3522 	3523
f 3460 	3459 	3524
f 3459 	3523 	3524
f 3461 	3460 	3525
f 3460 	3524 	3525
f 3462 	3461 	3526
f 3461 	3525 	3526
f 3463 	3462 	3527
f 3462 	3526 	3527
f 3464 	3463 	3528
f 3463 	3527 	3528
f 3465 	3464 	3529
f 3464 	3528 	3529
f 3466 	3465 	3530
f 3465 	3529 	3530
f 3467 	3466 	3531
f 3466 	3530 	3531
f 3468 	3467 	3532
f 3467 	3531 	3532
f 3469 	3468 	3533
f 3468 	3532 	3533
f 3470 	3469 	3534
f 3469 	3533 	3534
f 3471 	3470 	3535
f 3470 	3534 	3535
f 3472 	3471 	3536
f 3471 	3535 	3536
f 3473 	3472 	3537
f 3472 	3536 	3537
f 3474 	3473 	3538
f 3473 	3537 	3538
f 3475 	3474 	3539
f 3474 	3538 	3539
f 3476 	3475 	3540
f 3475 	3539 	3540
f 3477 	3476 	3541
f 3476 	3540 	3541
f 3478 	3477 	3542
f 3477 	3541 	3542
f 3479 	3478 	3543
f 3478 	3542 	3543
f 3480 	3479 	3544
f 3479 	3543 	3544
f 3481 	3480 	3545
f 3480 	3544 	3545
f 3482 	3481 	3546
f 3481 	3545 	3546
f 3483 	3482 	3547
f 3482 	3546 	3547
f 3484 	3483 	3548
f 3483 	3547 	3548
f 3485 	3484 	3549
f 3484 	3548 	3549
f 3486 	3485 	3550
f 3485 	3549 	3550
f 3487 	3486 	3551
f 3486 	3550 	3551
f 3488 	3487 	3552
f 3487 	3551 	3552
f 3489 	3488 	3553
f 3488 	3552 	3553
f 3490 	3489 	3554
f 3489 	3553 	3554
f 3491 	3490 	3555
f 3490 	3554 	3555
f 3492 	3491 	3556
f 3491 	3555 	3556
f 3493 	3492 	3557
f 3492 	3556 	3557
f 3494 	3493 	3558
f 3493 	3557 	3558
f 3495 	3494 	3559
f 3494 	3558 	3559
f 3496 	3495 	3560
f 3495 	3559 	3560
f 3497 	3496 	3561
f 3496 	3560 	3561
f 3498 	3497 	3562
f 3497 	3561 	3562
f 3499 	3498 	3563
f 3498 	3562 	3563
f 3500 	3499 	3564
f 3499 	3563 	3564
f 3501 	3500 	3565
f 3500 	3564 	3565
f 3502 	3501 	3566
f 3501 	3565 	3566
f 3503 	3502 	3567
f 3502 	3566 	3567
f 3504 	3503 	3568
f 3503 	3567 	3568
f 3505 	3504 	3569
f 3504 	3568 	3569
f 3506 	3505 	3570
f 3505 	3569 	3570
f 3507 	3506 	3571
f 3506 	3570 	3571
f 3508 	3507 	3572
f 3507 	3571 	3572
f 3509 	3508 	3573
f 3508 	3572 	3573
f 3510 	3509 	3574
f 3509 	3573 	3574
f 3511 	3510 	3575
f 3510 	3574 	3575
f 3512 	3511 	3576
f 3511 	3575 	3576
f 3513 	3512 	3577
f 3512 	3576 	3577
f 3514 	3513 	3578
f 3513 	3577 	3578
f 3515 	3514 	3579
f 3514 	3578 	3579
f 3516 	3515 	3580
f 3515 	3579 	3580
f 3517 	3516 	3581
f 3516 	3580 	3581
f 3518 	3517 	3582
f 3517 	3581 	3582
f 3519 	3518 	3583
f 3518 	3582 	3583
f 3520 	3519 	3584
f 3519 	3583 	3584
f 3521 	3520 	3585
f 3520 	3584 	3585
f 3458 	3521 	3522
f 3521 	3585 	3522
f 3523 	3522 	3587
f 3522 	3586 	3587
f 3524 	3523 	3588
f 3523 	3587 	3588
f 3525 	3524 	3589
f 3524 	3588 	3589
f 3526 	3525 	3590
f 3525 	3589 	3590
f 3527 	3526 	3591
f 3526 	3590 	3591
f 3528 	3527 	3592
f 3527 	3591 	3592
f 3529 	3528 	3593
f 3528 	3592 	3593
f 3530 	3529 	3594
f 3529 	3593 	3594
f 3531 	3530 	3595
f 3530 	3594 	3595
f 3532 	3531 	3596
f 3531 	3595 	3596
f 3533 	3532 	3597
f 3532 	3596 	3597
f 3534 	3533 	3598
f 3533 	3597 	3598
f 3535 	3534 	3599
f 3534 	3598 	3599
f 3536 	3535 	3600
f 3535 	3599 	3600
f 3537 	3536 	3601
f 3536 	3600 	3601
f 3538 	3537 	3602
f 3537 	3601 	3602
f 3539 	3538 	3603
f 3538 	3602 	3603
f 3540 	3539 	3604
f 3539 	3603 	3604
f 3541 	3540 	3605
f 3540 	3604 	3605
f 3542 	3541 	3606
f 3541 	3605 	3606
f 3543 	3542 	3607
f 3542 	3606 	3607
f 3544 	3543 	3608
f 3543 	3607 	3608
f 3545 	3544 	3609
f 3544 	3608 	3609
f 3546 	3545 	3610
f 3545 	3609 	3610
f 3547 	3546 	3611
f 3546 	3610 	3611
f 3548 	3547 	3612
f 3547 	3611 	3612
f 3549 	3548 	3613
f 3548 	3612 	3613
f 3550 	3549 	3614
f 3549 	3613 	3614
f 3551 	3550 	3615
f 3550 	3614 	3615
f 3552 	3551 	3616
f 3551 	3615 	3616
f 3553 	3552 	3617
f 3552 	3616 	3617
f 3554 	3553 	3618
f 3553 	3617 	3618
f 3555 	3554 	3619
f 3554 	3618 	3619
f 3556 	3555 	3620
f 3555 	3619 	3620
f 3557 	3556 	3621
f 3556 	3620 	3621
f 3558 	3557 	3622
f 3557 	3621 	3622
f 3559 	3558 	3623
f 3558 	3622 	3623
f 3560 	3559 	3624
f 3559 	3623 	3624
f 3561 	3560 	3625
f 3560 	3624 	3625
f 3562 	3561 	3626
f 3561 	3625 	3626
f 3563 	3562 	3627
f 3562 	3626 	3627
f 3564 	3563 	3628
f 3563 	3627 	3628
f 3565 	3564 	3629
f 3564 	3628 	3629
f 3566 	3565 	3630
f 3565 	3629 	3630
f 3567 	3566 	3631
f 3566 	3630 	3631
f 3568 	3567 	3632
f 3567 	3631 	3632
f 3569 	3568 	3633
f 3568 	3632 	3633
f 3570 	3569 	3634
f 3569 	3633 	3634
f 3571 	3570 	3635
f 3570 	3634 	3635
f 3572 	3571 	3636
f 3571 	3635 	3636
f 3573 	3572 	3637
f 3572 	3636 	3637
f 3574 	3573 	3638
f 3573 	3637 	3638
f 3575 	3574 	3639
f 3574 	3638 	3639
f 3576 	3575 	3640
f 3575 	3639 	3640
f 3577 	3576 	3641
f 3576 	3640 	3641
f 3578 	3577 	3642
f 3577 	3641 	3642
f 3579 	3578 	3643
f 3578 	3642 	3643
f 3580 	3579 	3644
f 3579 	3643 	3644
f 3581 	3580 	3645
f 3580 	3644 	3645
f 3582 	3581 	3646
f 3581 	3645 	3646
f 3583 	3582 	3647
f 3582 	3646 	3647
f 3584 	3583 	3648
f 3583 	3647 	3648
f 3585 	3584 	3649
f 3584 	3648 	3649
f 3522 	3585 	3586
f 3585 	3649 	3586
f 3587 	3586 	3651
f 3586 	3650 	3651
f 3588 	3587 	3652
f 3587 	3651 	3652
f 3589 	3588 	3653
f 3588 	3652 	3653
f 3590 	3589 	3654
f 3589 	3653 	3654
f 3591 	3590 	3655
f 3590 	3654 	3655
f 3592 	3591 	3656
f 3591 	3655 	3656
f 3593 	3592 	3657
f 3592 	3656 	3657
f 3594 	3593 	3658
f 3593 	3657 	3658
f 3595 	3594 	3659
f 3594 	3658 	3659
f 3596 	3595 	3660
f 3595 	3659 	3660
f 3597 	3596 	3661
f 3596 	3660 	3661
f 3598 	3597 	3662
f 3597 	3661 	3662
f 3599 	3598 	3663
f 3598 	3662 	3663
f 3600 	3599 	3664
f 3599 	3663 	3664
f 3601 	3600 	3665
f 3600 	3664 	3665
f 3602 	3601 	3666
f 3601 	3665 	3666
f 3603 	3602 	3667
f 3602 	3666 	3667
f 3604 	3603 	3668
f 3603 	3667 	3668
f 3605 	3604 	3669
f 3604 	3668 	3669
f 3606 	3605 	3670
f 3605 	3669 	3670
f 3607 	3606 	3671
f 3606 	3670 	3671
f 3608 	3607 	3672
f 3607 	3671 	3672
f 3609 	3608 	3673
f 3608 	3672 	3673
f 3610 	3609 	3674
f 3609 	3673 	3674
f 3611 	3610 	3675
f 3610 	3674 	3675
f 3612 	3611 	3676
f 3611 	3675 	3676
f 3613 	3612 	3677
f 3612 	3676 	3677
f 3614 	3613 	3678
f 3613 	3677 	3678
f 3615 	3614 	3679
f 3614 	3678 	3679
f 3616 	3615 	3680
f 3615 	3679 	3680
f 3617 	3616 	3681
f 3616 	3680 	3681
f 3618 	3617 	3682
f 3617 	3681 	3682
f 3619 	3618 	3683
f 3618 	3682 	3683
f 3620 	3619 	3684
f 3619 	3683 	3684
f 3621 	3620 	3685
f 3620 	3684 	3685
f 3622 	3621 	3686
f 3621 	3685 	3686
f 3623 	3622 	3687
f 3622 	3686 	3687
f 3624 	3623 	3688
f 3623 	3687 	3688
f 3625 	3624 	3689
f 3624 	3688 	3689
f 3626 	3625 	3690
f 3625 	3689 	3690
f 3627 	3626 	3691
f 3626 	3690 	3691
f 3628 	3627 	3692
f 3627 	3691 	3692
f 3629 	3628 	3693
f 3628 	3692 	3693
f 3630 	3629 	3694
f 3629 	3693 	3694
f 3631 	3630 	3695
f 3630 	3694 	3695
f 3632 	3631 	3696
f 3631 	3695 	3696
f 3633 	3632 	3697
f 3632 	3696 	3697
f 3634 	3633 	3698
f 3633 	3697 	3698
f 3635 	3634 	3699
f 3634 	3698 	3699
f 3636 	3635 	3700
f 3635 	3699 	3700
f 3637 	3636 	3701
f 3636 	3700 	3701
f 3638 	3637 	3702
f 3637 	3701 	3702
f 3639 	3638 	3703
f 3638 	3702 	3703
f 3640 	3639 	3704
f 3639 	3703 	3704
f 3641 	3640 	3705
f 3640 	3704 	3705
f 3642 	3641 	3706
f 3641 	3705 	3706
f 3643 	3642 	3707
f 3642 	3706 	3707
f 3644 	3643 	3708
f 3643 	3707 	3708
f 3645 	3644 	3709
f 3644 	3708 	3709
f 3646 	3645 	3710
f 3645 	3709 	3710
f 3647 	3646 	3711
f 3646 	3710 	3711
f 3648 	3647 	3712
f 3647 	3711 	3712
f 3649 	3648 	3713
f 3648 	3712 	3713
f 3586 	3649 	3650
f 3649 	3713 	3650
f 3651 	3650 	3715
f 3650 	3714 	3715
f 3652 	3651 	3716
f 3651 	3715 	3716
f 3653 	3652 	3717
f 3652 	3716 	3717
f 3654 	3653 	3718
f 3653 	3717 	3718
f 3655 	3654 	3719
f 3654 	3718 	3719
f 3656 	3655 	3720
f 3655 	3719 	3720
f 3657 	3656 	3721
f 3656 	3720 	3721
f 3658 	3657 	3722
f 3657 	3721 	3722
f 3659 	3658 	3723
f 3658 	3722 	3723
f 3660 	3659 	3724
f 3659 	3723 	3724
f 3661 	3660 	3725
f 3660 	3724 	3725
f 3662 	3661 	3726
f 3661 	3725 	3726
f 3663 	3662 	3727
f 3662 	3726 	3727
f 3664 	3663 	3728
f 3663 	3727 	3728
f 3665 	3664 	3729
f 3664 	3728 	3729
f 3666 	3665 	3730
f 3665 	3729 	3730
f 3667 	3666 	3731
f 3666 	3730 	3731
f 3668 	3667 	3732
f 3667 	3731 	3732
f 3669 	3668 	3733
f 3668 	3732 	3733
f 3670 	3669 	3734
f 3669 	3733 	3734
f 3671 	3670 	3735
f 3670 	3734 	3735
f 3672 	3671 	3736
f 3671 	3735 	3736
f 3673 	3672 	3737
f 3672 	3736 	3737
f 3674 	3673 	3738
f 3673 	3737 	3738
f 3675 	3674 	3739
f 3674 	3738 	3739
f 3676 	3675 	3740
f 3675 	3739 	3740
f 3677 	3676 	3741
f 3676 	3740 	3741
f 3678 	3677 	3742
f 3677 	3741 	3742
f 3679 	3678 	3743
f 3678 	3742 	3743
f 3680 	3679 	3744
f 3679 	3743 	3744
f 3681 	3680 	3745
f 3680 	3744 	3745
f 3682 	3681 	3746
f 3681 	3745 	3746
f 3683 	3682 	3747
f 3682 	3746 	3747
f 3684 	3683 	3748
f 3683 	3747 	3748
f 3685 	3684 	3749
f 3684 	3748 	3749
f 3686 	3685 	3750
f 3685 	3749 	3750
f 3687 	3686 	3751
f 3686 	3750 	3751
f 3688 	3687 	3752
f 3687 	3751 	3752
f 3689 	3688 	3753
f 3688 	3752 	3753
f 3690 	3689 	3754
f 3689 	3753 	3754
f 3691 	3690 	3755
f 3690 	3754 	3755
f 3692 	3691 	3756
f 3691 	3755 	3756
f 3693 	3692 	3757
f 3692 	3756 	3757
f 3694 	3693 	3758
f 3693 	3757 	3758
f 3695 	3694 	3759
f 3694 	3758 	3759
f 3696 	3695 	3760
f 3695 	3759 	3760
f 3697 	3696 	3761
f 3696 	3760 	3761
f 3698 	3697 	3762
f 3697 	3761 	3762
f 3699 	3698 	3763
f 3698 	3762 	3763
f 3700 	3699 	3764
f 3699 	3763 	3764
f 3701 	3700 	3765
f 3700 	3764 	3765
f 3702 	3701 	3766
f 3701 	3765 	3766
f 3703 	3702 	3767
f 3702 	3766 	3767
f 3704 	3703 	3768
f 3703 	3767 	3768
f 3705 	3704 	3769
f 3704 	3768 	3769
f 3706 	3705 	3770
f 3705 	3769 	3770
f 3707 	3706 	3771
f 3706 	3770 	3771
f 3708 	3707 	3772
f 3707 	3771 	3772
f 3709 	3708 	3773
f 3708 	3772 	3773
f 3710 	3709 	3774
f 3709 	3773 	3774
f 3711 	3710 	3775
f 3710 	3774 	3775
f 3712 	3711 	3776
f 3711 	3775 	3776
f 3713 	3712 	3777
f 3712 	3776 	3777
f 3650 	3713 	3714
f 3713 	3777 	3714
f 3715 	3714 	3779
f 3714 	3778 	3779
f 3716 	3715 	3780
f 3715 	3779 	3780
f 3717 	3716 	3781
f 3716 	3780 	3781
f 3718 	3717 	3782
f 3717 	3781 	3782
f 3719 	3718 	3783
f 3718 	3782 	3783
f 3720 	3719 	3784
f 3719 	3783 	3784
f 3721 	3720 	3785
f 3720 	3784 	3785
f 3722 	3721 	3786
f 3721 	3785 	3786
f 3723 	3722 	3787
f 3722 	3786 	3787
f 3724 	3723 	3788
f 3723 	3787 	3788
f 3725 	3724 	3789
f 3724 	3788 	3789
f 3726 	3725 	3790
f 3725 	3789 	3790
f 3727 	3726 	3791
f 3726 	3790 	3791
f 3728 	3727 	3792
f 3727 	3791 	3792
f 3729 	3728 	3793
f 3728 	3792 	3793
f 3730 	3729 	3794
f 3729 	3793 	3794
f 3731 	3730 	3795
f 3730 	3794 	3795
f 3732 	3731 	3796
f 3731 	3795 	3796
f 3733 	3732 	3797
f 3732 	3796 	3797
f 3734 	3733 	3798
f 3733 	3797 	3798
f 3735 	3734 	3799
f 3734 	3798 	3799
f 3736 	3735 	3800
f 3735 	3799 	3800
f 3737 	3736 	3801
f 3736 	3800 	3801
f 3738 	3737 	3802
f 3737 	3801 	3802
f 3739 	3738 	3803
f 3738 	3802 	3803
f 3740 	3739 	3804
f 3739 	3803 	3804
f 3741 	3740 	3805
f 3740 	3804 	3805
f 3742 	3741 	3806
f 3741 	3805 	3806
f 3743 	3742 	3807
f 3742 	3806 	3807
f 3744 	3743 	3808
f 3743 	3807 	3808
f 3745 	3744 	3809
f 3744 	3808 	3809
f 3746 	3745 	3810
f 3745 	3809 	3810
f 3747 	3746 	3811
f 3746 	3810 	3811
f 3748 	3747 	3812
f 3747 	3811 	3812
f 3749 	3748 	3813
f 3748 	3812 	3813
f 3750 	3749 	3814
f 3749 	3813 	3814
f 3751 	3750 	3815
f 3750 	3814 	3815
f 3752 	3751 	3816
f 3751 	3815 	3816
f 3753 	3752 	3817
f 3752 	3816 	3817
f 3754 	3753 	3818
f 3753 	3817 	3818
f 3755 	3754 	3819
f 3754 	3818 	3819
f 3756 	3755 	3820
f 3755 	3819 	3820
f 3757 	3756 	3821
f 3756 	3820 	3821
f 3758 	3757 	3822
f 3757 	3821 	3822
f 3759 	3758 	3823
f 3758 	3822 	3823
f 3760 	3759 	3824
f 3759 	3823 	3824
f 3761 	3760 	3825
f 3760 	3824 	3825
f 3762 	3761 	3826
f 3761 	3825 	3826
f 3763 	3762 	3827
f 3762 	3826 	3827
f 3764 	3763 	3828
f 3763 	3827 	3828
f 3765 	3764 	3829
f 3764 	3828 	3829
f 3766 	3765 	3830
f 3765 	3829 	3830
f 3767 	3766 	3831
f 3766 	3830 	3831
f 3768 	3767 	3832
f 3767 	3831 	3832
f 3769 	3768 	3833
f 3768 	3832 	3833
f 3770 	3769 	3834
f 3769 	3833 	3834
f 3771 	3770 	3835
f 3770 	3834 	3835
f 3772 	3771 	3836
f 3771 	3835 	3836
f 3773 	3772 	3837
f 3772 	3836 	3837
f 3774 	3773 	3838
f 3773 	3837 	3838
f 3775 	3774 	3839
f 3774 	3838 	3839
f 3776 	3775 	3840
f 3775 	3839 	3840
f 3777 	3776 	3841
f 3776 	3840 	3841
f 3714 	3777 	3778
f 3777 	3841 	3778
f 3779 	3778 	3843
f 3778 	3842 	3843
f 3780 	3779 	3844
f 3779 	3843 	3844
f 3781 	3780 	3845
f 3780 	3844 	3845
f 3782 	3781 	3846
f 3781 	3845 	3846
f 3783 	3782 	3847
f 3782 	3846 	3847
f 3784 	3783 	3848
f 3783 	3847 	3848
f 3785 	3784 	3849
f 3784 	3848 	3849
f 3786 	3785 	3850
f 3785 	3849 	3850
f 3787 	3786 	3851
f 3786 	3850 	3851
f 3788 	3787 	3852
f 3787 	3851 	3852
f 3789 	3788 	3853
f 3788 	3852 	3853
f 3790 	3789 	3854
f 3789 	3853 	3854
f 3791 	3790 	3855
f 3790 	3854 	3855
f 3792 	3791 	3856
f 3791 	3855 	3856
f 3793 	3792 	3857
f 3792 	3856 	3857
f 3794 	3793 	3858
f 3793 	3857 	3858
f 3795 	3794 	3859
f 3794 	3858 	3859
f 3796 	3795 	3860
f 3795 	3859 	3860
f 3797 	3796 	3861
f 3796 	3860 	3861
f 3798 	3797 	3862
f 3797 	3861 	3862
f 3799 	3798 	3863
f 3798 	3862 	3863
f 3800 	3799 	3864
f 3799 	3863 	3864
f 3801 	3800 	3865
f 3800 	3864 	3865
f 3802 	3801 	3866
f 3801 	3865 	3866
f 3803 	3802 	3867
f 3802 	3866 	3867
f 3804 	3803 	3868
f 3803 	3867 	3868
f 3805 	3804 	3869
f 3804 	3868 	3869
f 3806 	3805 	3870
f 3805 	3869 	3870
f 3807 	3806 	3871
f 3806 	3870 	3871
f 3808 	3807 	3872
f 3807 	3871 	3872
f 3809 	3808 	3873
f 3808 	3872 	3873
f 3810 	3809 	3874
f 3809 	3873 	3874
f 3811 	3810 	3875
f 3810 	3874 	3875
f 3812 	3811 	3876
f 3811 	3875 	3876
f 3813 	3812 	3877
f 3812 	3876 	3877
f 3814 	3813 	3878
f 3813 	3877 	3878
f 3815 	3814 	3879
f 3814 	3878 	3879
f 3816 	3815 	3880
f 3815 	3879 	3880
f 3817 	3816 	3881
f 3816 	3880 	3881
f 3818 	3817 	3882
f 3817 	3881 	3882
f 3819 	3818 	3883
f 3818 	3882 	3883
f 3820 	3819 	3884
f 3819 	3883 	3884
f 3821 	3820 	3885
f 3820 	3884 	3885
f 3822 	3821 	3886
f 3821 	3885 	3886
f 3823 	3822 	3887
f 3822 	3886 	3887
f 3824 	3823 	3888
f 3823 	3887 	3888
f 3825 	3824 	3889
f 3824 	3888 	3889
f 3826 	3825 	3890
f 3825 	3889 	3890
f 3827 	3826 	3891
f 3826 	3890 	3891
f 3828 	3827 	3892
f 3827 	3891 	3892
f 3829 	3828 	3893
f 3828 	3892 	3893
f 3830 	3829 	3894
f 3829 	3893 	3894
f 3831 	3830 	3895
f 3830 	3894 	3895
f 3832 	3831 	3896
f 3831 	3895 	3896
f 3833 	3832 	3897
f 3832 	3896 	3897
f 3834 	3833 	3898
f 3833 	3897 	3898
f 3835 	3834 	3899
f 3834 	3898 	3899
f 3836 	3835 	3900
f 3835 	3899 	3900
f 3837 	3836 	3901
f 3836 	3900 	3901
f 3838 	3837 	3902
f 3837 	3901 	3902
f 3839 	3838 	3903
f 3838 	3902 	3903
f 3840 	3839 	3904
f 3839 	3903 	3904
f 3841 	3840 	3905
f 3840 	3904 	3905
f 3778 	3841 	3842
f 3841 	3905 	3842
f 3843 	3842 	3907
f 3842 	3906 	3907
f 3844 	3843 	3908
f 3843 	3907 	3908
f 3845 	3844 	3909
f 3844 	3908 	3909
f 3846 	3845 	3910
f 3845 	3909 	3910
f 3847 	3846 	3911
f 3846 	3910 	3911
f 3848 	3847 	3912
f 3847 	3911 	3912
f 3849 	3848 	3913
f 3848 	3912 	3913
f 3850 	3849 	3914
f 3849 	3913 	3914
f 3851 	3850 	3915
f 3850 	3914 	3915
f 3852 	3851 	3916
f 3851 	3915 	3916
f 3853 	3852 	3917
f 3852 	3916 	3917
f 3854 	3853 	3918
f 3853 	3917 	3918
f 3855 	3854 	3919
f 3854 	3918 	3919
f 3856 	3855 	3920
f 3855 	3919 	3920
f 3857 	3856 	3921
f 3856 	3920 	3921
f 3858 	3857 	3922
f 3857 	3921 	3922
f 3859 	3858 	3923
f 3858 	3922 	3923
f 3860 	3859 	3924
f 3859 	3923 	3924
f 3861 	3860 	3925
f 3860 	3924 	3925
f 3862 	3861 	3926
f 3861 	3925 	3926
f 3863 	3862 	3927
f 3862 	3926 	3927
f 3864 	3863 	3928
f 3863 	3927 	3928
f 3865 	3864 	3929
f 3864 	3928 	3929
f 3866 	3865 	3930
f 3865 	3929 	3930
f 3867 	3866 	3931
f 3866 	3930 	3931
f 3868 	3867 	3932
f 3867 	3931 	3932
f 3869 	3868 	3933
f 3868 	3932 	3933
f 3870 	3869 	3934
f 3869 	3933 	3934
f 3871 	3870 	3935
f 3870 	3934 	3935
f 3872 	3871 	3936
f 3871 	3935 	3936
f 3873 	3872 	3937
f 3872 	3936 	3937
f 3874 	3873 	3938
f 3873 	3937 	3938
f 3875 	3874 	3939
f 3874 	3938 	3939
f 3876 	3875 	3940
f 3875 	3939 	3940
f 3877 	3876 	3941
f 3876 	3940 	3941
f 3878 	3877 	3942
f 3877 	3941 	3942
f 3879 	3878 	3943
f 3878 	3942 	3943
f 3880 	3879 	3944
f 3879 	3943 	3944
f 3881 	3880 	3945
f 3880 	3944 	3945
f 3882 	3881 	3946
f 3881 	3945 	3946
f 3883 	3882 	3947
f 3882 	3946 	3947
f 3884 	3883 	3948
f 3883 	3947 	3948
f 3885 	3884 	3949
f 3884 	3948 	3949
f 3886 	3885 	3950
f 3885 	3949 	3950
f 3887 	3886 	3951
f 3886 	3950 	3951
f 3888 	3887 	3952
f 3887 	3951 	3952
f 3889 	3888 	3953
f 3888 	3952 	3953
f 3890 	3889 	3954
f 3889 	3953 	3954
f 3891 	3890 	3955
f 3890 	3954 	3955
f 3892 	3891 	3956
f 3891 	3955 	3956
f 3893 	3892 	3957
f 3892 	3956 	3957
f 3894 	3893 	3958
f 3893 	3957 	3958
f 3895 	3894 	3959
f 3894 	3958 	3959
f 3896 	3895 	3960
f 3895 	3959 	3960
f 3897 	3896 	3961
f 3896 	3960 	3961
f 3898 	3897 	3962
f 3897 	3961 	3962
f 3899 	3898 	3963
f 3898 	3962 	3963
f 3900 	3899 	3964
f 3899 	3963 	3964
f 3901 	3900 	3965
f 3900 	3964 	3965
f 3902 	3901 	3966
f 3901 	3965 	3966
f 3903 	3902 	3967
f 3902 	3966 	3967
f 3904 	3903 	3968
f 3903 	3967 	3968
f 3905 	3904 	3969
f 3904 	3968 	3969
f 3842 	3905 	3906
f 3905 	3969 	3906
f 3907 	3906 	3971
f 3906 	3970 	3971
f 3908 	3907 	3972
f 3907 	3971 	3972
f 3909 	3908 	3973
f 3908 	3972 	3973
f 3910 	3909 	3974
f 3909 	3973 	3974
f 3911 	3910 	3975
f 3910 	3974 	3975
f 3912 	3911 	3976
f 3911 	3975 	3976
f 3913 	3912 	3977
f 3912 	3976 	3977
f 3914 	3913 	3978
f 3913 	3977 	3978
f 3915 	3914 	3979
f 3914 	3978 	3979
f 3916 	3915 	3980
f 3915 	3979 	3980
f 3917 	3916 	3981
f 3916 	3980 	3981
f 3918 	3917 	3982
f 3917 	3981 	3982
f 3919 	3918 	3983
f 3918 	3982 	3983
f 3920 	3919 	3984
f 3919 	3983 	3984
f 3921 	3920 	3985
f 3920 	3984 	3985
f 3922 	3921 	3986
f 3921 	3985 	3986
f 3923 	3922 	3987
f 3922 	3986 	3987
f 3924 	3923 	3988
f 3923 	3987 	3988
f 3925 	3924 	3989
f 3924 	3988 	3989
f 3926 	3925 	3990
f 3925 	3989 	3990
f 3927 	3926 	3991
f 3926 	3990 	3991
f 3928 	3927 	3992
f 3927 	3991 	3992
f 3929 	3928 	3993
f 3928 	3992 	3993
f 3930 	3929 	3994
f 3929 	3993 	3994
f 3931 	3930 	3995
f 3930 	3994 	3995
f 3932 	3931 	3996
f 3931 	3995 	3996
f 3933 	3932 	3997
f 3932 	3996 	3997
f 3934 	3933 	3998
f 3933 	3997 	3998
f 3935 	3934 	3999
f 3934 	3998 	3999
f 3936 	3935 	4000
f 3935 	3999 	4000
f 3937 	3936 	4001
f 3936 	4000 	4001
f 3938 	3937 	4002
f 3937 	4001 	4002
f 3939 	3938 	4003
f 3938 	4002 	4003
f 3940 	3939 	4004
f 3939 	4003 	4004
f 3941 	3940 	4005
f 3940 	4004 	4005
f 3942 	3941 	4006
f 3941 	4005 	4006
f 3943 	3942 	4007
f 3942 	4006 	4007
f 3944 	3943 	4008
f 3943 	4007 	4008
f 3945 	3944 	4009
f 3944 	4008 	4009
f 3946 	3945 	4010
f 3945 	4009 	4010
f 3947 	3946 	4011
f 3946 	4010 	4011
f 3948 	3947 	4012
f 3947 	4011 	4012
f 3949 	3948 	4013
f 3948 	4012 	4013
f 3950 	3949 	4014
f 3949 	4013 	4014
f 3951 	3950 	4015
f 3950 	4014 	4015
f 3952 	3951 	4016
f 3951 	4015 	4016
f 3953 	3952 	4017
f 3952 	4016 	4017
f 3954 	3953 	4018
f 3953 	4017 	4018
f 3955 	3954 	4019
f 3954 	4018 	4019
f 3956 	3955 	4020
f 3955 	4019 	4020
f 3957 	3956 	4021
f 3956 	4020 	4021
f 3958 	3957 	4022
f 3957 	4021 	4022
f 3959 	3958 	4023
f 3958 	4022 	4023
f 3960 	3959 	4024
f 3959 	4023 	4024
f 3961 	3960 	4025
f 3960 	4024 	4025
f 3962 	3961 	4026
f 3961 	4025 	4026
f 3963 	3962 	4027
f 3962 	4026 	4027
f 3964 	3963 	4028
f 3963 	4027 	4028
f 3965 	3964 	4029
f 3964 	4028 	4029
f 3966 	3965 	4030
f 3965 	4029 	4030
f 3967 	3966 	4031
f 3966 	4030 	4031
f 3968 	3967 	4032
f 3967 	4031 	4032
f 3969 	3968 	4033
f 3968 	4032 	4033
f 3906 	3969 	3970
f 3969 	4033 	3970
f 3971 	3970 	4035
f 3970 	4034 	4035
f 3972 	3971 	4036
f 3971 	4035 	4036
f 3973 	3972 	4037
f 3972 	4036 	4037
f 3974 	3973 	4038
f 3973 	4037 	4038
f 3975 	3974 	4039
f 3974 	4038 	4039
f 3976 	3975 	4040
f 3975 	4039 	4040
f 3977 	3976 	4041
f 3976 	4040 	4041
f 3978 	3977 	4042
f 3977 	4041 	4042
f 3979 	3978 	4043
f 3978 	4042 	4043
f 3980 	3979 	4044
f 3979 	4043 	4044
f 3981 	3980 	4045
f 3980 	4044 	4045
f 3982 	3981 	4046
f 3981 	4045 	4046
f 3983 	3982 	4047
f 3982 	4046 	4047
f 3984 	3983 	4048
f 3983 	4047 	4048
f 3985 	3984 	4049
f 3984 	4048 	4049
f 3986 	3985 	4050
f 3985 	4049 	4050
f 3987 	3986 	4051
f 3986 	4050 	4051
f 3988 	3987 	4052
f 3987 	4051 	4052
f 3989 	3988 	4053
f 3988 	4052 	4053
f 3990 	3989 	4054
f 3989 	4053 	4054
f 3991 	3990 	4055
f 3990 	4054 	4055
f 3992 	3991 	4056
f 3991 	4055 	4056
f 3993 	3992 	4057
f 3992 	4056 	4057
f 3994 	3993 	4058
f 3993 	4057 	4058
f 3995 	3994 	4059
f 3994 	4058 	4059
f 3996 	3995 	4060
f 3995 	4059 	4060
f 3997 	3996 	4061
f 3996 	4060 	4061
f 3998 	3997 	4062
f 3997 	4061 	4062
f 3999 	3998 	4063
f 3998 	4062 	4063
f 4000 	3999 	4064
f 3999 	4063 	4064
f 4001 	4000 	4065
f 4000 	4064 	4065
f 4002 	4001 	4066
f 4001 	4065 	4066
f 4003 	4002 	4067
f 4002 	4066 	4067
f 4004 	4003 	4068
f 4003 	4067 	4068
f 4005 	4004 	4069
f 4004 	4068 	4069
f 4006 	4005 	4070
f 4005 	4069 	4070
f 4007 	4006 	4071
f 4006 	4070 	4071
f 4008 	4007 	4072
f 4007 	4071 	4072
f 4009 	4008 	4073
f 4008 	4072 	4073
f 4010 	4009 	4074
f 4009 	4073 	4074
f 4011 	4010 	4075
f 4010 	4074 	4075
f 4012 	4011 	4076
f 4011 	4075 	4076
f 4013 	4012 	4077
f 4012 	4076 	4077
f 4014 	4013 	4078
f 4013 	4077 	4078
f 4015 	4014 	4079
f 4014 	4078 	4079
f 4016 	4015 	4080
f 4015 	4079 	4080
f 4017 	4016 	4081
f 4016 	4080 	4081
f 4018 	4017 	4082
f 4017 	4081 	4082
f 4019 	4018 	4083
f 4018 	4082 	4083
f 4020 	4019 	4084
f 4019 	4083 	4084
f 4021 	4020 	4085
f 4020 	4084 	4085
f 4022 	4021 	4086
f 4021 	4085 	4086
f 4023 	4022 	4087
f 4022 	4086 	4087
f 4024 	4023 	4088
f 4023 	4087 	4088
f 4025 	4024 	4089
f 4024 	4088 	4089
f 4026 	4025 	4090
f 4025 	4089 	4090
f 4027 	4026 	4091
f 4026 	4090 	4091
f 4028 	4027 	4092
f 4027 	4091 	4092
f 4029 	4028 	4093
f 4028 	4092 	4093
f 4030 	4029 	4094
f 4029 	4093 	4094
f 4031 	4030 	4095
f 4030 	4094 	4095
f 4032 	4031 	4096
f 4031 	4095 	4096
f 4033 	4032 	4097
f 4032 	4096 	4097
f 3970 	4033 	4034
f 4033 	4097 	4034
f 4035 	4034 	4098
f 4036 	4035 	4098
f 4037 	4036 	4098
f 4038 	4037 	4098
f 4039 	4038 	4098
f 4040 	4039 	4098
f 4041 	4040 	4098
f 4042 	4041 	4098
f 4043 	4042 	4098
f 4044 	4043 	4098
f 4045 	4044 	4098
f 4046 	4045 	4098
f 4047 	4046 	4098
f 4048 	4047 	4098
f 4049 	4048 	4098
f 4050 	4049 	4098
f 4051 	4050 	4098
f 4052 	4051 	4098
f 4053 	4052 	4098
f 4054 	4053 	4098
f 4055 	4054 	4098
f 4056 	4055 	4098
f 4057 	4056 	4098
f 4058 	4057 	4098
f 4059 	4058 	4098
f 4060 	4059 	4098
f 4061 	4060 	4098
f 4062 	4061 	4098
f 4063 	4062 	4098
f 4064 	4063 	4098
f 4065 	4064 	4098
f 4066 	4065 	4098
f 4067 	4066 	4098
f 4068 	4067 	4098
f 4069 	4068 	4098
f 4070 	4069 	4098
f 4071 	4070 	4098
f 4072 	4071 	4098
f 4073 	4072 	4098
f 4074 	4073 	4098
f 4075 	4074 	4098
f 4076 	4075 	4098
f 4077 	4076 	4098
f 4078 	4077 	4098
f 4079 	4078 	4098
f 4080 	4079 	4098
f 4081 	4080 	4098
f 4082 	4081 	4098
f 4083 	4082 	4098
f 4084 	4083 	4098
f 4085 	4084 	4098
f 4086 	4085 	4098
f 4087 	4086 	4098
f 4088 	4087 	4098
f 4089 	4088 	4098
f 4090 	4089 	4098
f 4091 	4090 	4098
f 4092 	4091 	4098
f 4093 	4092 	4098
f 4094 	4093 	4098
f 4095 	4094 	4098
f 4096 	4095 	4098
f 4097 	4096 	4098
f 4034 	4097 	4098
# 8192 faces

 #end of obj_0

o obj_1
v 2.1316 		-11.8931 		0
v 0.5 		-12 		0
v 0.5 		0.5 		0
v 3.7352 		-11.5741 		0
v 5.2835 		-11.0485 		0
v 6.75 		-10.3253 		0
v 8.1095 		-9.4169 		0
v 9.3388 		-8.3388 		0
v 10.4169 		-7.1095 		0
v 11.3253 		-5.75 		0
v 12.0485 		-4.2835 		0
v 12.5741 		-2.7352 		0
v 12.8931 		-1.1316 		0
v 13 		0.5 		0
v 12.8931 		2.1316 		0
v 12.5741 		3.7352 		0
v 12.0485 		5.2835 		0
v 11.3253 		6.75 		0
v 10.4169 		8.1095 		0
v 9.3388 		9.3388 		0
v 8.1095 		10.4169 		0
v 6.75 		11.3253 		0
v 5.2835 		12.0485 		0
v 3.7352 		12.5741 		0
v 2.1316 		12.8931 		0
v 0.5 		13 		0
v -1.1316 		12.8931 		0
v -2.7352 		12.5741 		0
v -4.2835 		12.0485 		0
v -5.75 		11.3253 		0
v -7.1095 		10.4169 		0
v -8.3388 		9.3388 		0
v -9.4169 		8.1095 		0
v -10.3253 		6.75 		0
v -11.0485 		5.2835 		0
v -11.5741 		3.7352 		0
v -11.8931 		2.1316 		0
v -12 		0.5 		0
v -11.8931 		-1.1316 		0
v -11.5741 		-2.7352 		0
v -11.0485 		-4.2835 		0
v -10.3253 		-5.75 		0
v -9.4169 		-7.1095 		0
v -8.3388 		-8.3388 		0
v -7.1095 		-9.4169 		0
v -5.75 		-10.3253 		0
v -4.2835 		-11.0485 		0
v -2.7352 		-11.5741 		0
v -1.1316 		-11.8931 		0
v 0.5 		-12 		50
v 2.1316 		-11.8931 		50
v 0.5 		0.5 		50
v 3.7352 		-11.5741 		50
v 5.2835 		-11.0485 		50
v 6.75 		-10.3253 		50
v 8.1095 		-9.4169 		50
v 9.3388 		-8.3388 		50
v 10.4169 		-7.1095 		50
v 11.3253 		-5.75 		50
v 12.0485 		-4.2835 		50
v 12.5741 		-2.7352 		50
v 12.8931 		-1.1316 		50
v 13 		0.5 		50
v 12.8931 		2.1316 		50
v 12.5741 		3.7352 		50
v 12.0485 		5.2835 		50
v 11.3253 		6.75 		50
v 10.4169 		8.1095 		50
v 9.3388 		9.3388 		50
v 8.1095 		10.4169 		50
v 6.75 		11.3253 		50
v 5.2835 		12.0485 		50
v 3.7352 		12.5741 		50
v 2.1316 		12.8931 		50
v 0.5 		13 		50
v -1.1316 		12.8931 		50
v -2.7352 		12.5741 		50
v -4.2835 		12.0485 		50
v -5.75 		11.3253 		50
v -7.1095 		10.4169 		50
v -8.3388 		9.3388 		50
v -9.4169 		8.1095 		50
v -10.3253 		6.75 		50
v -11.0485 		5.2835 		50
v -11.5741 		3.7352 		50
v -11.8931 		2.1316 		50
v -12 		0.5 		50
v -11.8931 		-1.1316 		50
v -11.5741 		-2.7352 		50
v -11.0485 		-4.2835 		50
v -10.3253 		-5.75 		50
v -9.4169 		-7.1095 		50
v -8.3388 		-8.3388 		50
v -7.1095 		-9.4169 		50
v -5.75 		-10.3253 		50
v -4.2835 		-11.0485 		50
v -2.7352 		-11.5741 		50
v -1.1316 		-11.8931 		50
# 98 vertices

g group_1_16089887

usemtl color_16089887
s 0

f 4099 	4100 	4101
f 4102 	4099 	4101
f 4103 	4102 	4101
f 4104 	4103 	4101
f 4105 	4104 	4101
f 4106 	4105 	4101
f 4107 	4106 	4101
f 4108 	4107 	4101
f 4109 	4108 	4101
f 4110 	4109 	4101
f 4111 	4110 	4101
f 4112 	4111 	4101
f 4113 	4112 	4101
f 4114 	4113 	4101
f 4115 	4114 	4101
f 4116 	4115 	4101
f 4117 	4116 	4101
f 4118 	4117 	4101
f 4119 	4118 	4101
f 4120 	4119 	4101
f 4121 	4120 	4101
f 4122 	4121 	4101
f 4123 	4122 	4101
f 4124 	4123 	4101
f 4125 	4124 	4101
f 4126 	4125 	4101
f 4127 	4126 	4101
f 4128 	4127 	4101
f 4129 	4128 	4101
f 4130 	4129 	4101
f 4131 	4130 	4101
f 4132 	4131 	4101
f 4133 	4132 	4101
f 4134 	4133 	4101
f 4135 	4134 	4101
f 4136 	4135 	4101
f 4137 	4136 	4101
f 4138 	4137 	4101
f 4139 	4138 	4101
f 4140 	4139 	4101
f 4141 	4140 	4101
f 4142 	4141 	4101
f 4143 	4142 	4101
f 4144 	4143 	4101
f 4145 	4144 	4101
f 4146 	4145 	4101
f 4147 	4146 	4101
f 4100 	4147 	4101
f 4148 	4149 	4150
f 4149 	4151 	4150
f 4151 	4152 	4150
f 4152 	4153 	4150
f 4153 	4154 	4150
f 4154 	4155 	4150
f 4155 	4156 	4150
f 4156 	4157 	4150
f 4157 	4158 	4150
f 4158 	4159 	4150
f 4159 	4160 	4150
f 4160 	4161 	4150
f 4161 	4162 	4150
f 4162 	4163 	4150
f 4163 	4164 	4150
f 4164 	4165 	4150
f 4165 	4166 	4150
f 4166 	4167 	4150
f 4167 	4168 	4150
f 4168 	4169 	4150
f 4169 	4170 	4150
f 4170 	4171 	4150
f 4171 	4172 	4150
f 4172 	4173 	4150
f 4173 	4174 	4150
f 4174 	4175 	4150
f 4175 	4176 	4150
f 4176 	4177 	4150
f 4177 	4178 	4150
f 4178 	4179 	4150
f 4179 	4180 	4150
f 4180 	4181 	4150
f 4181 	4182 	4150
f 4182 	4183 	4150
f 4183 	4184 	4150
f 4184 	4185 	4150
f 4185 	4186 	4150
f 4186 	4187 	4150
f 4187 	4188 	4150
f 4188 	4189 	4150
f 4189 	4190 	4150
f 4190 	4191 	4150
f 4191 	4192 	4150
f 4192 	4193 	4150
f 4193 	4194 	4150
f 4194 	4195 	4150
f 4195 	4196 	4150
f 4196 	4148 	4150
f 4100 	4099 	4099
f 4099 	4102 	4102
f 4102 	4103 	4103
f 4103 	4104 	4104
f 4104 	4105 	4105
f 4105 	4106 	4106
f 4106 	4107 	4107
f 4107 	4108 	4108
f 4108 	4109 	4109
f 4109 	4110 	4110
f 4110 	4111 	4111
f 4111 	4112 	4112
f 4112 	4113 	4113
f 4113 	4114 	4114
f 4114 	4115 	4115
f 4115 	4116 	4116
f 4116 	4117 	4117
f 4117 	4118 	4118
f 4118 	4119 	4119
f 4119 	4120 	4120
f 4120 	4121 	4121
f 4121 	4122 	4122
f 4122 	4123 	4123
f 4123 	4124 	4124
f 4124 	4125 	4125
f 4125 	4126 	4126
f 4126 	4127 	4127
f 4127 	4128 	4128
f 4128 	4129 	4129
f 4129 	4130 	4130
f 4130 	4131 	4131
f 4131 	4132 	4132
f 4132 	4133 	4133
f 4133 	4134 	4134
f 4134 	4135 	4135
f 4135 	4136 	4136
f 4136 	4137 	4137
f 4137 	4138 	4138
f 4138 	4139 	4139
f 4139 	4140 	4140
f 4140 	4141 	4141
f 4141 	4142 	4142
f 4142 	4143 	4143
f 4143 	4144 	4144
f 4144 	4145 	4145
f 4145 	4146 	4146
f 4146 	4147 	4147
f 4147 	4100 	4100
f 4100 	4099 	4149
f 4100 	4149 	4148
f 4099 	4102 	4151
f 4099 	4151 	4149
f 4102 	4103 	4152
f 4102 	4152 	4151
f 4103 	4104 	4153
f 4103 	4153 	4152
f 4104 	4105 	4154
f 4104 	4154 	4153
f 4105 	4106 	4155
f 4105 	4155 	4154
f 4106 	4107 	4156
f 4106 	4156 	4155
f 4107 	4108 	4157
f 4107 	4157 	4156
f 4108 	4109 	4158
f 4108 	4158 	4157
f 4109 	4110 	4159
f 4109 	4159 	4158
f 4110 	4111 	4160
f 4110 	4160 	4159
f 4111 	4112 	4161
f 4111 	4161 	4160
f 4112 	4113 	4162
f 4112 	4162 	4161
f 4113 	4114 	4163
f 4113 	4163 	4162
f 4114 	4115 	4164
f 4114 	4164 	4163
f 4115 	4116 	4165
f 4115 	4165 	4164
f 4116 	4117 	4166
f 4116 	4166 	4165
f 4117 	4118 	4167
f 4117 	4167 	4166
f 4118 	4119 	4168
f 4118 	4168 	4167
f 4119 	4120 	4169
f 4119 	4169 	4168
f 4120 	4121 	4170
f 4120 	4170 	4169
f 4121 	4122 	4171
f 4121 	4171 	4170
f 4122 	4123 	4172
f 4122 	4172 	4171
f 4123 	4124 	4173
f 4123 	4173 	4172
f 4124 	4125 	4174
f 4124 	4174 	4173
f 4125 	4126 	4175
f 4125 	4175 	4174
f 4126 	4127 	4176
f 4126 	4176 	4175
f 4127 	4128 	4177
f 4127 	4177 	4176
f 4128 	4129 	4178
f 4128 	4178 	4177
f 4129 	4130 	4179
f 4129 	4179 	4178
f 4130 	4131 	4180
f 4130 	4180 	4179
f 4131 	4132 	4181
f 4131 	4181 	4180
f 4132 	4133 	4182
f 4132 	4182 	4181
f 4133 	4134 	4183
f 4133 	4183 	4182
f 4134 	4135 	4184
f 4134 	4184 	4183
f 4135 	4136 	4185
f 4135 	4185 	4184
f 4136 	4137 	4186
f 4136 	4186 	4185
f 4137 	4138 	4187
f 4137 	4187 	4186
f 4138 	4139 	4188
f 4138 	4188 	4187
f 4139 	4140 	4189
f 4139 	4189 	4188
f 4140 	4141 	4190
f 4140 	4190 	4189
f 4141 	4142 	4191
f 4141 	4191 	4190
f 4142 	4143 	4192
f 4142 	4192 	4191
f 4143 	4144 	4193
f 4143 	4193 	4192
f 4144 	4145 	4194
f 4144 	4194 	4193
f 4145 	4146 	4195
f 4145 	4195 	4194
f 4146 	4147 	4196
f 4146 	4196 	4195
f 4147 	4100 	4148
f 4147 	4148 	4196
f 4148 	4149 	4149
f 4149 	4151 	4151
f 4151 	4152 	4152
f 4152 	4153 	4153
f 4153 	4154 	4154
f 4154 	4155 	4155
f 4155 	4156 	4156
f 4156 	4157 	4157
f 4157 	4158 	4158
f 4158 	4159 	4159
f 4159 	4160 	4160
f 4160 	4161 	4161
f 4161 	4162 	4162
f 4162 	4163 	4163
f 4163 	4164 	4164
f 4164 	4165 	4165
f 4165 	4166 	4166
f 4166 	4167 	4167
f 4167 	4168 	4168
f 4168 	4169 	4169
f 4169 	4170 	4170
f 4170 	4171 	4171
f 4171 	4172 	4172
f 4172 	4173 	4173
f 4173 	4174 	4174
f 4174 	4175 	4175
f 4175 	4176 	4176
f 4176 	4177 	4177
f 4177 	4178 	4178
f 4178 	4179 	4179
f 4179 	4180 	4180
f 4180 	4181 	4181
f 4181 	4182 	4182
f 4182 	4183 	4183
f 4183 	4184 	4184
f 4184 	4185 	4185
f 4185 	4186 	4186
f 4186 	4187 	4187
f 4187 	4188 	4188
f 4188 	4189 	4189
f 4189 	4190 	4190
f 4190 	4191 	4191
f 4191 	4192 	4192
f 4192 	4193 	4193
f 4193 	4194 	4194
f 4194 	4195 	4195
f 4195 	4196 	4196
f 4196 	4148 	4148
# 288 faces

 #end of obj_1

o obj_2
v 23 		1.4789 		0
v 9.5036 		-4.8625 		0
v 7.3394 		-19.0423 		0
v -3.1661 		-8.7817 		0
v -18 		-11.2039 		0
v -10.9964 		1.4789 		0
v -18 		14.1616 		0
v -3.1661 		11.7394 		0
v 7.3394 		22 		0
v 9.5036 		7.8202 		0
v 0.3358 		1.4789 		0
v 0.3358 		1.4789 		53
# 12 vertices

g group_2_7720667

usemtl color_7720667
s 0

f 4197 	4198 	4207
f 4197 	4208 	4198
f 4198 	4199 	4207
f 4198 	4208 	4199
f 4199 	4200 	4207
f 4199 	4208 	4200
f 4200 	4201 	4207
f 4200 	4208 	4201
f 4201 	4202 	4207
f 4201 	4208 	4202
f 4202 	4203 	4207
f 4202 	4208 	4203
f 4203 	4204 	4207
f 4203 	4208 	4204
f 4204 	4205 	4207
f 4204 	4208 	4205
f 4205 	4206 	4207
f 4205 	4208 	4206
f 4206 	4197 	4207
f 4206 	4208 	4197
# 20 faces

 #end of obj_2

