# Object Export From Tinkercad Server 2015

mtllib obj.mtl

o obj_0
v -1.3105 		-4.25 		22.5
v 0.2144 		-4.3248 		22.5
v 1.7247 		-4.5472 		22.5
v 2.2171 		-11.2651 		31.6527
v 1.3659 		-10.9606 		31.6527
v 1.5068 		-10.4956 		31.2344
v 4.9137 		-16.4348 		33.0955
v 2.0231 		-11.7338 		32.0496
v 13.9516 		-16.7266 		22.5
v 14.1749 		-18.231 		22.5
v 5.2102 		-17.0585 		33.0955
v 14.25 		-19.75 		22.5
v 5.4171 		-16.1686 		32.7711
v 6.3178 		-8.3785 		22.5
v 5.4446 		-17.7095 		33.0955
v 4.8826 		-17.8791 		33.3936
v 4.6684 		-17.2828 		33.3936
v -5.1238 		-7.226 		26.0856
v -5.0634 		-7.4266 		26.6621
v -15.0166 		-12.4522 		23.1868
v 1.2176 		-11.4475 		32.0496
v -6.3393 		-7.6582 		26.0856
v -15.0331 		-12.4431 		22.5
v 7.3338 		-6.8631 		22.5
v -6.257 		-7.8533 		26.6621
v 4.3974 		-16.7102 		33.3936
v 12.6354 		-25.5032 		25.9012
v -14.9672 		-12.4778 		23.872
v 8.5603 		-7.7676 		22.5
v 10.1054 		-12.1514 		22.5
v -13.5686 		-22.1789 		30.8391
v 1.3384 		-33.018 		24.3118
v 1.3164 		-32.9068 		24.9096
v 12.7891 		-25.5671 		25.2308
v -15.6171 		-13.8472 		23.872
v 12.002 		-26.8381 		25.9012
v 3.57 		-16.5005 		33.6671
v 12.91 		-25.6181 		24.5539
v -6.1654 		-8.0758 		27.2271
v 3.2276 		-16.0409 		33.6671
v 10.7187 		-9.9175 		22.5
v 11.6267 		-11.1393 		22.5
v -13.9347 		-14.542 		23.7106
v 1.0638 		-11.9544 		32.4219
v 8.3974 		-10.0798 		22.5
v 1.8199 		-12.2225 		32.4219
v -12.8907 		-20.2766 		29.0932
v -12.9167 		-19.75 		29.0932
v -14.4327 		-15.7838 		23.1061
v 12.2637 		-26.9785 		24.5539
v -12.8608 		-20.8834 		29.0932
v -14.3851 		-15.7984 		23.7106
v -7.5036 		-8.2071 		26.0856
v 3.0574 		-16.8415 		33.9125
v -12.771 		-21.4834 		29.0932
v 1.6661 		-34.6592 		25.2308
v -12.9289 		-21.579 		28.8511
v -12.7863 		-21.579 		29.0515
v 1.635 		-34.4969 		25.9012
v -12.7567 		-21.579 		29.0932
v -13.9951 		-14.5165 		22.5
v 7.3997 		-9.1772 		22.5
v -14.4491 		-15.7802 		22.5
v 9.6917 		-8.7906 		22.5
v -13.9805 		-14.5219 		23.1061
v 9.3036 		-11.0736 		22.5
v -13.4045 		-21.579 		28.0743
v -13.2645 		-21.579 		28.3224
v -13.5707 		-21.579 		27.7821
v -7.4048 		-8.3931 		26.6621
v 10.6674 		-26.1269 		24.3118
v 10.5649 		-26.074 		24.9096
v -13.0684 		-21.579 		28.6316
v 2.7517 		-16.4294 		33.9125
v -16.2011 		-15.2514 		22.5
v -16.1828 		-15.2568 		23.1868
v -1.3105 		-33.0162 		25.5009
v -16.1297 		-15.2714 		23.872
v 10.4349 		-26.0047 		25.5009
v 2.6748 		-6.6625 		22.5
v 2.7682 		-17.5782 		34.1315
v 6.0249 		-6.0808 		22.5
v 4.6446 		-5.4298 		22.5
v 0.0203 		-33.2131 		24.3118
v 3.2057 		-4.9174 		22.5
v -1.3105 		-33.2788 		24.3118
v 4.1137 		-17.5125 		33.6671
v 5.1608 		-7.6892 		22.5
v 3.9434 		-7.1148 		22.5
v -8.2176 		-6.8795 		27.2172
v -1.3105 		-33.1639 		24.9096
v 3.5443 		-17.7478 		33.9125
v 0.0094 		-33.0982 		24.9096
v -15.5538 		-21.579 		27.8579
v -15.4538 		-21.579 		28.0584
v -15.2414 		-21.579 		28.4854
v -0.0053 		-32.9524 		25.5009
v 11.3136 		-24.958 		23.7106
v 1.3677 		-6.3361 		22.5
v 3.3228 		-17.2828 		33.9125
v 11.374 		-24.9835 		22.5
v 3.8665 		-16.9928 		33.6671
v 0.035 		-6.1392 		22.5
v -14.1965 		-17.1971 		26.0856
v 11.8116 		-23.7162 		23.1061
v -1.3105 		-6.0735 		22.5
v -13.7516 		-17.2846 		27.2271
v 11.828 		-23.7198 		22.5
v -13.9896 		-17.2372 		26.6621
v 0.489 		-10.7418 		31.6527
v 1.364 		-33.1475 		23.1061
v -8.4263 		-6.4893 		25.9012
v 11.3594 		-24.9781 		23.1061
v 1.3549 		-33.0982 		23.7106
v -7.0862 		-5.8584 		25.9012
v -0.4575 		-11.1156 		32.0496
v -1.3105 		-11.0736 		32.0496
v 0.0332 		-33.3444 		23.1061
v 11.764 		-23.7016 		23.7106
v -1.3105 		-33.4265 		22.5
v -1.3105 		-33.4101 		23.1061
v 0.035 		-33.3608 		22.5
v 0.3883 		-11.2396 		32.0496
v -5.6913 		-5.3624 		25.9012
v 0.2858 		-11.7593 		32.4219
v 12.412 		-12.4431 		22.5
v 13.0656 		-13.8181 		22.5
v 1.3677 		-33.1639 		22.5
v -13.4496 		-16.0829 		27.2271
v 10.7974 		-13.3038 		22.5
v 2.5357 		-17.1898 		34.1315
v -14.9672 		-21.0903 		29.0998
v -1.3105 		-33.3608 		23.7106
v -14.9709 		-21.0906 		29.0932
v -15.0331 		-19.75 		29.0998
v -15.0361 		-19.7647 		29.0932
v -5.7407 		-5.2019 		25.2308
v -15.0368 		-19.75 		29.0932
v -14.9687 		-21.1052 		29.0932
v -14.898 		-21.579 		29.0932
v 13.5617 		-24.2432 		23.1868
v -15.016 		-21.579 		28.8843
v 11.828 		-15.7802 		22.5
v 0.0295 		-33.2952 		23.7106
v 13.58 		-24.2486 		22.5
v 11.374 		-14.5165 		22.5
v -5.7792 		-5.0779 		24.5539
v -8.5672 		-6.2285 		24.5539
v -8.505 		-6.3434 		25.2308
v -7.1503 		-5.7052 		25.2308
v 4.0716 		-16.1686 		33.3936
v -15.6793 		-16.9035 		27.2172
v 13.5086 		-24.2286 		23.872
v -0.4062 		-10.6105 		31.6527
v 1.721 		-34.9345 		23.1868
v 0.2126 		-35.157 		23.1868
v 0.2144 		-35.1752 		22.5
v -7.2016 		-5.5848 		24.5539
v -15.9155 		-16.8561 		26.5633
v -15.6354 		-21.579 		27.6691
v 5.7485 		-19.75 		33.0955
v -0.5087 		-11.6426 		32.4219
v 5.7137 		-19.0607 		33.0955
v -1.3105 		-11.6025 		32.4219
v 13.58 		-15.2514 		22.5
v 10.7974 		-26.1962 		22.5
v 12.4193 		-19.75 		22.5
v 12.3534 		-18.4097 		22.5
v 10.7827 		-26.1889 		23.1061
v 10.7406 		-26.1652 		23.7106
v 12.1557 		-17.0822 		22.5
v 4.5604 		-19.75 		33.6671
v 4.5311 		-19.1774 		33.6671
v -14.3039 		-17.921 		26.0856
v -1.3105 		-10.5649 		31.6527
v 4.4469 		-18.6085 		33.6671
v -13.9602 		-17.921 		26.9652
v -12.8601 		-22.0385 		28.8511
v 5.613 		-18.3787 		33.0955
v -14.2093 		-17.921 		26.3419
v -14.0917 		-17.921 		26.6621
v 5.1608 		-19.75 		33.3936
v 13.0491 		-25.6746 		23.1868
v -12.58 		-23.1545 		28.8511
v 1.7247 		-34.9528 		22.5
v -13.1878 		-23.3387 		27.7821
v -4.3458 		-4.5472 		22.5
v -1.3105 		-35.2318 		23.1868
v -2.8355 		-4.3248 		22.5
v 13.0656 		-25.6819 		22.5
v 2.446 		-7.4175 		30.2774
v 3.6414 		-7.8424 		30.2774
v -2.6561 		-6.1392 		22.5
v 3.797 		-7.4667 		29.6976
v -1.3105 		-35.25 		22.5
v -3.9888 		-6.3361 		22.5
v 12.996 		-25.6528 		23.872
v 1.71 		-34.8798 		23.872
v 0.2071 		-35.1005 		23.872
v 5.1297 		-19.1172 		33.3936
v 2.5631 		-7.0272 		29.6976
v 4.7892 		-8.3839 		30.2774
v 4.9814 		-8.0247 		29.6976
v 12.3955 		-27.0478 		23.1868
v 5.0382 		-18.4918 		33.3936
v -13.186 		-22.1024 		28.3224
v -13.7061 		-17.921 		27.509
v -1.3105 		-35.1752 		23.872
v -13.4844 		-22.1625 		27.7821
v -16.1259 		-17.921 		26.3953
v 1.6917 		-34.7868 		24.5539
v -6.5078 		-7.2515 		24.3118
v -16.0738 		-17.921 		26.5633
v -6.4071 		-7.4941 		25.5009
v -15.8982 		-17.921 		27.0388
v -15.8318 		-17.921 		27.2172
v 0.1979 		-35.0093 		24.5539
v 12.412 		-27.0569 		22.5
v -13.8466 		-17.921 		27.2271
v 3.473 		-8.2472 		30.8391
v 12.3461 		-27.0222 		23.872
v 0.1851 		-34.8798 		25.2308
v -5.2538 		-6.8048 		24.3118
v -5.8268 		-4.9174 		22.5
v -5.2959 		-6.6625 		22.5
v -1.3105 		-35.0822 		24.5539
v -8.646 		-6.0808 		22.5
v -7.2656 		-5.4298 		22.5
v -12.8986 		-23.2512 		28.3224
v -1.3105 		-34.9528 		25.2308
v -5.219 		-6.9142 		24.9096
v 6.1713 		-18.2675 		32.7711
v 0.1686 		-34.7139 		25.9012
v -16.2779 		-16.7849 		25.2308
v -1.3105 		-34.785 		25.9012
v -7.7819 		-7.6892 		22.5
v -15.4102 		-22.5436 		27.8579
v -15.1063 		-22.4835 		28.4854
v -14.3722 		-17.1624 		25.5009
v 2.9622 		-17.9866 		34.1315
v -5.1769 		-7.0546 		25.5009
v -6.5645 		-7.1148 		22.5
v -14.7695 		-22.416 		29.0998
v -6.4638 		-7.3573 		24.9096
v 2.5027 		-18.5975 		34.3209
v -14.6304 		-17.1114 		24.3118
v -14.5187 		-17.1332 		24.9096
v 4.3077 		-18.0523 		33.6671
v 3.8427 		-18.7288 		33.9125
v -1.9458 		-20.1731 		36.4835
v -1.3105 		-19.75 		36.5
v -1.9842 		-20.1092 		36.4835
v 9.7631 		-27.1207 		25.5009
v -2.0153 		-20.0418 		36.4835
v 2.8633 		-6.0462 		27.8579
v 2.7736 		-6.3416 		28.4854
v -2.041 		-19.9706 		36.4835
v 4.1906 		-6.5203 		27.8579
v -2.0593 		-19.8977 		36.4835
v -16.115 		-16.8159 		25.9012
v 9.4372 		-26.9037 		26.6621
v -2.0703 		-19.8248 		36.4835
v 2.673 		-6.668 		29.0998
v 9.6148 		-27.0204 		26.0856
v -7.6592 		-7.9208 		24.9096
v -2.0739 		-19.75 		36.4835
v 3.116 		-18.4134 		34.1315
v 3.7183 		-18.231 		33.9125
v -10.6707 		-24.7337 		30.3367
v -7.5897 		-8.0502 		25.5009
v 5.4665 		-7.1202 		27.8579
v -14.3797 		-17.921 		25.8407
v -14.4855 		-17.921 		25.5009
v -10.2826 		-24.5276 		30.7962
v 5.3201 		-7.3919 		28.4854
v 2.6748 		-19.75 		34.3209
v -7.7123 		-7.8186 		24.3118
v -14.5461 		-17.921 		25.2634
v -14.635 		-17.921 		24.9096
v -8.9389 		-8.3785 		22.5
v 2.5979 		-18.975 		34.3209
v 5.159 		-7.6946 		29.0998
v -11.1814 		-7.7676 		22.5
v -5.8213 		-4.9356 		23.1868
v -11.8569 		-24.1009 		29.3633
v 9.8857 		-27.2028 		24.9096
v -14.6796 		-17.921 		24.6774
v 3.9434 		-19.75 		33.9125
v 3.9178 		-19.2376 		33.9125
v -14.7511 		-17.921 		24.3118
v -5.8066 		-4.9885 		23.872
v -9.9549 		-6.8631 		22.5
v -5.2922 		-6.6789 		23.1061
v -1.3856 		-20.5068 		36.4835
v -11.0185 		-10.0798 		22.5
v -1.3105 		-20.5104 		36.4835
v 3.2935 		-19.2978 		34.1315
v -1.4588 		-20.4958 		36.4835
v 3.2258 		-18.851 		34.1315
v -16.2798 		-17.921 		25.9012
v -1.532 		-20.4776 		36.4835
v -10.0208 		-9.1772 		22.5
v -1.6034 		-20.4521 		36.4835
v -14.7768 		-17.0822 		22.5
v -8.6368 		-6.0972 		23.1868
v -14.7603 		-17.0858 		23.1061
v -1.6712 		-20.4211 		36.4835
v 3.3155 		-19.75 		34.1315
v -11.0368 		-24.9288 		29.8591
v -1.7353 		-20.3828 		36.4835
v -11.3791 		-25.1112 		29.3633
v 2.6565 		-19.3616 		34.3209
v -7.2583 		-5.4462 		23.1868
v 9.8766 		-25.7056 		27.2271
v -12.3128 		-8.7906 		22.5
v 9.2358 		-26.7706 		27.2271
v -11.9247 		-11.0736 		22.5
v -8.6112 		-6.1465 		23.872
v -7.2364 		-5.4991 		23.872
v -14.8955 		-17.921 		22.7238
v -14.9017 		-17.921 		22.5
v -14.8849 		-17.921 		23.1061
v 4.0734 		-6.8048 		28.4854
v -14.7109 		-17.0949 		23.7106
v -14.8346 		-17.921 		23.7106
v -14.8535 		-17.921 		23.4859
v -11.1155 		-23.7964 		30.3367
v 3.9416 		-7.1202 		29.0998
v -11.4999 		-23.9532 		29.8591
v -14.8032 		-17.921 		23.9384
v -1.7957 		-20.3372 		36.4835
v -12.7265 		-12.1514 		22.5
v 5.613 		-21.1213 		33.0955
v 6.1713 		-21.2325 		32.7711
v -1.9 		-20.2332 		36.4835
v -10.7091 		-23.6286 		30.7962
v 5.0382 		-21.0082 		33.3936
v 2.4039 		-16.0501 		33.9125
v -1.8506 		-20.2879 		36.4835
v 4.4469 		-20.8915 		33.6671
v 3.44 		-8.3274 		27.7821
v -16.4061 		-16.7594 		24.5539
v 2.2647 		-16.8269 		34.1315
v -16.7461 		-17.921 		22.6419
v -16.7314 		-17.921 		23.1868
v -16.5544 		-16.7302 		23.1868
v -16.5727 		-16.7266 		22.5
v 1.9608 		-16.4914 		34.1315
v -16.75 		-17.921 		22.5
v -7.7746 		-7.7038 		23.1061
v 1.624 		-16.1886 		34.1315
v 5.7137 		-20.4393 		33.0955
v -10.4803 		-25.8534 		29.8591
v -10.1361 		-25.6236 		30.3367
v -16.6859 		-17.921 		23.7278
v -9.5155 		-26.4569 		30.3367
v -16.4995 		-16.7412 		23.872
v -0.0016 		-6.5185 		29.6976
v -2.5792 		-20.5943 		36.4325
v -1.3105 		-6.4546 		29.6976
v -16.674 		-17.921 		23.872
v -9.77 		-25.3792 		30.7962
v -9.175 		-26.1779 		30.7962
v -5.2776 		-6.7264 		23.7106
v -6.5389 		-7.1749 		23.7106
v 1.5068 		-16.9436 		34.3209
v -2.6561 		-20.4666 		36.4325
v 5.1297 		-20.3828 		33.3936
v -7.7508 		-7.7457 		23.7106
v -2.8282 		-19.8995 		36.4325
v -14.2478 		-11.1393 		22.5
v -13.3398 		-9.9175 		22.5
v -2.8355 		-19.75 		36.4325
v -2.7201 		-20.3317 		36.4325
v 1.2926 		-6.7099 		29.6976
v -13.4185 		-13.3038 		22.5
v 1.2139 		-7.1093 		30.2774
v -16.6013 		-17.921 		24.4061
v 1.2176 		-16.681 		34.3209
v 4.5311 		-20.3226 		33.6671
v -2.7696 		-20.1913 		36.4325
v -6.559 		-7.1294 		23.1061
v 1.1279 		-7.5396 		30.8391
v -16.5804 		-17.921 		24.5539
v -16.4783 		-17.921 		25.0778
v -16.4485 		-17.921 		25.2308
v -10.1361 		-26.9639 		29.3633
v -2.8062 		-20.0472 		36.4325
v -16.3198 		-17.921 		25.7414
v 2.3178 		-7.8369 		30.8391
v 0.5677 		-16.2488 		34.3209
v 6.651 		-20.5305 		34.5087
v 6.6894 		-19.75 		34.5087
v 6.5356 		-21.3055 		34.5087
v -8.7924 		-8.5973 		24.9096
v -8.71 		-8.7195 		25.5009
v 6.3452 		-22.0641 		34.5087
v 2.5979 		-20.525 		34.3209
v -8.6093 		-8.8672 		26.0856
v 2.6565 		-20.1384 		34.3209
v -9.8359 		-26.7195 		29.8591
v -8.4922 		-9.0441 		26.6621
v -15.6866 		-13.8181 		22.5
v -0.0419 		-6.9251 		30.2774
v -10.8025 		-26.0685 		29.3633
v 3.9178 		-20.2624 		33.9125
v -0.0858 		-7.3609 		30.8391
v 3.2258 		-20.649 		34.1315
v -0.192 		-8.4332 		29.3633
v 3.2935 		-20.2022 		34.1315
v -1.3105 		-8.3785 		29.3633
v -2.1581 		-21.0137 		36.4325
v 0.9045 		-16.4494 		34.3209
v 5.9901 		-20.4666 		34.8464
v -1.4607 		-21.2617 		36.4325
v 5.8839 		-21.176 		34.8464
v -7.2894 		-8.6064 		27.2271
v -1.3105 		-21.269 		36.4325
v -8.3585 		-9.2446 		27.2271
v -1.3105 		-6.8631 		30.2774
v -1.6089 		-21.2398 		36.4325
v 6.0249 		-19.75 		34.8464
v 5.342 		-19.75 		35.156
v -1.3105 		-7.3008 		30.8391
v 5.3109 		-20.3992 		35.156
v 2.2043 		-17.8791 		34.3209
v -1.7536 		-21.2034 		36.4325
v 14.1749 		-21.269 		22.5
v 13.9516 		-22.7734 		22.5
v 12.1557 		-22.4178 		22.5
v 5.2139 		-21.0429 		35.156
v 12.3534 		-21.0903 		22.5
v 2.9622 		-21.5134 		34.1315
v -1.8945 		-21.1541 		36.4325
v -12.0674 		-26.9092 		30.2774
v -11.7031 		-26.6666 		30.8391
v 2.5027 		-20.9025 		34.3209
v -12.3329 		-25.6181 		30.8391
v -8.9407 		-10.4883 		31.3809
v 4.6446 		-19.75 		35.4344
v 0.0991 		-5.4991 		27.8579
v 0.0679 		-5.8055 		28.4854
v 1.4336 		-6.0079 		28.4854
v -9.4624 		-11.6298 		31.9014
v -9.0908 		-12 		32.3988
v 4.6153 		-20.3317 		35.4344
v 4.5292 		-20.9079 		35.4344
v -10.6084 		-12.1495 		31.3809
v -2.03 		-21.0903 		36.4325
v 1.494 		-5.7052 		27.8579
v 4.3077 		-21.4477 		33.6671
v -9.8157 		-11.2779 		31.3809
v 4.3883 		-21.4714 		35.4344
v 1.7704 		-17.2317 		34.3209
v 3.7183 		-21.269 		33.9125
v -12.408 		-27.1353 		29.6976
v 3.8427 		-20.7712 		33.9125
v 3.116 		-21.0866 		34.1315
v -1.3105 		-5.4298 		27.8579
v -1.3105 		-5.738 		28.4854
v 2.0029 		-17.5435 		34.3209
v 0.035 		-6.1465 		29.0998
v -1.3105 		-6.0808 		29.0998
v 10.1054 		-27.3486 		22.5
v -12.1901 		-24.2395 		28.8511
v -11.6958 		-25.2789 		28.8511
v -8.9352 		-8.3839 		29.0998
v 1.3659 		-6.3434 		29.0998
v 11.6267 		-28.3607 		22.5
v 10.7187 		-29.5825 		22.5
v -9.2977 		-7.8424 		27.8579
v -9.1256 		-8.0995 		28.4854
v -2.4895 		-20.7146 		36.4325
v 0.2144 		-16.0829 		34.3209
v -2.279 		-20.9244 		36.4325
v 9.3036 		-28.4264 		22.5
v -2.3888 		-20.8241 		36.4325
v -12.4977 		-24.3654 		28.3224
v 2.4514 		-20.1184 		36.08
v 7.3997 		-30.3228 		22.5
v 2.4698 		-19.75 		36.08
v 8.3974 		-29.4202 		22.5
v -2.9252 		-21.3584 		36.3485
v -2.7586 		-21.5079 		36.3485
v 5.4171 		-23.3314 		32.7711
v 4.9137 		-23.0652 		33.0955
v -3.0753 		-21.1924 		36.3485
v 2.3709 		-18.231 		34.3209
v -9.2391 		-10.1254 		30.8391
v 2.1073 		-8.5244 		28.8511
v 9.6917 		-30.7094 		22.5
v 6.3178 		-31.1215 		22.5
v 2.2922 		-7.9189 		27.7821
v 4.6684 		-22.2172 		33.3936
v 3.9324 		-19.75 		35.6814
v 4.3974 		-22.7898 		33.3936
v 3.9068 		-20.2624 		35.6814
v -0.0932 		-7.4466 		27.7821
v -11.6299 		-26.6192 		27.7821
v 8.5603 		-31.7324 		22.5
v 3.8318 		-20.7694 		35.6814
v 7.3338 		-32.6369 		22.5
v -11.3791 		-26.4515 		28.3224
v 3.9434 		-32.3852 		22.5
v 3.2057 		-19.75 		35.8972
v 5.1608 		-31.8108 		22.5
v 3.1855 		-20.1913 		35.8972
v -10.4144 		-27.1918 		28.8511
v 5.8821 		-12.5854 		30.7962
v 2.2043 		-8.2071 		28.3224
v 3.7054 		-21.2654 		35.6814
v 3.1196 		-20.6271 		35.8972
v 3.0116 		-21.0556 		35.8972
v 1.051 		-7.9208 		28.3224
v 5.9883 		-21.9565 		32.7711
v 1.1114 		-7.6235 		27.7821
v -12.256 		-25.578 		27.7821
v 2.8633 		-21.4714 		35.8972
v -1.8304 		-20.1749 		34.8381
v -11.9887 		-25.4358 		28.3224
v 5.2102 		-22.4415 		33.0955
v -2.8721 		-11.9344 		34.5087
v 5.7375 		-22.6585 		32.7711
v -1.9055 		-20.0655 		34.8381
v -0.1243 		-7.7457 		28.3224
v 2.6748 		-32.8375 		22.5
v -1.3105 		-7.6892 		28.3224
v -9.7773 		-9.4726 		29.6976
v -1.8707 		-20.122 		34.8381
v -3.6336 		-12.124 		34.5087
v -1.3105 		-7.3865 		27.7821
v 3.2057 		-34.5826 		22.5
v -10.7475 		-10.3497 		29.6976
v 5.4446 		-21.7905 		33.0955
v 6.0249 		-33.4192 		22.5
v 4.6446 		-34.0702 		22.5
v -1.9842 		-19.75 		34.8381
v -11.1027 		-26.2673 		28.8511
v -9.5192 		-9.7881 		30.2774
v 0.9869 		-8.2454 		28.8511
v -1.9806 		-19.8156 		34.8381
v -1.9714 		-19.8813 		34.8381
v -1.9549 		-19.9451 		34.8381
v -2.0941 		-11.8195 		34.5087
v -1.3105 		-19.75 		34.8529
v -1.3105 		-11.7812 		34.5087
v -1.3105 		-8.0192 		28.8511
v 4.8826 		-21.6209 		33.3936
v -9.3837 		-11.7082 		29.3633
v -1.933 		-20.0071 		34.8381
v -9.1091 		-11.9818 		29.8591
v -0.1554 		-8.0758 		28.8511
v -12.721 		-25.826 		30.2774
v -13.0816 		-26.0175 		29.6976
v 5.7082 		-21.8708 		34.8464
v 2.5357 		-22.3102 		34.1315
v 5.4665 		-22.5455 		34.8464
v 6.0798 		-22.7989 		34.5087
v 2.7682 		-21.9218 		34.1315
v 5.6331 		-9.3978 		30.8391
v -10.4583 		-10.6378 		30.2774
v -13.6418 		-24.8376 		29.6976
v -10.1489 		-10.946 		30.8391
v 5.8766 		-9.0349 		30.2774
v 6.1036 		-8.6958 		29.6976
v -2.03 		-12.4778 		34.8464
v -13.2647 		-24.6826 		30.2774
v -8.8162 		-12.2735 		30.3367
v 3.8665 		-22.5072 		33.6671
v -13.6912 		-23.4919 		30.2774
v -14.083 		-23.6086 		29.6976
v -2.7421 		-12.5835 		34.8464
v -1.6272 		-20.3426 		34.8381
v 3.3228 		-22.2172 		33.9125
v -1.3105 		-12.4431 		34.8464
v -2.6085 		-13.2509 		35.156
v 4.5805 		-8.7705 		30.8391
v -1.9623 		-13.1543 		35.156
v 4.1137 		-21.9875 		33.6671
v -1.5687 		-20.37 		34.8381
v -1.4423 		-20.4083 		34.8381
v -12.8583 		-24.5149 		30.8391
v -1.3105 		-13.1233 		35.156
v -1.3764 		-20.4174 		34.8381
v -14.7768 		-22.4178 		22.5
v -14.9017 		-21.579 		22.5
v -1.3105 		-20.4211 		34.8381
v -3.0387 		-14.0734 		35.4344
v -11.6281 		-11.3162 		29.6976
v -1.7371 		-20.2679 		34.8381
v -2.473 		-13.9329 		35.4344
v 3.5443 		-21.7522 		33.9125
v -1.8945 		-13.8472 		35.4344
v -1.684 		-20.308 		34.8381
v 5.0565 		-21.6738 		35.156
v -1.3105 		-13.8181 		35.4344
v -13.9951 		-24.9835 		22.5
v 5.0327 		-10.295 		29.3633
v -14.4491 		-23.7198 		22.5
v -1.5064 		-20.3919 		34.8381
v -11.3114 		-11.5733 		30.2774
v 4.8368 		-22.2865 		35.156
v 4.0716 		-9.7206 		29.3633
v 5.159 		-23.1946 		34.8464
v 3.2276 		-23.4591 		33.6671
v 4.5567 		-22.8737 		35.156
v 3.0574 		-9.2446 		29.3633
v -16.2011 		-24.2486 		22.5
v -13.4185 		-26.1962 		22.5
v -4.3714 		-12.3884 		34.5087
v -10.9727 		-11.8523 		30.8391
v 2.7517 		-9.9832 		30.3367
v -3.4396 		-12.7586 		34.8464
v -15.0331 		-27.0569 		22.5
v -15.6866 		-25.6819 		22.5
v 2.5833 		-10.388 		30.7962
v -4.7686 		-13.3056 		34.8464
v -4.4464 		-13.9056 		35.156
v -3.9888 		-33.1639 		22.5
v -3.857 		-13.6266 		35.156
v -2.6561 		-33.3608 		22.5
v -4.1169 		-12.9993 		34.8464
v -1.7865 		-20.2241 		34.8381
v 2.673 		-21.8708 		35.8972
v 3.0574 		-22.6585 		33.9125
v 3.57 		-22.9995 		33.6671
v -10.0171 		-9.1826 		29.0998
v -3.2419 		-13.4078 		35.156
v 3.8885 		-10.0616 		29.8591
v 4.1906 		-22.0203 		35.4344
v 3.9416 		-22.5455 		35.4344
v -10.4308 		-8.6812 		27.8579
v -7.7819 		-31.8108 		22.5
v -6.5645 		-32.3852 		22.5
v -2.6561 		-19.75 		34.7936
v 3.5334 		-21.7486 		35.6814
v -9.1842 		-10.1929 		27.7821
v -2.6506 		-19.8813 		34.7936
v -2.5975 		-20.1384 		34.7936
v 3.3119 		-22.2118 		35.6814
v -2.6304 		-20.0108 		34.7936
v 2.9091 		-9.6002 		29.8591
v -5.2959 		-32.8375 		22.5
v -8.646 		-33.4192 		22.5
v -7.2656 		-34.0702 		22.5
v -10.235 		-8.9182 		28.4854
v 5.9315 		-10.9588 		29.3633
v 2.7517 		-23.0706 		33.9125
v -5.8268 		-34.5826 		22.5
v 4.8167 		-10.6159 		29.8591
v 4.586 		-10.9588 		30.3367
v -11.9247 		-28.4264 		22.5
v -1.6803 		-16.0026 		36.08
v 2.446 		-22.2501 		35.8972
v 4.3407 		-11.3235 		30.7962
v -1.3105 		-15.9844 		36.08
v -11.0148 		-10.0835 		29.0998
v 4.0716 		-23.3314 		33.3936
v -11.2565 		-9.8428 		28.4854
v -11.4761 		-9.6239 		27.8579
v -2.5536 		-20.2624 		34.7936
v -2.4968 		-20.3828 		34.7936
v -2.4291 		-20.494 		34.7936
v 3.6414 		-23.0451 		35.4344
v 3.0482 		-22.6512 		35.6814
v 5.4226 		-11.5769 		30.3367
v 5.6862 		-11.2578 		29.8591
v -2.8318 		-14.7535 		35.6814
v -2.3339 		-14.6277 		35.6814
v -1.825 		-14.5529 		35.6814
v -1.3105 		-14.5274 		35.6814
v -15.0679 		-23.9076 		27.8579
v 2.7425 		-23.0634 		35.6814
v -14.7713 		-23.8183 		28.4854
v -2.3504 		-20.5998 		34.7936
v -10.6707 		-12.0985 		28.3224
v 5.1425 		-11.9161 		30.7962
v 2.3709 		-21.269 		34.3209
v -9.6382 		-11.4548 		28.8511
v -14.4436 		-23.718 		29.0998
v -3.0387 		-15.5924 		35.8972
v -2.6213 		-15.4446 		35.8972
v -10.0208 		-30.3228 		22.5
v -10.0867 		-11.008 		27.7821
v -11.0185 		-29.4202 		22.5
v -12.7777 		-24.4821 		27.7821
v -9.8725 		-11.2214 		28.3224
v 4.2217 		-23.4317 		35.156
v -8.992 		-10.4263 		28.3224
v 1.7704 		-22.2683 		34.3209
v -3.1723 		-20.5177 		34.7195
v 3.6926 		-10.4263 		30.3367
v 1.71 		-20.0472 		36.2315
v -12.3128 		-30.7094 		22.5
v 2.0029 		-21.9565 		34.3209
v 3.4858 		-10.8129 		30.7962
v 1.6661 		-20.3408 		36.2315
v 2.2043 		-21.6209 		34.3209
v -14.5919 		-25.2297 		27.8579
v -14.3063 		-25.113 		28.4854
v 2.3984 		-20.4849 		36.08
v -13.9896 		-24.9817 		29.0998
v -2.1911 		-15.3371 		35.8972
v 1.7247 		-19.75 		36.2315
v -1.7536 		-15.2714 		35.8972
v 0.9283 		-20.1931 		36.3485
v 0.8753 		-20.4101 		36.3485
v 1.5947 		-20.6271 		36.2315
v -11.9192 		-11.0773 		29.0998
v -1.3105 		-15.2514 		35.8972
v -12.4226 		-10.6652 		27.8579
v -12.1846 		-10.8603 		28.4854
v 5.5855 		-9.4708 		27.7821
v 0.7984 		-20.6198 		36.3485
v 4.5402 		-8.8471 		27.7821
v 0.9723 		-19.75 		36.3485
v 0.9613 		-19.9725 		36.3485
v -1.7005 		-21.0319 		34.7936
v -12.7265 		-27.3486 		22.5
v -1.5723 		-21.0648 		34.7936
v -13.7169 		-26.3548 		28.4854
v -1.4423 		-21.0848 		34.7936
v -10.905 		-11.907 		27.7821
v -1.3105 		-21.0903 		34.7936
v 5.2322 		-9.9959 		28.8511
v 2.4039 		-23.4499 		33.9125
v -13.413 		-26.1944 		29.0998
v 1.624 		-23.3114 		34.1315
v 5.4171 		-9.7206 		28.3224
v -13.9896 		-26.5007 		27.8579
v 1.9608 		-23.0086 		34.1315
v 2.2647 		-22.6731 		34.1315
v 3.3228 		-8.6064 		28.3224
v 1.5068 		-22.5564 		34.3209
v -13.3398 		-29.5825 		22.5
v -14.2478 		-28.3607 		22.5
v -12.721 		-12.155 		29.0998
v -2.0574 		-20.8642 		34.7936
v -4.1169 		-14.5183 		35.4344
v 4.24 		-9.4051 		28.8511
v -8.9389 		-31.1215 		22.5
v -3.5897 		-14.2703 		35.4344
v -13.2647 		-11.7939 		27.8579
v -13.0066 		-11.9654 		28.4854
v -1.825 		-20.9882 		34.7936
v -9.9549 		-32.6369 		22.5
v 2.3068 		-20.8441 		36.08
v -3.3169 		-14.9249 		35.6814
v -11.1814 		-31.7324 		22.5
v 2.0231 		-21.5261 		36.08
v -1.9458 		-20.9316 		34.7936
v 2.1823 		-21.1906 		36.08
v -13.7061 		-21.579 		27.509
v -16.5727 		-22.7734 		22.5
v -16.75 		-21.579 		22.5
v 4.3974 		-9.1134 		28.3224
v -2.8355 		-35.1752 		22.5
v -4.3458 		-34.9528 		22.5
v -4.6185 		-14.8174 		35.4344
v -14.2093 		-21.579 		26.3419
v -9.4496 		-7.6162 		27.2172
v -14.0917 		-21.579 		26.6621
v 0.251 		-11.9344 		34.5087
v -0.527 		-11.8195 		34.5087
v -14.3039 		-21.579 		26.0856
v 1.0126 		-12.124 		34.5087
v -9.5833 		-7.4175 		26.5633
v -2.1636 		-20.7858 		34.7936
v -10.7567 		-8.2836 		26.5633
v 3.1965 		-8.9128 		28.8511
v -13.9602 		-21.579 		26.9652
v -13.8466 		-21.579 		27.2271
v 1.2176 		-22.819 		34.3209
v 0.5677 		-23.2512 		34.3209
v -16.1259 		-21.579 		26.3953
v -16.0738 		-21.579 		26.5633
v -15.8318 		-21.579 		27.2172
v -3.4396 		-15.782 		35.8972
v -15.8982 		-21.579 		27.0388
v 1.494 		-20.9079 		36.2315
v -4.6368 		-15.7127 		35.6814
v -4.2231 		-15.4082 		35.6814
v -10.6048 		-8.4696 		27.2172
v 0.9045 		-23.0506 		34.3209
v 1.3659 		-21.176 		36.2315
v 6.3452 		-17.4359 		34.5087
v -2.0812 		-21.6045 		34.7195
v 0.7032 		-20.8222 		36.3485
v 1.2139 		-21.4295 		36.2315
v -13.9896 		-22.2628 		26.6621
v 6.5356 		-18.1945 		34.5087
v -3.7819 		-15.1456 		35.6814
v -9.6968 		-7.2479 		25.9012
v -10.8867 		-8.1268 		25.9012
v -13.4496 		-23.4171 		27.2271
v 0.5878 		-21.0137 		36.3485
v 6.651 		-18.9695 		34.5087
v -8.8565 		-8.5006 		24.3118
v -14.1965 		-22.3029 		26.0856
v -3.8204 		-16.0081 		35.8972
v -9.8615 		-7.0017 		24.5539
v -9.7901 		-7.1093 		25.2308
v -2.2625 		-20.6982 		34.7936
v 6.1603 		-10.6816 		28.8511
v -13.7516 		-22.2154 		27.2271
v 2.4606 		-12.7221 		34.5087
v 3.1343 		-13.1251 		34.5087
v 0.2144 		-23.4171 		34.3209
v 2.7645 		-13.674 		34.8464
v 3.764 		-13.5901 		34.5087
v -10.9929 		-7.9992 		25.2308
v 3.343 		-14.1025 		34.8464
v 4.3462 		-14.1153 		34.5087
v -15.6793 		-22.5965 		27.2172
v 2.0029 		-8.8672 		29.3633
v 0.6647 		-20.1421 		34.7195
v 0.6171 		-20.3317 		34.7195
v 0.7599 		-9.3814 		30.3367
v -15.9155 		-22.6439 		26.5633
v -11.0752 		-7.8989 		24.5539
v 0.8405 		-8.9766 		29.8591
v 0.6739 		-9.8118 		30.7962
v 0.7032 		-19.75 		34.7195
v -5.0066 		-14.2393 		35.156
v -3.0881 		-20.6964 		34.7195
v 1.2524 		-20.525 		34.6158
v -14.7511 		-21.579 		24.3118
v -14.6796 		-21.579 		24.6774
v -14.635 		-21.579 		24.9096
v 1.8913 		-9.2374 		29.8591
v -9.9457 		-6.8777 		23.1868
v -14.5461 		-21.579 		25.2634
v -14.4855 		-21.579 		25.5009
v 1.9608 		-20.3992 		34.4824
v -2.9856 		-20.8642 		34.7195
v -5.9641 		-14.1025 		34.8464
v -6.9673 		-14.1153 		34.5087
v -14.3797 		-21.579 		25.8407
v -6.3851 		-13.5901 		34.5087
v -8.9297 		-8.3912 		23.1061
v -5.3856 		-13.674 		34.8464
v 5.8766 		-24.5349 		34.1398
v 2.0103 		-20.0764 		34.4824
v -5.7554 		-13.1251 		34.5087
v -8.9023 		-8.4332 		23.7106
v -5.0817 		-12.7221 		34.5087
v 0.9174 		-8.5973 		29.3633
v 5.7448 		-15.9935 		34.5087
v 4.359 		-15.1146 		34.8464
v 2.0249 		-19.75 		34.4824
v 4.8734 		-14.6952 		34.5087
v 4.7892 		-15.6908 		34.8464
v 5.3402 		-15.3225 		34.5087
v -16.2798 		-21.579 		25.9012
v 1.3164 		-20.2697 		34.6158
v -11.1704 		-7.7822 		23.1868
v -16.115 		-22.6841 		25.9012
v -9.9146 		-6.9251 		23.872
v 1.3549 		-20.0108 		34.6158
v -14.6304 		-22.3886 		24.3118
v -11.1338 		-7.8259 		23.872
v 1.3677 		-19.75 		34.6158
v 4.586 		-24.5696 		32.7711
v 4.5585 		-23.656 		33.0955
v 1.7704 		-9.6331 		30.3367
v 0.694 		-19.9469 		34.7195
v -14.5187 		-22.3668 		24.9096
v -2.8684 		-21.0228 		34.7195
v 3.8318 		-15.5449 		35.156
v 5.0327 		-23.9715 		32.7711
v -5.089 		-15.1656 		35.4344
v -14.3722 		-22.3376 		25.5009
v -5.532 		-14.6277 		35.156
v -11.8404 		-9.2611 		26.5633
v -6.4968 		-14.5839 		34.8464
v 3.3942 		-15.0635 		35.156
v 3.8757 		-14.5839 		34.8464
v 1.6313 		-21.3164 		34.4824
v -9.6455 		-9.6331 		26.0856
v 1.6423 		-10.0525 		30.7962
v 1.7723 		-21.021 		34.4824
v -2.4291 		-21.4185 		34.7195
v -16.2779 		-22.7151 		25.2308
v -9.3581 		-9.9832 		27.2271
v -2.2606 		-21.5206 		34.7195
v -6.4528 		-15.5449 		35.156
v 2.9109 		-14.6277 		35.156
v -6.0153 		-15.0635 		35.156
v -1.3105 		-8.7651 		29.8591
v -2.7348 		-21.1687 		34.7195
v -1.3105 		-9.1772 		30.3367
v 2.4679 		-15.1656 		35.4344
v -0.3128 		-9.6659 		30.7962
v 2.9 		-15.5559 		35.4344
v -5.9128 		-15.9862 		35.4344
v -9.5119 		-9.7954 		26.6621
v -0.2707 		-9.2282 		30.3367
v -5.521 		-15.5559 		35.4344
v -14.7603 		-22.4142 		23.1061
v 1.8821 		-20.7146 		34.4824
v 3.2917 		-15.9862 		35.4344
v -14.7109 		-22.4051 		23.7106
v -2.5883 		-21.3018 		34.7195
v 1.4629 		-21.5954 		34.4824
v -14.8955 		-21.579 		22.7238
v -14.8849 		-21.579 		23.1061
v 0.7599 		-21.4422 		34.6158
v -14.8535 		-21.579 		23.4859
v 0.9174 		-21.2325 		34.6158
v 5.3713 		-25.2133 		34.1398
v -1.3105 		-9.6166 		30.7962
v -14.8346 		-21.579 		23.7106
v -14.8032 		-21.579 		23.9384
v -0.2305 		-8.8179 		29.8591
v 1.051 		-21.0082 		34.6158
v -8.3659 		-15.9935 		34.5087
v 0.8185 		-12.7586 		34.8464
v 1.4958 		-12.9993 		34.8464
v -12.3842 		-27.1207 		25.5009
v 1.7503 		-12.3884 		34.5087
v -7.4103 		-15.6908 		34.8464
v -7.9613 		-15.3225 		34.5087
v 2.7956 		-24.7337 		33.3936
v -3.5934 		-19.75 		36.3485
v -12.2359 		-27.0204 		26.0856
v -3.4963 		-20.4101 		36.3485
v 2.8395 		-23.8839 		33.6671
v -4.2158 		-20.6271 		36.2315
v 3.2661 		-24.3088 		33.3936
v -7.4945 		-14.6952 		34.5087
v -3.5494 		-20.1931 		36.3485
v -6.9801 		-15.1146 		34.8464
v 3.0116 		-5.5556 		26.5633
v 4.3883 		-6.0462 		26.5633
v -12.0583 		-26.9037 		26.6621
v -4.2872 		-20.3408 		36.2315
v -3.4195 		-20.6198 		36.3485
v 3.6798 		-24.7209 		33.0955
v 5.7082 		-6.668 		26.5633
v 4.0826 		-25.1221 		32.7711
v -11.6702 		-9.4306 		27.2172
v 2.1476 		-13.3056 		34.8464
v -4.3311 		-20.0472 		36.2315
v 1.1645 		-20.7712 		34.6158
v 0.6208 		-13.4078 		35.156
v -12.5068 		-27.2028 		24.9096
v 1.2359 		-13.6266 		35.156
v -3.5824 		-19.9725 		36.3485
v 2.9421 		-5.7836 		27.2172
v -4.3458 		-19.75 		36.2315
v 4.2967 		-6.2668 		27.2172
v 1.8254 		-13.9056 		35.156
v 0.2071 		-19.8995 		36.4325
v -3.0936 		-16.4294 		36.08
v 0.1851 		-20.0472 		36.4325
v -2.7568 		-16.2707 		36.08
v 3.1672 		-25.1859 		33.0955
v -1.9037 		-16.7849 		36.2315
v -2.0483 		-16.0555 		36.08
v -2.4089 		-16.1467 		36.08
v -11.467 		-11.4475 		26.0856
v 0.2144 		-19.75 		36.4325
v 0.1485 		-20.1913 		36.4325
v 3.6926 		-23.8402 		33.3936
v -2.1911 		-16.8561 		36.2315
v 4.1466 		-24.2104 		33.0955
v -11.1155 		-11.7338 		27.2271
v 0.0991 		-20.3317 		36.4325
v -12.4977 		-25.7056 		27.2271
v -10.6011 		-10.4956 		26.0856
v -5.0194 		-20.4849 		36.08
v 0.035 		-20.4666 		36.4325
v -0.0419 		-20.5943 		36.4325
v 5.5965 		-6.8795 		27.2172
v -10.451 		-10.6451 		26.6621
v -11.8569 		-26.7706 		27.2271
v -0.5911 		-12.4778 		34.8464
v -10.2807 		-10.8147 		27.2271
v -1.6089 		-16.7412 		36.2315
v -11.3041 		-11.5806 		26.6621
v -13.4496 		-24.7592 		26.0856
v -13.8835 		-23.5484 		26.0856
v -13.2537 		-24.6772 		26.6621
v -1.3105 		-16.7266 		36.2315
v -3.3243 		-20.8222 		36.3485
v 5.6697 		-26.7031 		33.3228
v 6.078 		-27.1098 		32.8732
v -3.835 		-21.4295 		36.2315
v 4.8826 		-8.2071 		26.0856
v 0.4176 		-14.0734 		35.4344
v -3.2089 		-21.0137 		36.3485
v -13.6821 		-23.4882 		26.6621
v -3.987 		-21.176 		36.2315
v 4.7837 		-8.3931 		26.6621
v -9.9256 		-9.2921 		24.3118
v 0.121 		-12.5835 		34.8464
v -4.1151 		-20.9079 		36.2315
v 5.2432 		-26.2782 		33.7445
v -0.6588 		-13.1543 		35.156
v -13.0304 		-24.586 		27.2271
v -9.759 		-9.4945 		25.5009
v 4.5695 		-26.8873 		33.7445
v 5.8546 		-25.6072 		33.7445
v -0.5472 		-19.75 		36.4835
v -0.5508 		-19.8248 		36.4835
v -0.5618 		-19.8977 		36.4835
v -0.0126 		-13.2509 		35.156
v 2.5027 		-7.226 		26.0856
v -9.8542 		-9.3814 		24.9096
v -0.5801 		-19.9706 		36.4835
v -15.5603 		-24.0554 		26.5633
v 4.802 		-25.8388 		34.1398
v -0.1481 		-13.9329 		35.4344
v -15.3315 		-23.9861 		27.2172
v -0.6057 		-20.0418 		36.4835
v 3.6359 		-7.8533 		26.6621
v 3.5443 		-8.0758 		27.2271
v -14.8464 		-25.3355 		27.2172
v -0.7266 		-13.8472 		35.4344
v -0.6369 		-20.1092 		36.4835
v -11.9832 		-9.1188 		25.9012
v 2.4423 		-7.4266 		26.6621
v -12.1022 		-9.0003 		25.2308
v 2.9274 		-26.0685 		32.7711
v -0.6753 		-20.1731 		36.4835
v -12.8986 		-25.919 		26.0856
v 3.5279 		-25.6236 		32.7711
v 3.7183 		-7.6582 		26.0856
v -10.8318 		-10.2658 		24.9096
v 2.6107 		-25.5962 		33.0955
v -4.6442 		-21.5261 		36.08
v -4.8034 		-21.1906 		36.08
v -10.9141 		-10.1838 		24.3118
v -4.9279 		-20.8441 		36.08
v -12.7118 		-25.8205 		26.6621
v 5.9462 		-6.2285 		24.5539
v -1.9732 		-17.5727 		36.3485
v 5.8839 		-6.3434 		25.2308
v 4.1741 		-26.4059 		34.1398
v -0.7211 		-20.2332 		36.4835
v -15.0679 		-25.4266 		26.5633
v 5.8052 		-6.4893 		25.9012
v 4.5292 		-5.7052 		25.2308
v 4.4652 		-5.8584 		25.9012
v 3.0702 		-5.3624 		25.9012
v -14.2313 		-26.6302 		27.2172
v -0.7705 		-20.2879 		36.4835
v -10.7274 		-10.3698 		25.5009
v -1.7554 		-17.5198 		36.3485
v -14.4436 		-26.7414 		26.5633
v 1.9974 		-14.8174 		35.4344
v 0.9686 		-14.2703 		35.4344
v 1.4958 		-14.5183 		35.4344
v -0.8254 		-20.3372 		36.4835
v -1.5339 		-17.487 		36.3485
v -12.1938 		-8.9091 		24.5539
v -1.3105 		-17.4761 		36.3485
v 0.6959 		-14.9249 		35.6814
v -2.1838 		-17.6493 		36.3485
v 4.5805 		-5.5848 		24.5539
v -4.6313 		-20.0764 		34.4824
v 3.1581 		-5.0779 		24.5539
v 3.1196 		-5.2019 		25.2308
v -4.5819 		-20.3992 		34.4824
v -13.8578 		-24.927 		24.3118
v 3.4931 		-26.9092 		34.1398
v -1.089 		-20.4776 		36.4835
v -1.0176 		-20.4521 		36.4835
v -1.1623 		-20.4958 		36.4835
v -4.646 		-19.75 		34.4824
v -13.6144 		-24.8267 		25.5009
v -1.2355 		-20.5068 		36.4835
v -14.3063 		-23.6779 		24.3118
v -3.9888 		-19.75 		34.6158
v 0.8185 		-15.782 		35.8972
v 1.1993 		-16.0081 		35.8972
v 1.602 		-15.4082 		35.6814
v -0.8858 		-20.3828 		36.4835
v -3.976 		-20.0108 		34.6158
v -0.9499 		-20.4211 		36.4835
v -11.8093 		-11.1685 		24.3118
v -14.1965 		-23.6432 		24.9096
v -2.7421 		-17.084 		36.2315
v -2.473 		-16.9564 		36.2315
v 1.1608 		-15.1456 		35.6814
v -13.7516 		-24.8832 		24.9096
v -2.9966 		-17.2354 		36.2315
v -3.3243 		-19.75 		34.7195
v -2.5792 		-17.859 		36.3485
v -3.3151 		-19.9469 		34.7195
v -2.387 		-17.7441 		36.3485
v -3.2858 		-20.1421 		34.7195
v -3.9375 		-20.2697 		34.6158
v -11.6061 		-11.3344 		25.5009
v -14.0555 		-23.6013 		25.5009
v -3.8735 		-20.525 		34.6158
v -11.7196 		-11.2396 		24.9096
v 5.0125 		-24.9179 		32.4219
v -15.7544 		-24.1137 		25.9012
v -11.0075 		-10.0908 		23.1061
v -0.1316 		-20.7146 		36.4325
v 5.9022 		-23.5904 		32.4219
v -15.9155 		-24.1629 		25.2308
v 2.0158 		-15.7127 		35.6814
v -10.0098 		-9.1899 		23.1061
v -16.04 		-24.2012 		24.5539
v 0.4542 		-21.1924 		36.3485
v 0.3041 		-21.3584 		36.3485
v 5.9315 		-24.5696 		32.0496
v -0.2323 		-20.8241 		36.4325
v -0.3421 		-20.9244 		36.4325
v -3.2382 		-20.3317 		34.7195
v 0.1375 		-21.5079 		36.3485
v 5.4226 		-25.2534 		32.0496
v -10.9727 		-10.1254 		23.7106
v -4.084 		-21.5954 		34.4824
v -9.9787 		-9.2282 		23.7106
v -3.381 		-21.4422 		34.6158
v 5.0382 		-7.9208 		24.9096
v -2.8831 		-16.8196 		34.4824
v 4.9686 		-8.0502 		25.5009
v -13.186 		-26.074 		24.9096
v -2.5865 		-16.6792 		34.4824
v 5.0912 		-7.8186 		24.3118
v -12.2999 		-8.8034 		23.1868
v -1.3105 		-16.4275 		34.4824
v -12.2597 		-8.8435 		23.872
v -13.2885 		-26.1269 		24.3118
v 5.4903 		-24.276 		32.4219
v -1.9623 		-16.4914 		34.4824
v -3.7856 		-20.7712 		34.6158
v -3.6721 		-21.0082 		34.6158
v 4.4725 		-25.5105 		32.4219
v -13.056 		-26.0047 		25.5009
v -1.6382 		-16.4421 		34.4824
v 5.8162 		-25.5762 		31.6527
v -0.4629 		-21.0137 		36.4325
v 4.5384 		-26.849 		31.6527
v -0.5911 		-21.0903 		36.4325
v -2.279 		-16.5698 		34.4824
v -14.623 		-26.8381 		25.9012
v -11.8734 		-11.1156 		23.7106
v 2.3855 		-14.2393 		35.156
v 2.5979 		-6.9142 		24.9096
v -15.2564 		-25.5032 		25.9012
v -0.7266 		-21.1541 		36.4325
v 5.2084 		-26.2436 		31.6527
v -0.8675 		-21.2034 		36.4325
v -15.531 		-25.6181 		24.5539
v 4.8478 		-25.8844 		32.0496
v -11.9118 		-11.0846 		23.1061
v -14.8848 		-26.9785 		24.5539
v -14.7695 		-26.9165 		25.2308
v -15.4102 		-25.5671 		25.2308
v -0.9407 		-16.0026 		36.08
v -1.0121 		-21.2398 		36.4325
v -12.635 		-10.4919 		27.2172
v -1.3105 		-17.7441 		34.7195
v -1.5083 		-17.7532 		34.7195
v -3.5384 		-21.2325 		34.6158
v -1.1604 		-21.2617 		36.4325
v 5.5544 		-26.5882 		31.2344
v -12.8217 		-10.3406 		26.5633
v -1.7041 		-17.7824 		34.7195
v -13.6912 		-11.5095 		26.5633
v 3.8867 		-7.2515 		24.3118
v -1.8945 		-17.8298 		34.7195
v -13.4917 		-11.6426 		27.2172
v 3.8427 		-7.3573 		24.9096
v -0.7961 		-14.5529 		35.6814
v -2.0886 		-17.1971 		34.6158
v 3.786 		-7.4941 		25.5009
v -0.8675 		-15.2714 		35.8972
v -0.2872 		-14.6277 		35.6814
v -0.43 		-15.3371 		35.8972
v 0.0002 		-15.4446 		35.8972
v 0.2107 		-14.7535 		35.6814
v 2.6327 		-6.8048 		24.3118
v -1.3105 		-17.0822 		34.6158
v 2.5448 		-26.9347 		32.4219
v -1.5723 		-17.0949 		34.6158
v -13.9347 		-24.958 		23.7106
v -4.3934 		-21.021 		34.4824
v 0.4176 		-15.5924 		35.8972
v 2.5558 		-7.0546 		25.5009
v 0.0094 		-20.0108 		34.7936
v 0.0295 		-19.8813 		34.7936
v -14.4327 		-23.7162 		23.1061
v -12.9791 		-10.2111 		25.9012
v -13.8615 		-11.3964 		25.9012
v -13.9805 		-24.9781 		23.1061
v -0.0236 		-20.1384 		34.7936
v -14.3851 		-23.7016 		23.7106
v -1.8323 		-17.1332 		34.6158
v 0.035 		-19.75 		34.7936
v 4.6153 		-5.4991 		23.872
v -13.1073 		-10.1054 		25.2308
v 5.9901 		-6.1465 		23.872
v -4.2524 		-21.3164 		34.4824
v -12.6038 		-12.2334 		24.3118
v 3.2331 		-26.5244 		32.4219
v -2.5737 		-17.3976 		34.6158
v -16.1297 		-24.2286 		23.872
v 3.8775 		-26.0485 		32.4219
v 2.6711 		-6.6789 		23.1061
v -0.2707 		-20.5998 		34.7936
v -3.0094 		-17.6876 		34.6158
v -0.192 		-20.494 		34.7936
v -14.1086 		-11.2323 		24.5539
v -0.1243 		-20.3828 		34.7936
v 3.2002 		-4.9356 		23.1868
v -14.0006 		-11.3034 		25.2308
v -13.2079 		-10.0233 		24.5539
v -16.1828 		-24.2432 		23.1868
v 4.6372 		-5.4462 		23.1868
v 3.5279 		-26.9639 		32.0496
v -3.1632 		-16.9874 		34.4824
v -0.0675 		-20.2624 		34.7936
v 6.0157 		-6.0972 		23.1868
v -15.6171 		-25.6528 		23.872
v -4.5032 		-20.7146 		34.4824
v 3.1855 		-4.9885 		23.872
v -13.4038 		-26.1889 		23.1061
v 5.159 		-16.3054 		34.8464
v 4.5567 		-16.6263 		35.156
v 4.8368 		-17.2135 		35.156
v -1.3105 		-22.0239 		36.3485
v 5.4665 		-16.9545 		34.8464
v 5.0565 		-17.8262 		35.156
v 5.7082 		-17.6292 		34.8464
v -1.5339 		-22.013 		36.3485
v 0.5512 		-20.5177 		34.7195
v 4.2144 		-26.4569 		32.0496
v -13.3251 		-9.9285 		23.1868
v -1.7554 		-21.9802 		36.3485
v -13.2812 		-9.9649 		23.872
v -13.3617 		-26.1652 		23.7106
v -12.6716 		-12.1878 		23.7106
v 2.413 		-24.2705 		33.6671
v -15.0166 		-27.0478 		23.1868
v 1.1663 		-24.3654 		33.9125
v -15.6702 		-25.6746 		23.1868
v -1.9732 		-21.9273 		36.3485
v 1.6093 		-24.1009 		33.9125
v 2.6565 		-6.7264 		23.7106
v 6.0798 		-16.7011 		34.5087
v -12.7137 		-12.1605 		23.1061
v -14.9672 		-27.0222 		23.872
v 0.8698 		-23.8128 		34.1315
v 5.1535 		-7.7038 		23.1061
v -2.1838 		-21.8507 		36.3485
v 5.1297 		-7.7457 		23.7106
v 3.9178 		-7.1749 		23.7106
v -2.7989 		-17.5308 		34.6158
v -14.2331 		-11.1484 		23.1868
v -14.1855 		-11.1794 		23.872
v 3.6414 		-16.4549 		35.4344
v 2.0231 		-23.7964 		33.9125
v -2.3357 		-17.2846 		34.6158
v 3.9379 		-7.1294 		23.1061
v 3.0482 		-16.8488 		35.6814
v -0.7906 		-20.1749 		34.8381
v -2.0574 		-27.3122 		32.7711
v -0.7504 		-20.122 		34.8381
v 2.7425 		-16.4366 		35.6814
v -3.4103 		-16.619 		36.08
v -0.7156 		-20.0655 		34.8381
v -1.3105 		-27.3486 		32.7711
v 0.1485 		-4.9885 		26.5633
v -3.7087 		-16.8378 		36.08
v 1.2597 		-23.5812 		34.1315
v -1.3105 		-4.9174 		26.5633
v -2.387 		-21.7559 		36.3485
v -1.3105 		-28.3607 		34.1398
v -2.1581 		-28.3206 		34.1398
v -2.2185 		-28.9388 		33.7445
v -0.6881 		-20.0071 		34.8381
v -2.5792 		-21.641 		36.3485
v -0.6497 		-19.8813 		34.8381
v 1.5947 		-5.2019 		26.5633
v -1.3105 		-13.9019 		33.6671
v -0.6405 		-19.8156 		34.8381
v -2.473 		-22.5436 		36.2315
v -1.8854 		-13.9311 		33.6671
v -1.3105 		-28.9825 		33.7445
v -2.7421 		-22.416 		36.2315
v -2.9966 		-22.2646 		36.2315
v -2.9966 		-28.1966 		34.1398
v 0.9357 		-25.1531 		33.6671
v -2.4565 		-14.015 		33.6671
v -1.3105 		-5.1563 		27.2172
v 0.1247 		-5.2256 		27.2172
v -3.1192 		-28.8056 		33.7445
v 1.9517 		-24.6115 		33.6671
v -2.7989 		-12.2972 		32.7711
v 3.9416 		-16.9545 		35.4344
v 1.5471 		-5.4371 		27.2172
v 0.6995 		-24.586 		33.9125
v 3.3119 		-17.2882 		35.6814
v -3.2364 		-17.4122 		36.2315
v -3.6574 		-17.8316 		36.2315
v -4.2341 		-17.3612 		36.08
v -4.4538 		-17.6584 		36.08
v -1.3105 		-12.7185 		33.0955
v 4.1906 		-17.4797 		35.4344
v -2.0025 		-12.7531 		33.0955
v 3.5334 		-17.7514 		35.6814
v -2.6872 		-12.8534 		33.0955
v -3.4579 		-17.611 		36.2315
v -3.9833 		-17.0876 		36.08
v -0.6662 		-19.9451 		34.8381
v 2.446 		-17.2499 		35.8972
v 2.673 		-17.6292 		35.8972
v -1.3105 		-13.3038 		33.3936
v -3.8204 		-27.9905 		34.1398
v -1.6089 		-22.7588 		36.2315
v 1.4574 		-24.9069 		33.6671
v -1.3105 		-22.7734 		36.2315
v -0.6369 		-19.75 		34.8381
v -1.3105 		-6.6625 		26.0856
v -2.4089 		-23.3533 		36.08
v -2.1911 		-22.6439 		36.2315
v -2.7568 		-23.2293 		36.08
v -4.0016 		-28.585 		33.7445
v -3.0936 		-23.0706 		36.08
v -1.9458 		-13.3348 		33.3936
v -4.6185 		-27.7061 		34.1398
v 1.2524 		-6.9142 		26.0856
v -0.0236 		-6.7264 		26.0856
v -2.5737 		-13.426 		33.3936
v -4.8583 		-28.2805 		33.7445
v -1.9037 		-22.7151 		36.2315
v -2.0483 		-23.4445 		36.08
v 1.2121 		-7.1202 		26.6621
v 2.2849 		-25.1112 		33.3936
v 2.3709 		-7.6582 		27.2271
v 1.1645 		-7.3573 		27.2271
v -0.0437 		-6.9342 		26.6621
v 0.4597 		-24.0061 		34.1315
v 4.2217 		-16.0683 		35.156
v -1.3105 		-23.7198 		34.3209
v -0.8565 		-24.3362 		34.1315
v -1.3105 		-24.3581 		34.1315
v -0.9206 		-23.7016 		34.3209
v -5.0176 		-16.0574 		35.6814
v -3.7874 		-13.7944 		33.3936
v -0.0675 		-7.1749 		27.2271
v -1.3105 		-29.5825 		33.3228
v -2.3357 		-30.1095 		32.8732
v -1.3105 		-30.1587 		32.8732
v -4.3622 		-14.0642 		33.3936
v -2.279 		-29.5351 		33.3228
v -0.408 		-24.2687 		34.1315
v -3.2364 		-29.3946 		33.3228
v -1.3105 		-7.1148 		27.2271
v 5.2139 		-18.4571 		35.156
v -3.3499 		-29.9599 		32.8732
v 5.8839 		-18.324 		34.8464
v -4.1755 		-29.1594 		33.3228
v 5.3109 		-19.1008 		35.156
v 5.9901 		-19.0334 		34.8464
v -1.3105 		-6.8722 		26.6621
v -4.505 		-16.5679 		35.8972
v -4.3439 		-29.7101 		32.8732
v -3.5256 		-12.4796 		32.7711
v 4.3883 		-18.0286 		35.4344
v -4.1755 		-16.2725 		35.8972
v -0.8346 		-20.2241 		34.8381
v 4.5292 		-18.5921 		35.4344
v -4.9059 		-13.0485 		32.7711
v 4.6153 		-19.1683 		35.4344
v 1.635 		-5.0031 		25.9012
v -3.359 		-13.0212 		33.0955
v -4.8016 		-16.8962 		35.8972
v -4.0126 		-13.2546 		33.0955
v -1.5723 		-22.4051 		34.6158
v -1.3105 		-22.4178 		34.6158
v -4.2304 		-12.7294 		32.7711
v 1.3384 		-6.482 		24.3118
v -1.2446 		-20.4174 		34.8381
v -1.8945 		-21.6702 		34.7195
v -1.1787 		-20.4083 		34.8381
v -2.0886 		-22.3029 		34.6158
v -4.6387 		-13.55 		33.0955
v 1.3164 		-6.5932 		24.9096
v -1.1147 		-20.3919 		34.8381
v -1.0524 		-20.37 		34.8381
v -0.9938 		-20.3426 		34.8381
v -1.8323 		-22.3668 		34.6158
v -0.1536 		-23.5484 		34.3209
v -0.9371 		-20.308 		34.8381
v 0.0313 		-24.1593 		34.1315
v -2.9069 		-27.7407 		32.4219
v -0.884 		-20.2679 		34.8381
v -3.1888 		-13.581 		33.3936
v -1.7041 		-21.7176 		34.7195
v 1.6661 		-4.8408 		25.2308
v -1.5083 		-21.7468 		34.7195
v -3.1101 		-28.7582 		31.6527
v 2.4514 		-19.3816 		36.08
v -3.0094 		-28.2604 		32.0496
v -2.1636 		-28.3844 		32.0496
v -2.2149 		-28.8895 		31.6527
v -1.3105 		-21.7559 		34.7195
v -3.0149 		-14.1536 		33.6671
v -1.3105 		-6.2212 		24.3118
v -0.0053 		-6.5476 		25.5009
v -1.3105 		-28.4264 		32.0496
v -1.3105 		-28.9351 		31.6527
v 3.7054 		-18.2346 		35.6814
v -3.1632 		-22.5126 		34.4824
v -0.3586 		-20.6982 		34.7936
v -0.5325 		-23.6432 		34.3209
v -3.6702 		-17.3995 		34.4824
v -3.8899 		-17.642 		34.4824
v -1.3105 		-14.5165 		33.9125
v -3.0094 		-21.8124 		34.6158
v -1.825 		-14.542 		33.9125
v 3.8318 		-18.7306 		35.6814
v 0.0094 		-6.4018 		24.9096
v -2.5737 		-22.1024 		34.6158
v 0.0203 		-6.2869 		24.3118
v -2.3357 		-22.2154 		34.6158
v 3.9068 		-19.2376 		35.6814
v -2.1124 		-27.8574 		32.4219
v -1.3105 		-27.8975 		32.4219
v -3.4268 		-17.1806 		34.4824
v -2.3357 		-14.6168 		33.9125
v 2.8633 		-18.0286 		35.8972
v -4.441 		-27.2775 		32.4219
v -4.6442 		-27.7662 		32.0496
v 3.0116 		-18.4444 		35.8972
v -2.8355 		-14.7408 		33.9125
v 0.3645 		-20.8642 		34.7195
v 0.3938 		-25.3464 		33.6671
v 3.1196 		-18.8729 		35.8972
v -3.6849 		-27.5456 		32.4219
v 0.467 		-20.6964 		34.7195
v 3.1855 		-19.3087 		35.8972
v -3.0808 		-15.4939 		34.1315
v -0.7961 		-24.958 		33.9125
v -5.0249 		-28.6853 		31.2344
v -1.3105 		-15.7802 		34.3209
v -3.2053 		-17.8626 		34.6158
v -4.1279 		-29.0044 		31.2344
v -2.0886 		-15.8568 		34.3209
v 0.2473 		-21.0228 		34.7195
v -1.3105 		-24.9835 		33.9125
v -1.6089 		-18.2602 		36.4325
v -1.4607 		-18.2383 		36.4325
v -2.7989 		-21.9692 		34.6158
v -2.4675 		-15.9516 		34.3209
v -2.1581 		-18.4863 		36.4325
v -2.03 		-18.4097 		36.4325
v -0.2854 		-24.8832 		33.9125
v -1.8945 		-18.3459 		36.4325
v -4.8382 		-28.2349 		31.6527
v -1.9623 		-23.0086 		34.4824
v -1.7536 		-18.2966 		36.4325
v -2.6524 		-15.3407 		34.1315
v -1.6382 		-23.0579 		34.4824
v -2.8831 		-22.6804 		34.4824
v -2.5865 		-22.8208 		34.4824
v 0.2144 		-24.7592 		33.9125
v -1.3105 		-15.1419 		34.1315
v -1.7645 		-15.1638 		34.1315
v -1.3105 		-18.231 		36.4325
v -2.2131 		-15.2313 		34.1315
v -1.3105 		-23.0725 		34.4824
v -1.3105 		-6.4838 		25.5009
v -3.987 		-28.5394 		31.6527
v -1.3105 		-6.3361 		24.9096
v 0.7892 		-16.619 		36.08
v -0.3604 		-21.5206 		34.7195
v 1.0876 		-16.8378 		36.08
v -3.8387 		-28.0525 		32.0496
v 1.7412 		-25.4358 		33.3936
v 1.1663 		-25.7056 		33.3936
v -1.7005 		-15.7984 		34.3209
v -0.192 		-21.4185 		34.7195
v 0.1137 		-21.1687 		34.7195
v 2.2849 		-26.4515 		32.7711
v -2.2625 		-29.3746 		31.2344
v -1.3105 		-29.4202 		31.2344
v -4.5728 		-14.8885 		33.6671
v -3.5567 		-14.3469 		33.6671
v -3.3206 		-14.914 		33.9125
v -2.279 		-22.9302 		34.4824
v 0.9045 		-27.0204 		32.7711
v -4.0785 		-14.5931 		33.6671
v 0.6153 		-17.4122 		36.2315
v 0.738 		-26.4788 		33.0955
v 0.8368 		-17.611 		36.2315
v 1.3622 		-17.0876 		36.08
v -2.3888 		-30.6565 		32.3988
v 0.5677 		-25.919 		33.3936
v -1.3105 		-30.7094 		32.3988
v -3.2364 		-22.0878 		36.2315
v -3.4579 		-21.889 		36.2315
v -3.9833 		-22.4124 		36.08
v 1.0364 		-17.8316 		36.2315
v 1.2872 		-6.7391 		25.5009
v 1.613 		-17.3612 		36.08
v -3.6574 		-21.6684 		36.2315
v -4.2341 		-22.1388 		36.08
v -2.9252 		-18.1416 		36.3485
v -3.0753 		-18.3076 		36.3485
v 1.8327 		-17.6584 		36.08
v -4.4538 		-21.8416 		36.08
v -2.7586 		-17.9921 		36.3485
v 1.3915 		-26.2454 		33.0955
v -3.2053 		-29.2342 		31.2344
v 1.6093 		-26.7706 		32.7711
v -0.0327 		-21.3018 		34.7195
v -5.0341 		-15.2295 		33.6671
v -2.4895 		-18.7854 		36.4325
v -3.4579 		-30.4997 		32.3988
v -4.657 		-30.7404 		31.9014
v -2.3888 		-18.6759 		36.4325
v -4.2304 		-15.3991 		33.9125
v 2.0176 		-25.95 		33.0955
v -4.505 		-30.2389 		32.3988
v -2.279 		-18.5756 		36.4325
v 1.364 		-6.3525 		23.1061
v 0.0332 		-6.1556 		23.1061
v -3.4908 		-15.6872 		34.1315
v -1.3105 		-6.0899 		23.1061
v 1.3549 		-6.4018 		23.7106
v 0.0295 		-6.2048 		23.7106
v 1.5544 		-16.2725 		35.8972
v -1.3105 		-6.1392 		23.7106
v -5.089 		-28.8348 		33.3228
v 1.8839 		-16.5679 		35.8972
v -3.7087 		-22.6622 		36.08
v -6.7952 		-27.9267 		33.3228
v -6.2368 		-28.9296 		32.8732
v -5.9641 		-28.4227 		33.3228
v -3.7874 		-15.1346 		33.9125
v 2.3965 		-16.0574 		35.6814
v -3.4103 		-22.881 		36.08
v 2.1805 		-16.8962 		35.8972
v -1.3105 		-26.7815 		33.0955
v -5.6803 		-27.8939 		33.7445
v -4.6442 		-15.7036 		33.9125
v -0.7961 		-20.9882 		34.7936
v -0.6753 		-20.9316 		34.7936
v -6.4602 		-27.4271 		33.7445
v -0.5636 		-20.8642 		34.7936
v -1.6034 		-19.0479 		36.4835
v -5.3856 		-27.345 		34.1398
v 6.1713 		-8.5973 		24.9096
v -1.6712 		-19.0789 		36.4835
v 6.089 		-8.7195 		25.5009
v -1.532 		-19.0224 		36.4835
v -3.8808 		-15.9188 		34.1315
v -4.1755 		-23.2275 		35.8972
v -1.4588 		-19.0042 		36.4835
v -0.6186 		-26.7469 		33.0955
v -1.3856 		-18.9932 		36.4835
v -4.505 		-22.9321 		35.8972
v 0.0661 		-26.6466 		33.0955
v -1.3105 		-26.1962 		33.3936
v -4.8016 		-22.6038 		35.8972
v -1.3105 		-18.9896 		36.4835
v -4.9059 		-14.3888 		33.3936
v -1.7353 		-19.1172 		36.4835
v -0.4575 		-20.7858 		34.7936
v -0.7357 		-25.5689 		33.6671
v -1.3105 		-25.5981 		33.6671
v -0.6753 		-26.1652 		33.3936
v -7.1155 		-28.4045 		32.8732
v -0.1646 		-25.485 		33.6671
v -7.5732 		-27.3505 		33.3228
v -0.0474 		-26.074 		33.3936
v -7.9393 		-27.7972 		32.8732
v -5.0176 		-23.4426 		35.6814
v 1.2688 		-17.642 		34.4824
v 1.0492 		-17.3995 		34.4824
v 0.5842 		-17.8626 		34.6158
v -1.1787 		-21.0848 		34.7936
v 5.8711 		-9.0441 		26.6621
v -1.8506 		-19.2121 		36.4835
v -1.7957 		-19.1628 		36.4835
v -1.0488 		-21.0648 		34.7936
v -0.9206 		-21.0319 		34.7936
v -5.5485 		-13.4315 		32.7711
v -5.2318 		-13.9038 		33.0955
v 5.9883 		-8.8672 		26.0856
v 0.8057 		-17.1806 		34.4824
v -6.149 		-13.8764 		32.7711
v 5.7375 		-9.2446 		27.2271
v 0.1778 		-27.2028 		32.7711
v 4.6684 		-8.6064 		27.2271
v -5.3087 		-29.3673 		32.8732
v -1.9 		-19.2668 		36.4835
v -3.6702 		-22.1005 		34.4824
v -6.7036 		-27.7918 		31.2344
v -6.4327 		-27.3869 		31.6527
v -6.7952 		-13.0941 		34.1398
v -5.4167 		-27.4015 		32.0496
v -0.5728 		-16.0555 		36.08
v -0.2121 		-16.1467 		36.08
v -6.1142 		-12.5908 		34.1398
v -3.2053 		-21.6374 		34.6158
v -3.4268 		-22.3194 		34.4824
v -2.0703 		-19.6752 		36.4835
v -5.8872 		-28.2786 		31.2344
v -2.0593 		-19.6023 		36.4835
v -2.041 		-19.5294 		36.4835
v 0.1357 		-16.2707 		36.08
v -2.0153 		-19.4582 		36.4835
v -1.0121 		-16.7412 		36.2315
v 5.8821 		-26.9146 		30.7962
v -1.9842 		-19.3908 		36.4835
v -1.9458 		-19.3269 		36.4835
v -5.6565 		-27.8501 		31.6527
v -0.7174 		-16.7849 		36.2315
v -3.8899 		-21.858 		34.4824
v -8.2908 		-12.7969 		33.3228
v -0.43 		-16.8561 		36.2315
v 7.1947 		-28.2221 		31.3809
v -7.8643 		-13.2218 		33.7445
v 7.9873 		-27.3505 		31.3809
v 0.4725 		-16.4294 		36.08
v -5.0725 		-20.1184 		36.08
v -8.4757 		-13.8928 		33.7445
v 6.8414 		-27.8702 		31.9014
v -5.0908 		-19.75 		36.08
v -7.4231 		-28.8622 		32.3988
v 6.3196 		-29.0117 		31.3809
v -8.6991 		-12.3902 		32.8732
v -0.5398 		-21.6045 		34.7195
v 6.3196 		-13.5117 		33.3228
v 6.4697 		-27.5 		32.3988
v -7.4689 		-27.2265 		31.2344
v -5.7407 		-20.6271 		35.8972
v -5.6327 		-21.0556 		35.8972
v -7.1906 		-12.6127 		33.7445
v -6.3265 		-21.2654 		35.6814
v -8.624 		-28.6269 		31.9014
v -5.4844 		-21.4714 		35.8972
v -8.2908 		-28.2221 		32.3988
v -7.4231 		-13.6612 		34.1398
v -6.4528 		-20.7694 		35.6814
v -5.8066 		-20.1913 		35.8972
v -2.8282 		-19.6005 		36.4325
v -2.7696 		-19.3087 		36.4325
v 0.3755 		-17.2354 		36.2315
v -6.5279 		-20.2624 		35.6814
v -2.8062 		-19.4528 		36.4325
v 10.3855 		-27.5346 		28.4854
v 10.6436 		-27.7061 		27.8579
v 7.3777 		-13.9676 		32.8732
v -5.8268 		-19.75 		35.8972
v 1.8327 		-21.8416 		36.08
v 6.7681 		-13.147 		32.8732
v -0.0419 		-17.859 		36.3485
v -6.5535 		-19.75 		35.6814
v -0.1481 		-16.9564 		36.2315
v 1.0364 		-21.6684 		36.2315
v 10.0999 		-27.345 		29.0998
v -5.4606 		-15.6161 		33.6671
v -6.4968 		-29.4165 		32.3988
v 1.613 		-22.1388 		36.08
v 0.121 		-17.084 		36.2315
v 0.8368 		-21.889 		36.2315
v 1.3622 		-22.4124 		36.08
v -6.3009 		-14.7791 		33.0955
v -5.7224 		-30.3611 		31.9014
v -5.521 		-29.8761 		32.3988
v -2.7201 		-19.1683 		36.4325
v -2.6561 		-19.0334 		36.4325
v -6.3137 		-15.6598 		33.3936
v -2.5792 		-18.9057 		36.4325
v 0.6153 		-22.0878 		36.2315
v -6.7457 		-29.8779 		31.9014
v 6.8981 		-14.2867 		33.3228
v -7.716 		-29.2998 		31.9014
v 7.905 		-14.8429 		32.8732
v 8.3516 		-27.6477 		30.8391
v -6.7036 		-14.3779 		32.7711
v 7.396 		-15.1146 		33.3228
v -5.9128 		-30.8188 		31.3809
v 8.3443 		-15.7674 		32.8732
v 8.6903 		-27.9267 		30.2774
v 7.8098 		-15.9862 		33.3228
v -0.2341 		-17.7441 		36.3485
v 6.3965 		-14.6204 		33.7445
v -6.9801 		-30.3174 		31.3809
v -5.4167 		-14.7663 		33.3936
v -5.7883 		-14.3141 		33.0955
v 6.8652 		-15.3972 		33.7445
v 9.007 		-28.1838 		29.6976
v -7.9924 		-29.7119 		31.3809
v -5.8872 		-15.1912 		33.3936
v -6.7677 		-15.2896 		33.0955
v -8.505 		-21.176 		34.8464
v -7.835 		-21.0429 		35.156
v -7.932 		-20.3992 		35.156
v -8.6112 		-20.4666 		34.8464
v -1.0872 		-17.487 		36.3485
v -8.646 		-19.75 		34.8464
v -7.9631 		-19.75 		35.156
v -7.0094 		-21.4714 		35.4344
v -0.8657 		-17.5198 		36.3485
v -7.1503 		-20.9079 		35.4344
v -0.6478 		-17.5727 		36.3485
v -7.2364 		-20.3317 		35.4344
v -7.2656 		-19.75 		35.4344
v 6.7626 		-27.7918 		29.3633
v -0.4373 		-17.6493 		36.3485
v 6.488 		-27.5182 		29.8591
v -7.2071 		-14.9304 		32.7711
v 1.0876 		-22.6622 		36.08
v 0.7892 		-22.881 		36.08
v -2.4895 		-31.6741 		31.3809
v -1.3105 		-31.7324 		31.3809
v -1.3105 		-31.2346 		31.9014
v 6.1951 		-27.2265 		30.3367
v -7.1796 		-15.844 		33.0955
v -2.4401 		-31.1799 		31.9014
v -3.5604 		-31.0139 		31.9014
v -7.6537 		-15.5285 		32.7711
v 6.3141 		-15.6908 		34.1398
v -3.6574 		-31.5008 		31.3809
v -4.8016 		-31.2164 		31.3809
v 7.5278 		-28.554 		30.8391
v 7.8372 		-28.8622 		30.2774
v -6.1544 		-21.7486 		35.6814
v -1.7005 		-18.4681 		34.7936
v -5.294 		-21.8708 		35.8972
v -0.6588 		-16.4914 		34.4824
v -1.3105 		-18.4097 		34.7936
v -1.4423 		-18.4152 		34.7936
v -8.4977 		-14.9651 		34.1398
v -5.9329 		-22.2118 		35.6814
v -6.8116 		-22.0203 		35.4344
v -7.9924 		-14.2867 		34.1398
v -1.5723 		-18.4352 		34.7936
v -6.5627 		-22.5455 		35.4344
v 2.1805 		-22.6038 		35.8972
v 0.262 		-16.8196 		34.4824
v 8.2766 		-13.3695 		31.9014
v 1.8839 		-22.9321 		35.8972
v -5.067 		-22.2501 		35.8972
v -1.9458 		-18.5684 		34.7936
v -1.825 		-18.5118 		34.7936
v 2.3965 		-23.4426 		35.6814
v -2.0574 		-18.6358 		34.7936
v 8.1265 		-29.1503 		29.6976
v -0.0346 		-16.6792 		34.4824
v -2.1636 		-18.7142 		34.7936
v -5.1659 		-12.5653 		32.4219
v 7.1562 		-30.0274 		29.6976
v -5.8542 		-12.9756 		32.4219
v 6.8981 		-29.7119 		30.2774
v 6.618 		-29.3746 		30.8391
v -6.4986 		-13.4515 		32.4219
v 8.6903 		-13.0941 		31.3809
v -2.3504 		-30.2718 		30.3367
v 1.5544 		-23.2275 		35.8972
v -1.3105 		-30.7349 		29.8591
v -0.3421 		-16.5698 		34.4824
v 9.2981 		-14.1025 		31.3809
v -6.149 		-12.5361 		32.0496
v -5.6693 		-22.6512 		35.6814
v -2.3082 		-29.8341 		30.7962
v -1.3105 		-30.3228 		30.3367
v -6.2625 		-23.0451 		35.4344
v -2.3906 		-30.6821 		29.8591
v -5.3636 		-23.0634 		35.6814
v -2.0812 		-17.8955 		34.7195
v -1.3105 		-29.8834 		30.7962
v -4.624 		-30.6328 		29.3633
v -6.8354 		-13.0431 		32.0496
v 7.6011 		-12.465 		31.9014
v 9.2981 		-28.4227 		29.0998
v -4.5123 		-30.2626 		29.8591
v 0.8057 		-22.3194 		34.4824
v -7.0936 		-13.9895 		32.4219
v -4.3915 		-29.8669 		30.3367
v -0.9829 		-16.4421 		34.4824
v 6.1951 		-13.6156 		31.2344
v -4.2634 		-29.4475 		30.7962
v -7.1595 		-12.651 		31.6527
v -3.381 		-30.1186 		30.3367
v 1.0492 		-22.1005 		34.4824
v 7.8372 		-13.6612 		32.3988
v 8.2839 		-27.593 		27.7821
v -2.2625 		-18.8018 		34.7936
v -7.8295 		-13.2564 		31.6527
v -7.4689 		-13.6156 		32.0496
v 7.1947 		-12.7969 		32.3988
v -6.8428 		-23.4317 		35.156
v 0.5842 		-21.6374 		34.6158
v -2.7348 		-18.3313 		34.7195
v 9.5635 		-28.6397 		28.4854
v -7.1778 		-22.8737 		35.156
v -2.4291 		-18.0815 		34.7195
v -2.2606 		-17.9794 		34.7195
v 9.8015 		-28.8348 		27.8579
v -7.7801 		-23.1946 		34.8464
v -8.1755 		-12.9118 		31.2344
v -7.4579 		-22.2865 		35.156
v -8.0876 		-22.5455 		34.8464
v -7.6775 		-21.6738 		35.156
v -8.3293 		-21.8708 		34.8464
v -2.5883 		-18.1982 		34.7195
v 8.8569 		-14.3359 		31.9014
v -3.5384 		-30.9027 		29.3633
v 1.2688 		-21.858 		34.4824
v 8.3937 		-14.5839 		32.3988
v -8.4373 		-13.9238 		31.6527
v -3.4616 		-30.5234 		29.8591
v 9.8015 		-15.1656 		31.3809
v -0.0419 		-21.641 		36.3485
v 0.3755 		-22.2646 		36.2315
v -3.295 		-29.6882 		30.7962
v 9.342 		-15.3553 		31.9014
v 0.121 		-22.416 		36.2315
v 6.3709 		-29.0737 		28.3224
v 0.3883 		-17.6876 		34.6158
v -0.2341 		-21.7559 		36.3485
v -7.6336 		-14.5821 		32.4219
v 0.1778 		-17.5308 		34.6158
v 7.4656 		-28.492 		27.7821
v 8.8551 		-15.5559 		32.3988
v -0.0474 		-17.3976 		34.6158
v -8.5233 		-15.9096 		32.4219
v 7.2514 		-28.2786 		28.3224
v -0.1481 		-22.5436 		36.2315
v -2.9856 		-18.6358 		34.7195
v -3.0881 		-18.8036 		34.7195
v -8.5526 		-14.9304 		32.0496
v 0.5421 		-16.9874 		34.4824
v -8.0437 		-14.2466 		32.0496
v 8.0496 		-27.4015 		28.3224
v 7.0171 		-28.0452 		28.8511
v -8.7009 		-22.7989 		34.5087
v 6.8212 		-15.4209 		31.6527
v 7.2514 		-15.1912 		31.2344
v -0.6478 		-21.9273 		36.3485
v -0.4373 		-21.8507 		36.3485
v -2.8684 		-18.4772 		34.7195
v -6.3137 		-29.0737 		30.3367
v -6.1068 		-28.6871 		30.7962
v -0.2854 		-17.2846 		34.6158
v 6.3709 		-15.6598 		32.0496
v -1.0872 		-22.013 		36.3485
v 8.3937 		-29.4165 		29.0998
v -0.8657 		-21.9802 		36.3485
v -8.1114 		-15.224 		32.4219
v -1.3105 		-23.5156 		36.08
v 8.8551 		-29.8761 		27.8579
v -1.6803 		-23.4974 		36.08
v -2.8355 		-16.0829 		34.3209
v 8.6354 		-29.6572 		28.4854
v 6.3562 		-14.6478 		31.6527
v -0.9169 		-17.7824 		34.7195
v -0.7266 		-17.8298 		34.7195
v 6.7626 		-14.3779 		31.2344
v -1.3105 		-19.0789 		34.8381
v -1.3764 		-19.0826 		34.8381
v -1.7536 		-24.2286 		35.8972
v -2.1911 		-24.1629 		35.8972
v -2.6213 		-24.0554 		35.8972
v 0.4725 		-23.0706 		36.08
v -1.4423 		-19.0917 		34.8381
v -1.5064 		-19.1081 		34.8381
v -1.5687 		-19.13 		34.8381
v -2.3339 		-24.8723 		35.6814
v -1.6272 		-19.1574 		34.8381
v 6.5631 		-29.3071 		27.7821
v -1.684 		-19.192 		34.8381
v -1.825 		-24.9471 		35.6814
v -3.1888 		-16.2488 		34.3209
v -8.0437 		-27.9231 		30.3367
v -1.7371 		-19.2321 		34.8381
v -1.3105 		-24.9726 		35.6814
v -1.3105 		-24.2486 		35.8972
v -0.43 		-22.6439 		36.2315
v -7.7636 		-27.5839 		30.7962
v -3.8387 		-16.681 		34.3209
v 10.4862 		-17.4122 		31.3809
v -8.5526 		-28.5412 		29.3633
v 10.6601 		-18.5756 		31.3809
v -1.0121 		-22.7588 		36.2315
v 10.2006 		-16.2725 		31.3809
v 9.9974 		-17.5089 		31.9014
v -2.8318 		-24.7465 		35.6814
v -0.7174 		-22.7151 		36.2315
v -8.3073 		-28.2422 		29.8591
v 10.164 		-18.6249 		31.9014
v 7.8098 		-30.8188 		27.8579
v 10.2189 		-19.75 		31.9014
v -7.4377 		-28.8841 		29.8591
v 7.6139 		-30.5818 		28.4854
v 10.7187 		-19.75 		31.3809
v 7.396 		-30.3174 		29.0998
v -3.0387 		-23.9076 		35.8972
v -3.5256 		-16.4494 		34.3209
v 0.1357 		-23.2293 		36.08
v -0.2121 		-23.3533 		36.08
v -6.9618 		-28.1765 		30.7962
v -0.5728 		-23.4445 		36.08
v -5.0249 		-16.0501 		33.9125
v 6.6766 		-31.6576 		27.8579
v 6.5045 		-31.4005 		28.4854
v -1.7865 		-19.2759 		34.8381
v 6.3141 		-31.1161 		29.0998
v -0.7888 		-17.1332 		34.6158
v -7.2071 		-28.5412 		30.3367
v -4.2451 		-16.1886 		34.1315
v -4.5819 		-16.4914 		34.1315
v -1.0488 		-17.0949 		34.6158
v -4.8858 		-16.8269 		34.1315
v -0.5325 		-17.1971 		34.6158
v -4.1279 		-16.9436 		34.3209
v -6.6927 		-29.7794 		29.3633
v -5.6785 		-30.2554 		29.3633
v 11.0702 		-27.9905 		26.5633
v -1.9055 		-19.4345 		34.8381
v -1.933 		-19.4929 		34.8381
v -1.9549 		-19.5549 		34.8381
v 10.2006 		-29.1594 		26.5633
v -1.9714 		-19.6187 		34.8381
v 10.8706 		-27.8574 		27.2172
v -6.5096 		-29.4384 		29.8591
v -1.1128 		-17.7532 		34.7195
v -3.8204 		-23.4919 		35.8972
v -1.9806 		-19.6844 		34.8381
v -4.3915 		-17.2317 		34.3209
v 10.0139 		-29.0081 		27.2172
v -3.4396 		-23.718 		35.8972
v -5.3728 		-29.5168 		30.3367
v -1.8707 		-19.378 		34.8381
v -5.5302 		-29.8998 		29.8591
v -4.8254 		-17.8791 		34.3209
v 2.1823 		-18.3094 		36.08
v 2.3068 		-18.6559 		36.08
v -4.6368 		-23.7873 		35.6814
v -1.8304 		-19.3251 		34.8381
v -3.7819 		-24.3544 		35.6814
v 2.0231 		-17.9739 		36.08
v 11.2404 		-28.1036 		25.9012
v 0.5421 		-22.5126 		34.4824
v -4.2231 		-24.0918 		35.6814
v -0.2854 		-22.2154 		34.6158
v 10.358 		-29.2889 		25.9012
v -5.2043 		-29.112 		30.7962
v -4.624 		-17.5435 		34.3209
v 9.9828 		-27.2666 		24.3118
v -0.0474 		-22.1024 		34.6158
v 8.6885 		-16.7284 		32.8732
v 8.1356 		-16.8962 		33.3228
v 8.9393 		-17.7186 		32.8732
v -4.992 		-18.231 		34.3209
v -7.6537 		-29.205 		29.3633
v 8.3718 		-17.8316 		33.3228
v 11.4875 		-28.2677 		24.5539
v 11.3795 		-28.1966 		25.2308
v -2.4291 		-19.006 		34.7936
v 0.3883 		-21.8124 		34.6158
v -2.4968 		-19.1172 		34.7936
v 10.5869 		-29.4767 		24.5539
v -2.5536 		-19.2376 		34.7936
v -8.4977 		-30.4651 		30.2774
v 10.4862 		-29.3946 		25.2308
v -7.2016 		-30.7295 		30.8391
v -8.2542 		-30.1022 		30.8391
v -3.3169 		-24.5751 		35.6814
v -5.8487 		-16.0409 		33.6671
v -8.7247 		-30.8042 		29.6976
v -4.1169 		-24.9817 		35.4344
v -4.6185 		-24.6826 		35.4344
v 1.2139 		-18.0705 		36.2315
v 1.3659 		-18.324 		36.2315
v 1.494 		-18.5921 		36.2315
v -3.5897 		-25.2297 		35.4344
v 0.5878 		-18.4863 		36.3485
v -2.3504 		-18.9002 		34.7936
v 0.1778 		-21.9692 		34.6158
v 10.0505 		-27.3122 		23.7106
v 0.7032 		-18.6778 		36.3485
v 7.2532 		-16.216 		33.7445
v 10.0926 		-27.3395 		23.1061
v -5.6785 		-16.8415 		33.9125
v -8.7814 		-28.8184 		28.8511
v -2.5975 		-19.3616 		34.7936
v 7.559 		-17.0694 		33.7445
v -2.6304 		-19.4892 		34.7936
v -2.6506 		-19.6187 		34.7936
v 6.6766 		-16.4549 		34.1398
v -8.2066 		-30.0292 		27.7821
v -5.3728 		-16.4294 		33.9125
v -1.0488 		-22.4051 		34.6158
v -5.0066 		-25.2607 		35.156
v -7.1613 		-30.6529 		27.7821
v -5.9439 		-30.8936 		28.3224
v -0.5325 		-22.3029 		34.6158
v 11.612 		-28.3516 		23.1868
v -6.1911 		-16.5005 		33.6671
v -1.1128 		-21.7468 		34.7195
v -0.9169 		-21.7176 		34.7195
v -0.7888 		-22.3668 		34.6158
v 10.704 		-29.5715 		23.1868
v 2.3984 		-19.0151 		36.08
v -5.1567 		-17.1898 		34.1315
v 6.9622 		-17.2499 		34.1398
v 11.5644 		-28.3206 		23.872
v -5.3892 		-17.5782 		34.1315
v -3.1723 		-18.9823 		34.7195
v 1.6661 		-19.1592 		36.2315
v 10.6601 		-29.5351 		23.872
v 1.71 		-19.4528 		36.2315
v -2.03 		-27.0222 		34.8464
v -2.7421 		-26.9165 		34.8464
v -7.8533 		-29.5041 		28.8511
v -8.0382 		-29.7794 		28.3224
v 1.5947 		-18.8729 		36.2315
v -1.8945 		-25.6528 		35.4344
v -6.8611 		-30.0949 		28.8511
v -3.0387 		-25.4266 		35.4344
v -1.3105 		-27.0569 		34.8464
v -7.0185 		-30.3866 		28.3224
v -0.7266 		-21.6702 		34.7195
v -1.3105 		-26.3767 		35.156
v -1.9623 		-26.3457 		35.156
v -6.4876 		-16.9928 		33.6671
v -2.6085 		-26.2491 		35.156
v -6.7348 		-17.5125 		33.6671
v -2.473 		-25.5671 		35.4344
v 7.98 		-29.0044 		26.0856
v 9.0894 		-18.7288 		32.8732
v 8.8459 		-28.0525 		26.0856
v -3.835 		-18.0705 		36.2315
v -5.8176 		-30.5872 		28.8511
v 8.5127 		-18.7854 		33.3228
v 8.5603 		-19.75 		33.3228
v 9.1388 		-19.75 		32.8732
v 7.8299 		-28.8549 		26.6621
v -6.1654 		-17.7478 		33.9125
v -3.3243 		-18.6778 		36.3485
v -1.3105 		-25.6819 		35.4344
v -0.9829 		-23.0579 		34.4824
v -3.2089 		-18.4863 		36.3485
v -0.6588 		-23.0086 		34.4824
v -3.987 		-18.324 		36.2315
v 8.683 		-27.9194 		26.6621
v -2.4291 		-31.0668 		29.3633
v -4.1151 		-18.5921 		36.2315
v -1.3105 		-31.1215 		29.3633
v -5.9439 		-17.2828 		33.9125
v 8.4944 		-27.7662 		27.2271
v 7.6597 		-28.6853 		27.2271
v -0.0346 		-22.8208 		34.4824
v -1.3105 		-32.6369 		30.2774
v -1.3105 		-32.1992 		30.8391
v -2.5352 		-32.1391 		30.8391
v -6.6927 		-16.1686 		33.3936
v -2.5792 		-32.5749 		30.2774
v 0.7984 		-18.8802 		36.3485
v -3.4396 		-26.7414 		34.8464
v -4.1169 		-26.5007 		34.8464
v -4.3714 		-27.1116 		34.5087
v -4.6442 		-17.9739 		36.08
v 0.8753 		-19.0899 		36.3485
v 6.2812 		-19.006 		32.7711
v -4.4464 		-25.5944 		35.156
v 6.3178 		-19.75 		32.7711
v -3.2419 		-26.0922 		35.156
v -3.835 		-32.3907 		30.2774
v 9.0491 		-30.0694 		27.2172
v -4.8034 		-18.3094 		36.08
v -3.749 		-31.9604 		30.8391
v -4.9279 		-18.6559 		36.08
v 0.9283 		-19.3069 		36.3485
v -8.0382 		-16.1686 		32.7711
v -3.9137 		-32.7901 		29.6976
v -7.5348 		-16.4348 		33.0955
v 0.9613 		-19.5275 		36.3485
v 7.0244 		-29.8669 		26.0856
v 7.169 		-18.0705 		34.1398
v 6.737 		-29.5168 		27.2271
v -8.6093 		-17.5435 		32.7711
v 7.9141 		-18.8455 		33.7445
v 7.958 		-19.75 		33.7445
v -4.9389 		-31.6631 		30.8391
v -3.857 		-25.8734 		35.156
v -4.7686 		-26.1944 		34.8464
v 7.7805 		-17.9484 		33.7445
v -3.5494 		-19.3069 		36.3485
v -3.4963 		-19.0899 		36.3485
v 6.8908 		-29.7046 		26.6621
v -0.3421 		-22.9302 		34.4824
v -2.6195 		-32.9815 		29.6976
v 7.2935 		-18.9057 		34.1398
v -1.3105 		-33.0454 		29.6976
v 1.7723 		-18.479 		34.4824
v 9.2194 		-30.2389 		26.5633
v -4.2158 		-18.8729 		36.2315
v 0.262 		-22.6804 		34.4824
v -5.0194 		-19.0151 		36.08
v 7.3338 		-19.75 		34.1398
v -5.9128 		-23.5138 		35.4344
v 1.6313 		-18.1836 		34.4824
v -3.5824 		-19.5275 		36.3485
v -4.3311 		-19.4528 		36.2315
v -7.5036 		-17.8791 		33.3936
v -4.9133 		-31.5811 		27.7821
v 5.7448 		-23.5065 		34.5087
v -4.2872 		-19.1592 		36.2315
v 1.8821 		-18.7854 		34.4824
v -4.8254 		-31.2929 		28.3224
v -7.2894 		-17.2828 		33.3936
v 9.7228 		-16.4166 		31.9014
v -2.5279 		-32.0534 		27.7821
v 4.7892 		-23.8092 		34.8464
v 9.1882 		-28.3315 		24.3118
v 5.3402 		-24.1775 		34.5087
v -7.8313 		-17.0585 		33.0955
v 9.2194 		-16.5679 		32.3988
v -8.3585 		-16.8415 		32.7711
v 4.8734 		-24.8048 		34.5087
v 4.359 		-24.3854 		34.8464
v 8.985 		-28.1656 		25.5009
v -3.4195 		-18.8802 		36.3485
v -3.6721 		-31.5792 		28.3224
v -2.4968 		-31.7543 		28.3224
v 9.0985 		-28.2604 		24.9096
v -5.521 		-23.9441 		35.4344
v -1.3105 		-31.8108 		28.3224
v 1.051 		-18.4918 		34.6158
v -5.089 		-24.3344 		35.4344
v -8.0656 		-17.7095 		33.0955
v -1.3105 		-32.1135 		27.7821
v 0.7599 		-18.0578 		34.6158
v -7.0185 		-16.7102 		33.3936
v -4.7284 		-30.9756 		28.8511
v -5.532 		-24.8723 		35.156
v -6.4968 		-24.9161 		34.8464
v -3.7325 		-31.8765 		27.7821
v 3.8318 		-23.9551 		35.156
v 9.4812 		-17.611 		32.3988
v 3.2917 		-23.5138 		35.4344
v -6.0153 		-24.4365 		35.156
v 1.1645 		-18.7288 		34.6158
v -6.4528 		-23.9551 		35.156
v -3.608 		-31.2546 		28.8511
v 3.8757 		-24.9161 		34.8464
v 1.4629 		-17.9046 		34.4824
v -5.5833 		-17.9866 		34.1315
v 0.9174 		-18.2675 		34.6158
v 3.3942 		-24.4365 		35.156
v -5.1238 		-18.5975 		34.3209
v 2.9109 		-24.8723 		35.156
v -1.3105 		-31.4808 		28.8511
v -6.9288 		-18.0523 		33.6671
v 2.4679 		-24.3344 		35.4344
v -6.4638 		-18.7288 		33.9125
v 2.9 		-23.9441 		35.4344
v 8.2107 		-17.8626 		31.2344
v -4.084 		-17.9046 		34.4824
v -6.3393 		-18.231 		33.9125
v -3.381 		-18.0578 		34.6158
v -2.4657 		-31.4242 		28.8511
v 9.3622 		-30.3812 		25.9012
v -3.6721 		-18.4918 		34.6158
v -5.7371 		-18.4134 		34.1315
v 7.98 		-16.9436 		31.2344
v -6.9801 		-24.3854 		34.8464
v 6.5155 		-17.3849 		32.4219
v -2.6561 		-33.3535 		29.0998
v -7.4945 		-24.8048 		34.5087
v -1.3105 		-33.762 		28.4854
v -2.689 		-33.6945 		28.4854
v -2.7201 		-34.0009 		27.8579
v -7.4103 		-23.8092 		34.8464
v -3.7856 		-18.7288 		34.6158
v -7.9613 		-24.1775 		34.5087
v -8.3659 		-23.5065 		34.5087
v -1.3105 		-34.0702 		27.8579
v -4.1151 		-33.7948 		27.8579
v -4.0547 		-33.4921 		28.4854
v -5.219 		-18.975 		34.3209
v 7.2075 		-16.2361 		31.6527
v -5.2776 		-19.3616 		34.3209
v -1.3105 		-33.4192 		29.0998
v -3.5384 		-18.2675 		34.6158
v 0.694 		-19.5531 		34.7195
v 4.3462 		-25.3847 		34.5087
v 9.4812 		-30.4997 		25.2308
v -5.2959 		-19.75 		34.3209
v 0.6647 		-19.3579 		34.7195
v 3.343 		-25.3975 		34.8464
v 3.764 		-25.9099 		34.5087
v 2.7645 		-25.826 		34.8464
v 3.1343 		-26.3749 		34.5087
v -6.5389 		-19.2376 		33.9125
v 2.4606 		-26.7779 		34.5087
v 0.6171 		-19.1683 		34.7195
v -3.987 		-33.1566 		29.0998
v -6.5645 		-19.75 		33.9125
v -5.8469 		-18.851 		34.1315
v -5.0817 		-26.7779 		34.5087
v -4.5032 		-18.7854 		34.4824
v 2.0103 		-19.4236 		34.4824
v -5.9146 		-19.2978 		34.1315
v 8.2107 		-29.2342 		24.9096
v -5.3856 		-25.826 		34.8464
v -6.9673 		-25.3847 		34.5087
v 1.9608 		-19.1008 		34.4824
v 7.6597 		-16.0501 		31.2344
v 1.3549 		-19.4892 		34.6158
v -4.2524 		-18.1836 		34.4824
v -5.7554 		-26.3749 		34.5087
v -4.3934 		-18.479 		34.4824
v -6.3851 		-25.9099 		34.5087
v -5.9641 		-25.3975 		34.8464
v 7.5132 		-17.084 		31.6527
v -5.9366 		-19.75 		34.1315
v 1.2524 		-18.975 		34.6158
v 6.737 		-16.4294 		32.0496
v -7.4103 		-31.1161 		30.2774
v -5.067 		-32.0825 		30.2774
v 2.0158 		-23.7873 		35.6814
v -6.2625 		-31.6576 		30.2774
v -6.4181 		-32.0333 		29.6976
v -4.5819 		-19.1008 		34.4824
v 1.3164 		-19.2303 		34.6158
v -5.1842 		-32.4728 		29.6976
v -8.7924 		-18.2675 		32.7711
v 6.2464 		-16.6318 		32.4219
v 7.0244 		-17.2317 		32.0496
v -4.6313 		-19.4236 		34.4824
v -7.6025 		-31.4753 		29.6976
v 8.2931 		-29.3162 		24.3118
v -8.9663 		-22.0641 		34.5087
v -8.2341 		-18.3787 		33.0955
v -8.3348 		-19.0607 		33.0955
v -9.1567 		-21.3055 		34.5087
v 8.1063 		-29.1302 		25.5009
v -3.9375 		-19.2303 		34.6158
v 0.1375 		-17.9921 		36.3485
v -6.094 		-31.2528 		30.8391
v 0.3041 		-18.1416 		36.3485
v 8.3974 		-19.75 		31.2344
v -3.976 		-19.4892 		34.6158
v -9.272 		-20.5305 		34.5087
v 9.5727 		-30.5909 		24.5539
v 1.602 		-24.0918 		35.6814
v -7.7508 		-19.1172 		33.3936
v -9.3105 		-19.75 		34.5087
v 8.3516 		-18.8018 		31.2344
v -7.0679 		-18.6085 		33.6671
v -3.2382 		-19.1683 		34.7195
v 0.4542 		-18.3076 		36.3485
v -7.6592 		-18.4918 		33.3936
v -3.8735 		-18.975 		34.6158
v 7.1379 		-30.0055 		25.5009
v 7.3045 		-30.2079 		24.3118
v 9.6386 		-18.6759 		32.3988
v -0.2323 		-18.6759 		36.4325
v -0.1316 		-18.7854 		36.4325
v -7.1521 		-19.1774 		33.6671
v -3.2858 		-19.3579 		34.7195
v -7.7819 		-19.75 		33.3936
v -2.8721 		-27.5656 		34.5087
v -2.0941 		-27.6805 		34.5087
v -8.3695 		-19.75 		33.0955
v 9.6917 		-19.75 		32.3988
v -3.6336 		-27.376 		34.5087
v -3.3151 		-19.5531 		34.7195
v -7.1814 		-19.75 		33.6671
v -6.0611 		-31.1726 		27.7821
v 7.9105 		-19.75 		31.6527
v -0.3421 		-18.5756 		36.4325
v 7.7329 		-17.9575 		31.6527
v -1.3105 		-27.7188 		34.5087
v 7.2331 		-30.1186 		24.9096
v 7.3997 		-19.75 		32.0496
v 7.3576 		-18.9002 		32.0496
v 1.1993 		-23.4919 		35.8972
v 7.8647 		-18.8492 		31.6527
v -5.6693 		-16.8488 		35.6814
v 9.2908 		-28.4154 		23.1061
v 0.8185 		-23.718 		35.8972
v -4.992 		-21.269 		34.3209
v -6.2625 		-16.4549 		35.4344
v 6.8688 		-19.75 		32.4219
v 1.1608 		-24.3544 		35.6814
v -6.6945 		-32.6952 		28.4854
v 6.8285 		-18.9513 		32.4219
v -6.5627 		-32.3798 		29.0998
v -1.1604 		-18.2383 		36.4325
v 7.2331 		-18.0578 		32.0496
v -1.0121 		-18.2602 		36.4325
v -5.3636 		-16.4366 		35.6814
v -0.8675 		-18.2966 		36.4325
v 9.2523 		-28.3844 		23.7106
v -2.8355 		-23.4171 		34.3209
v -7.9412 		-32.1081 		28.4854
v -0.7266 		-18.3459 		36.4325
v 1.9974 		-24.6826 		35.4344
v -7.7801 		-31.8054 		29.0998
v 6.7114 		-18.1599 		32.4219
v -0.5911 		-18.4097 		36.4325
v -0.4629 		-18.4863 		36.4325
v 7.3887 		-30.3101 		23.1061
v 1.4958 		-24.9817 		35.4344
v -8.0876 		-32.3798 		27.8579
v 8.3864 		-29.4092 		23.1061
v -5.067 		-17.2499 		35.8972
v -5.294 		-17.6292 		35.8972
v 7.3576 		-30.2718 		23.7106
v -8.5032 		-12.5854 		30.7962
v -5.9329 		-17.2882 		35.6814
v 10.0999 		-13.674 		30.2774
v 10.6436 		-14.8174 		30.2774
v 11.0207 		-14.6624 		29.6976
v 8.3516 		-29.3746 		23.7106
v 0.9686 		-25.2297 		35.4344
v -4.3915 		-22.2683 		34.3209
v 0.6959 		-24.5751 		35.6814
v 10.4606 		-13.4825 		29.6976
v -6.1544 		-17.7514 		35.6814
v -9.9988 		-13.9676 		32.8732
v 11.0702 		-16.0081 		30.2774
v 11.4619 		-15.8914 		29.6976
v -8.9407 		-13.5117 		33.3228
v -9.3892 		-13.147 		32.8732
v 2.3855 		-25.2607 		35.156
v -6.5627 		-16.9545 		35.4344
v -5.4844 		-33.4538 		27.8579
v 10.2372 		-14.9851 		30.8391
v 9.6789 		-30.6966 		23.1868
v -5.3947 		-33.1584 		28.4854
v 9.6386 		-30.6565 		23.872
v -0.0419 		-18.9057 		36.4325
v 0.035 		-19.0334 		36.4325
v -4.8254 		-21.6209 		34.3209
v -5.294 		-32.832 		29.0998
v 0.0991 		-19.1683 		36.4325
v -6.8116 		-17.4797 		35.4344
v -10.9654 		-15.7674 		32.8732
v -10.4308 		-15.9862 		33.3228
v -10.0171 		-15.1146 		33.3228
v 0.1485 		-19.3087 		36.4325
v 0.1851 		-19.4528 		36.4325
v -10.526 		-14.8429 		32.8732
v -6.8116 		-32.9797 		27.8579
v -9.5192 		-14.2867 		33.3228
v -0.9407 		-23.4974 		36.08
v -9.4862 		-15.3972 		33.7445
v 0.2071 		-19.6005 		36.4325
v -8.7924 		-30.9027 		24.9096
v -9.0176 		-14.6204 		33.7445
v 0.4176 		-23.9076 		35.8972
v -6.8428 		-16.0683 		35.156
v -4.624 		-21.9565 		34.3209
v -8.71 		-30.7805 		25.5009
v -0.43 		-24.1629 		35.8972
v 0.0002 		-24.0554 		35.8972
v -8.6093 		-30.6328 		26.0856
v 7.9837 		-31.0304 		27.2172
v 8.1356 		-31.2164 		26.5633
v -8.0876 		-16.9545 		34.8464
v -7.7801 		-16.3054 		34.8464
v -8.3293 		-17.6292 		34.8464
v -7.6775 		-17.8262 		35.156
v -7.4579 		-17.2135 		35.156
v -8.4922 		-30.4559 		26.6621
v -8.3585 		-30.2554 		27.2271
v -8.9352 		-15.6908 		34.1398
v 6.9622 		-32.0825 		26.5633
v -3.8387 		-22.819 		34.3209
v 0.2107 		-24.7465 		35.6814
v -3.1888 		-23.2512 		34.3209
v -7.1778 		-16.6263 		35.156
v 6.8285 		-31.8838 		27.2172
v -0.2872 		-24.8723 		35.6814
v -7.2894 		-30.8936 		27.2271
v -0.8675 		-24.2286 		35.8972
v -0.8254 		-19.1628 		36.4835
v -0.7961 		-24.9471 		35.6814
v -0.7705 		-19.2121 		36.4835
v -8.8162 		-13.6156 		31.2344
v -0.7211 		-19.2668 		36.4835
v -3.5256 		-23.0506 		34.3209
v 11.0958 		-13.1452 		28.4854
v -8.7009 		-16.7011 		34.5087
v 10.7919 		-13.3056 		29.0998
v -3.8735 		-32.5858 		26.0856
v -4.992 		-31.8418 		27.2271
v -5.0249 		-23.4499 		33.9125
v -10.4583 		-13.6612 		32.3988
v 11.3686 		-12.9993 		27.8579
v -4.2451 		-23.3114 		34.1315
v -9.8157 		-12.7969 		32.3988
v 8.2656 		-31.3732 		25.9012
v 7.0757 		-32.2521 		25.9012
v -2.5975 		-32.7736 		26.0856
v -1.1623 		-19.0042 		36.4835
v -1.089 		-19.0224 		36.4835
v -4.8858 		-22.6731 		34.1315
v -4.5819 		-23.0086 		34.1315
v -3.8332 		-32.3798 		26.6621
v 8.4542 		-31.6011 		24.5539
v -1.0176 		-19.0479 		36.4835
v 6.2354 		-30.9994 		24.3118
v -10.2222 		-12.465 		31.9014
v -0.9499 		-19.0789 		36.4835
v -3.7856 		-32.1427 		27.2271
v 1.7503 		-27.1116 		34.5087
v -2.5774 		-32.5658 		26.6621
v -0.8858 		-19.1172 		36.4835
v 8.3718 		-31.5008 		25.2308
v -1.2355 		-18.9932 		36.4835
v 7.169 		-32.3907 		25.2308
v 7.2404 		-32.4983 		24.5539
v -1.3105 		-32.3852 		27.2271
v 2.1476 		-26.1944 		34.8464
v 1.8254 		-25.5944 		35.156
v -1.3105 		-32.6278 		26.6621
v -4.1279 		-22.5564 		34.3209
v -5.0725 		-19.3816 		36.08
v 1.2359 		-25.8734 		35.156
v 1.4958 		-26.5007 		34.8464
v -11.3114 		-13.0941 		31.3809
v -11.9192 		-14.1025 		31.3809
v -6.5389 		-20.2624 		33.9125
v -2.5536 		-32.3251 		27.2271
v 0.8185 		-26.7414 		34.8464
v -10.8977 		-13.3695 		31.9014
v -5.9146 		-20.2022 		34.1315
v 0.6208 		-26.0922 		35.156
v -5.8469 		-20.649 		34.1315
v -0.6369 		-19.3908 		36.4835
v -0.6753 		-19.3269 		36.4835
v -1.3105 		-32.8375 		26.0856
v -0.5801 		-19.5294 		36.4835
v -0.6057 		-19.4582 		36.4835
v -0.5618 		-19.6023 		36.4835
v -2.7696 		-34.5115 		26.5633
v -6.5279 		-19.2376 		35.6814
v -5.2776 		-20.1384 		34.3209
v -1.3105 		-34.5826 		26.5633
v -4.2158 		-34.2981 		26.5633
v -0.5508 		-19.6752 		36.4835
v -5.8066 		-19.3087 		35.8972
v -6.4528 		-18.7306 		35.6814
v -5.7407 		-18.8729 		35.8972
v -5.6327 		-18.4444 		35.8972
v -6.3265 		-18.2346 		35.6814
v -1.3105 		-34.3437 		27.2172
v -2.7458 		-34.2744 		27.2172
v 0.121 		-26.9165 		34.8464
v -5.219 		-20.525 		34.3209
v 6.2812 		-31.0668 		23.7106
v -0.5911 		-27.0222 		34.8464
v -5.4844 		-18.0286 		35.8972
v -9.8725 		-15.1912 		31.2344
v -8.992 		-15.6598 		32.0496
v 0.4176 		-25.4266 		35.4344
v -0.0126 		-26.2491 		35.156
v 6.3086 		-31.1088 		23.1061
v -4.1682 		-34.0629 		27.2172
v -6.9288 		-21.4477 		33.6671
v -9.3837 		-14.3779 		31.2344
v -5.7371 		-21.0866 		34.1315
v 8.5494 		-31.7178 		23.1868
v -5.5833 		-21.5134 		34.1315
v -8.9773 		-14.6478 		31.6527
v -0.6588 		-26.3457 		35.156
v 7.3246 		-32.6223 		23.1868
v -6.4638 		-20.7712 		33.9125
v -9.4423 		-15.4209 		31.6527
v 8.5127 		-31.6741 		23.872
v -0.1481 		-25.5671 		35.4344
v -3.9082 		-32.7609 		25.5009
v -0.3586 		-18.8018 		34.7936
v 7.2935 		-32.5749 		23.872
v 11.3686 		-14.5183 		29.0998
v -0.7266 		-25.6528 		35.4344
v 11.9708 		-14.2703 		27.8579
v 11.6853 		-14.387 		28.4854
v -6.3393 		-21.269 		33.9125
v 12.4468 		-15.5924 		27.8579
v 12.1502 		-15.6817 		28.4854
v -5.1238 		-20.9025 		34.3209
v -11.0148 		-14.5839 		32.3988
v 11.8226 		-15.782 		29.0998
v -11.478 		-14.3359 		31.9014
v 1.0126 		-27.376 		34.5087
v -2.6304 		-33.0982 		24.9096
v 0.1137 		-18.3313 		34.7195
v -2.6414 		-33.2131 		24.3118
v 0.251 		-27.5656 		34.5087
v -12.4226 		-15.1656 		31.3809
v -11.9631 		-15.3553 		31.9014
v 4.9521 		-27.3505 		33.3228
v 4.4945 		-28.4045 		32.8732
v -0.192 		-18.0815 		34.7195
v -11.4761 		-15.5559 		32.3988
v 5.3183 		-27.7972 		32.8732
v -0.527 		-27.6805 		34.5087
v -8.7924 		-21.2325 		32.7711
v 10.1567 		-15.0179 		27.7821
v -8.3348 		-20.4393 		33.0955
v -8.2341 		-21.1213 		33.0955
v -2.6158 		-32.9524 		25.5009
v -0.0327 		-18.1982 		34.7195
v -7.0679 		-20.8915 		33.6671
v -7.932 		-19.1008 		35.156
v -4.2561 		-34.4969 		25.9012
v -8.6112 		-19.0334 		34.8464
v -8.505 		-18.324 		34.8464
v -7.835 		-18.4571 		35.156
v 14.1566 		-21.2672 		23.1868
v 13.9333 		-22.7698 		23.1868
v -3.9595 		-33.018 		24.3118
v -3.9375 		-32.9068 		24.9096
v 14.2317 		-19.75 		23.1868
v 4.1741 		-27.9267 		33.3228
v -7.1503 		-18.5921 		35.4344
v 3.6157 		-28.9296 		32.8732
v 14.0999 		-21.2617 		23.872
v -7.2364 		-19.1683 		35.4344
v 9.7869 		-12.3647 		29.6976
v 3.343 		-28.4227 		33.3228
v 3.8391 		-27.4271 		33.7445
v 14.1749 		-19.75 		23.872
v -7.0094 		-18.0286 		35.4344
v 3.0592 		-27.8939 		33.7445
v 13.8784 		-22.7588 		23.872
v -9.8743 		-16.216 		33.7445
v -7.1521 		-20.3226 		33.6671
v -4.2872 		-34.6592 		25.2308
v 9.4464 		-12.5908 		30.2774
v 14.0816 		-19.75 		24.5539
v 14.0084 		-21.2526 		24.5539
v -10.18 		-17.0694 		33.7445
v 13.785 		-22.7406 		24.5539
v 9.0821 		-12.8334 		30.8391
v -9.2977 		-16.4549 		34.1398
v 13.8784 		-21.2398 		25.2308
v -0.3604 		-17.9794 		34.7195
v 9.7118 		-13.8819 		30.8391
v 13.9516 		-19.75 		25.2308
v -7.7508 		-20.3828 		33.3936
v 2.4679 		-28.8348 		33.3228
v -9.5833 		-17.2499 		34.1398
v 2.7645 		-27.345 		34.1398
v -7.6592 		-21.0082 		33.3936
v 13.7832 		-19.75 		25.9012
v 13.7118 		-21.2234 		25.9012
v 0.467 		-18.8036 		34.7195
v 0.3645 		-18.6358 		34.7195
v 8.1814 		-13.4315 		29.3633
v -3.9851 		-33.1475 		23.1061
v -6.7348 		-21.9875 		33.6671
v -9.272 		-18.9695 		34.5087
v -3.976 		-33.0982 		23.7106
v -9.1567 		-18.1945 		34.5087
v 10.6601 		-20.9244 		31.3809
v -8.9663 		-17.4359 		34.5087
v -2.6542 		-33.3444 		23.1061
v 7.515 		-12.5361 		29.3633
v 7.515 		-13.8764 		30.3367
v 10.164 		-20.8751 		31.9014
v -10.9929 		-17.8316 		33.3228
v -10.7567 		-16.8962 		33.3228
v 9.9974 		-21.9911 		31.9014
v 7.8592 		-13.6466 		29.8591
v -5.9439 		-22.2172 		33.9125
v -2.6506 		-33.2952 		23.7106
v 10.4862 		-22.0878 		31.3809
v -11.5604 		-17.7186 		32.8732
v -5.3892 		-21.9218 		34.1315
v 10.2006 		-23.2275 		31.3809
v -11.3096 		-16.7284 		32.8732
v -6.1654 		-21.7522 		33.9125
v -6.4876 		-22.5072 		33.6671
v 0.2473 		-18.4772 		34.7195
v 7.1489 		-14.1208 		30.7962
v -6.257 		-31.6467 		26.6621
v -6.3393 		-31.8418 		26.0856
v 2.6876 		-29.3673 		32.8732
v 9.0894 		-20.7712 		32.8732
v 7.2148 		-12.7805 		29.8591
v 8.5127 		-20.7146 		33.3228
v -5.1238 		-32.274 		26.0856
v -5.0634 		-32.0734 		26.6621
v -5.1567 		-22.3102 		34.1315
v -8.9023 		-19.006 		32.7711
v 4.8478 		-27.2265 		31.2344
v -8.9389 		-19.75 		32.7711
v -0.7961 		-18.5118 		34.7936
v -0.6753 		-18.5684 		34.7936
v 6.8944 		-13.0431 		30.3367
v -0.4575 		-18.7142 		34.7936
v -9.7901 		-18.0705 		34.1398
v -0.5636 		-18.6358 		34.7936
v -4.3421 		-4.5655 		23.1868
v -2.8336 		-4.343 		23.1868
v -10.4016 		-17.9484 		33.7445
v 6.5539 		-13.3221 		30.7962
v 6.0029 		-28.6269 		31.9014
v 6.2812 		-20.494 		32.7711
v -9.9549 		-19.75 		34.1398
v -1.3105 		-4.2682 		23.1868
v -9.9146 		-18.9057 		34.1398
v -10.5352 		-18.8455 		33.7445
v -6.1911 		-22.9995 		33.6671
v 5.6697 		-28.2221 		32.3988
v -5.8487 		-23.4591 		33.6671
v -10.5791 		-19.75 		33.7445
v -4.3311 		-4.6202 		23.872
v -2.8282 		-4.3995 		23.872
v 4.802 		-28.8622 		32.3988
v 7.7805 		-21.5516 		33.7445
v 7.9141 		-20.6545 		33.7445
v 9.2358 		-15.3991 		29.3633
v -6.1654 		-31.4242 		27.2271
v -1.3105 		-4.3248 		23.872
v -2.819 		-4.4907 		24.5539
v 7.2935 		-20.5943 		34.1398
v -4.3128 		-4.7132 		24.5539
v 8.4944 		-15.7036 		30.3367
v -0.9206 		-18.4681 		34.7936
v 8.8789 		-15.5468 		29.8591
v -2.8062 		-4.6202 		25.2308
v -5.6785 		-22.6585 		33.9125
v 7.169 		-21.4295 		34.1398
v 8.088 		-15.8714 		30.7962
v -1.0488 		-18.4352 		34.7936
v -1.3105 		-4.4178 		24.5539
v 3.0354 		-27.8501 		31.6527
v 2.7956 		-27.4015 		32.0496
v -1.3105 		-4.5472 		25.2308
v 8.4157 		-14.5712 		29.8591
v 3.2661 		-28.2786 		31.2344
v -2.7897 		-4.7861 		25.9012
v -11.7105 		-18.7288 		32.8732
v -11.1338 		-18.7854 		33.3228
v -1.3105 		-4.715 		25.9012
v -11.7599 		-19.75 		32.8732
v -11.1814 		-19.75 		33.3228
v -7.5036 		-31.2929 		26.0856
v -7.4048 		-31.1069 		26.6621
v 8.3718 		-21.6684 		33.3228
v -1.1787 		-18.4152 		34.7936
v 4.0826 		-27.7918 		31.2344
v 8.9393 		-21.7814 		32.8732
v 8.6885 		-22.7716 		32.8732
v 8.1356 		-22.6038 		33.3228
v -10.6011 		-16.9436 		31.2344
v -0.5398 		-17.8955 		34.7195
v 3.8116 		-27.3869 		31.6527
v -3.5604 		-8.4861 		31.9014
v -4.8016 		-8.2836 		31.3809
v -8.2176 		-32.6205 		27.2172
v -9.1366 		-17.3849 		32.4219
v -3.6574 		-7.9992 		31.3809
v -2.4895 		-7.8259 		31.3809
v -2.4401 		-8.3201 		31.9014
v 8.758 		-14.3888 		29.3633
v -1.3105 		-8.2654 		31.9014
v -10.2807 		-16.0501 		31.2344
v -1.3105 		-7.7676 		31.3809
v 3.8757 		-29.4165 		32.3988
v 5.3713 		-29.7119 		31.3809
v -5.5631 		-33.7164 		27.2172
v 7.559 		-22.4306 		33.7445
v -6.9178 		-33.2332 		27.2172
v -9.8286 		-16.2361 		31.6527
v 5.0949 		-29.2998 		31.9014
v -10.1343 		-17.084 		31.6527
v -5.6327 		-33.9444 		26.5633
v -7.0094 		-33.4538 		26.5633
v -9.3581 		-16.4294 		32.0496
v 6.9622 		-22.2501 		34.1398
v 4.1247 		-29.8779 		31.9014
v -0.0675 		-19.2376 		34.7936
v 8.0496 		-14.7663 		30.3367
v -0.1243 		-19.1172 		34.7936
v 4.359 		-30.3174 		31.3809
v 6.6766 		-23.0451 		34.1398
v -0.192 		-19.006 		34.7936
v 3.1013 		-30.3611 		31.9014
v 7.6615 		-14.9724 		30.7962
v -8.8675 		-16.6318 		32.4219
v 3.2917 		-30.8188 		31.3809
v -8.3293 		-32.832 		26.5633
v -5.3728 		-23.0706 		33.9125
v -9.6455 		-17.2317 		32.0496
v 7.2532 		-23.284 		33.7445
v -1.3105 		-9.3413 		32.8732
v -2.3357 		-9.3905 		32.8732
v -3.3499 		-9.5401 		32.8732
v -4.3439 		-9.7899 		32.8732
v -4.1755 		-10.3406 		33.3228
v -3.2364 		-10.1054 		33.3228
v 9.6349 		-13.922 		27.7821
v 9.0088 		-12.8808 		27.7821
v -2.279 		-9.9649 		33.3228
v -6.6927 		-23.3314 		33.3936
v -1.3105 		-9.9175 		33.3228
v -6.5078 		-32.2485 		24.3118
v -12.3439 		-16.4166 		31.9014
v -11.8404 		-16.5679 		32.3988
v -0.2707 		-18.9002 		34.7936
v 2.9 		-29.8761 		32.3988
v 8.758 		-13.0485 		28.3224
v -6.4071 		-32.0059 		25.5009
v -12.1022 		-17.611 		32.3988
v 8.4816 		-13.2327 		28.8511
v 9.3677 		-14.0642 		28.3224
v -8.6093 		-21.9565 		32.7711
v -5.219 		-32.5858 		24.9096
v -8.0382 		-23.3314 		32.7711
v 9.6386 		-20.8241 		32.3988
v 7.7933 		-12.3082 		28.8511
v -5.2538 		-32.6952 		24.3118
v 8.3516 		-20.6982 		31.2344
v -10.8318 		-17.8626 		31.2344
v 1.9974 		-27.7061 		34.1398
v -5.1769 		-32.4454 		25.5009
v -2.2185 		-10.5612 		33.7445
v -1.3105 		-10.5175 		33.7445
v -6.4638 		-32.1427 		24.9096
v 1.1993 		-27.9905 		34.1398
v -3.1192 		-10.6944 		33.7445
v 9.8766 		-15.1346 		28.3224
v 2.2373 		-28.2805 		33.7445
v -8.0656 		-21.7905 		33.0955
v 9.569 		-15.2605 		28.8511
v -7.8313 		-22.4415 		33.0955
v 0.0094 		-19.4892 		34.7936
v -10.354 		-17.9575 		31.6527
v -2.9966 		-11.3034 		34.1398
v -2.1581 		-11.1794 		34.1398
v -8.3585 		-22.6585 		32.7711
v -7.7123 		-31.6814 		24.3118
v -0.0236 		-19.3616 		34.7936
v 9.0747 		-14.2211 		28.8511
v -7.6592 		-31.5792 		24.9096
v 1.3805 		-28.585 		33.7445
v -1.3105 		-11.1393 		34.1398
v 0.0295 		-19.6187 		34.7936
v -9.9787 		-18.9002 		32.0496
v -10.4858 		-18.8492 		31.6527
v -7.5897 		-31.4498 		25.5009
v -7.5348 		-23.0652 		33.0955
v -10.0208 		-19.75 		32.0496
v -10.5315 		-19.75 		31.6527
v -7.5036 		-21.6209 		33.3936
v -7.2894 		-22.2172 		33.3936
v -9.3325 		-18.1599 		32.4219
v 10.6491 		-16.1358 		30.8391
v -9.4496 		-18.9513 		32.4219
v -2.0574 		-12.1878 		32.7711
v 0.5512 		-18.9823 		34.7195
v -9.4899 		-19.75 		32.4219
v -5.6913 		-34.1376 		25.9012
v 11.3795 		-17.2354 		30.2774
v 11.7805 		-17.1569 		29.6976
v -7.0862 		-33.6416 		25.9012
v -1.3105 		-12.1514 		32.7711
v -8.4263 		-33.0107 		25.9012
v 10.9475 		-17.3211 		30.8391
v -5.7407 		-34.2981 		25.2308
v -9.8542 		-18.0578 		32.0496
v -3.8204 		-11.5095 		34.1398
v 7.7329 		-21.5425 		31.6527
v -5.7792 		-34.4221 		24.5539
v -4.0016 		-10.915 		33.7445
v -0.5636 		-27.3122 		32.7711
v 7.2331 		-21.4422 		32.0496
v -7.2016 		-33.9152 		24.5539
v 6.7114 		-21.3401 		32.4219
v -7.1503 		-33.7948 		25.2308
v -8.505 		-33.1566 		25.2308
v -8.5672 		-33.2715 		24.5539
v -10.9727 		-18.8018 		31.2344
v -11.0185 		-19.75 		31.2344
v 7.3576 		-20.5998 		32.0496
v -0.8346 		-19.2759 		34.8381
v -4.8583 		-11.2195 		33.7445
v 0.4981 		-28.8056 		33.7445
v 7.8647 		-20.6508 		31.6527
v -4.6185 		-11.7939 		34.1398
v 11.1269 		-18.5301 		30.8391
v -12.2597 		-18.6759 		32.3988
v -12.3128 		-19.75 		32.3988
v -7.0185 		-22.7898 		33.3936
v 11.5644 		-18.4863 		30.2774
v 0.3755 		-28.1966 		34.1398
v 6.8285 		-20.5487 		32.4219
v -0.4629 		-28.3206 		34.1398
v -0.4025 		-28.9388 		33.7445
v -13.2812 		-18.5756 		31.3809
v -13.3398 		-19.75 		31.3809
v -12.84 		-19.75 		31.9014
v -0.884 		-19.2321 		34.8381
v 10.1054 		-19.75 		29.3633
v -12.7851 		-18.6249 		31.9014
v 10.0505 		-18.6358 		29.3633
v -12.6185 		-17.5089 		31.9014
v -0.9938 		-19.1574 		34.8381
v -13.1073 		-17.4122 		31.3809
v -1.0524 		-19.13 		34.8381
v -12.8217 		-16.2725 		31.3809
v -2.3888 		-8.8435 		32.3988
v -1.3105 		-8.7906 		32.3988
v -1.1147 		-19.1081 		34.8381
v 9.7228 		-23.0834 		31.9014
v -1.1787 		-19.0917 		34.8381
v -1.3105 		-10.0798 		31.2344
v -1.2446 		-19.0826 		34.8381
v -7.7508 		-31.7543 		23.7106
v 11.9727 		-18.4462 		29.6976
v 8.2107 		-21.6374 		31.2344
v -5.2922 		-32.8211 		23.1061
v -5.2776 		-32.7736 		23.7106
v 11.6267 		-19.75 		30.2774
v 9.4812 		-21.889 		32.3988
v 12.0367 		-19.75 		29.6976
v 1.7229 		-29.7101 		32.8732
v 9.2194 		-22.9321 		32.3988
v 1.5544 		-29.1594 		33.3228
v -2.2625 		-10.1254 		31.2344
v 0.7288 		-29.9599 		32.8732
v 11.1873 		-19.75 		30.8391
v 0.6153 		-29.3946 		33.3228
v -7.7746 		-31.7962 		23.1061
v -0.2854 		-30.1095 		32.8732
v -0.9371 		-19.192 		34.8381
v -0.3421 		-29.5351 		33.3228
v -10.1361 		-12.5361 		29.3633
v -6.5389 		-32.3251 		23.7106
v 12.7891 		-16.9564 		27.8579
v -9.8359 		-12.7805 		29.8591
v -6.559 		-32.3706 		23.1061
v -0.6405 		-19.6844 		34.8381
v 12.4853 		-17.0165 		28.4854
v -0.6497 		-19.6187 		34.8381
v -10.4803 		-13.6466 		29.8591
v -4.657 		-8.7596 		31.9014
v -0.6662 		-19.5549 		34.8381
v -10.1361 		-13.8764 		30.3367
v -0.6881 		-19.4929 		34.8381
v -0.7156 		-19.4345 		34.8381
v -3.2053 		-10.2658 		31.2344
v -3.0808 		-24.0061 		34.1315
v -2.6524 		-24.1593 		34.1315
v 6.5155 		-22.1151 		32.4219
v 12.1484 		-17.084 		29.0998
v 7.98 		-22.5564 		31.2344
v -2.2131 		-24.2687 		34.1315
v -1.7645 		-24.3362 		34.1315
v -4.505 		-9.2611 		32.3988
v -7.2583 		-34.0538 		23.1868
v 10.5649 		-17.3976 		28.3224
v -0.7906 		-19.3251 		34.8381
v -5.8213 		-34.5644 		23.1868
v 10.8633 		-17.3375 		27.7821
v 7.2075 		-23.2639 		31.6527
v 6.737 		-23.0706 		32.0496
v -8.6368 		-33.4028 		23.1868
v 10.239 		-17.4615 		28.8511
v 7.5132 		-22.416 		31.6527
v -3.4579 		-9.0003 		32.3988
v -9.77 		-14.1208 		30.7962
v 1.5068 		-29.0044 		31.2344
v -5.8066 		-34.5115 		23.872
v -7.2364 		-34.0009 		23.872
v -2.4675 		-23.5484 		34.3209
v 7.6597 		-23.4499 		31.2344
v 1.2176 		-28.0525 		32.0496
v 1.3659 		-28.5394 		31.6527
v -8.6112 		-33.3535 		23.872
v 1.0638 		-27.5456 		32.4219
v -1.7005 		-23.7016 		34.3209
v 7.0244 		-22.2683 		32.0496
v -9.5155 		-13.0431 		30.3367
v -0.7504 		-19.378 		34.8381
v -2.9069 		-11.7593 		32.4219
v -3.1101 		-10.7418 		31.6527
v 2.2171 		-28.2349 		31.6527
v 6.2464 		-22.8682 		32.4219
v 10.5667 		-16.1613 		27.7821
v 2.4039 		-28.6853 		31.2344
v 0.2126 		-4.343 		23.1868
v -9.175 		-13.3221 		30.7962
v 1.721 		-4.5655 		23.1868
v -2.0886 		-23.6432 		34.3209
v 0.2071 		-4.3995 		23.872
v 9.959 		-16.3455 		28.8511
v 10.2775 		-16.2488 		28.3224
v 1.71 		-4.6202 		23.872
v -9.4624 		-27.8702 		31.9014
v -9.0908 		-27.5 		32.3988
v -10.8025 		-13.4315 		29.3633
v -2.1636 		-11.1156 		32.0496
v -3.0149 		-25.3464 		33.6671
v 6.3141 		-23.8092 		34.1398
v 2.0231 		-27.7662 		32.0496
v 0.1979 		-4.4907 		24.5539
v -8.9407 		-29.0117 		31.3809
v -2.3357 		-24.8832 		33.9125
v -2.2149 		-10.6105 		31.6527
v -1.825 		-24.958 		33.9125
v 1.6917 		-4.7132 		24.5539
v 7.8098 		-23.5138 		33.3228
v -2.8355 		-24.7592 		33.9125
v -9.8157 		-28.2221 		31.3809
v -12.0674 		-12.5908 		30.2774
v 8.3443 		-23.7326 		32.8732
v -12.3329 		-13.8819 		30.8391
v 12.996 		-18.3459 		27.8579
v 7.905 		-24.6571 		32.8732
v 7.396 		-24.3854 		33.3228
v -11.7031 		-12.8334 		30.8391
v 6.8981 		-25.2133 		33.3228
v 1.8199 		-27.2775 		32.4219
v -10.6084 		-27.3505 		31.3809
v 0.1851 		-4.6202 		25.2308
v -2.1124 		-11.6426 		32.4219
v -3.0094 		-11.2396 		32.0496
v -12.408 		-12.3647 		29.6976
v 0.1686 		-4.7861 		25.9012
v 6.8652 		-24.1028 		33.7445
v 6.3965 		-24.8796 		33.7445
v -3.6849 		-11.9544 		32.4219
v -5.0341 		-24.2705 		33.6671
v -0.4062 		-28.8895 		31.6527
v 0.489 		-28.7582 		31.6527
v -10.2826 		-14.9724 		30.7962
v -10.6707 		-14.7663 		30.3367
v -4.2304 		-24.1009 		33.9125
v -4.1279 		-10.4956 		31.2344
v -9.3837 		-27.7918 		29.3633
v 12.6885 		-18.3769 		28.4854
v -4.8382 		-11.2651 		31.6527
v -0.4575 		-28.3844 		32.0496
v -9.1091 		-27.5182 		29.8591
v -4.6442 		-11.7338 		32.0496
v 13.0656 		-19.75 		27.8579
v 12.7562 		-19.75 		28.4854
v -11.8569 		-15.3991 		29.3633
v 13.785 		-16.7594 		24.5539
v 13.8784 		-16.7412 		23.872
v -11.3791 		-14.3888 		29.3633
v -3.8808 		-23.5812 		34.1315
v 7.3777 		-25.5324 		32.8732
v -8.8162 		-27.2265 		30.3367
v 12.3461 		-18.4097 		29.0998
v 6.3196 		-25.9883 		33.3228
v -4.6442 		-23.7964 		33.9125
v -5.0249 		-10.8147 		31.2344
v 6.7681 		-26.353 		32.8732
v -11.1155 		-15.7036 		30.3367
v -10.4583 		-28.8622 		30.2774
v 12.412 		-19.75 		29.0998
v -3.4908 		-23.8128 		34.1315
v -10.1489 		-28.554 		30.8391
v -10.7091 		-15.8714 		30.7962
v -3.7874 		-24.3654 		33.9125
v -3.987 		-10.9606 		31.6527
v -0.5087 		-27.8574 		32.4219
v -11.0368 		-14.5712 		29.8591
v 0.3883 		-28.2604 		32.0496
v 11.0409 		-18.5374 		27.7821
v -3.8387 		-11.4475 		32.0496
v 11.1013 		-19.75 		27.7821
v -11.6281 		-28.1838 		29.6976
v -11.3114 		-27.9267 		30.2774
v 10.7974 		-19.75 		28.3224
v 10.7406 		-18.5684 		28.3224
v 9.8015 		-24.3344 		31.3809
v -10.9727 		-27.6477 		30.8391
v -11.4999 		-15.5468 		29.8591
v 0.2858 		-27.7407 		32.4219
v 10.466 		-19.75 		28.8511
v 9.342 		-24.1447 		31.9014
v 10.4093 		-18.5994 		28.8511
v -4.5728 		-24.6115 		33.6671
v 8.8551 		-23.9441 		32.3988
v -4.441 		-12.2225 		32.4219
v -4.0785 		-24.9069 		33.6671
v 8.3937 		-24.9161 		32.3988
v -5.3087 		-10.1327 		32.8732
v 8.8569 		-25.1641 		31.9014
v 2.0359 		-30.7404 		31.9014
v -3.5567 		-25.1531 		33.6671
v -12.256 		-13.922 		27.7821
v -11.6299 		-12.8808 		27.7821
v 9.6148 		-16.4494 		29.3633
v -9.5192 		-29.7119 		30.2774
v -5.089 		-10.6652 		33.3228
v -9.2391 		-29.3746 		30.8391
v 9.8857 		-17.5308 		29.3633
v -5.6803 		-11.6061 		33.7445
v 0.5842 		-29.2342 		31.2344
v -3.3206 		-24.586 		33.9125
v -5.3856 		-12.155 		34.1398
v 9.0985 		-17.6876 		30.3367
v 9.505 		-17.6074 		29.8591
v -10.7475 		-29.1503 		29.6976
v -10.4144 		-12.3082 		28.8511
v -11.1027 		-13.2327 		28.8511
v -11.3791 		-13.0485 		28.3224
v 13.9333 		-16.7302 		23.1868
v -9.7773 		-30.0274 		29.6976
v 6.7626 		-25.1221 		31.2344
v -6.2368 		-10.5704 		32.8732
v 1.8839 		-30.2389 		32.3988
v -6.7952 		-11.5733 		33.3228
v -5.9641 		-11.0773 		33.3228
v -11.9887 		-14.0642 		28.3224
v 7.2514 		-24.3088 		31.2344
v 9.2432 		-16.5606 		29.8591
v 14.1566 		-18.2328 		23.1868
v 0.8368 		-30.4997 		32.3988
v 6.3562 		-24.8522 		31.6527
v 8.8459 		-16.681 		30.3367
v 6.8212 		-24.0791 		31.6527
v -4.9059 		-25.1112 		33.3936
v -12.4977 		-15.1346 		28.3224
v -6.4602 		-12.0729 		33.7445
v -10.0867 		-28.492 		27.7821
v 8.6665 		-17.7733 		30.7962
v -9.8725 		-28.2786 		28.3224
v 6.3709 		-23.8402 		32.0496
v -8.992 		-29.0737 		28.3224
v -10.6707 		-27.4015 		28.3224
v -2.6872 		-26.6466 		33.0955
v -11.6958 		-14.2211 		28.8511
v -2.7989 		-27.2028 		32.7711
v -0.3586 		-29.3746 		31.2344
v 8.4249 		-16.8086 		30.7962
v -9.6382 		-28.0452 		28.8511
v 8.6903 		-26.4059 		31.3809
v 8.2766 		-26.1305 		31.9014
v 9.2981 		-25.3975 		31.3809
v -12.1901 		-15.2605 		28.8511
v -0.2323 		-30.6565 		32.3988
v -7.5732 		-12.1495 		33.3228
v -7.9393 		-11.7028 		32.8732
v -7.1155 		-11.0955 		32.8732
v -12.8583 		-14.9851 		30.8391
v 9.7173 		-19.75 		29.8591
v 14.0999 		-18.2383 		23.872
v -13.6418 		-14.6624 		29.6976
v -13.2647 		-14.8174 		30.2774
v -13.6912 		-16.0081 		30.2774
v 9.3036 		-19.75 		30.3367
v 9.6642 		-18.6741 		29.8591
v 14.0084 		-18.2474 		24.5539
v 2.1805 		-31.2164 		31.3809
v 1.0364 		-31.5008 		31.3809
v -14.083 		-15.8914 		29.6976
v 13.8784 		-18.2602 		25.2308
v -12.721 		-13.674 		30.2774
v -2.0025 		-26.7469 		33.0955
v -10.905 		-27.593 		27.7821
v -13.0816 		-13.4825 		29.6976
v -0.1316 		-31.6741 		31.3809
v 0.9393 		-31.0139 		31.9014
v -5.9128 		-8.6812 		31.3809
v -0.181 		-31.1799 		31.9014
v 13.7118 		-18.2766 		25.9012
v -5.7224 		-9.1389 		31.9014
v -1.9458 		-26.1652 		33.3936
v 6.1951 		-25.8844 		31.2344
v -2.4565 		-25.485 		33.6671
v -11.9192 		-28.4227 		29.0998
v -2.5737 		-26.074 		33.3936
v -5.521 		-9.6239 		32.3988
v -12.4226 		-28.8348 		27.8579
v 7.8372 		-25.8388 		32.3988
v 8.813 		-18.7562 		30.7962
v -6.9801 		-9.1826 		31.3809
v -12.1846 		-28.6397 		28.4854
v -1.8854 		-25.5689 		33.6671
v -7.716 		-10.2002 		31.9014
v -7.9924 		-9.7881 		31.3809
v 7.1947 		-26.7031 		32.3988
v 8.8624 		-19.75 		30.7962
v 7.1947 		-11.2779 		31.3809
v -6.7457 		-9.6221 		31.9014
v 7.6011 		-27.035 		31.9014
v 6.3196 		-10.4883 		31.3809
v 9.2523 		-18.7142 		30.3367
v 6.8414 		-11.6298 		31.9014
v 7.9873 		-12.1495 		31.3809
v 6.4697 		-12 		32.3988
v -10.0171 		-30.3174 		29.0998
v -9.1842 		-29.3071 		27.7821
v 5.9315 		-28.5412 		29.3633
v -6.4968 		-10.0835 		32.3988
v 4.8167 		-28.8841 		29.8591
v -13.9896 		-12.9993 		27.8579
v 4.586 		-28.5412 		30.3367
v 10.0505 		-20.8642 		29.3633
v -13.7169 		-13.1452 		28.4854
v -10.4308 		-30.8188 		27.8579
v -10.235 		-30.5818 		28.4854
v -4.9059 		-26.4515 		32.7711
v 4.3407 		-28.1765 		30.7962
v -13.413 		-13.3056 		29.0998
v 11.9727 		-21.0538 		29.6976
v 11.5644 		-21.0137 		30.2774
v 5.6862 		-28.2422 		29.8591
v -4.6387 		-25.95 		33.0955
v -3.5256 		-27.0204 		32.7711
v 11.6102 		-12.8698 		27.2172
v -5.8872 		-11.2214 		31.2344
v -4.0126 		-26.2454 		33.0955
v -11.0148 		-29.4165 		29.0998
v 11.1269 		-20.9699 		30.8391
v -4.2304 		-26.7706 		32.7711
v 5.4226 		-27.9231 		30.3367
v -11.2565 		-29.6572 		28.4854
v -11.4761 		-29.8761 		27.8579
v -6.4327 		-12.1131 		31.6527
v 11.8226 		-12.7586 		26.5633
v 12.4468 		-14.0734 		26.5633
v 10.2775 		-13.581 		26.0856
v -5.6565 		-11.6499 		31.6527
v -12.7777 		-15.0179 		27.7821
v 6.6766 		-7.8424 		27.8579
v 6.3141 		-8.3839 		29.0998
v -6.7036 		-11.7082 		31.2344
v 6.5045 		-8.0995 		28.4854
v -3.7874 		-25.7056 		33.3936
v 5.1425 		-27.5839 		30.7962
v -3.1888 		-25.919 		33.3936
v -5.4167 		-12.0985 		32.0496
v 11.7805 		-22.3431 		29.6976
v 3.6926 		-29.0737 		30.3367
v 11.3795 		-22.2646 		30.2774
v -14.5919 		-14.2703 		27.8579
v -14.3063 		-14.387 		28.4854
v 10.0908 		-13.6795 		26.6621
v 10.3855 		-11.9654 		28.4854
v -13.9896 		-14.5183 		29.0998
v 10.0999 		-12.155 		29.0998
v -3.359 		-26.4788 		33.0955
v 10.6436 		-11.7939 		27.8579
v -13.2647 		-27.7061 		27.8579
v 10.9475 		-22.1789 		30.8391
v -13.0066 		-27.5346 		28.4854
v 3.4858 		-28.6871 		30.7962
v -15.0679 		-15.5924 		27.8579
v -14.7713 		-15.6817 		28.4854
v -14.4436 		-15.782 		29.0998
v 10.6491 		-23.3642 		30.8391
v -7.4689 		-12.2735 		31.2344
v -4.3622 		-25.4358 		33.3936
v 6.618 		-10.1254 		30.8391
v -7.4231 		-10.6378 		32.3988
v -12.721 		-27.345 		29.0998
v 6.8981 		-9.7881 		30.2774
v 7.1562 		-9.4726 		29.6976
v -8.624 		-10.8731 		31.9014
v 8.1265 		-10.3497 		29.6976
v -8.2908 		-11.2779 		32.3988
v -12.2359 		-16.4494 		29.3633
v 12.2253 		-14.1645 		27.2172
v 5.6331 		-30.1022 		30.8391
v -11.7196 		-17.6876 		30.3367
v -2.6195 		-6.5185 		29.6976
v 5.0327 		-29.205 		29.3633
v 12.9393 		-15.4446 		26.5633
v -12.126 		-17.6074 		29.8591
v -6.3009 		-24.7209 		33.0955
v 12.3461 		-21.0903 		29.0998
v 12.996 		-21.1541 		27.8579
v -11.2876 		-17.7733 		30.7962
v 12.7104 		-15.5139 		27.2172
v 5.8766 		-30.4651 		30.2774
v 6.1036 		-30.8042 		29.6976
v 12.6885 		-21.1231 		28.4854
v -2.5792 		-6.9251 		30.2774
v -11.8642 		-16.5606 		29.8591
v 9.007 		-11.3162 		29.6976
v -6.7036 		-25.1221 		32.7711
v -2.5352 		-7.3609 		30.8391
v -9.1256 		-31.4005 		28.4854
v -9.2977 		-31.6576 		27.8579
v 8.3516 		-11.8523 		30.8391
v 10.6326 		-14.8228 		26.6621
v 10.4093 		-14.914 		27.2271
v 8.6903 		-11.5733 		30.2774
v -6.3137 		-23.8402 		33.3936
v -12.5068 		-17.5308 		29.3633
v 11.2624 		-15.9516 		26.0856
v 4.5805 		-30.7295 		30.8391
v 11.0409 		-20.9626 		27.7821
v -5.8872 		-24.3088 		33.3936
v -11.467 		-16.681 		30.3367
v -6.7677 		-24.2104 		33.0955
v 11.061 		-16.0118 		26.6621
v 10.7406 		-20.9316 		28.3224
v -5.4167 		-24.7337 		33.3936
v -5.7883 		-25.1859 		33.0955
v -2.4291 		-8.4332 		29.3633
v 7.8372 		-10.6378 		30.2774
v 10.4093 		-20.9006 		28.8511
v 7.5278 		-10.946 		30.8391
v 3.0574 		-30.2554 		29.3633
v -11.0459 		-16.8086 		30.7962
v 2.9091 		-29.8998 		29.8591
v -5.4606 		-23.8839 		33.6671
v 10.8285 		-14.7408 		26.0856
v 2.5833 		-29.112 		30.7962
v 2.7517 		-29.5168 		30.3367
v 12.7891 		-22.5436 		27.8579
v 12.4853 		-22.4835 		28.4854
v -3.9137 		-6.7099 		29.6976
v -3.835 		-7.1093 		30.2774
v 12.2637 		-12.5215 		24.5539
v 12.1484 		-12.5835 		25.2308
v 12.7891 		-13.9329 		25.2308
v -8.9352 		-31.1161 		29.0998
v -12.3384 		-19.75 		29.8591
v 12.1484 		-22.416 		29.0998
v 6.7626 		-11.7082 		29.3633
v -7.2071 		-24.5696 		32.7711
v 12.91 		-13.8819 		24.5539
v 3.8885 		-29.4384 		29.8591
v 4.0716 		-29.7794 		29.3633
v -7.6537 		-23.9715 		32.7711
v -11.434 		-18.7562 		30.7962
v 6.488 		-11.9818 		29.8591
v -11.8734 		-18.7142 		30.3367
v 6.1951 		-12.2735 		30.3367
v -11.9247 		-19.75 		30.3367
v -12.2853 		-18.6741 		29.8591
v -7.1796 		-23.656 		33.0955
v -11.467 		-28.0525 		26.0856
v -10.6011 		-29.0044 		26.0856
v 10.5667 		-23.3387 		27.7821
v 10.2775 		-23.2512 		28.3224
v -11.4835 		-19.75 		30.7962
v 12.002 		-12.6619 		25.9012
v 8.3937 		-10.0835 		29.0998
v 9.959 		-23.1545 		28.8511
v -3.749 		-7.5396 		30.8391
v 8.6354 		-9.8428 		28.4854
v 8.8551 		-9.6239 		27.8579
v -4.9389 		-7.8369 		30.8391
v -10.451 		-28.8549 		26.6621
v -13.2702 		-16.1358 		30.8391
v 10.5649 		-22.1024 		28.3224
v 12.6354 		-13.9968 		25.9012
v -14.0006 		-17.2354 		30.2774
v -14.4015 		-17.1569 		29.6976
v 6.1603 		-28.8184 		28.8511
v 10.239 		-22.0385 		28.8511
v 10.4349 		-13.4953 		25.5009
v -7.9924 		-25.2133 		34.1398
v -8.4977 		-24.5349 		34.1398
v 7.396 		-9.1826 		29.0998
v 3.1965 		-30.5872 		28.8511
v 10.8633 		-22.1625 		27.7821
v 3.3228 		-30.8936 		28.3224
v 7.6139 		-8.9182 		28.4854
v -13.5686 		-17.3211 		30.8391
v -11.1155 		-27.7662 		27.2271
v 7.8098 		-8.6812 		27.8579
v -11.3041 		-27.9194 		26.6621
v 4.5402 		-30.6529 		27.7821
v 10.6674 		-13.3731 		24.3118
v 5.5855 		-30.0292 		27.7821
v 10.5649 		-13.426 		24.9096
v -4.1151 		-5.7052 		27.8579
v -4.0547 		-6.0079 		28.4854
v -2.689 		-5.8055 		28.4854
v -2.7201 		-5.4991 		27.8579
v -10.2807 		-28.6853 		27.2271
v 8.813 		-20.7438 		30.7962
v -3.987 		-6.3434 		29.0998
v 9.2523 		-20.7858 		30.3367
v 6.5631 		-10.1929 		27.7821
v -2.6561 		-6.1465 		29.0998
v 13.2944 		-15.3371 		25.2308
v 13.4189 		-15.2988 		24.5539
v -12.7265 		-19.75 		29.3633
v -9.6455 		-29.8669 		26.0856
v -6.1142 		-26.9092 		34.1398
v -6.7952 		-26.4059 		34.1398
v 13.1333 		-15.3863 		25.9012
v 9.6642 		-20.8259 		29.8591
v 4.24 		-30.0949 		28.8511
v -12.6716 		-18.6358 		29.3633
v -9.3581 		-29.5168 		27.2271
v 5.2322 		-29.5041 		28.8511
v 9.2981 		-11.0773 		29.0998
v 9.5635 		-10.8603 		28.4854
v 9.8015 		-10.6652 		27.8579
v -14.1855 		-18.4863 		30.2774
v 4.3974 		-30.3866 		28.3224
v -14.5937 		-18.4462 		29.6976
v 9.6148 		-23.0506 		29.3633
v 10.9933 		-14.6733 		25.5009
v -13.748 		-18.5301 		30.8391
v -9.5119 		-29.7046 		26.6621
v 9.2432 		-22.9394 		29.8591
v -6.149 		-25.6236 		32.7711
v 11.6853 		-15.8221 		24.3118
v 8.8459 		-22.819 		30.3367
v -11.6702 		-30.0694 		27.2172
v -4.7284 		-8.5244 		28.8511
v 11.5754 		-15.8568 		24.9096
v 11.4345 		-15.8987 		25.5009
v -3.608 		-8.2454 		28.8511
v -14.6578 		-19.75 		29.6976
v -4.9133 		-7.9189 		27.7821
v -11.8404 		-30.2389 		26.5633
v 11.2367 		-14.573 		24.3118
v -14.2478 		-19.75 		30.2774
v 8.2839 		-11.907 		27.7821
v 5.4171 		-29.7794 		28.3224
v -2.5279 		-7.4466 		27.7821
v -13.8084 		-19.75 		30.8391
v 9.0985 		-21.8124 		30.3367
v 9.8857 		-21.9692 		29.3633
v -11.8093 		-28.3315 		24.3118
v -2.4968 		-7.7457 		28.3224
v -3.6721 		-7.9208 		28.3224
v 11.1306 		-14.6168 		24.9096
v -3.7325 		-7.6235 		27.7821
v -5.2318 		-25.5962 		33.0955
v 12.3955 		-12.4522 		23.1868
v -11.6061 		-28.1656 		25.5009
v -5.5485 		-26.0685 		32.7711
v 13.0491 		-13.8254 		23.1868
v -13.186 		-17.3976 		28.3224
v 12.3461 		-12.4778 		23.872
v 12.996 		-13.8472 		23.872
v 8.0496 		-12.0985 		28.3224
v 9.505 		-21.8926 		29.8591
v -13.1878 		-16.1613 		27.7821
v 6.3709 		-10.4263 		28.3224
v 7.0171 		-11.4548 		28.8511
v -2.4657 		-8.0758 		28.8511
v -12.8986 		-16.2488 		28.3224
v -11.7196 		-28.2604 		24.9096
v -13.4844 		-17.3375 		27.7821
v 8.6665 		-21.7267 		30.7962
v -4.8254 		-8.2071 		28.3224
v 10.7827 		-13.3111 		23.1061
v 7.4656 		-11.008 		27.7821
v -12.58 		-16.3455 		28.8511
v -12.8601 		-17.4615 		28.8511
v 7.2514 		-11.2214 		28.3224
v 8.4249 		-22.6914 		30.7962
v -9.9256 		-30.2079 		24.3118
v -6.4181 		-7.4667 		29.6976
v -7.6025 		-8.0247 		29.6976
v -7.4103 		-8.3839 		30.2774
v 10.7406 		-13.3348 		23.7106
v 2.0029 		-30.6328 		29.3633
v -6.2625 		-7.8424 		30.2774
v 0.9174 		-30.9027 		29.3633
v -5.067 		-7.4175 		30.2774
v 11.4619 		-23.6086 		29.6976
v -8.6991 		-27.1098 		32.8732
v -5.1842 		-7.0272 		29.6976
v 0.7599 		-30.1186 		30.3367
v -15.4102 		-16.9564 		27.8579
v 0.8405 		-30.5234 		29.8591
v -9.8542 		-30.1186 		24.9096
v -8.2908 		-26.7031 		33.3228
v -7.8643 		-26.2782 		33.7445
v -15.1063 		-17.0165 		28.4854
v 0.6739 		-29.6882 		30.7962
v 6.9622 		-7.4175 		26.5633
v -8.4757 		-25.6072 		33.7445
v 11.764 		-15.7984 		23.7106
v 11.0702 		-23.4919 		30.2774
v -14.7695 		-17.084 		29.0998
v -6.094 		-8.2472 		30.8391
v 11.8116 		-15.7838 		23.1061
v -7.1906 		-26.8873 		33.7445
v 11.3594 		-14.5219 		23.1061
v 8.1356 		-8.2836 		26.5633
v 6.8285 		-7.6162 		27.2172
v -9.759 		-30.0055 		25.5009
v 1.8913 		-30.2626 		29.8591
v 11.0207 		-24.8376 		29.6976
v 7.9837 		-8.4696 		27.2172
v 10.6436 		-24.6826 		30.2774
v -13.5707 		-17.921 		27.7821
v 11.3136 		-14.542 		23.7106
v -13.4045 		-17.921 		28.0743
v -13.2645 		-17.921 		28.3224
v 10.0999 		-25.826 		30.2774
v 10.4606 		-26.0175 		29.6976
v -7.4231 		-25.8388 		34.1398
v -10.8318 		-29.2342 		24.9096
v -10.9141 		-29.3162 		24.3118
v 13.5086 		-15.2714 		23.872
v 13.5617 		-15.2568 		23.1868
v 1.6423 		-29.4475 		30.7962
v 10.2372 		-24.5149 		30.8391
v -10.7274 		-29.1302 		25.5009
v -13.0684 		-17.921 		28.6316
v 8.2656 		-8.1268 		25.9012
v 7.0757 		-7.2479 		25.9012
v 1.7704 		-29.8669 		30.3367
v -8.5233 		-23.5904 		32.4219
v -5.4844 		-6.0462 		27.8579
v -5.3947 		-6.3416 		28.4854
v -5.294 		-6.668 		29.0998
v 8.3718 		-7.9992 		25.2308
v -12.8907 		-19.2234 		29.0932
v 12.1502 		-23.8183 		28.4854
v 12.4468 		-23.9076 		27.8579
v 7.2404 		-7.0017 		24.5539
v 11.8226 		-23.718 		29.0998
v -12.771 		-18.0166 		29.0932
v -12.7567 		-17.921 		29.0932
v -6.8116 		-6.5203 		27.8579
v 7.169 		-7.1093 		25.2308
v -12.7863 		-17.921 		29.0515
v 10.1567 		-24.4821 		27.7821
v -12.9289 		-17.921 		28.8511
v 8.4542 		-7.8989 		24.5539
v -0.2305 		-30.6821 		29.8591
v -8.5526 		-24.5696 		32.0496
v -12.8608 		-18.6166 		29.0932
v -11.9832 		-30.3812 		25.9012
v 9.7631 		-12.3793 		25.5009
v 9.4372 		-12.5963 		26.6621
v 9.8766 		-13.7944 		27.2271
v -0.3128 		-29.8341 		30.7962
v -0.2707 		-30.2718 		30.3367
v -15.6354 		-17.921 		27.6691
v -8.1114 		-24.276 		32.4219
v -12.1022 		-30.4997 		25.2308
v -15.5538 		-17.921 		27.8579
v 11.6853 		-25.113 		28.4854
v -8.0437 		-25.2534 		32.0496
v -15.4538 		-17.921 		28.0584
v -15.2414 		-17.921 		28.4854
v -6.6945 		-6.8048 		28.4854
v 11.9708 		-25.2297 		27.8579
v -12.1938 		-30.5909 		24.5539
v 6.2354 		-8.5006 		24.3118
v -15.0361 		-19.7353 		29.0932
v -14.9709 		-18.4094 		29.0932
v -14.9672 		-18.4097 		29.0998
v -14.9687 		-18.3948 		29.0932
v 11.3686 		-24.9817 		29.0998
v -11.9118 		-28.4154 		23.1061
v -15.016 		-17.921 		28.8843
v -14.898 		-17.921 		29.0932
v -7.6336 		-24.9179 		32.4219
v 4.7892 		-31.1161 		30.2774
v 4.9814 		-31.4753 		29.6976
v -6.5627 		-7.1202 		29.0998
v 9.2358 		-12.7294 		27.2271
v -6.8354 		-26.4569 		32.0496
v 6.2812 		-8.4332 		23.7106
v -12.5068 		-12.2972 		24.9096
v 3.6414 		-31.6576 		30.2774
v 3.797 		-32.0333 		29.6976
v -6.0611 		-8.3274 		27.7821
v 11.0958 		-26.3548 		28.4854
v -6.149 		-26.9639 		32.0496
v 11.3686 		-26.5007 		27.8579
v -12.3842 		-12.3793 		25.5009
v 2.446 		-32.0825 		30.2774
v 2.5631 		-32.4728 		29.6976
v 10.7919 		-26.1944 		29.0998
v -5.1659 		-26.9347 		32.4219
v -7.9412 		-7.3919 		28.4854
v -7.7801 		-7.6946 		29.0998
v -11.8734 		-28.3844 		23.7106
v 3.473 		-31.2528 		30.8391
v -12.4977 		-13.7944 		27.2271
v 9.6148 		-12.4796 		26.0856
v -5.8542 		-26.5244 		32.4219
v -8.0876 		-7.1202 		27.8579
v -9.9787 		-30.2718 		23.7106
v -12.0583 		-12.5963 		26.6621
v 6.3086 		-8.3912 		23.1061
v -11.0075 		-29.4092 		23.1061
v -12.2359 		-12.4796 		26.0856
v -6.4986 		-26.0485 		32.4219
v 9.8857 		-12.2972 		24.9096
v -10.9727 		-29.3746 		23.7106
v 7.3246 		-6.8777 		23.1868
v 13.0582 		-16.9035 		27.2172
v 13.2944 		-16.8561 		26.5633
v 11.1306 		-17.2846 		27.2271
v -11.8569 		-12.7294 		27.2271
v -8.4373 		-25.5762 		31.6527
v -10.0098 		-30.3101 		23.1061
v 10.8285 		-16.0829 		27.2271
v 8.758 		-25.1112 		29.3633
v -2.3906 		-8.8179 		29.8591
v 8.5494 		-7.7822 		23.1868
v 9.2358 		-24.1009 		29.3633
v -7.8295 		-26.2436 		31.6527
v 8.4157 		-24.9288 		29.8591
v 7.2935 		-6.9251 		23.872
v -8.1755 		-26.5882 		31.2344
v 8.5127 		-7.8259 		23.872
v -12.2999 		-30.6966 		23.1868
v -2.3082 		-9.6659 		30.7962
v -14.2313 		-12.8698 		27.2172
v 5.3201 		-32.1081 		28.4854
v -12.2597 		-30.6565 		23.872
v -2.3504 		-9.2282 		30.3367
v 11.3686 		-17.2372 		26.6621
v -7.1595 		-26.849 		31.6527
v 11.5754 		-17.1971 		26.0856
v 5.159 		-31.8054 		29.0998
v -12.8986 		-13.581 		26.0856
v -7.4689 		-25.8844 		32.0496
v 5.4665 		-32.3798 		27.8579
v 8.4944 		-23.7964 		30.3367
v -7.0936 		-25.5105 		32.4219
v -4.624 		-8.8672 		29.3633
v 11.0702 		-11.5095 		26.5633
v 10.2006 		-10.3406 		26.5633
v -13.4917 		-27.8574 		27.2172
v -4.3915 		-9.6331 		30.3367
v -12.635 		-29.0081 		27.2172
v -12.8217 		-29.1594 		26.5633
v 8.8789 		-23.9532 		29.8591
v 10.0139 		-10.4919 		27.2172
v -12.7118 		-13.6795 		26.6621
v 10.8706 		-11.6426 		27.2172
v 3.44 		-31.1726 		27.7821
v -13.6912 		-27.9905 		26.5633
v 13.2706 		-18.3204 		27.2172
v -8.5032 		-26.9146 		30.7962
v -4.5123 		-9.2374 		29.8591
v -14.4436 		-12.7586 		26.5633
v 11.374 		-19.75 		27.2271
v -3.381 		-9.3814 		30.3367
v 11.3136 		-18.5118 		27.2271
v 9.9828 		-12.2334 		24.3118
v 11.764 		-18.4681 		26.0856
v 4.0734 		-32.6952 		28.4854
v 8.088 		-23.6286 		30.7962
v -3.4616 		-8.9766 		29.8591
v 3.9416 		-32.3798 		29.0998
v 11.828 		-19.75 		26.0856
v -8.9023 		-20.494 		32.7711
v -15.0679 		-14.0734 		26.5633
v 11.2404 		-11.3964 		25.9012
v 10.358 		-10.2111 		25.9012
v -3.5384 		-8.5973 		29.3633
v 8.0496 		-24.7337 		30.3367
v 10.5869 		-10.0233 		24.5539
v -10.4016 		-21.5516 		33.7445
v 11.4875 		-11.2323 		24.5539
v 11.6175 		-19.75 		26.6621
v -3.295 		-9.8118 		30.7962
v -9.7901 		-21.4295 		34.1398
v 11.3795 		-11.3034 		25.2308
v -9.9146 		-20.5943 		34.1398
v -10.5352 		-20.6545 		33.7445
v 4.1906 		-32.9797 		27.8579
v -4.2634 		-10.0525 		30.7962
v 2.673 		-32.832 		29.0998
v 11.5553 		-18.4881 		26.6621
v 10.4862 		-10.1054 		25.2308
v -14.0006 		-28.1966 		25.2308
v -13.8835 		-15.9516 		26.0856
v -13.8615 		-28.1036 		25.9012
v 13.5086 		-18.2966 		26.5633
v -13.6821 		-16.0118 		26.6621
v -12.9791 		-29.2889 		25.9012
v 13.58 		-19.75 		26.5633
v -13.2537 		-14.8228 		26.6621
v 13.3402 		-19.75 		27.2172
v -13.4496 		-14.7408 		26.0856
v -6.5096 		-10.0616 		29.8591
v 7.6615 		-24.5276 		30.7962
v -12.6038 		-27.2666 		24.3118
v -5.3728 		-9.9832 		30.3367
v -5.2043 		-10.388 		30.7962
v 9.7869 		-27.1353 		29.6976
v 2.8633 		-33.4538 		27.8579
v -13.0304 		-14.914 		27.2271
v 10.6601 		-9.9649 		23.872
v 11.5644 		-11.1794 		23.872
v 2.7736 		-33.1584 		28.4854
v -11.7105 		-20.7712 		32.8732
v 9.4464 		-26.9092 		30.2774
v -11.1338 		-20.7146 		33.3228
v -13.1073 		-29.3946 		25.2308
v 10.0926 		-12.1605 		23.1061
v 11.7512 		-17.1624 		25.5009
v -5.6785 		-9.2446 		29.3633
v 10.0505 		-12.1878 		23.7106
v -13.2079 		-29.4767 		24.5539
v 12.0093 		-17.1114 		24.3118
v -14.1086 		-28.2677 		24.5539
v 9.0821 		-26.6666 		30.8391
v -14.8464 		-14.1645 		27.2172
v 9.7118 		-25.6181 		30.8391
v -15.5603 		-15.4446 		26.5633
v 1.2139 		-32.3907 		30.2774
v 1.2926 		-32.7901 		29.6976
v -6.6927 		-9.7206 		29.3633
v 10.704 		-9.9285 		23.1868
v 11.8976 		-17.1332 		24.9096
v 11.612 		-11.1484 		23.1868
v -10.18 		-22.4306 		33.7445
v 2.3178 		-31.6631 		30.8391
v -9.5833 		-22.2501 		34.1398
v 8.1814 		-26.0685 		29.3633
v -5.5302 		-9.6002 		29.8591
v 1.1279 		-31.9604 		30.8391
v -15.3315 		-15.5139 		27.2172
v -9.8743 		-23.284 		33.7445
v -9.2977 		-23.0451 		34.1398
v -12.6716 		-27.3122 		23.7106
v -12.7137 		-27.3395 		23.1061
v -7.2016 		-8.7705 		30.8391
v 13.4939 		-16.8159 		25.9012
v -7.6537 		-10.295 		29.3633
v -13.2885 		-13.3731 		24.3118
v 7.515 		-26.9639 		29.3633
v 13.6569 		-16.7849 		25.2308
v -13.186 		-13.426 		24.9096
v -8.7247 		-8.6958 		29.6976
v -8.4977 		-9.0349 		30.2774
v -13.056 		-13.4953 		25.5009
v 9.2194 		-9.2611 		26.5633
v -13.2812 		-29.5351 		23.872
v -14.1855 		-28.3206 		23.872
v 9.0491 		-9.4306 		27.2172
v -14.8848 		-12.5215 		24.5539
v -13.3251 		-29.5715 		23.1868
v -14.2331 		-28.3516 		23.1868
v -14.7695 		-12.5835 		25.2308
v 12.2052 		-18.4243 		24.3118
v 12.2711 		-19.75 		24.3118
v -14.623 		-12.6619 		25.9012
v 7.0244 		-9.6331 		26.0856
v 12.1557 		-19.75 		24.9096
v 12.0898 		-18.4352 		24.9096
v 12.0075 		-19.75 		25.5009
v -8.2542 		-9.3978 		30.8391
v 6.737 		-9.9832 		27.2271
v -0.0858 		-32.1391 		30.8391
v -10.9929 		-21.6684 		33.3228
v -0.192 		-31.0668 		29.3633
v -10.7567 		-22.6038 		33.3228
v -11.3096 		-22.7716 		32.8732
v 11.9434 		-18.4498 		25.5009
v -11.5604 		-21.7814 		32.8732
v 6.8908 		-9.7954 		26.6621
v -0.0419 		-32.5749 		30.2774
v 12.337 		-18.4115 		23.1061
v -15.2564 		-13.9968 		25.9012
v 12.4029 		-19.75 		23.1061
v 12.1393 		-17.0858 		23.1061
v 12.3534 		-19.75 		23.7106
v -15.531 		-13.8819 		24.5539
v 12.0898 		-17.0949 		23.7106
v -10.354 		-21.5425 		31.6527
v 8.8459 		-11.4475 		26.0856
v -9.4496 		-31.8838 		27.2172
v 7.98 		-10.4956 		26.0856
v 12.2875 		-18.4152 		23.7106
v -9.5833 		-32.0825 		26.5633
v -9.3325 		-21.3401 		32.4219
v -10.6048 		-31.0304 		27.2172
v 7.8299 		-10.6451 		26.6621
v -0.0016 		-32.9815 		29.6976
v 8.4944 		-11.7338 		27.2271
v 8.683 		-11.5806 		26.6621
v -10.7567 		-31.2164 		26.5633
v -9.9787 		-20.5998 		32.0496
v 5.8546 		-13.8928 		33.7445
v 6.078 		-12.3902 		32.8732
v 7.6597 		-10.8147 		27.2271
v -15.4102 		-13.9329 		25.2308
v 5.6697 		-12.7969 		33.3228
v -6.3137 		-10.4263 		30.3367
v -9.7901 		-32.3907 		25.2308
v 5.2432 		-13.2218 		33.7445
v -0.0932 		-32.0534 		27.7821
v -9.6968 		-32.2521 		25.9012
v -6.1068 		-10.8129 		30.7962
v 4.5695 		-12.6127 		33.7445
v 7.8592 		-25.8534 		29.8591
v -10.4858 		-20.6508 		31.6527
v -10.8867 		-31.3732 		25.9012
v 2.2922 		-31.5811 		27.7821
v 6.8944 		-26.4569 		30.3367
v 4.802 		-13.6612 		34.1398
v 7.2148 		-26.7195 		29.8591
v -13.6144 		-14.6733 		25.5009
v -10.9929 		-31.5008 		25.2308
v 9.3622 		-9.1188 		25.9012
v -0.1243 		-31.7543 		28.3224
v 7.515 		-25.6236 		30.3367
v 1.051 		-31.5792 		28.3224
v -8.5526 		-10.9588 		29.3633
v -8.8565 		-30.9994 		24.3118
v 9.4812 		-9.0003 		25.2308
v 1.1114 		-31.8765 		27.7821
v -8.0437 		-11.5769 		30.3367
v -13.8578 		-14.573 		24.3118
v 6.5539 		-26.1779 		30.7962
v -9.8615 		-32.4983 		24.5539
v -7.4377 		-10.6159 		29.8591
v 7.1489 		-25.3792 		30.7962
v -0.1554 		-31.4242 		28.8511
v 3.5279 		-13.8764 		32.7711
v 0.9869 		-31.2546 		28.8511
v -8.3073 		-11.2578 		29.8591
v -11.0752 		-31.6011 		24.5539
v -14.1965 		-15.8568 		24.9096
v 8.2931 		-10.1838 		24.3118
v 2.9274 		-13.4315 		32.7711
v -7.2071 		-10.9588 		30.3367
v -14.0555 		-15.8987 		25.5009
v -9.4496 		-20.5487 		32.4219
v 2.1073 		-30.9756 		28.8511
v -9.8542 		-21.4422 		32.0496
v 2.6107 		-13.9038 		33.0955
v -6.9618 		-11.3235 		30.7962
v -7.7636 		-11.9161 		30.7962
v -14.3063 		-15.8221 		24.3118
v -8.9023 		-31.0668 		23.7106
v 9.0747 		-25.2789 		28.8511
v -8.9297 		-31.1088 		23.1061
v 9.8766 		-24.3654 		28.3224
v -13.7516 		-14.6168 		24.9096
v 8.2107 		-10.2658 		24.9096
v 3.4931 		-12.5908 		34.1398
v -16.04 		-15.2988 		24.5539
v -8.2066 		-9.4708 		27.7821
v -8.0382 		-9.7206 		28.3224
v 2.2043 		-31.2929 		28.3224
v 4.1741 		-13.0941 		34.1398
v 8.1063 		-10.3698 		25.5009
v -10.9727 		-20.6982 		31.2344
v 9.569 		-24.2395 		28.8511
v 1.3659 		-33.1566 		29.0998
v -12.2597 		-20.8241 		32.3988
v -15.9155 		-15.3371 		25.2308
v 9.0088 		-26.6192 		27.7821
v 7.7933 		-27.1918 		28.8511
v 9.5727 		-8.9091 		24.5539
v 1.4336 		-33.4921 		28.4854
v -15.7544 		-15.3863 		25.9012
v -7.1613 		-8.8471 		27.7821
v -5.9439 		-8.6064 		28.3224
v 9.6349 		-25.578 		27.7821
v -10.6011 		-22.5564 		31.2344
v 0.0991 		-34.0009 		27.8579
v -5.8176 		-8.9128 		28.8511
v 5.0327 		-15.5285 		32.7711
v 4.5585 		-15.844 		33.0955
v -15.6702 		-13.8254 		23.1868
v -6.8611 		-9.4051 		28.8511
v 4.586 		-14.9304 		32.7711
v 1.494 		-33.7948 		27.8579
v 8.758 		-26.4515 		28.3224
v -7.8533 		-9.9959 		28.8511
v -9.8286 		-23.2639 		31.6527
v -9.9457 		-32.6223 		23.1868
v -11.1704 		-31.7178 		23.1868
v 7.1379 		-9.4945 		25.5009
v -9.3581 		-23.0706 		32.0496
v -7.0185 		-9.1134 		28.3224
v -13.3617 		-13.3348 		23.7106
v -9.9146 		-32.5749 		23.872
v 0.0679 		-33.6945 		28.4854
v 9.3677 		-25.4358 		28.3224
v -11.1338 		-31.6741 		23.872
v -13.4038 		-13.3111 		23.1061
v -10.2807 		-23.4499 		31.2344
v 7.3045 		-9.2921 		24.3118
v 0.035 		-33.3535 		29.0998
v 8.4816 		-26.2673 		28.8511
v -10.1343 		-22.416 		31.6527
v -8.7814 		-10.6816 		28.8511
v 13.2706 		-21.1796 		27.2172
v -9.1366 		-22.1151 		32.4219
v -4.2158 		-5.2019 		26.5633
v 11.764 		-21.0319 		26.0856
v 5.3713 		-14.2867 		34.1398
v -8.8675 		-22.8682 		32.4219
v 7.2331 		-9.3814 		24.9096
v -9.6455 		-22.2683 		32.0496
v -2.7696 		-4.9885 		26.5633
v 11.5553 		-21.0119 		26.6621
v 5.8766 		-14.9651 		34.1398
v 8.985 		-11.3344 		25.5009
v 6.1713 		-30.9027 		24.9096
v 9.1882 		-11.1685 		24.3118
v 5.9883 		-30.6328 		26.0856
v -2.7458 		-5.2256 		27.2172
v -4.1682 		-5.4371 		27.2172
v -16.5544 		-22.7698 		23.1868
v 4.6684 		-30.8936 		27.2271
v 5.8711 		-30.4559 		26.6621
v -10.8318 		-21.6374 		31.2344
v -16.7314 		-21.579 		23.1868
v -16.7461 		-21.579 		22.6419
v 9.0985 		-11.2396 		24.9096
v -16.4995 		-22.7588 		23.872
v -12.1022 		-21.889 		32.3988
v -16.6859 		-21.579 		23.7278
v 3.6798 		-14.7791 		33.0955
v 5.7375 		-30.2554 		27.2271
v -16.674 		-21.579 		23.872
v 11.3136 		-20.9882 		27.2271
v -11.8404 		-22.9321 		32.3988
v -16.4061 		-22.7406 		24.5539
v 3.6926 		-15.6598 		33.3936
v -16.5804 		-21.579 		24.5539
v 4.1466 		-15.2896 		33.0955
v -16.6013 		-21.579 		24.4061
v 13.5086 		-21.2034 		26.5633
v 8.3864 		-10.0908 		23.1061
v -12.3439 		-23.0834 		31.9014
v -16.4485 		-21.579 		25.2308
v -16.4783 		-21.579 		25.0778
v -16.3198 		-21.579 		25.7414
v 3.2661 		-15.1912 		33.3936
v 8.3516 		-10.1254 		23.7106
v 2.7956 		-14.7663 		33.3936
v -2.5975 		-6.7264 		26.0856
v 7.3576 		-9.2282 		23.7106
v 7.3887 		-9.1899 		23.1061
v 6.089 		-30.7805 		25.5009
v 13.0582 		-22.5965 		27.2172
v -2.7897 		-34.7139 		25.9012
v -4.992 		-7.6582 		27.2271
v 11.5754 		-22.3029 		26.0856
v 11.3686 		-22.2628 		26.6621
v 5.5965 		-32.6205 		27.2172
v 10.8285 		-23.4171 		27.2271
v 4.8826 		-31.2929 		26.0856
v -4.3128 		-34.7868 		24.5539
v 2.8395 		-15.6161 		33.6671
v -2.8336 		-35.157 		23.1868
v -13.2812 		-20.9244 		31.3809
v -3.8332 		-7.1202 		26.6621
v -12.6185 		-21.9911 		31.9014
v -12.8217 		-23.2275 		31.3809
v -2.5774 		-6.9342 		26.6621
v -13.1073 		-22.0878 		31.3809
v -12.7851 		-20.8751 		31.9014
v 9.6789 		-8.8034 		23.1868
v 4.7837 		-31.1069 		26.6621
v -4.3421 		-34.9345 		23.1868
v 9.6386 		-8.8435 		23.872
v -3.8735 		-6.9142 		26.0856
v 11.1306 		-22.2154 		27.2271
v -2.8282 		-35.1005 		23.872
v 4.0826 		-14.3779 		32.7711
v -4.3311 		-34.8798 		23.872
v -3.7856 		-7.3573 		27.2271
v 13.2944 		-22.6439 		26.5633
v -2.819 		-35.0093 		24.5539
v 3.1672 		-14.3141 		33.0955
v 2.5027 		-32.274 		26.0856
v -8.9352 		-23.8092 		34.1398
v -10.4308 		-23.5138 		33.3228
v 4.4725 		-13.9895 		32.4219
v -2.5536 		-7.1749 		27.2271
v -2.8062 		-34.8798 		25.2308
v 2.4423 		-32.0734 		26.6621
v 5.8162 		-13.9238 		31.6527
v 12.2052 		-21.0757 		24.3118
v -10.526 		-24.6571 		32.8732
v -9.5192 		-25.2133 		33.3228
v -10.0171 		-24.3854 		33.3228
v -10.9654 		-23.7326 		32.8732
v -2.6414 		-6.2869 		24.3118
v 9.2908 		-11.0846 		23.1061
v 11.9434 		-21.0502 		25.5009
v 3.6359 		-31.6467 		26.6621
v -9.4862 		-24.1028 		33.7445
v 12.0898 		-21.0648 		24.9096
v -2.6304 		-6.4018 		24.9096
v 4.8478 		-13.6156 		32.0496
v 9.2523 		-11.1156 		23.7106
v 3.7183 		-31.8418 		26.0856
v -9.0176 		-24.8796 		33.7445
v -0.1316 		-7.8259 		31.3809
v 5.2084 		-13.2564 		31.6527
v -0.181 		-8.3201 		31.9014
v 0.9393 		-8.4861 		31.9014
v 1.0364 		-7.9992 		31.3809
v 2.1805 		-8.2836 		31.3809
v 3.5443 		-31.4242 		27.2271
v -2.6158 		-6.5476 		25.5009
v 13.6569 		-22.7151 		25.2308
v 13.4939 		-22.6841 		25.9012
v 4.2967 		-33.2332 		27.2172
v -4.2872 		-4.8408 		25.2308
v 5.7082 		-32.832 		26.5633
v 12.0093 		-22.3886 		24.3118
v 5.5544 		-12.9118 		31.2344
v -4.2561 		-5.0031 		25.9012
v -3.9595 		-6.482 		24.3118
v 2.6876 		-10.1327 		32.8732
v 11.7512 		-22.3376 		25.5009
v 4.5384 		-12.651 		31.6527
v 4.3883 		-33.4538 		26.5633
v 4.4945 		-11.0955 		32.8732
v 4.9521 		-12.1495 		33.3228
v 5.3183 		-11.7028 		32.8732
v 3.0116 		-33.9444 		26.5633
v 11.8976 		-22.3668 		24.9096
v -8.9407 		-25.9883 		33.3228
v -3.9375 		-6.5932 		24.9096
v 2.9421 		-33.7164 		27.2172
v -9.3892 		-26.353 		32.8732
v 3.8775 		-13.4515 		32.4219
v 3.343 		-11.0773 		33.3228
v 3.6157 		-10.5704 		32.8732
v 2.4679 		-10.6652 		33.3228
v 4.1741 		-11.5733 		33.3228
v -9.9988 		-25.5324 		32.8732
v 2.5448 		-12.5653 		32.4219
v 3.0592 		-11.6061 		33.7445
v 3.8391 		-12.0729 		33.7445
v 5.0912 		-31.6814 		24.3118
v 3.5279 		-12.5361 		32.0496
v 12.1393 		-22.4142 		23.1061
v 12.0898 		-22.4051 		23.7106
v 5.0382 		-31.5792 		24.9096
v 4.2144 		-13.0431 		32.0496
v -9.8725 		-24.3088 		31.2344
v 2.7645 		-12.155 		34.1398
v -3.9082 		-6.7391 		25.5009
v 12.337 		-21.0885 		23.1061
v -8.9773 		-24.8522 		31.6527
v 3.2917 		-8.6812 		31.3809
v -3.9851 		-6.3525 		23.1061
v -3.976 		-6.4018 		23.7106
v 4.359 		-9.1826 		31.3809
v -9.4423 		-24.0791 		31.6527
v 5.3713 		-9.7881 		31.3809
v -2.6542 		-6.1556 		23.1061
v -9.3837 		-25.1221 		31.2344
v 3.1013 		-9.1389 		31.9014
v 4.9686 		-31.4498 		25.5009
v 4.1247 		-9.6221 		31.9014
v 3.2331 		-12.9756 		32.4219
v 12.2875 		-21.0848 		23.7106
v 5.0949 		-10.2002 		31.9014
v 2.9 		-9.6239 		32.3988
v 5.4903 		-15.224 		32.4219
v 5.9022 		-15.9096 		32.4219
v -8.992 		-23.8402 		32.0496
v 3.8757 		-10.0835 		32.3988
v 12.9393 		-24.0554 		26.5633
v 2.6327 		-32.6952 		24.3118
v 5.0125 		-14.5821 		32.4219
v 3.8867 		-32.2485 		24.3118
v -2.6506 		-6.2048 		23.7106
v 5.9315 		-14.9304 		32.0496
v 2.5979 		-32.5858 		24.9096
v 12.7104 		-23.9861 		27.2172
v 3.786 		-32.0059 		25.5009
v -11.9631 		-24.1447 		31.9014
v 12.2253 		-25.3355 		27.2172
v -11.4761 		-23.9441 		32.3988
v -5.6327 		-5.5556 		26.5633
v 6.0029 		-10.8731 		31.9014
v -6.9178 		-6.2668 		27.2172
v 5.6697 		-11.2779 		32.3988
v -8.3293 		-6.668 		26.5633
v -7.0094 		-6.0462 		26.5633
v -12.4226 		-24.3344 		31.3809
v 4.8478 		-12.2735 		31.2344
v 5.4226 		-14.2466 		32.0496
v 3.8427 		-32.1427 		24.9096
v 11.2624 		-23.5484 		26.0856
v 10.6326 		-24.6772 		26.6621
v -5.5631 		-5.7836 		27.2172
v 4.802 		-10.6378 		32.3988
v 10.8285 		-24.7592 		26.0856
v -11.478 		-25.1641 		31.9014
v -11.0148 		-24.9161 		32.3988
v 2.5558 		-32.4454 		25.5009
v 3.2661 		-11.2214 		31.2344
v 2.7956 		-12.0985 		32.0496
v 5.8052 		-33.0107 		25.9012
v 11.061 		-23.4882 		26.6621
v 4.0826 		-11.7082 		31.2344
v 5.8839 		-33.1566 		25.2308
v 10.4093 		-24.586 		27.2271
v 3.8116 		-12.1131 		31.6527
v -10.2222 		-27.035 		31.9014
v 3.0354 		-11.6499 		31.6527
v -9.8157 		-26.7031 		32.3988
v 4.4652 		-33.6416 		25.9012
v 3.0702 		-34.1376 		25.9012
v 2.2849 		-13.0485 		32.7711
v 2.0176 		-13.55 		33.0955
v 12.4468 		-25.4266 		26.5633
v 3.1196 		-34.2981 		25.2308
v -0.2854 		-9.3905 		32.8732
v 0.6153 		-10.1054 		33.3228
v -0.3421 		-9.9649 		33.3228
v 0.9045 		-12.4796 		32.7711
v -8.8162 		-25.8844 		31.2344
v 0.7288 		-9.5401 		32.8732
v 1.7412 		-14.0642 		33.3936
v 1.7229 		-9.7899 		32.8732
v 1.5544 		-10.3406 		33.3228
v 11.8226 		-26.7414 		26.5633
v 3.1581 		-34.4221 		24.5539
v 4.5805 		-33.9152 		24.5539
v 1.1663 		-13.7944 		33.3936
v 11.6102 		-26.6302 		27.2172
v -10.4583 		-25.8388 		32.3988
v 5.9462 		-33.2715 		24.5539
v 10.2775 		-25.919 		26.0856
v 4.5292 		-33.7948 		25.2308
v 0.5677 		-13.581 		33.3936
v -11.9192 		-25.3975 		31.3809
v -11.3114 		-26.4059 		31.3809
v 1.3805 		-10.915 		33.7445
v -10.8977 		-26.1305 		31.9014
v 2.2373 		-11.2195 		33.7445
v 1.9974 		-11.7939 		34.1398
v 10.0908 		-25.8205 		26.6621
v 1.3915 		-13.2546 		33.0955
v 1.6093 		-12.7294 		32.7711
v 1.1993 		-11.5095 		34.1398
v 0.738 		-13.0212 		33.0955
v 2.6565 		-32.7736 		23.7106
v 2.6711 		-32.8211 		23.1061
v 3.9379 		-32.3706 		23.1061
v 5.1535 		-31.7962 		23.1061
v -11.434 		-20.7438 		30.7962
v -0.5636 		-12.1878 		32.7711
v 3.9178 		-32.3251 		23.7106
v 5.1297 		-31.7543 		23.7106
v -12.2853 		-20.8259 		29.8591
v 13.1333 		-24.1137 		25.9012
v -0.4025 		-10.5612 		33.7445
v -11.8734 		-20.7858 		30.3367
v -0.1646 		-14.015 		33.6671
v 13.2944 		-24.1629 		25.2308
v 0.4981 		-10.6944 		33.7445
v 13.4189 		-24.2012 		24.5539
v -12.2359 		-23.0506 		29.3633
v 0.0661 		-12.8534 		33.0955
v -0.4629 		-11.1794 		34.1398
v -11.467 		-22.819 		30.3367
v 0.1778 		-12.2972 		32.7711
v 0.3755 		-11.3034 		34.1398
v -0.6186 		-12.7531 		33.0955
v -11.8642 		-22.9394 		29.8591
v -11.7196 		-21.8124 		30.3367
v 2.0359 		-8.7596 		31.9014
v 3.1855 		-34.5115 		23.872
v 0.8368 		-9.0003 		32.3988
v -0.0474 		-13.426 		33.3936
v -12.126 		-21.8926 		29.8591
v 11.2367 		-24.927 		24.3118
v 1.8839 		-9.2611 		32.3988
v -0.6753 		-13.3348 		33.3936
v -11.2876 		-21.7267 		30.7962
v 4.6153 		-34.0009 		23.872
v 10.9933 		-24.8267 		25.5009
v 6.0157 		-33.4028 		23.1868
v -12.5068 		-21.9692 		29.3633
v 11.5754 		-23.6432 		24.9096
v 4.6372 		-34.0538 		23.1868
v 0.5842 		-10.2658 		31.2344
v -0.7357 		-13.9311 		33.6671
v 11.6853 		-23.6779 		24.3118
v -0.2323 		-8.8435 		32.3988
v -11.0459 		-22.6914 		30.7962
v -0.3586 		-10.1254 		31.2344
v 3.2002 		-34.5644 		23.1868
v 11.1306 		-24.8832 		24.9096
v -14.5937 		-21.0538 		29.6976
v 5.9901 		-33.3535 		23.872
v -12.6716 		-20.8642 		29.3633
v 1.9517 		-14.8885 		33.6671
v -13.748 		-20.9699 		30.8391
v 11.4345 		-23.6013 		25.5009
v -14.1855 		-21.0137 		30.2774
v 2.4039 		-10.8147 		31.2344
v -0.0236 		-32.7736 		26.0856
v 1.4574 		-14.5931 		33.6671
v -14.4015 		-22.3431 		29.6976
v -14.0006 		-22.2646 		30.2774
v 1.2121 		-32.3798 		26.6621
v -0.0437 		-32.5658 		26.6621
v 12.1484 		-26.9165 		25.2308
v 1.2524 		-32.5858 		26.0856
v 0.6995 		-14.914 		33.9125
v -13.2702 		-23.3642 		30.8391
v 0.9357 		-14.3469 		33.6671
v 2.3709 		-31.8418 		27.2271
v -0.0675 		-32.3251 		27.2271
v 2.413 		-15.2295 		33.6671
v 1.1645 		-32.1427 		27.2271
v 2.0231 		-15.7036 		33.9125
v 1.6093 		-15.3991 		33.9125
v 1.2597 		-15.9188 		34.1315
v 0.8698 		-15.6872 		34.1315
v 0.1247 		-34.2744 		27.2172
v 1.5947 		-34.2981 		26.5633
v 0.1485 		-34.5115 		26.5633
v 1.1663 		-15.1346 		33.9125
v 2.2849 		-14.3888 		33.3936
v 1.5471 		-34.0629 		27.2172
v 0.2144 		-14.7408 		33.9125
v 0.3938 		-14.1536 		33.6671
v -0.2854 		-14.6168 		33.9125
v -0.7961 		-14.542 		33.9125
v 1.2872 		-32.7609 		25.5009
v 0.4597 		-15.4939 		34.1315
v -0.1536 		-15.9516 		34.3209
v -0.5325 		-15.8568 		34.3209
v -0.9206 		-15.7984 		34.3209
v 0.0313 		-15.3407 		34.1315
v -0.408 		-15.2313 		34.1315
v -0.8565 		-15.1638 		34.1315
v 5.9883 		-17.5435 		32.7711
v 5.7375 		-16.8415 		32.7711
# 4138 vertices

g group_0_14093196

usemtl color_14093196
s 0

f 2 	103 	1
f 4 	5 	6
f 11 	7 	13
f 15 	16 	17
f 5 	4 	8
f 88 	82 	14
f 11 	15 	17
f 22 	18 	19
f 25 	22 	19
f 11 	17 	26
f 21 	5 	8
f 29 	62 	24
f 26 	7 	11
f 39 	25 	19
f 8 	44 	21
f 8 	46 	44
f 48 	3291 	47
f 140 	139 	51
f 64 	45 	62
f 55 	4081 	60
f 4120 	4121 	59
f 49 	63 	61
f 62 	29 	64
f 57 	140 	58
f 42 	66 	41
f 14 	24 	62
f 66 	42 	30
f 61 	65 	49
f 4009 	59 	56
f 45 	64 	66
f 65 	43 	52
f 41 	66 	64
f 52 	49 	65
f 69 	96 	67
f 54 	40 	37
f 60 	140 	55
f 40 	74 	338
f 73 	140 	57
f 4074 	71 	72
f 54 	74 	40
f 60 	58 	140
f 68 	140 	73
f 24 	14 	82
f 84 	133 	86
f 136 	47 	134
f 48 	47 	136
f 139 	134 	51
f 51 	55 	140
f 84 	86 	91
f 67 	142 	68
f 160 	94 	772
f 84 	91 	93
f 93 	32 	84
f 33 	32 	93
f 77 	93 	91
f 75 	347 	76
f 89 	80 	83
f 83 	82 	89
f 77 	97 	93
f 88 	89 	82
f 97 	33 	93
f 3 	85 	99
f 100 	87 	92
f 108 	101 	105
f 37 	26 	102
f 102 	87 	100
f 99 	103 	3
f 101 	113 	105
f 102 	100 	54
f 37 	102 	54
f 118 	120 	121
f 2 	3 	103
f 113 	98 	119
f 122 	120 	118
f 174 	104 	180
f 109 	180 	104
f 111 	122 	118
f 100 	92 	81
f 83 	80 	85
f 80 	99 	85
f 103 	106 	1
f 119 	105 	113
f 54 	100 	81
f 111 	128 	122
f 107 	109 	129
f 118 	121 	133
f 111 	118 	144
f 132 	135 	136
f 132 	136 	134
f 144 	114 	111
f 81 	131 	54
f 3580 	129 	109
f 32 	144 	84
f 130 	30 	126
f 42 	126 	30
f 138 	136 	135
f 139 	140 	132
f 142 	243 	140
f 118 	133 	144
f 148 	149 	150
f 144 	133 	84
f 114 	144 	32
f 134 	139 	132
f 130 	126 	146
f 116 	110 	123
f 126 	127 	146
f 26 	37 	151
f 155 	156 	157
f 154 	110 	116
f 143 	146 	127
f 127 	165 	143
f 117 	154 	116
f 210 	213 	159
f 150 	158 	148
f 125 	116 	123
f 125 	162 	116
f 116 	162 	164
f 149 	112 	150
f 117 	116 	164
f 112 	115 	150
f 170 	1952 	71
f 162 	125 	4049
f 159 	215 	152
f 150 	137 	158
f 47 	51 	134
f 170 	71 	98
f 117 	175 	154
f 166 	169 	113
f 101 	166 	113
f 95 	96 	753
f 753 	772 	95
f 142 	67 	96
f 69 	753 	96
f 140 	68 	142
f 147 	158 	137
f 109 	107 	177
f 154 	175 	2819
f 57 	58 	178
f 98 	169 	170
f 137 	150 	115
f 171 	9 	168
f 58 	60 	178
f 115 	124 	137
f 113 	169 	98
f 9 	10 	168
f 181 	180 	109
f 182 	163 	161
f 182 	200 	163
f 181 	215 	180
f 143 	165 	171
f 10 	12 	168
f 177 	181 	109
f 9 	171 	165
f 156 	155 	199
f 158 	147 	319
f 4049 	164 	162
f 177 	216 	181
f 185 	155 	157
f 141 	183 	145
f 163 	205 	179
f 156 	188 	195
f 106 	193 	1
f 191 	192 	194
f 183 	190 	145
f 183 	204 	190
f 156 	195 	157
f 197 	183 	141
f 173 	182 	172
f 183 	197 	204
f 802 	149 	801
f 198 	199 	155
f 153 	197 	141
f 205 	163 	200
f 4059 	38 	197
f 191 	194 	201
f 200 	182 	173
f 38 	50 	197
f 801 	149 	148
f 225 	224 	196
f 176 	200 	173
f 4059 	197 	153
f 180 	213 	174
f 189 	1 	193
f 188 	156 	199
f 206 	67 	68
f 199 	208 	188
f 187 	189 	193
f 205 	200 	176
f 193 	196 	187
f 69 	67 	209
f 206 	209 	67
f 194 	192 	202
f 215 	216 	152
f 192 	220 	202
f 186 	209 	206
f 190 	204 	218
f 205 	176 	16
f 203 	194 	202
f 219 	177 	107
f 198 	211 	217
f 197 	221 	204
f 217 	199 	198
f 219 	3442 	177
f 210 	174 	213
f 197 	50 	221
f 211 	56 	222
f 107 	207 	219
f 73 	57 	178
f 222 	217 	211
f 201 	375 	191
f 187 	196 	224
f 68 	73 	206
f 206 	73 	178
f 207 	3448 	219
f 184 	206 	178
f 215 	159 	213
f 217 	222 	226
f 222 	230 	226
f 217 	208 	199
f 231 	212 	223
f 192 	191 	390
f 226 	208 	217
f 229 	186 	206
f 3399 	3449 	3397
f 216 	177 	3442
f 215 	181 	216
f 213 	180 	215
f 184 	229 	206
f 192 	390 	220
f 228 	224 	225
f 225 	242 	228
f 233 	235 	222
f 163 	179 	232
f 94 	160 	237
f 222 	235 	230
f 104 	272 	239
f 94 	237 	95
f 238 	95 	237
f 56 	59 	233
f 95 	238 	96
f 214 	231 	241
f 56 	233 	222
f 132 	140 	243
f 238 	243 	142
f 212 	231 	244
f 214 	244 	231
f 203 	282 	194
f 204 	221 	2001
f 239 	278 	247
f 221 	2010 	2001
f 142 	96 	238
f 185 	4090 	155
f 241 	22 	214
f 176 	173 	249
f 250 	251 	252
f 247 	287 	246
f 249 	248 	176
f 251 	254 	252
f 251 	257 	254
f 672 	674 	237
f 238 	237 	674
f 3726 	239 	247
f 251 	259 	257
f 243 	238 	674
f 251 	262 	259
f 251 	266 	262
f 210 	159 	260
f 264 	2035 	261
f 267 	249 	299
f 248 	249 	268
f 248 	268 	87
f 267 	268 	249
f 267 	240 	92
f 951 	255 	258
f 240 	81 	92
f 234 	389 	260
f 245 	240 	267
f 251 	310 	307
f 255 	450 	256
f 270 	265 	244
f 53 	214 	22
f 386 	389 	234
f 16 	176 	248
f 244 	214 	270
f 236 	227 	242
f 92 	87 	268
f 272 	104 	174
f 270 	214 	53
f 239 	272 	273
f 268 	267 	92
f 228 	242 	227
f 244 	265 	212
f 247 	278 	279
f 278 	239 	273
f 257 	381 	254
f 277 	212 	265
f 381 	257 	259
f 284 	187 	224
f 174 	210 	272
f 210 	300 	272
f 273 	389 	278
f 79 	72 	253
f 323 	275 	258
f 247 	279 	287
f 172 	288 	289
f 262 	370 	259
f 173 	172 	289
f 266 	373 	262
f 293 	242 	225
f 246 	287 	290
f 236 	280 	227
f 292 	227 	280
f 280 	302 	292
f 386 	385 	279
f 273 	272 	300
f 279 	278 	386
f 389 	386 	278
f 294 	296 	251
f 289 	288 	297
f 72 	286 	253
f 299 	289 	297
f 251 	298 	294
f 300 	260 	389
f 249 	173 	289
f 264 	79 	253
f 210 	260 	300
f 299 	249 	289
f 251 	301 	298
f 4030 	79 	264
f 389 	273 	300
f 295 	315 	302
f 283 	292 	302
f 303 	301 	251
f 371 	372 	317
f 271 	258 	275
f 251 	307 	303
f 297 	288 	308
f 309 	285 	329
f 264 	261 	4039
f 276 	297 	308
f 4039 	4030 	264
f 283 	302 	315
f 228 	227 	305
f 309 	311 	285
f 276 	312 	297
f 305 	313 	228
f 304 	63 	306
f 49 	306 	63
f 3134 	282 	203
f 318 	319 	305
f 261 	316 	314
f 321 	304 	320
f 306 	320 	304
f 306 	322 	320
f 311 	309 	353
f 415 	418 	294
f 281 	297 	312
f 271 	951 	258
f 415 	294 	298
f 306 	49 	52
f 256 	323 	255
f 299 	297 	281
f 306 	52 	324
f 323 	258 	255
f 325 	326 	324
f 306 	324 	326
f 305 	319 	313
f 263 	323 	256
f 267 	299 	281
f 305 	831 	318
f 323 	263 	328
f 281 	245 	267
f 326 	322 	306
f 317 	315 	295
f 328 	282 	323
f 378 	361 	330
f 322 	345 	320
f 332 	371 	317
f 194 	282 	328
f 327 	309 	329
f 282 	275 	323
f 303 	307 	449
f 324 	52 	246
f 194 	263 	201
f 307 	310 	412
f 313 	319 	284
f 330 	325 	324
f 324 	246 	330
f 263 	194 	328
f 319 	291 	284
f 355 	345 	326
f 385 	384 	287
f 269 	309 	327
f 224 	228 	313
f 310 	331 	412
f 284 	224 	313
f 250 	359 	335
f 148 	158 	319
f 269 	327 	274
f 252 	367 	359
f 252 	359 	250
f 246 	290 	330
f 251 	331 	310
f 148 	319 	318
f 338 	3852 	40
f 320 	344 	321
f 287 	279 	385
f 290 	287 	384
f 251 	339 	331
f 147 	291 	319
f 3745 	342 	234
f 335 	339 	251
f 344 	345 	346
f 251 	250 	335
f 54 	131 	343
f 318 	831 	858
f 74 	54 	343
f 348 	74 	343
f 349 	344 	347
f 346 	347 	344
f 274 	327 	336
f 449 	307 	412
f 346 	76 	347
f 346 	345 	355
f 74 	348 	338
f 351 	338 	348
f 78 	76 	346
f 352 	334 	333
f 354 	269 	274
f 354 	274 	362
f 236 	242 	382
f 346 	355 	357
f 361 	357 	355
f 356 	354 	362
f 350 	236 	382
f 356 	362 	363
f 348 	343 	454
f 352 	333 	337
f 348 	366 	379
f 352 	337 	368
f 382 	365 	350
f 351 	348 	379
f 840 	350 	369
f 315 	317 	372
f 254 	374 	367
f 374 	254 	381
f 78 	346 	357
f 369 	350 	365
f 309 	269 	354
f 277 	365 	212
f 309 	354 	353
f 361 	378 	357
f 365 	277 	369
f 342 	357 	378
f 340 	368 	337
f 377 	191 	375
f 342 	78 	357
f 254 	367 	252
f 242 	293 	382
f 384 	342 	378
f 340 	380 	368
f 384 	385 	342
f 382 	293 	364
f 182 	352 	368
f 385 	386 	234
f 385 	234 	342
f 382 	364 	365
f 388 	381 	259
f 377 	383 	191
f 191 	383 	390
f 3949 	364 	293
f 182 	161 	352
f 388 	259 	370
f 3903 	383 	3902
f 368 	380 	182
f 384 	378 	290
f 330 	290 	378
f 330 	361 	325
f 349 	321 	344
f 326 	325 	355
f 355 	325 	361
f 322 	326 	345
f 344 	320 	345
f 365 	364 	223
f 383 	3903 	390
f 212 	365 	223
f 370 	262 	373
f 380 	172 	182
f 401 	354 	356
f 477 	339 	335
f 376 	23 	332
f 371 	332 	23
f 401 	387 	353
f 388 	931 	381
f 403 	23 	61
f 401 	353 	354
f 201 	263 	468
f 381 	931 	926
f 375 	201 	468
f 404 	377 	375
f 931 	388 	370
f 383 	377 	404
f 172 	380 	406
f 375 	358 	404
f 924 	948 	370
f 61 	23 	376
f 288 	172 	406
f 404 	407 	383
f 61 	63 	403
f 408 	410 	406
f 395 	265 	396
f 265 	270 	396
f 288 	406 	410
f 396 	270 	399
f 331 	475 	412
f 308 	288 	410
f 399 	270 	53
f 393 	414 	392
f 410 	408 	398
f 399 	53 	70
f 391 	4118 	413
f 414 	394 	392
f 296 	294 	418
f 402 	399 	70
f 347 	75 	304
f 552 	409 	547
f 414 	416 	394
f 410 	398 	400
f 70 	417 	402
f 409 	411 	547
f 349 	347 	321
f 63 	304 	75
f 360 	420 	404
f 304 	321 	347
f 419 	402 	417
f 276 	410 	400
f 414 	393 	422
f 358 	360 	404
f 403 	63 	75
f 421 	415 	298
f 407 	420 	424
f 423 	425 	422
f 298 	301 	427
f 276 	308 	410
f 425 	414 	422
f 301 	303 	427
f 420 	407 	404
f 425 	416 	414
f 405 	311 	353
f 417 	3746 	419
f 425 	431 	416
f 427 	421 	298
f 387 	405 	353
f 303 	434 	427
f 435 	436 	438
f 428 	429 	432
f 449 	434 	303
f 167 	12 	432
f 441 	442 	443
f 423 	440 	425
f 430 	432 	429
f 462 	443 	442
f 440 	446 	425
f 444 	445 	3167
f 446 	447 	425
f 167 	168 	12
f 447 	431 	425
f 428 	432 	12
f 439 	489 	452
f 454 	343 	131
f 447 	453 	431
f 440 	495 	446
f 457 	451 	455
f 101 	190 	218
f 451 	457 	340
f 436 	2978 	2982
f 477 	331 	339
f 457 	380 	340
f 443 	450 	441
f 452 	2411 	444
f 380 	457 	406
f 101 	108 	190
f 190 	108 	145
f 429 	145 	430
f 108 	430 	145
f 461 	131 	81
f 443 	256 	450
f 348 	454 	366
f 415 	1227 	418
f 441 	459 	460
f 166 	101 	218
f 2411 	445 	444
f 415 	1231 	1227
f 455 	592 	458
f 3167 	452 	444
f 441 	460 	442
f 458 	457 	455
f 442 	463 	462
f 458 	408 	457
f 426 	461 	81
f 406 	457 	408
f 1235 	421 	427
f 454 	131 	461
f 458 	433 	437
f 448 	452 	611
f 463 	358 	462
f 285 	466 	465
f 433 	678 	437
f 285 	311 	466
f 463 	442 	460
f 458 	437 	398
f 311 	538 	466
f 408 	458 	398
f 256 	443 	468
f 470 	476 	469
f 166 	218 	464
f 469 	464 	218
f 359 	473 	335
f 263 	256 	468
f 413 	1835 	391
f 475 	477 	483
f 453 	447 	501
f 462 	468 	443
f 358 	463 	360
f 475 	331 	477
f 462 	358 	375
f 464 	469 	476
f 476 	470 	491
f 375 	468 	462
f 475 	1278 	412
f 483 	484 	475
f 472 	471 	646
f 450 	1297 	441
f 477 	473 	483
f 646 	467 	472
f 240 	245 	488
f 473 	487 	483
f 476 	491 	482
f 482 	491 	480
f 450 	255 	1297
f 500 	480 	491
f 426 	240 	488
f 426 	81 	240
f 466 	478 	465
f 2212 	2113 	245
f 477 	335 	473
f 500 	502 	480
f 466 	503 	520
f 2099 	488 	245
f 473 	991 	487
f 466 	520 	478
f 991 	473 	359
f 311 	405 	538
f 492 	480 	502
f 535 	492 	502
f 488 	2106 	426
f 446 	495 	497
f 985 	991 	367
f 497 	501 	446
f 501 	447 	446
f 495 	505 	497
f 505 	507 	497
f 475 	484 	1278
f 507 	501 	497
f 733 	510 	493
f 453 	501 	511
f 507 	512 	501
f 512 	513 	511
f 493 	341 	733
f 514 	493 	510
f 969 	686 	517
f 512 	511 	501
f 499 	969 	517
f 514 	516 	493
f 492 	535 	506
f 517 	478 	520
f 518 	636 	511
f 521 	485 	486
f 536 	504 	535
f 498 	516 	514
f 514 	525 	498
f 513 	518 	511
f 506 	535 	504
f 505 	481 	507
f 527 	498 	525
f 504 	536 	526
f 481 	479 	507
f 532 	526 	536
f 527 	531 	498
f 523 	485 	521
f 503 	499 	517
f 503 	517 	520
f 515 	523 	521
f 521 	534 	515
f 490 	514 	510
f 3636 	528 	539
f 333 	515 	534
f 490 	540 	514
f 539 	561 	489
f 525 	514 	540
f 466 	538 	503
f 334 	515 	333
f 528 	533 	561
f 486 	496 	521
f 128 	185 	122
f 496 	494 	521
f 528 	561 	539
f 511 	630 	453
f 534 	521 	494
f 522 	530 	613
f 572 	522 	613
f 508 	538 	387
f 494 	548 	534
f 547 	527 	525
f 400 	398 	834
f 534 	548 	337
f 534 	337 	333
f 405 	387 	538
f 276 	400 	843
f 525 	540 	552
f 551 	2843 	549
f 525 	552 	547
f 524 	661 	550
f 2840 	549 	2843
f 438 	553 	435
f 622 	613 	530
f 540 	409 	552
f 337 	548 	340
f 557 	397 	555
f 551 	549 	3724
f 562 	554 	553
f 541 	537 	545
f 548 	494 	451
f 397 	394 	555
f 548 	451 	340
f 542 	541 	545
f 416 	555 	394
f 554 	435 	553
f 543 	542 	545
f 550 	543 	545
f 2843 	551 	2886
f 435 	554 	456
f 524 	550 	545
f 203 	202 	564
f 489 	561 	563
f 529 	524 	545
f 563 	452 	489
f 157 	122 	185
f 532 	185 	128
f 526 	532 	128
f 564 	565 	203
f 545 	519 	529
f 522 	566 	544
f 553 	567 	562
f 157 	195 	122
f 566 	546 	544
f 570 	571 	562
f 573 	594 	545
f 572 	566 	522
f 567 	570 	562
f 757 	621 	195
f 122 	195 	120
f 566 	575 	546
f 564 	202 	577
f 572 	576 	578
f 494 	569 	579
f 578 	566 	572
f 577 	560 	564
f 578 	575 	566
f 553 	582 	567
f 496 	569 	494
f 578 	583 	575
f 494 	579 	451
f 579 	569 	574
f 588 	591 	576
f 591 	578 	576
f 592 	579 	574
f 591 	593 	578
f 431 	595 	555
f 593 	596 	578
f 709 	2931 	589
f 595 	602 	555
f 596 	583 	578
f 574 	559 	592
f 416 	431 	555
f 669 	591 	588
f 718 	580 	600
f 589 	2931 	601
f 557 	558 	397
f 579 	592 	455
f 718 	600 	581
f 589 	601 	561
f 451 	579 	455
f 595 	453 	602
f 600 	580 	545
f 555 	602 	557
f 592 	559 	433
f 431 	453 	595
f 581 	600 	545
f 611 	561 	601
f 433 	458 	592
f 584 	581 	545
f 589 	561 	533
f 754 	585 	608
f 602 	453 	630
f 584 	545 	587
f 602 	604 	557
f 545 	594 	590
f 602 	606 	604
f 727 	3164 	554
f 599 	608 	585
f 586 	585 	754
f 545 	580 	573
f 602 	630 	606
f 496 	626 	569
f 561 	611 	563
f 609 	614 	597
f 611 	601 	2924
f 615 	608 	599
f 599 	597 	615
f 615 	597 	614
f 617 	618 	620
f 452 	563 	611
f 610 	622 	530
f 611 	2924 	448
f 621 	758 	619
f 625 	605 	648
f 622 	617 	620
f 120 	195 	621
f 627 	657 	528
f 620 	628 	613
f 623 	519 	545
f 612 	692 	696
f 590 	623 	545
f 620 	613 	622
f 616 	612 	696
f 626 	605 	625
f 3997 	616 	696
f 613 	628 	576
f 569 	626 	625
f 623 	590 	768
f 625 	574 	569
f 634 	644 	633
f 613 	576 	572
f 554 	562 	727
f 630 	511 	636
f 636 	640 	630
f 629 	607 	603
f 815 	607 	642
f 456 	554 	3164
f 634 	643 	645
f 243 	680 	571
f 620 	588 	628
f 642 	607 	629
f 588 	576 	628
f 630 	640 	631
f 692 	612 	629
f 559 	625 	556
f 574 	625 	559
f 612 	642 	629
f 202 	220 	577
f 518 	624 	640
f 625 	732 	556
f 841 	617 	846
f 638 	635 	537
f 646 	471 	632
f 622 	846 	617
f 518 	640 	636
f 648 	732 	625
f 610 	846 	622
f 646 	627 	467
f 644 	634 	645
f 649 	645 	643
f 638 	537 	541
f 638 	541 	542
f 658 	486 	864
f 542 	641 	638
f 543 	639 	542
f 641 	542 	639
f 657 	533 	528
f 543 	550 	639
f 589 	533 	657
f 658 	496 	486
f 659 	632 	660
f 658 	626 	496
f 650 	647 	667
f 632 	659 	646
f 664 	631 	640
f 650 	598 	647
f 640 	665 	664
f 654 	665 	624
f 660 	711 	659
f 2891 	1102 	523
f 659 	657 	646
f 624 	665 	640
f 627 	646 	657
f 631 	606 	630
f 668 	669 	588
f 2857 	2891 	523
f 606 	664 	688
f 438 	582 	553
f 2857 	523 	515
f 631 	664 	606
f 670 	671 	593
f 667 	666 	651
f 662 	661 	524
f 664 	2143 	688
f 667 	651 	650
f 662 	524 	663
f 670 	710 	671
f 663 	524 	529
f 519 	663 	529
f 673 	2145 	665
f 593 	671 	596
f 509 	677 	666
f 666 	677 	655
f 665 	2145 	664
f 680 	243 	674
f 654 	1741 	665
f 655 	651 	666
f 665 	1741 	673
f 669 	593 	591
f 669 	670 	593
f 598 	650 	603
f 681 	682 	668
f 3011 	679 	549
f 2145 	2143 	664
f 603 	650 	629
f 675 	663 	519
f 229 	478 	186
f 519 	623 	675
f 688 	604 	606
f 661 	639 	550
f 688 	2118 	604
f 749 	694 	683
f 686 	186 	478
f 479 	481 	693
f 692 	650 	651
f 732 	690 	556
f 478 	517 	686
f 650 	692 	629
f 637 	689 	687
f 556 	690 	695
f 637 	687 	684
f 693 	697 	479
f 695 	559 	556
f 465 	478 	229
f 695 	698 	559
f 704 	717 	693
f 672 	699 	700
f 687 	689 	679
f 700 	674 	672
f 559 	698 	433
f 679 	676 	687
f 668 	682 	703
f 700 	702 	680
f 680 	674 	700
f 701 	479 	697
f 651 	655 	696
f 702 	562 	680
f 433 	698 	678
f 692 	651 	696
f 668 	703 	669
f 680 	562 	571
f 704 	693 	481
f 703 	705 	669
f 825 	662 	663
f 693 	706 	697
f 706 	707 	708
f 835 	825 	663
f 705 	710 	670
f 737 	2931 	709
f 657 	709 	589
f 706 	708 	697
f 711 	712 	659
f 638 	641 	1092
f 672 	1018 	699
f 669 	705 	670
f 661 	691 	1112
f 639 	661 	1112
f 707 	714 	708
f 704 	716 	717
f 735 	652 	694
f 698 	878 	678
f 693 	717 	706
f 2998 	723 	676
f 721 	727 	700
f 716 	953 	717
f 700 	727 	702
f 703 	682 	960
f 953 	706 	717
f 715 	713 	729
f 721 	699 	730
f 729 	756 	715
f 745 	573 	580
f 732 	726 	731
f 653 	656 	705
f 581 	722 	720
f 648 	726 	732
f 723 	684 	687
f 676 	723 	687
f 708 	747 	697
f 341 	715 	733
f 705 	656 	710
f 722 	581 	584
f 699 	721 	700
f 712 	709 	657
f 722 	584 	587
f 792 	778 	681
f 657 	659 	712
f 731 	734 	690
f 722 	587 	724
f 773 	734 	731
f 580 	718 	745
f 721 	730 	3154
f 719 	652 	736
f 690 	732 	731
f 581 	720 	718
f 735 	736 	652
f 614 	719 	736
f 562 	702 	727
f 712 	737 	709
f 685 	694 	652
f 609 	719 	614
f 1787 	690 	734
f 479 	701 	507
f 739 	742 	618
f 512 	507 	701
f 743 	744 	712
f 730 	699 	1018
f 726 	648 	605
f 633 	644 	741
f 712 	711 	743
f 618 	742 	620
f 3154 	3164 	727
f 744 	737 	712
f 742 	588 	620
f 747 	701 	697
f 727 	721 	3154
f 605 	927 	726
f 512 	701 	747
f 668 	742 	748
f 685 	683 	694
f 746 	749 	683
f 644 	746 	741
f 683 	741 	746
f 725 	740 	729
f 754 	755 	586
f 742 	668 	588
f 751 	738 	573
f 753 	69 	209
f 715 	756 	733
f 681 	668 	748
f 744 	3112 	737
f 729 	740 	756
f 745 	751 	573
f 643 	619 	649
f 758 	649 	619
f 758 	621 	757
f 733 	756 	740
f 739 	618 	759
f 738 	590 	594
f 740 	725 	603
f 607 	740 	603
f 748 	742 	792
f 854 	775 	838
f 792 	742 	739
f 738 	768 	590
f 765 	838 	775
f 775 	776 	765
f 747 	513 	512
f 747 	518 	513
f 573 	738 	594
f 771 	762 	777
f 760 	765 	776
f 747 	752 	518
f 1398 	722 	724
f 731 	728 	773
f 761 	767 	783
f 763 	996 	917
f 780 	750 	752
f 718 	1381 	745
f 708 	780 	747
f 767 	769 	783
f 780 	752 	747
f 763 	917 	766
f 777 	160 	771
f 772 	771 	160
f 94 	95 	772
f 769 	941 	783
f 780 	785 	750
f 714 	780 	708
f 783 	632 	471
f 780 	714 	788
f 471 	761 	783
f 770 	733 	740
f 788 	785 	780
f 607 	770 	740
f 789 	785 	788
f 767 	793 	794
f 789 	788 	796
f 973 	796 	972
f 759 	782 	792
f 510 	733 	770
f 795 	790 	805
f 769 	767 	794
f 112 	793 	767
f 770 	490 	510
f 782 	781 	1367
f 992 	790 	795
f 739 	759 	792
f 782 	800 	778
f 782 	778 	792
f 1246 	786 	2009
f 798 	845 	369
f 1655 	750 	785
f 798 	369 	277
f 795 	805 	209
f 798 	277 	265
f 790 	760 	762
f 681 	748 	792
f 1660 	789 	796
f 148 	318 	801
f 796 	1107 	1660
f 790 	992 	799
f 782 	1367 	800
f 765 	760 	799
f 790 	799 	760
f 603 	725 	598
f 771 	790 	762
f 801 	820 	802
f 734 	773 	1787
f 805 	790 	771
f 805 	771 	772
f 806 	809 	807
f 753 	805 	772
f 725 	804 	647
f 752 	750 	624
f 753 	209 	805
f 647 	598 	725
f 809 	810 	807
f 624 	518 	752
f 809 	812 	810
f 812 	813 	810
f 1339 	808 	774
f 186 	795 	209
f 647 	804 	3230
f 794 	802 	811
f 237 	814 	672
f 793 	802 	794
f 160 	777 	814
f 237 	160 	814
f 802 	793 	149
f 409 	540 	847
f 793 	112 	149
f 776 	775 	819
f 820 	811 	802
f 814 	777 	779
f 819 	814 	779
f 779 	776 	819
f 623 	768 	803
f 803 	675 	623
f 858 	820 	801
f 617 	824 	618
f 824 	759 	618
f 642 	830 	815
f 903 	768 	738
f 292 	831 	305
f 827 	3827 	828
f 841 	824 	617
f 227 	292 	305
f 833 	838 	872
f 836 	839 	837
f 872 	838 	799
f 765 	799 	838
f 280 	840 	1105
f 836 	841 	839
f 1105 	302 	280
f 834 	843 	400
f 841 	844 	839
f 821 	815 	830
f 838 	833 	854
f 3833 	3835 	832
f 833 	832 	3835
f 846 	844 	841
f 829 	828 	3834
f 832 	829 	3833
f 3834 	3833 	829
f 813 	849 	851
f 815 	821 	847
f 3835 	854 	833
f 850 	276 	843
f 825 	691 	661
f 849 	852 	851
f 236 	350 	840
f 825 	661 	662
f 852 	853 	851
f 834 	826 	855
f 852 	848 	853
f 840 	280 	236
f 857 	775 	854
f 824 	841 	836
f 845 	840 	369
f 409 	847 	821
f 834 	900 	826
f 762 	760 	779
f 779 	777 	762
f 776 	779 	760
f 856 	831 	292
f 868 	835 	663
f 612 	830 	642
f 283 	856 	292
f 843 	834 	855
f 775 	857 	819
f 856 	858 	831
f 865 	830 	612
f 843 	855 	859
f 865 	818 	830
f 861 	820 	858
f 843 	859 	862
f 830 	818 	821
f 867 	1082 	1073
f 850 	843 	862
f 816 	859 	855
f 828 	860 	827
f 1073 	860 	867
f 858 	856 	861
f 867 	860 	828
f 867 	828 	829
f 318 	858 	801
f 816 	866 	859
f 862 	859 	866
f 867 	829 	832
f 1125 	856 	283
f 1125 	1127 	861
f 868 	663 	675
f 833 	872 	832
f 871 	781 	782
f 867 	832 	872
f 880 	865 	612
f 861 	856 	1125
f 866 	823 	862
f 759 	871 	782
f 826 	817 	855
f 880 	818 	865
f 759 	873 	871
f 816 	855 	817
f 837 	875 	836
f 870 	863 	864
f 876 	869 	877
f 873 	824 	836
f 612 	616 	880
f 678 	878 	881
f 849 	877 	869
f 437 	678 	881
f 822 	818 	880
f 812 	877 	813
f 849 	813 	877
f 870 	864 	486
f 809 	887 	812
f 886 	888 	875
f 402 	879 	399
f 878 	915 	881
f 887 	876 	877
f 3833 	3834 	883
f 888 	873 	875
f 402 	896 	879
f 871 	873 	888
f 887 	877 	812
f 3825 	883 	3834
f 873 	836 	875
f 891 	889 	897
f 887 	892 	876
f 883 	857 	3835
f 854 	3835 	857
f 884 	402 	419
f 893 	818 	822
f 888 	886 	895
f 883 	3835 	3833
f 398 	437 	834
f 888 	898 	871
f 892 	894 	876
f 1188 	599 	899
f 900 	437 	881
f 869 	876 	901
f 834 	437 	900
f 768 	890 	803
f 818 	893 	897
f 759 	824 	873
f 900 	881 	826
f 896 	402 	884
f 888 	895 	898
f 893 	891 	897
f 903 	890 	768
f 904 	698 	695
f 1345 	871 	898
f 899 	905 	906
f 486 	485 	870
f 878 	698 	904
f 899 	599 	585
f 586 	905 	585
f 899 	585 	905
f 882 	903 	738
f 899 	906 	908
f 586 	3815 	905
f 911 	891 	893
f 902 	899 	908
f 902 	908 	912
f 890 	1118 	868
f 908 	906 	3814
f 906 	905 	3814
f 868 	1118 	835
f 912 	913 	902
f 913 	860 	902
f 876 	894 	901
f 908 	3819 	912
f 803 	890 	675
f 860 	913 	827
f 914 	411 	409
f 890 	868 	675
f 889 	411 	914
f 909 	907 	1434
f 942 	1143 	809
f 914 	818 	897
f 409 	821 	914
f 2124 	910 	842
f 745 	787 	885
f 914 	821 	818
f 3834 	828 	3827
f 913 	3829 	827
f 912 	3822 	913
f 909 	1434 	915
f 897 	889 	914
f 885 	882 	738
f 918 	766 	917
f 885 	738 	751
f 490 	770 	815
f 918 	920 	766
f 540 	490 	815
f 751 	745 	885
f 921 	922 	916
f 924 	370 	373
f 847 	540 	815
f 815 	770 	607
f 921 	930 	922
f 915 	904 	909
f 920 	918 	806
f 921 	932 	930
f 926 	931 	928
f 932 	837 	930
f 904 	915 	878
f 932 	875 	837
f 931 	936 	928
f 884 	419 	637
f 637 	978 	884
f 921 	886 	932
f 886 	875 	932
f 684 	978 	637
f 944 	881 	915
f 769 	874 	941
f 806 	918 	942
f 928 	937 	926
f 942 	809 	806
f 917 	945 	947
f 931 	943 	936
f 940 	938 	863
f 1157 	711 	941
f 931 	948 	943
f 966 	863 	938
f 933 	949 	934
f 944 	826 	881
f 950 	943 	948
f 949 	951 	934
f 660 	941 	711
f 917 	947 	918
f 817 	826 	944
f 947 	942 	918
f 660 	632 	941
f 951 	939 	934
f 950 	1628 	943
f 941 	632 	783
f 255 	951 	949
f 948 	924 	950
f 953 	955 	706
f 947 	952 	942
f 926 	937 	374
f 938 	923 	929
f 374 	381 	926
f 1084 	956 	954
f 874 	1163 	941
f 958 	959 	960
f 1052 	1053 	952
f 716 	962 	953
f 938 	957 	923
f 706 	955 	963
f 951 	974 	939
f 964 	938 	929
f 931 	370 	948
f 960 	965 	958
f 959 	958 	653
f 966 	938 	964
f 706 	963 	707
f 1052 	952 	947
f 863 	966 	864
f 3501 	967 	723
f 963 	968 	707
f 935 	925 	1035
f 966 	964 	864
f 968 	714 	707
f 964 	658 	864
f 1007 	945 	917
f 962 	1005 	953
f 935 	1035 	969
f 975 	970 	896
f 1006 	955 	953
f 929 	927 	605
f 970 	975 	980
f 271 	974 	951
f 970 	980 	961
f 976 	935 	969
f 964 	929 	605
f 1625 	971 	936
f 884 	975 	896
f 959 	653 	705
f 658 	964 	626
f 884 	978 	975
f 967 	975 	978
f 979 	653 	958
f 499 	976 	969
f 963 	955 	1006
f 979 	656 	653
f 943 	1625 	936
f 1015 	968 	963
f 981 	1095 	982
f 1628 	1625 	943
f 972 	968 	1015
f 967 	980 	975
f 978 	684 	723
f 626 	964 	605
f 978 	723 	967
f 979 	984 	656
f 982 	872 	799
f 985 	367 	374
f 896 	970 	879
f 1095 	872 	982
f 764 	977 	763
f 945 	990 	947
f 985 	988 	991
f 972 	1020 	973
f 985 	993 	988
f 990 	1052 	947
f 799 	992 	982
f 985 	937 	993
f 981 	982 	992
f 977 	546 	575
f 983 	981 	992
f 764 	546 	977
f 985 	374 	937
f 845 	798 	995
f 795 	1000 	992
f 997 	993 	937
f 983 	992 	1000
f 1009 	1029 	995
f 686 	795 	186
f 583 	999 	575
f 999 	977 	575
f 977 	996 	763
f 962 	1004 	1005
f 1000 	795 	686
f 1016 	989 	994
f 395 	1009 	798
f 1003 	998 	2959
f 798 	1009 	995
f 359 	367 	991
f 1007 	917 	996
f 1001 	395 	396
f 953 	1005 	1006
f 1010 	1015 	963
f 2959 	2934 	1003
f 963 	1006 	1010
f 996 	977 	999
f 395 	1001 	1009
f 1007 	996 	999
f 1011 	819 	857
f 1012 	998 	910
f 1011 	1014 	814
f 1013 	990 	1007
f 399 	879 	1001
f 798 	265 	395
f 998 	1003 	910
f 1011 	814 	819
f 945 	1007 	990
f 1001 	396 	399
f 1012 	1039 	998
f 999 	1019 	1013
f 794 	1021 	769
f 794 	811 	1021
f 1007 	999 	1013
f 672 	1014 	1018
f 874 	769 	1021
f 998 	1039 	1002
f 672 	814 	1014
f 1004 	251 	1005
f 1046 	1018 	1050
f 1008 	1022 	1328
f 251 	1006 	1005
f 251 	1010 	1006
f 251 	1015 	1010
f 1336 	1022 	1017
f 1021 	811 	1023
f 251 	1020 	1015
f 778 	954 	956
f 251 	1025 	1020
f 956 	681 	778
f 1024 	1027 	1201
f 341 	1336 	1017
f 251 	1040 	1025
f 960 	681 	956
f 1068 	251 	1067
f 251 	1069 	1067
f 1504 	487 	991
f 682 	681 	960
f 983 	1026 	981
f 251 	1072 	1069
f 991 	988 	1504
f 989 	1016 	1028
f 928 	997 	937
f 1035 	925 	1026
f 703 	960 	959
f 251 	296 	1072
f 1024 	1521 	1030
f 1028 	1016 	1022
f 1030 	957 	1024
f 705 	703 	959
f 993 	997 	1031
f 1027 	1024 	957
f 1022 	1008 	1028
f 1031 	997 	1032
f 969 	983 	1000
f 1030 	1521 	1335
f 1022 	1016 	1017
f 1032 	997 	1034
f 1026 	983 	1035
f 938 	1027 	957
f 1034 	997 	928
f 1029 	1081 	1033
f 928 	936 	1034
f 940 	1027 	938
f 971 	1034 	936
f 983 	969 	1035
f 251 	1080 	1078
f 995 	1029 	1033
f 583 	596 	999
f 969 	1000 	686
f 251 	1068 	1080
f 1019 	999 	596
f 957 	1030 	923
f 1036 	1038 	3423
f 1020 	972 	1015
f 1170 	1174 	1019
f 1174 	1013 	1019
f 1025 	973 	1020
f 1040 	1101 	973
f 1174 	990 	1013
f 1048 	879 	970
f 1042 	1043 	1044
f 1045 	933 	934
f 1001 	1029 	1009
f 973 	1025 	1040
f 3532 	730 	1046
f 1037 	1049 	965
f 1044 	1045 	934
f 1040 	251 	1047
f 934 	1042 	1044
f 1041 	1050 	1018
f 1049 	958 	965
f 1001 	1048 	1029
f 1018 	1014 	1041
f 1049 	979 	958
f 1001 	879 	1048
f 1014 	1011 	1041
f 934 	939 	1042
f 1055 	979 	1049
f 1023 	820 	1056
f 730 	1018 	1046
f 1055 	1057 	984
f 811 	820 	1023
f 1055 	984 	979
f 1023 	1197 	1021
f 1053 	1051 	952
f 1063 	1060 	1062
f 1037 	965 	1059
f 1050 	3532 	1046
f 1063 	1043 	1060
f 1002 	1039 	2531
f 1450 	1055 	1049
f 1085 	1052 	1058
f 1059 	1456 	1037
f 1037 	1459 	1049
f 1054 	1047 	251
f 1061 	1070 	1074
f 1075 	1076 	1077
f 1061 	1074 	1079
f 251 	1078 	1054
f 1082 	1065 	1073
f 954 	1083 	1084
f 1077 	1085 	1075
f 1084 	960 	956
f 1078 	1137 	1054
f 1084 	965 	960
f 1086 	1065 	1082
f 1071 	1086 	1082
f 1137 	1078 	1080
f 1074 	1088 	1090
f 1079 	1074 	1090
f 1097 	1081 	1029
f 1092 	1079 	1090
f 1061 	1079 	1093
f 1089 	1091 	1087
f 1064 	1061 	1093
f 1048 	970 	961
f 1091 	1083 	1087
f 2196 	1066 	1039
f 1148 	1146 	1068
f 1064 	1093 	1096
f 1036 	1060 	1043
f 1092 	1093 	1079
f 2196 	2198 	1066
f 1036 	1043 	1038
f 1083 	1091 	1059
f 1044 	1063 	1045
f 1092 	1112 	1093
f 872 	1082 	867
f 1044 	1043 	1063
f 1048 	961 	1094
f 1082 	872 	1095
f 1042 	1038 	1043
f 1071 	1082 	1095
f 691 	1131 	1112
f 1029 	1048 	1094
f 1083 	1059 	1084
f 1161 	1156 	1069
f 1098 	1133 	863
f 1071 	1095 	981
f 1059 	965 	1084
f 1072 	1161 	1069
f 1112 	1131 	1096
f 296 	418 	1072
f 1029 	1094 	1097
f 1011 	1099 	1041
f 788 	972 	796
f 857 	1099 	1011
f 1096 	1093 	1112
f 788 	714 	968
f 635 	1090 	1088
f 1099 	883 	1103
f 635 	638 	1090
f 968 	972 	788
f 1102 	870 	485
f 523 	1102 	485
f 1092 	1090 	638
f 973 	1101 	796
f 857 	883 	1099
f 1104 	1077 	1530
f 1101 	1107 	796
f 883 	3825 	1106
f 302 	1105 	1100
f 1101 	1108 	1107
f 302 	1100 	295
f 639 	1092 	641
f 1106 	1103 	883
f 1108 	1110 	1111
f 845 	1105 	840
f 1111 	1113 	1108
f 1101 	1110 	1108
f 1040 	1047 	1110
f 639 	1112 	1092
f 1115 	1100 	1117
f 1045 	1063 	1397
f 1105 	845 	1117
f 1040 	1110 	1101
f 1105 	1117 	1100
f 1054 	1111 	1110
f 995 	1117 	845
f 1115 	1117 	1033
f 995 	1033 	1117
f 3035 	3026 	1109
f 315 	1125 	283
f 1119 	1166 	1124
f 1102 	3035 	1109
f 1122 	1065 	1086
f 1169 	1166 	1119
f 1104 	1530 	1533
f 1114 	1098 	1109
f 1122 	3588 	1128
f 1169 	1119 	1121
f 863 	1129 	1098
f 863 	870 	1129
f 1121 	1172 	1169
f 820 	861 	1127
f 1129 	870 	1102
f 1122 	1128 	1065
f 1129 	1102 	1109
f 1109 	1098 	1129
f 863 	1133 	940
f 919 	946 	1122
f 820 	1127 	1056
f 1026 	1071 	981
f 1122 	1086 	1134
f 1122 	1134 	919
f 315 	372 	1125
f 1085 	1053 	1052
f 1026 	1134 	1071
f 1054 	1137 	1111
f 1134 	1026 	925
f 1054 	1110 	1047
f 1051 	1053 	1085
f 919 	1134 	925
f 1077 	1051 	1085
f 1086 	1071 	1134
f 1051 	892 	887
f 1077 	1104 	892
f 1080 	1139 	1137
f 1077 	892 	1051
f 1041 	1141 	1050
f 1068 	1139 	1080
f 1143 	1051 	887
f 1141 	1041 	1145
f 952 	1143 	942
f 317 	295 	1100
f 1041 	1099 	1145
f 1151 	317 	1100
f 1068 	1146 	1139
f 1099 	1103 	1145
f 1142 	1100 	1115
f 887 	809 	1143
f 1143 	952 	1051
f 1152 	1153 	1154
f 1131 	691 	825
f 1131 	825 	1132
f 1452 	1123 	1856
f 1067 	1148 	1068
f 1147 	2596 	1138
f 1120 	1856 	1123
f 1142 	1151 	1100
f 1131 	1183 	1096
f 1142 	1115 	1033
f 1149 	1152 	1154
f 1067 	1069 	1148
f 1154 	1103 	1149
f 1081 	1142 	1033
f 1103 	1106 	1149
f 1118 	890 	1604
f 835 	1132 	825
f 1156 	1148 	1069
f 711 	1157 	743
f 1160 	1116 	1132
f 1160 	1132 	835
f 1163 	874 	1021
f 1141 	1154 	1153
f 1118 	1160 	835
f 1141 	1145 	1154
f 1161 	1072 	418
f 1145 	1103 	1154
f 1162 	2596 	1147
f 1189 	1165 	1163
f 1823 	1816 	1139
f 1165 	1168 	1157
f 1823 	1139 	1146
f 1147 	1150 	1114
f 1170 	671 	710
f 1136 	1147 	1114
f 1150 	1133 	1098
f 1152 	1248 	3607
f 1165 	1157 	1163
f 710 	1173 	1170
f 1109 	1136 	1114
f 1173 	1174 	1170
f 1157 	941 	1163
f 1144 	1166 	1169
f 1173 	1175 	1174
f 3026 	1136 	1109
f 1175 	1176 	1177
f 3607 	1153 	1152
f 1098 	1114 	1150
f 1135 	1126 	1179
f 1179 	1181 	1135
f 1175 	1177 	1174
f 1177 	1058 	1052
f 1194 	1135 	1181
f 1144 	1178 	1166
f 1168 	743 	1157
f 1169 	1172 	1144
f 1177 	1184 	1058
f 1140 	1130 	1171
f 1172 	1185 	1144
f 1130 	1135 	1194
f 1184 	1177 	1176
f 1085 	1058 	1184
f 1130 	1194 	1171
f 1188 	597 	599
f 1165 	1189 	1190
f 1184 	1075 	1085
f 1185 	1172 	1028
f 710 	656 	1173
f 1191 	597 	1188
f 1181 	1179 	1159
f 656 	1155 	1173
f 899 	902 	1193
f 1164 	1181 	1159
f 1028 	1008 	1185
f 1188 	899 	1193
f 816 	1186 	1187
f 989 	1172 	1121
f 1191 	1188 	1193
f 1175 	1602 	1176
f 1172 	989 	1028
f 1163 	1021 	1189
f 1164 	1194 	1181
f 1212 	1190 	1189
f 1193 	1182 	1191
f 1132 	1183 	1131
f 1189 	1021 	1197
f 1184 	1176 	1602
f 1193 	902 	860
f 1036 	1198 	1196
f 1073 	1193 	860
f 1164 	1167 	1194
f 1171 	1194 	1167
f 1182 	1193 	1073
f 1158 	1159 	1179
f 1201 	1180 	1024
f 1065 	1182 	1073
f 1036 	1196 	1060
f 1187 	1319 	1195
f 3632 	1200 	3635
f 1204 	1201 	1027
f 1220 	1106 	1203
f 1524 	99 	80
f 1524 	80 	1205
f 1205 	1245 	1524
f 1204 	1027 	1133
f 1081 	1097 	1200
f 1019 	596 	671
f 1133 	1027 	940
f 1170 	1019 	671
f 1212 	1213 	1209
f 1212 	1197 	1213
f 1197 	1023 	1213
f 1023 	1056 	1213
f 1211 	1215 	85
f 1174 	1177 	990
f 1214 	3810 	754
f 1189 	1197 	1212
f 608 	1214 	754
f 1215 	83 	85
f 1216 	1233 	1138
f 1177 	1052 	990
f 1219 	82 	83
f 1203 	3810 	1214
f 1199 	1183 	1132
f 1218 	1267 	1277
f 1215 	1219 	83
f 1116 	1199 	1132
f 1147 	1138 	1233
f 1150 	1147 	1233
f 24 	82 	1219
f 1056 	1127 	1213
f 1216 	1180 	1201
f 1149 	1106 	1220
f 1221 	1064 	1096
f 1183 	1221 	1096
f 1224 	1225 	1226
f 1219 	1215 	1196
f 1226 	1228 	1224
f 1198 	1219 	1196
f 1277 	1192 	1218
f 1204 	1216 	1201
f 1226 	1229 	1230
f 1128 	3588 	1237
f 1222 	1196 	1211
f 415 	421 	1235
f 1226 	1230 	1228
f 609 	597 	1191
f 1233 	1216 	1204
f 1230 	1229 	1356
f 1215 	1211 	1196
f 1223 	609 	1191
f 817 	944 	1232
f 1182 	1223 	1191
f 1234 	1236 	1125
f 3628 	1223 	1237
f 1234 	1256 	1236
f 1204 	1150 	1233
f 1150 	1204 	1133
f 1236 	1127 	1125
f 1237 	1223 	1182
f 1065 	1128 	1182
f 1151 	332 	317
f 1182 	1128 	1237
f 1192 	817 	1218
f 1232 	1218 	817
f 1151 	1247 	332
f 816 	1192 	1186
f 1239 	923 	1294
f 615 	614 	1240
f 1222 	1062 	1196
f 816 	817 	1192
f 1235 	1231 	415
f 1196 	1062 	1060
f 1240 	1242 	615
f 1243 	1235 	427
f 608 	615 	1242
f 866 	816 	1187
f 1528 	1524 	1245
f 427 	434 	1243
f 1220 	1242 	1240
f 1187 	1195 	866
f 1220 	1214 	1242
f 786 	1246 	1228
f 1240 	1248 	1220
f 927 	929 	1239
f 1230 	791 	786
f 1247 	1151 	1238
f 1251 	1243 	434
f 1120 	1123 	1202
f 1283 	1251 	1273
f 1214 	1220 	1203
f 786 	1228 	1230
f 1214 	608 	1242
f 1200 	1238 	1081
f 1238 	1151 	1142
f 1253 	1250 	1252
f 1220 	1248 	1152
f 1202 	1217 	1120
f 1142 	1081 	1238
f 1318 	1227 	1231
f 20 	1255 	371
f 20 	28 	1255
f 1239 	726 	927
f 1202 	1254 	1217
f 1220 	1152 	1149
f 852 	1224 	848
f 1235 	1243 	1322
f 1259 	1171 	1167
f 20 	371 	23
f 1249 	1244 	1241
f 1167 	1772 	1259
f 1243 	1251 	1322
f 1228 	848 	1224
f 736 	3645 	1240
f 1253 	1252 	1124
f 1228 	1246 	848
f 28 	1256 	1255
f 866 	1195 	823
f 736 	1240 	614
f 1253 	1124 	1166
f 371 	1255 	1234
f 1340 	1257 	1225
f 1178 	1245 	1253
f 1239 	1244 	1258
f 1171 	1123 	1140
f 1234 	372 	371
f 89 	1205 	80
f 1239 	1258 	726
f 1248 	1240 	3645
f 88 	1250 	1260
f 1234 	1125 	372
f 1391 	1388 	545
f 1258 	1244 	728
f 89 	88 	1260
f 1234 	1255 	1256
f 1205 	89 	1260
f 1259 	1202 	1123
f 1260 	1250 	1253
f 28 	1209 	1256
f 1257 	1261 	1299
f 1258 	728 	731
f 1260 	1253 	1245
f 1259 	1123 	1171
f 1205 	1260 	1245
f 1213 	1236 	1256
f 1253 	1166 	1178
f 726 	1258 	731
f 1213 	1127 	1236
f 1209 	1213 	1256
f 923 	1239 	929
f 1267 	1208 	1264
f 954 	1266 	1083
f 1425 	1393 	1263
f 1210 	1208 	1267
f 784 	1249 	774
f 1426 	1425 	1263
f 1244 	1249 	1271
f 1244 	1271 	728
f 1263 	1268 	1426
f 1271 	1249 	784
f 1273 	434 	449
f 1274 	1275 	1276
f 1271 	784 	773
f 1273 	449 	1278
f 412 	1278 	449
f 1187 	1186 	1279
f 869 	901 	1257
f 1187 	1279 	1282
f 728 	1271 	773
f 1273 	1286 	1283
f 1382 	1380 	545
f 1276 	1285 	1274
f 1386 	1382 	545
f 1273 	1287 	1286
f 1276 	1275 	1288
f 1278 	1287 	1273
f 1265 	1261 	901
f 1291 	1292 	1272
f 1276 	1288 	1293
f 1261 	1257 	901
f 1273 	1251 	434
f 1257 	1296 	1225
f 1292 	1269 	1272
f 1297 	933 	1280
f 1367 	1310 	1270
f 933 	1297 	949
f 1394 	1391 	545
f 1274 	2279 	1275
f 1368 	1394 	545
f 1367 	1270 	1266
f 1257 	1299 	1296
f 1292 	1280 	1269
f 1262 	1368 	545
f 1264 	1262 	545
f 1087 	1300 	1089
f 1292 	1297 	1280
f 1301 	1302 	1303
f 1291 	441 	1292
f 1296 	1305 	1225
f 1264 	545 	1267
f 441 	1297 	1292
f 1296 	1299 	1305
f 1225 	1305 	1226
f 441 	1291 	459
f 1299 	1307 	1305
f 2762 	1306 	1295
f 1303 	2036 	1301
f 1277 	1267 	545
f 1301 	1309 	1310
f 1277 	545 	1311
f 1311 	545 	1279
f 1306 	1308 	1295
f 1301 	1310 	1302
f 1297 	255 	949
f 1312 	1313 	1261
f 1298 	1241 	1289
f 1314 	1306 	1304
f 1270 	1310 	1300
f 1282 	1279 	545
f 1309 	1300 	1310
f 1282 	545 	1319
f 1266 	1270 	1300
f 1322 	1283 	1321
f 1308 	1306 	1330
f 1241 	1317 	1289
f 1192 	1277 	1311
f 1293 	1288 	1315
f 1283 	1323 	1321
f 1087 	1266 	1300
f 1284 	1314 	1281
f 1311 	1279 	1192
f 1186 	1192 	1279
f 1306 	1314 	1326
f 1317 	1241 	1244
f 1087 	1083 	1266
f 1315 	1324 	1293
f 1330 	1306 	1326
f 1325 	1323 	1283
f 1284 	1326 	1314
f 1315 	1327 	1324
f 1290 	1326 	1284
f 1244 	1294 	1317
f 1325 	1283 	1286
f 1261 	1313 	1299
f 1324 	1327 	1331
f 1239 	1294 	1244
f 1290 	1330 	1326
f 1506 	1300 	1309
f 1316 	1318 	1231
f 1241 	1298 	1249
f 1231 	1235 	1316
f 1395 	1330 	1290
f 1022 	1334 	1328
f 1332 	1321 	1333
f 1334 	1329 	1328
f 1293 	1359 	1354
f 1332 	1322 	1321
f 1294 	1477 	1317
f 1332 	1316 	1235
f 1294 	1335 	1477
f 3007 	846 	610
f 923 	1030 	1335
f 1329 	1362 	1320
f 1332 	1855 	1316
f 1335 	1294 	923
f 1855 	1332 	1333
f 1336 	1334 	1022
f 1303 	1302 	1374
f 1336 	1337 	1334
f 1329 	1334 	1338
f 1235 	1322 	1332
f 1310 	1374 	1302
f 1334 	1347 	1338
f 1322 	1251 	1283
f 493 	1336 	341
f 1298 	1392 	1339
f 1249 	1298 	1339
f 1225 	1224 	1340
f 1337 	1336 	516
f 1341 	1342 	1343
f 498 	1337 	516
f 849 	869 	1340
f 800 	954 	778
f 1341 	1344 	1342
f 1345 	781 	871
f 1347 	1334 	1337
f 1340 	852 	849
f 1348 	1349 	1350
f 1340 	1224 	852
f 1319 	1187 	1282
f 1347 	1337 	498
f 1348 	1352 	1349
f 1340 	869 	1257
f 1353 	1342 	1413
f 1413 	1392 	1353
f 1357 	1349 	1354
f 1356 	1358 	1230
f 1356 	1360 	1358
f 1355 	1338 	1347
f 1360 	1361 	1358
f 1362 	1329 	1338
f 1360 	422 	1361
f 1354 	1359 	1357
f 1360 	423 	422
f 1355 	1362 	1338
f 1359 	1364 	1357
f 1363 	781 	1345
f 1305 	1366 	1226
f 1285 	1276 	1352
f 1366 	1229 	1226
f 1347 	498 	1355
f 1348 	1285 	1352
f 1367 	781 	1363
f 1356 	1229 	1366
f 498 	531 	1355
f 1352 	1354 	1349
f 1366 	1369 	1356
f 1412 	1368 	1206
f 1336 	493 	516
f 1293 	1354 	1352
f 1369 	1360 	1356
f 1206 	1262 	1208
f 1369 	1371 	1360
f 1371 	440 	1360
f 1264 	1208 	1262
f 1276 	1293 	1352
f 1325 	1934 	1323
f 423 	1360 	440
f 1308 	1365 	1295
f 1269 	1280 	1372
f 1308 	1373 	1365
f 1324 	1359 	1293
f 933 	1372 	1280
f 1375 	1365 	1373
f 1372 	933 	1045
f 1419 	1369 	1366
f 1267 	1218 	1210
f 2914 	1062 	1222
f 1374 	1310 	1363
f 1532 	1359 	1324
f 1375 	1378 	1365
f 1350 	1349 	1495
f 1371 	495 	440
f 1370 	1378 	1375
f 1349 	1357 	1517
f 1363 	1310 	1367
f 1230 	1358 	791
f 1357 	1364 	1517
f 1358 	1361 	791
f 1266 	800 	1367
f 1361 	797 	791
f 1364 	1594 	1522
f 1375 	1384 	1370
f 1266 	954 	800
f 1373 	1308 	1330
f 1339 	1390 	808
f 1420 	1379 	1385
f 1330 	1395 	1373
f 1396 	1376 	1389
f 1396 	1398 	1376
f 1361 	393 	797
f 1548 	1391 	1394
f 1339 	1392 	1390
f 1373 	1395 	1346
f 1377 	1376 	1398
f 1361 	422 	393
f 1397 	1063 	1062
f 1346 	1375 	1373
f 1249 	1339 	774
f 1404 	1377 	1398
f 1375 	1346 	1351
f 545 	1380 	587
f 1396 	1389 	1381
f 1383 	1381 	1389
f 1351 	1384 	1375
f 1396 	1381 	718
f 718 	720 	1396
f 1372 	1045 	1397
f 1398 	1396 	722
f 1387 	1386 	545
f 1402 	1399 	1401
f 545 	1388 	1387
f 724 	1404 	1398
f 1403 	1399 	1402
f 745 	1381 	787
f 1408 	1403 	1402
f 722 	1396 	720
f 1305 	1307 	1410
f 1344 	1413 	1342
f 1403 	1408 	1409
f 1281 	1416 	1418
f 1410 	1366 	1305
f 1390 	1392 	1413
f 1284 	1281 	1418
f 1410 	1419 	1366
f 1428 	1284 	1418
f 1413 	2047 	1390
f 1290 	1284 	1428
f 1419 	1371 	1369
f 1262 	1206 	1368
f 1290 	1428 	1405
f 1424 	495 	1371
f 1420 	1422 	1379
f 1393 	1402 	1401
f 1393 	1425 	1402
f 1353 	1441 	1342
f 1424 	505 	495
f 1455 	1441 	1353
f 1402 	1425 	1426
f 1408 	1402 	1426
f 1424 	1371 	1419
f 1392 	1455 	1353
f 1299 	1313 	1429
f 1428 	1418 	1468
f 1392 	1464 	1455
f 1429 	1307 	1299
f 1421 	1411 	1451
f 1460 	1428 	1468
f 1410 	1307 	1429
f 1429 	1432 	1410
f 1432 	1436 	1410
f 1298 	1289 	1464
f 882 	1421 	1451
f 1433 	1405 	1428
f 882 	885 	1421
f 1392 	1298 	1464
f 1460 	1433 	1428
f 1410 	1436 	1419
f 1346 	1395 	1405
f 1434 	1438 	915
f 1427 	1217 	1254
f 1290 	1405 	1395
f 1423 	1421 	885
f 1436 	1439 	1419
f 1427 	1254 	1207
f 944 	915 	1438
f 885 	787 	1423
f 1439 	1424 	1419
f 1438 	1232 	944
f 1414 	1427 	1207
f 1381 	1423 	787
f 1439 	505 	1424
f 1443 	1126 	1135
f 1479 	1443 	1135
f 1383 	1423 	1381
f 1412 	1206 	1481
f 1444 	1414 	1207
f 1417 	890 	903
f 890 	1417 	1604
f 1479 	1135 	1130
f 1450 	1049 	1449
f 882 	1417 	903
f 1940 	1432 	1429
f 1446 	1130 	1452
f 1438 	1434 	1208
f 1342 	1441 	1448
f 1438 	1208 	1210
f 1940 	1436 	1432
f 1417 	882 	1451
f 1568 	1441 	1455
f 481 	1439 	1400
f 1447 	1206 	1208
f 1457 	1445 	1442
f 481 	505 	1439
f 1049 	1459 	1449
f 1434 	1447 	1208
f 1438 	1210 	1218
f 1435 	1464 	1289
f 1450 	1057 	1055
f 1416 	1465 	1466
f 1471 	1457 	1431
f 1418 	1416 	1466
f 1218 	1232 	1438
f 1450 	1467 	1057
f 1418 	1466 	1468
f 1464 	1435 	1455
f 1437 	1431 	1430
f 1461 	2884 	1458
f 312 	276 	2207
f 1468 	1466 	1446
f 1437 	1476 	1431
f 1342 	1448 	1343
f 1472 	1406 	1422
f 1468 	1446 	1460
f 1454 	1549 	1456
f 1478 	1289 	1317
f 1420 	1385 	1407
f 1470 	1420 	1407
f 1445 	1457 	1471
f 1463 	1462 	1421
f 1422 	1420 	1472
f 1037 	1456 	1459
f 1445 	1471 	1399
f 1421 	1423 	1463
f 1461 	1376 	1377
f 1452 	1440 	1460
f 1435 	1289 	1478
f 1471 	1431 	1476
f 1440 	1452 	1856
f 1461 	1377 	1469
f 1476 	1399 	1471
f 1401 	1437 	1393
f 1443 	1466 	1465
f 1317 	1477 	1478
f 1479 	1130 	1446
f 1476 	1437 	1401
f 1421 	1462 	1411
f 1399 	1476 	1401
f 1443 	1479 	1466
f 1383 	1463 	1423
f 1466 	1479 	1446
f 1460 	1446 	1452
f 1024 	1482 	1521
f 1564 	1467 	1559
f 1450 	1559 	1467
f 1383 	1389 	1458
f 1470 	1472 	1420
f 1456 	1091 	1454
f 1329 	1470 	1407
f 1463 	1383 	1488
f 1329 	1320 	1470
f 1483 	1403 	1484
f 1059 	1091 	1456
f 1458 	1488 	1383
f 1409 	1484 	1403
f 1461 	1458 	1389
f 1473 	1491 	1475
f 1403 	1483 	1399
f 1491 	1493 	1494
f 1376 	1461 	1389
f 1495 	1497 	1350
f 1498 	1499 	1500
f 1379 	1245 	1178
f 1178 	1144 	1385
f 1491 	1494 	1475
f 1385 	1379 	1178
f 1349 	1517 	1495
f 1494 	1493 	1501
f 1486 	1346 	1405
f 1502 	1008 	1328
f 1346 	1486 	1490
f 1499 	1504 	1500
f 1497 	1495 	1718
f 1185 	1008 	1502
f 1495 	1721 	1718
f 1329 	1502 	1328
f 1453 	1454 	1089
f 1091 	1089 	1454
f 1503 	1494 	1501
f 1346 	1490 	1351
f 1407 	1385 	1502
f 1508 	1503 	1501
f 1502 	1329 	1407
f 1505 	1500 	1504
f 1509 	1505 	1504
f 1502 	1144 	1185
f 1501 	1976 	1508
f 1486 	1405 	1433
f 1385 	1144 	1502
f 1300 	1506 	1510
f 1511 	1489 	1492
f 1504 	988 	1509
f 1486 	1433 	1487
f 993 	1509 	988
f 1512 	1818 	1445
f 1487 	1433 	1460
f 1031 	1509 	993
f 1440 	1487 	1460
f 1498 	1287 	1278
f 1512 	1445 	1399
f 1089 	1300 	1510
f 1483 	1512 	1399
f 1278 	484 	1498
f 1513 	1489 	1511
f 483 	1499 	1498
f 1515 	1906 	1662
f 1507 	1516 	1506
f 1482 	1513 	1511
f 1516 	1519 	1506
f 484 	483 	1498
f 1980 	1976 	1501
f 1519 	1523 	1506
f 1499 	483 	1504
f 1521 	1482 	1511
f 1523 	1510 	1506
f 487 	1504 	483
f 1492 	1496 	1478
f 1511 	1492 	1478
f 1089 	1510 	1523
f 1511 	1478 	1477
f 1522 	1517 	1364
f 1453 	1089 	1523
f 1524 	103 	99
f 1287 	1498 	1540
f 1524 	1525 	103
f 1525 	106 	103
f 1521 	1511 	1477
f 1527 	106 	1525
f 1477 	1335 	1521
f 1517 	1721 	1495
f 1500 	1505 	1563
f 1524 	1528 	1529
f 1563 	1505 	1509
f 1525 	1524 	1529
f 1077 	1076 	1530
f 1525 	1529 	1531
f 1478 	1496 	1435
f 1359 	1532 	1364
f 1527 	1525 	1531
f 1535 	1536 	1537
f 1538 	1486 	1487
f 1500 	1534 	1498
f 907 	1447 	1434
f 1538 	1490 	1486
f 1539 	1104 	1533
f 1286 	1287 	1540
f 1261 	1265 	1541
f 1331 	1532 	1324
f 1325 	1286 	1540
f 1538 	1520 	1490
f 907 	1481 	1447
f 1331 	1537 	1532
f 1485 	1490 	1520
f 1312 	1261 	1541
f 1528 	1245 	1379
f 1520 	1515 	1485
f 1543 	1537 	1331
f 1447 	1481 	1206
f 1528 	1379 	1529
f 1498 	1534 	1540
f 1422 	1529 	1379
f 1422 	1531 	1529
f 1543 	1535 	1537
f 1534 	1556 	1540
f 1520 	1544 	1515
f 1543 	1547 	1535
f 1406 	1531 	1422
f 1548 	1474 	1546
f 1624 	1473 	1076
f 1327 	1550 	1331
f 1473 	1475 	1530
f 1487 	1440 	1526
f 1475 	1494 	1530
f 1500 	1556 	1534
f 1552 	1549 	1454
f 1526 	1538 	1487
f 1331 	1550 	1543
f 1530 	1076 	1473
f 1526 	1520 	1538
f 1514 	1548 	1567
f 1554 	1459 	1549
f 1553 	1119 	1551
f 1530 	1494 	1533
f 1514 	1567 	1481
f 1459 	1456 	1549
f 1121 	1119 	1553
f 1526 	1555 	1520
f 1449 	1459 	1557
f 1540 	1556 	1930
f 1539 	1533 	1265
f 1554 	1557 	1459
f 1121 	1553 	1588
f 1541 	1265 	1533
f 1494 	1503 	1541
f 1559 	1450 	1557
f 1500 	1560 	1556
f 1545 	1388 	1546
f 1565 	1587 	1384
f 1541 	1533 	1494
f 1562 	1558 	1542
f 1548 	1546 	1388
f 1503 	1508 	1541
f 1562 	1570 	1558
f 1557 	1450 	1449
f 1548 	1388 	1391
f 1563 	1560 	1500
f 1312 	1541 	1508
f 1490 	1485 	1351
f 1454 	1453 	1552
f 1561 	1558 	1574
f 1594 	1537 	1536
f 1412 	1481 	1567
f 1567 	1548 	1394
f 1492 	1561 	1574
f 892 	1104 	1539
f 1539 	894 	892
f 1568 	1562 	1569
f 1412 	1567 	1368
f 1485 	1690 	1565
f 1394 	1368 	1567
f 901 	894 	1539
f 1565 	1384 	1351
f 1265 	901 	1539
f 1690 	1587 	1565
f 1570 	1562 	1568
f 1485 	1565 	1351
f 1573 	1571 	1535
f 1572 	1570 	1568
f 1570 	1574 	1558
f 2935 	1365 	1378
f 1573 	1575 	1571
f 989 	1121 	1588
f 1571 	1536 	1535
f 1519 	1582 	1583
f 2990 	1378 	1753
f 1574 	1570 	1572
f 1547 	1573 	1535
f 1574 	1496 	1492
f 1378 	1370 	1753
f 1536 	1571 	1629
f 1574 	1572 	1496
f 1578 	1579 	1822
f 1587 	1691 	1586
f 1496 	1572 	1435
f 1589 	1578 	1822
f 1568 	1569 	1441
f 1580 	724 	587
f 1580 	587 	1380
f 1572 	1568 	1455
f 1588 	1581 	994
f 989 	1588 	994
f 1561 	1492 	1489
f 1583 	1523 	1519
f 1382 	1580 	1380
f 1690 	1691 	1587
f 1453 	1523 	1583
f 454 	2151 	1577
f 1566 	1453 	1583
f 1580 	1382 	1584
f 1532 	1594 	1364
f 1537 	1594 	1532
f 1558 	1592 	2778
f 1590 	1755 	1586
f 1566 	1552 	1453
f 454 	461 	2151
f 1558 	1561 	1592
f 1590 	1758 	1755
f 1386 	1387 	1585
f 1545 	1585 	1387
f 454 	1577 	1578
f 1592 	1561 	1489
f 1388 	1545 	1387
f 366 	454 	1578
f 1578 	1589 	379
f 1584 	1382 	1585
f 1386 	1585 	1382
f 1586 	1370 	1384
f 1586 	1384 	1587
f 1605 	2376 	1596
f 2003 	724 	1580
f 1441 	1569 	1448
f 2003 	1580 	2004
f 1118 	1618 	1160
f 1435 	1572 	1455
f 379 	366 	1578
f 1580 	1584 	2004
f 1175 	1601 	1602
f 1024 	1180 	1482
f 1585 	2004 	1584
f 1175 	1173 	1601
f 1604 	1596 	1118
f 1593 	1581 	1591
f 1600 	3480 	1431
f 1417 	1596 	1604
f 2639 	2908 	1180
f 1593 	994 	1581
f 1599 	837 	839
f 2883 	1489 	1513
f 251 	1606 	266
f 1605 	1596 	1417
f 1016 	994 	1593
f 251 	1608 	1606
f 1017 	1016 	1593
f 1482 	1180 	1513
f 1411 	1605 	1451
f 251 	1609 	1608
f 251 	1611 	1609
f 1612 	656 	984
f 1451 	1605 	1417
f 251 	1614 	1611
f 1612 	1155 	656
f 839 	1603 	1599
f 1593 	1591 	713
f 251 	1615 	1614
f 1598 	1607 	1597
f 1155 	1601 	1173
f 839 	844 	1603
f 1598 	1616 	1607
f 1593 	713 	715
f 1601 	1155 	1617
f 251 	1595 	1615
f 341 	1593 	715
f 251 	1582 	1595
f 1155 	1612 	1617
f 1442 	1607 	1616
f 251 	1583 	1582
f 1017 	1593 	341
f 251 	1566 	1583
f 1618 	1116 	1160
f 1616 	1598 	1600
f 251 	1552 	1566
f 1596 	1618 	1118
f 1602 	1620 	1659
f 1616 	1600 	1431
f 251 	1549 	1552
f 1659 	1610 	1602
f 251 	1554 	1549
f 1457 	1442 	1616
f 971 	1636 	1034
f 251 	1557 	1554
f 1616 	1431 	1457
f 251 	1559 	1557
f 1665 	1648 	1473
f 1545 	1546 	1474
f 1665 	1473 	1624
f 251 	1564 	1559
f 2608 	1630 	1621
f 984 	1701 	1612
f 1630 	1757 	1621
f 1602 	1601 	1617
f 2003 	1404 	724
f 971 	1645 	1636
f 1608 	1646 	1606
f 1602 	1617 	1620
f 2331 	2330 	1619
f 1625 	1645 	971
f 1034 	1636 	1637
f 1620 	1617 	1705
f 3049 	1619 	1622
f 1635 	1597 	1904
f 1622 	1638 	3049
f 1707 	1620 	1705
f 1639 	1637 	1636
f 1631 	2331 	1619
f 3093 	1621 	1623
f 1639 	1641 	1637
f 1545 	1474 	1632
f 3093 	1627 	1621
f 1738 	1643 	1622
f 1642 	2903 	1640
f 1624 	1075 	1610
f 1636 	1644 	1639
f 1629 	1678 	1676
f 1634 	1627 	3093
f 1629 	1642 	1678
f 1545 	1632 	2026
f 2026 	1585 	1545
f 1626 	1738 	1622
f 924 	373 	1646
f 1571 	1575 	1642
f 1636 	1645 	1644
f 1622 	1643 	1599
f 1473 	1648 	1491
f 1642 	1629 	1571
f 1474 	1548 	1480
f 1645 	1649 	1644
f 1622 	1599 	1638
f 1654 	1649 	1645
f 1514 	1480 	1548
f 1599 	1643 	837
f 789 	1655 	785
f 1653 	1656 	1633
f 1625 	1628 	1645
f 1628 	1654 	1645
f 789 	1660 	1655
f 1658 	1649 	1654
f 1659 	1624 	1610
f 1664 	1655 	1660
f 1659 	1665 	1624
f 1536 	1663 	1594
f 1660 	1666 	1667
f 1518 	1669 	1683
f 1032 	1641 	1731
f 1641 	1032 	1034
f 1034 	1637 	1641
f 1670 	1669 	1518
f 1660 	1667 	1664
f 1522 	1670 	1518
f 1671 	1672 	2043
f 1108 	1666 	1660
f 1629 	1663 	1536
f 1107 	1108 	1660
f 1606 	1646 	373
f 1606 	373 	266
f 3693 	3686 	1633
f 1650 	1646 	1608
f 1663 	1629 	1676
f 1590 	1586 	1691
f 1633 	1677 	1653
f 1675 	1714 	1667
f 1608 	1609 	1647
f 1609 	1611 	1647
f 1691 	1668 	1590
f 1649 	1708 	1644
f 1647 	1650 	1608
f 1679 	1653 	1677
f 1665 	1687 	1648
f 1708 	1649 	1658
f 1677 	1682 	1679
f 1647 	1611 	1671
f 1621 	1680 	1623
f 1682 	1684 	1679
f 1668 	1681 	1590
f 1682 	1686 	1684
f 1659 	1687 	1665
f 1648 	1687 	1657
f 1669 	1689 	1683
f 1633 	1688 	1677
f 1672 	1671 	1611
f 1657 	1491 	1648
f 1676 	1689 	1669
f 1677 	1692 	1682
f 1694 	1689 	1676
f 1064 	2446 	1061
f 1690 	1668 	1691
f 1671 	2043 	2127
f 1688 	1692 	1677
f 1064 	2458 	2446
f 1690 	1695 	1668
f 1614 	1672 	1611
f 1678 	1694 	1676
f 1673 	1668 	1695
f 1663 	1669 	1670
f 1674 	1672 	1614
f 1615 	1674 	1614
f 1687 	2307 	1657
f 2308 	1657 	2307
f 1669 	1663 	1676
f 1674 	1615 	1595
f 1640 	1678 	1642
f 1697 	1698 	1699
f 1516 	1674 	1595
f 1673 	1696 	1668
f 1594 	1670 	1522
f 1699 	1700 	1697
f 984 	1057 	1701
f 1699 	1702 	1700
f 1675 	1667 	1666
f 1663 	1670 	1594
f 1485 	1515 	1690
f 1699 	1703 	1702
f 1519 	1516 	1595
f 1695 	1690 	1515
f 1701 	1705 	1612
f 1582 	1519 	1595
f 1705 	1617 	1612
f 1695 	1515 	1662
f 1704 	1706 	1698
f 1646 	2107 	924
f 1706 	1699 	1698
f 1650 	2092 	1646
f 1706 	1708 	1699
f 1850 	1777 	1693
f 1708 	1709 	1699
f 1646 	2092 	2107
f 1620 	1707 	1711
f 1709 	1703 	1699
f 1695 	1972 	1673
f 750 	1655 	654
f 1704 	1639 	1644
f 2303 	1711 	1707
f 1644 	1706 	1704
f 1620 	1711 	1659
f 1644 	1708 	1706
f 1711 	1687 	1659
f 1658 	1709 	1708
f 2295 	2297 	1705
f 2295 	1705 	1701
f 1705 	2297 	2299
f 1712 	1710 	3115
f 1707 	1705 	2299
f 1716 	1717 	1718
f 3124 	1712 	3115
f 2299 	2303 	1707
f 1668 	1696 	1713
f 1713 	1696 	1720
f 1718 	1721 	1716
f 1719 	1712 	3124
f 1721 	1722 	1716
f 1722 	1725 	1716
f 1610 	1184 	1602
f 1720 	1723 	1713
f 1722 	1726 	1725
f 1610 	1075 	1184
f 1621 	1727 	1680
f 1722 	1518 	1726
f 1728 	1693 	1685
f 1685 	1680 	1728
f 1723 	2080 	2078
f 1624 	1076 	1075
f 1673 	1720 	1696
f 1641 	1639 	1729
f 1715 	1714 	1675
f 1031 	1032 	1731
f 1517 	1722 	1721
f 1517 	1522 	1722
f 1522 	1518 	1722
f 1736 	1729 	1737
f 1164 	1734 	1739
f 1737 	1740 	1736
f 1626 	2357 	1738
f 1714 	1715 	1761
f 1735 	1738 	2357
f 1639 	1704 	1737
f 3803 	1692 	1688
f 1737 	1729 	1639
f 1726 	2075 	1725
f 1736 	1731 	1641
f 1734 	1733 	1862
f 654 	624 	750
f 1724 	1692 	3803
f 1727 	1728 	1680
f 1713 	1681 	1668
f 1734 	1868 	1739
f 391 	1835 	1742
f 1726 	2088 	2075
f 1736 	1641 	1729
f 916 	922 	2374
f 1727 	1757 	1728
f 673 	1741 	1744
f 1727 	1621 	1757
f 1745 	1563 	1509
f 1746 	1747 	1872
f 1744 	1748 	673
f 1509 	1031 	1745
f 922 	930 	1735
f 1031 	1731 	1745
f 2245 	1683 	1689
f 930 	1738 	1735
f 1742 	474 	391
f 930 	837 	1738
f 1655 	1664 	1741
f 1683 	1726 	1518
f 837 	1643 	1738
f 1728 	1750 	1693
f 1828 	1751 	1742
f 1753 	1370 	1586
f 1754 	1750 	1728
f 1741 	654 	1655
f 1755 	1753 	1586
f 1667 	1744 	1741
f 1728 	1756 	1754
f 1751 	474 	1742
f 1751 	4131 	474
f 1758 	1590 	1780
f 1664 	1667 	1741
f 1766 	1745 	1731
f 1761 	1744 	1667
f 1731 	1736 	1766
f 1759 	1743 	1809
f 1761 	2226 	1744
f 1714 	1761 	1667
f 1715 	2283 	1761
f 1764 	1759 	1809
f 1763 	4131 	1751
f 1757 	1756 	1728
f 1768 	1762 	1760
f 1736 	1769 	1766
f 1756 	3184 	1754
f 1747 	1746 	1800
f 1762 	1770 	1760
f 1767 	1768 	1760
f 1769 	1736 	1740
f 1766 	2105 	1771
f 1818 	1483 	1767
f 1765 	1753 	1755
f 1484 	1767 	1483
f 1773 	1768 	1767
f 1259 	1772 	1800
f 1765 	3140 	1753
f 1484 	1773 	1767
f 1769 	2105 	1766
f 1758 	1765 	1755
f 1800 	1772 	1747
f 3184 	1899 	1754
f 1730 	1747 	1167
f 1772 	1167 	1747
f 1563 	1771 	1560
f 1765 	1758 	1775
f 1733 	1159 	1158
f 1766 	1771 	1563
f 1733 	1734 	1159
f 1792 	1775 	1758
f 1164 	1739 	1730
f 1766 	1563 	1745
f 1732 	4131 	1763
f 1167 	1164 	1730
f 1771 	1576 	1560
f 1732 	1911 	1782
f 1164 	1159 	1734
f 773 	1779 	1787
f 1778 	1781 	1786
f 1743 	1759 	3097
f 1814 	1774 	1778
f 3097 	1776 	1743
f 1791 	1792 	1836
f 1790 	1752 	1909
f 1781 	1935 	1784
f 1776 	3098 	1793
f 1789 	1837 	3756
f 1793 	1743 	1776
f 1793 	1788 	1743
f 1787 	1795 	907
f 1950 	1445 	1784
f 1811 	690 	1787
f 1786 	1781 	1784
f 1811 	1787 	907
f 3160 	1785 	1791
f 1798 	1802 	1794
f 1651 	1797 	1652
f 1793 	1656 	1653
f 1799 	1202 	1800
f 1811 	907 	909
f 1799 	1254 	1202
f 1798 	1804 	1802
f 1797 	1801 	1652
f 1793 	1653 	1788
f 1804 	1805 	1802
f 1804 	1806 	1807
f 1254 	1799 	1207
f 1512 	1483 	1818
f 1651 	1661 	1797
f 1795 	1481 	907
f 1207 	1799 	1808
f 1791 	1803 	3160
f 1850 	1797 	1777
f 1804 	1807 	1805
f 695 	690 	904
f 1661 	1777 	1797
f 1791 	2387 	1803
f 1807 	1806 	1698
f 1812 	1809 	1788
f 690 	1811 	904
f 1810 	1774 	1814
f 1770 	1786 	1760
f 1791 	1836 	1813
f 1854 	2073 	1801
f 1732 	1782 	4133
f 909 	904 	1811
f 1800 	1746 	1749
f 1814 	1778 	1786
f 1108 	1675 	1666
f 1743 	1788 	1809
f 1749 	1799 	1800
f 1814 	1786 	1770
f 1791 	1813 	2387
f 1801 	1797 	1857
f 1108 	1113 	1675
f 1814 	1770 	2050
f 1812 	1788 	1679
f 1808 	1799 	1749
f 1765 	1775 	1785
f 1816 	1675 	1113
f 1801 	1857 	1854
f 1796 	1207 	1808
f 1785 	1775 	1791
f 1760 	1786 	1767
f 1715 	1675 	1817
f 1818 	1767 	1786
f 1792 	1791 	1775
f 1818 	1786 	1784
f 1809 	1819 	1764
f 1444 	1207 	1796
f 1579 	2496 	1822
f 1758 	1780 	1792
f 1715 	1817 	1820
f 1819 	1815 	1764
f 1780 	1824 	1792
f 1816 	1817 	1675
f 1809 	1812 	1819
f 1445 	1818 	1784
f 1713 	1852 	1824
f 1816 	1823 	1817
f 1812 	1827 	1819
f 1697 	1807 	1698
f 1852 	1713 	1723
f 1808 	1749 	1752
f 1798 	1794 	1769
f 1684 	1812 	1679
f 1823 	1843 	1820
f 1740 	1798 	1769
f 1684 	1827 	1812
f 1723 	2078 	1829
f 1800 	1202 	1259
f 1819 	2116 	1815
f 1843 	1831 	1820
f 1827 	2116 	1819
f 1820 	1817 	1823
f 1740 	1737 	1798
f 1798 	1737 	1804
f 1113 	1111 	1816
f 1804 	1737 	1704
f 1111 	1137 	1816
f 1774 	2139 	2037
f 1830 	1789 	1826
f 1806 	1804 	1704
f 1137 	1139 	1816
f 1704 	1698 	1806
f 1813 	1836 	1834
f 1589 	1822 	1825
f 1830 	1821 	1838
f 1837 	1830 	1838
f 1825 	1835 	1589
f 1834 	2473 	1813
f 1837 	1838 	3757
f 1835 	1825 	1828
f 1836 	1792 	1824
f 3261 	1710 	1838
f 1146 	1148 	1842
f 1710 	3757 	1838
f 1828 	1742 	1835
f 2463 	1834 	1829
f 1789 	1830 	1837
f 2238 	1805 	1807
f 1881 	1843 	1842
f 1847 	1917 	1751
f 1780 	1713 	1824
f 1681 	1713 	1780
f 1843 	1881 	1831
f 1681 	1780 	1590
f 1828 	1847 	1751
f 1693 	1750 	1850
f 1824 	1834 	1836
f 1843 	1823 	1146
f 1316 	1853 	1318
f 1146 	1842 	1843
f 1852 	1723 	1829
f 1950 	1607 	1442
f 1852 	1829 	1834
f 1824 	1852 	1834
f 1445 	1950 	1442
f 1333 	1864 	1855
f 1148 	1156 	1851
f 1440 	1856 	1876
f 1835 	379 	1589
f 1851 	1842 	1148
f 413 	379 	1835
f 1526 	1440 	1876
f 1156 	1161 	1851
f 1855 	1853 	1316
f 1796 	1808 	1752
f 1797 	1850 	1857
f 1851 	1161 	1849
f 1217 	1901 	1876
f 1161 	1227 	1849
f 1855 	1864 	1853
f 1858 	1841 	1840
f 1796 	1752 	1790
f 1227 	1161 	418
f 1130 	1140 	1452
f 1861 	2691 	1841
f 1452 	1140 	1123
f 1861 	1841 	1858
f 1857 	1850 	1897
f 1858 	1840 	1848
f 1850 	1899 	1897
f 1715 	1820 	1867
f 1854 	1894 	2073
f 1321 	1866 	1865
f 3881 	1861 	1858
f 1754 	1850 	1750
f 1120 	1876 	1856
f 1321 	1865 	1333
f 1846 	1904 	1597
f 1217 	1876 	1120
f 1607 	1846 	1597
f 1875 	1871 	2021
f 1875 	1879 	1880
f 1788 	1653 	1679
f 1842 	1851 	1881
f 1918 	1914 	1883
f 1880 	1864 	1875
f 1901 	1217 	1883
f 1217 	1427 	1883
f 1873 	3277 	1821
f 1871 	1875 	1864
f 1864 	1865 	1871
f 2116 	1888 	1815
f 1821 	3277 	3326
f 1883 	1427 	1414
f 2116 	1889 	1888
f 1849 	1887 	1851
f 1889 	1884 	1888
f 1873 	1821 	1830
f 1871 	1865 	1890
f 1883 	1414 	1918
f 1889 	1886 	1884
f 1881 	1851 	1891
f 1826 	1873 	1830
f 1894 	1854 	1857
f 1893 	1895 	1886
f 1866 	1890 	1865
f 1526 	1901 	1555
f 1734 	1862 	1863
f 1894 	1857 	1897
f 1896 	1885 	1892
f 1863 	1868 	1734
f 1883 	1555 	1901
f 1898 	1886 	1895
f 1958 	1885 	1896
f 1747 	1730 	1870
f 1869 	1870 	1730
f 1889 	1893 	1886
f 1899 	1850 	1754
f 1747 	1870 	1872
f 1892 	2947 	1877
f 1831 	1867 	1820
f 1866 	1900 	1890
f 1901 	1526 	1876
f 1880 	1853 	1864
f 1831 	1902 	1867
f 1892 	1877 	1912
f 1869 	1730 	1868
f 1739 	1868 	1730
f 1896 	1892 	1912
f 1881 	1903 	1831
f 1897 	1907 	1894
f 1333 	1865 	1864
f 1904 	1877 	1882
f 1881 	1891 	1903
f 1897 	1908 	1907
f 1321 	1900 	1866
f 1912 	1877 	1904
f 1906 	1515 	1544
f 1321 	1323 	1900
f 1912 	1904 	1846
f 1903 	1891 	1905
f 1763 	1751 	1917
f 1882 	1635 	1904
f 1903 	1902 	1831
f 1917 	1732 	1763
f 1662 	1906 	1972
f 1897 	1899 	1910
f 1891 	1851 	1887
f 1917 	1911 	1732
f 1910 	1908 	1897
f 1913 	1520 	1555
f 1318 	1887 	1849
f 1913 	1544 	1520
f 1896 	1912 	1845
f 1749 	1746 	1872
f 1544 	1913 	1914
f 1318 	1853 	1887
f 1782 	1911 	1915
f 1971 	1979 	1890
f 1874 	1749 	1872
f 1845 	1912 	1846
f 1227 	1318 	1849
f 1749 	1874 	1878
f 1544 	1914 	1906
f 1782 	1915 	1179
f 1916 	1906 	1914
f 1878 	1752 	1749
f 1782 	1179 	1126
f 2362 	2363 	1903
f 1752 	1878 	1909
f 1914 	1913 	1883
f 1907 	1908 	3526
f 1905 	2362 	1903
f 1914 	1918 	1932
f 1790 	1909 	1981
f 1905 	1891 	2353
f 1917 	1847 	1860
f 1860 	1859 	1911
f 1911 	1917 	1860
f 1883 	1913 	1555
f 2353 	1891 	1887
f 1859 	1915 	1911
f 1896 	1928 	1919
f 1469 	1341 	1461
f 1928 	1920 	1919
f 1928 	1937 	1920
f 1774 	1920 	1937
f 1927 	1933 	1921
f 1540 	1930 	1325
f 1916 	1914 	1932
f 1859 	1929 	1915
f 1778 	1774 	1937
f 2008 	1916 	1932
f 1179 	1915 	1929
f 1921 	1933 	1925
f 1935 	1928 	1845
f 1929 	1158 	1179
f 1900 	1323 	1934
f 1937 	1928 	1935
f 1933 	1927 	1652
f 1935 	1778 	1937
f 1436 	1940 	2007
f 1947 	1943 	1934
f 1862 	545 	1863
f 1781 	1778 	1935
f 1652 	1801 	1933
f 1935 	1845 	1846
f 1977 	1944 	1508
f 1863 	545 	1868
f 1900 	1934 	1943
f 1950 	1935 	1846
f 1868 	545 	1869
f 1845 	1928 	1896
f 1312 	1508 	1944
f 1869 	545 	1870
f 1846 	1607 	1950
f 1870 	545 	1872
f 1977 	1508 	1976
f 1932 	1951 	2008
f 1945 	36 	1921
f 1872 	545 	1874
f 1874 	545 	1878
f 1932 	1918 	1414
f 1949 	1945 	1921
f 1878 	545 	1909
f 1946 	773 	784
f 1932 	1414 	1415
f 1934 	1930 	1947
f 1942 	1909 	545
f 1779 	773 	1946
f 1925 	1949 	1921
f 1939 	1944 	1978
f 1936 	1942 	545
f 1978 	1940 	1939
f 1922 	1936 	545
f 1923 	1922 	545
f 1784 	1935 	1950
f 1930 	1556 	1947
f 1924 	1923 	545
f 1926 	1924 	545
f 1954 	1684 	1686
f 1941 	1947 	1556
f 1686 	1955 	1954
f 1953 	1982 	1946
f 1931 	1926 	545
f 1952 	286 	72
f 1938 	1957 	2152
f 1955 	1956 	1954
f 2155 	2152 	1957
f 71 	1952 	72
f 1955 	1959 	1956
f 1556 	1560 	1941
f 537 	1931 	545
f 1946 	1982 	1779
f 1560 	1576 	1941
f 1896 	1919 	1958
f 1982 	1963 	1779
f 1930 	1934 	1325
f 1961 	1965 	1960
f 1957 	1938 	2215
f 1961 	1968 	1965
f 2134 	1947 	1941
f 1953 	1948 	1474
f 1940 	2013 	2007
f 1969 	1970 	1967
f 1969 	1689 	1694
f 1790 	1981 	1796
f 1945 	1949 	1961
f 1981 	1844 	1796
f 1949 	1968 	1961
f 1969 	1694 	1970
f 1971 	1890 	1900
f 1943 	1971 	1900
f 1967 	1973 	2236
f 1995 	1972 	1906
f 1975 	1974 	1943
f 1947 	1975 	1943
f 1695 	1662 	1972
f 1962 	1936 	1922
f 2069 	1974 	1975
f 1964 	1962 	1922
f 1978 	1944 	1977
f 1922 	1966 	1964
f 1963 	1787 	1779
f 1962 	1942 	1936
f 1795 	1787 	1963
f 1980 	1501 	2257
f 1480 	1953 	1474
f 1962 	1844 	1981
f 1692 	1985 	1682
f 1980 	1984 	1976
f 1981 	1942 	1962
f 1942 	1981 	1909
f 1984 	1977 	1976
f 1982 	1953 	1480
f 1682 	1985 	1686
f 1943 	1974 	1979
f 1982 	1480 	1963
f 1979 	1971 	1943
f 1990 	1955 	1686
f 1480 	1514 	1963
f 1947 	2134 	1975
f 1481 	1963 	1514
f 1984 	2062 	1977
f 1986 	166 	464
f 1985 	1990 	1686
f 166 	1986 	169
f 1974 	2069 	1979
f 1963 	1481 	1795
f 1995 	1906 	1916
f 1724 	1993 	1985
f 1377 	1996 	2045
f 1995 	1916 	1987
f 1986 	1983 	170
f 1922 	1923 	1966
f 170 	1983 	1952
f 1924 	1989 	1923
f 1966 	1923 	1989
f 1978 	1977 	2062
f 169 	1986 	170
f 1924 	1926 	1989
f 1991 	1989 	1926
f 1724 	1985 	1692
f 1960 	221 	50
f 1992 	1991 	1926
f 469 	204 	2001
f 1987 	1972 	1995
f 1992 	1926 	1931
f 1246 	1993 	1724
f 1996 	1377 	2003
f 1992 	1931 	537
f 2029 	2138 	2002
f 2004 	1996 	2003
f 1246 	2009 	1993
f 204 	469 	218
f 2029 	2002 	1987
f 2001 	2006 	469
f 1992 	537 	635
f 1246 	1724 	848
f 2001 	2010 	2006
f 2002 	1673 	1972
f 1990 	1985 	1993
f 469 	2006 	470
f 1987 	2002 	1972
f 2009 	1990 	1993
f 2005 	1996 	2004
f 2011 	2008 	1951
f 2000 	2005 	2026
f 1951 	1938 	2011
f 2013 	1400 	2007
f 1999 	1998 	2025
f 2004 	2026 	2005
f 1975 	2140 	1997
f 2010 	2014 	2006
f 1948 	2000 	2026
f 1400 	2013 	2015
f 2275 	1998 	1999
f 2010 	221 	1960
f 2026 	1632 	1948
f 1965 	2014 	2010
f 2003 	1377 	1404
f 1992 	2266 	1991
f 2007 	1439 	1436
f 2007 	1400 	1439
f 1994 	2019 	1998
f 1998 	2019 	2025
f 1960 	1965 	2010
f 2152 	2042 	2011
f 1871 	1890 	2023
f 2022 	2019 	2018
f 1833 	1832 	1962
f 786 	791 	2009
f 1833 	1962 	1964
f 2025 	2019 	2022
f 2083 	2009 	791
f 2027 	2028 	2024
f 2022 	1999 	2025
f 1966 	2012 	1833
f 2028 	2016 	2024
f 2026 	2004 	1585
f 2028 	2017 	2016
f 2014 	2336 	2006
f 2028 	2030 	2017
f 1962 	1832 	1844
f 2018 	1988 	1885
f 1966 	1833 	1964
f 2018 	1885 	1958
f 2032 	2028 	2021
f 2022 	2018 	1919
f 2032 	2030 	2028
f 2012 	1966 	2256
f 1989 	2256 	1966
f 1474 	1948 	1632
f 1920 	2022 	1919
f 2032 	2023 	2030
f 1959 	2034 	1956
f 1871 	2023 	2032
f 2029 	1987 	2053
f 2034 	2038 	2039
f 2037 	1999 	2022
f 1507 	1506 	1301
f 2039 	2040 	2034
f 2053 	2031 	2029
f 2037 	2022 	1920
f 1506 	1309 	1301
f 2037 	1920 	1774
f 2043 	1672 	2046
f 1674 	2046 	1672
f 2020 	2013 	1940
f 2044 	1879 	2021
f 1958 	1919 	2018
f 2033 	2041 	2049
f 2021 	1879 	1875
f 2035 	2033 	2049
f 2042 	2031 	2053
f 1390 	2047 	2095
f 2036 	1303 	2048
f 2044 	2028 	2027
f 261 	2035 	2049
f 1987 	1916 	2008
f 2048 	2051 	2043
f 2021 	2028 	2044
f 1987 	2008 	2011
f 2043 	2036 	2048
f 2046 	2036 	2043
f 2032 	2021 	1871
f 1978 	2020 	1940
f 2046 	1301 	2036
f 1814 	2050 	1810
f 2011 	2053 	1987
f 481 	1400 	2015
f 1770 	2052 	2050
f 2046 	1507 	1301
f 2049 	2041 	2054
f 2030 	2063 	2017
f 1762 	2052 	1770
f 1674 	1516 	2046
f 2057 	2058 	2059
f 2038 	2034 	1959
f 1516 	1507 	2046
f 2041 	2055 	2054
f 2053 	2011 	2042
f 2015 	704 	481
f 2061 	2057 	2059
f 2054 	261 	2049
f 1979 	2023 	1890
f 2060 	1673 	2002
f 316 	261 	2054
f 808 	1390 	2056
f 2054 	2055 	1789
f 1720 	1673 	2060
f 2102 	1946 	774
f 2059 	2058 	1717
f 1717 	1716 	2059
f 2054 	1789 	316
f 1946 	784 	774
f 2138 	2060 	2002
f 3756 	316 	1789
f 1716 	1725 	2059
f 2034 	2040 	2262
f 2055 	1873 	1826
f 2098 	2057 	2061
f 2062 	2067 	2020
f 1826 	1789 	2055
f 1303 	2066 	2048
f 1997 	2069 	1975
f 2073 	1933 	1801
f 2290 	2070 	2068
f 1978 	2062 	2020
f 2075 	2072 	2061
f 2071 	2030 	2023
f 2067 	2077 	2020
f 2068 	2070 	161
f 2076 	2101 	2051
f 2061 	2059 	2075
f 2020 	2077 	2013
f 2051 	2074 	2076
f 2068 	161 	163
f 2079 	2061 	2072
f 1723 	1720 	2080
f 2066 	2074 	2051
f 2205 	2065 	2064
f 2081 	704 	2015
f 232 	2068 	163
f 2063 	2030 	2071
f 704 	2081 	716
f 1725 	2075 	2059
f 2077 	2015 	2013
f 2051 	2048 	2066
f 2023 	2089 	2071
f 2077 	2081 	2015
f 2038 	2086 	2087
f 2091 	2086 	2038
f 2063 	2089 	2064
f 2090 	2205 	2064
f 2063 	2071 	2089
f 2077 	2067 	2348
f 2086 	2104 	2087
f 1377 	2045 	1469
f 2038 	2087 	2039
f 1997 	2090 	2069
f 1955 	1990 	2091
f 2355 	2081 	2077
f 2094 	2033 	2082
f 2045 	1996 	2005
f 2314 	2074 	2066
f 2091 	1959 	1955
f 2047 	2045 	2005
f 2094 	2041 	2033
f 2088 	1683 	2245
f 2097 	2104 	2086
f 2055 	2084 	1873
f 2047 	2005 	2000
f 2062 	2343 	2067
f 1979 	2069 	2089
f 2041 	2084 	2055
f 2056 	2000 	1948
f 2091 	2038 	1959
f 1940 	1429 	1939
f 2090 	2064 	2089
f 1990 	2009 	2091
f 2096 	2061 	2079
f 1313 	1312 	1944
f 2069 	2090 	2089
f 2056 	1390 	2095
f 2093 	2092 	1647
f 2083 	2091 	2009
f 2079 	2173 	2096
f 2095 	2047 	2000
f 1944 	1939 	1313
f 2084 	2041 	2094
f 2083 	2097 	2086
f 1979 	2089 	2023
f 1671 	2127 	2093
f 2095 	2000 	2056
f 1429 	1313 	1939
f 2096 	2098 	2061
f 2092 	1650 	1647
f 1948 	1953 	2056
f 774 	808 	2102
f 2079 	2202 	2173
f 808 	2056 	2102
f 2083 	2086 	2091
f 2231 	2202 	2079
f 1925 	1933 	2073
f 1953 	2102 	2056
f 950 	924 	2107
f 2100 	1925 	2073
f 2108 	950 	2107
f 1953 	1946 	2102
f 2107 	2092 	2108
f 791 	797 	2083
f 2073 	1894 	2365
f 2099 	2113 	2222
f 2083 	797 	2097
f 797 	393 	2097
f 558 	557 	2111
f 393 	2104 	2097
f 557 	604 	2111
f 2365 	2366 	2073
f 488 	2099 	2106
f 2076 	2103 	2112
f 2073 	2366 	2100
f 604 	2118 	2111
f 2118 	2120 	2111
f 2121 	2078 	2080
f 2112 	2101 	2076
f 1983 	2119 	1952
f 2118 	2124 	2120
f 2092 	2112 	2108
f 2118 	2125 	2124
f 2116 	1827 	2122
f 2092 	2093 	2101
f 2099 	245 	2113
f 2092 	2101 	2112
f 2101 	2093 	2127
f 2121 	2123 	2078
f 2119 	2209 	2130
f 2128 	2129 	2117
f 2121 	2085 	2123
f 2127 	2051 	2101
f 2125 	2191 	2124
f 2132 	2117 	2129
f 2127 	2043 	2051
f 1576 	2131 	2134
f 2119 	2130 	1952
f 2132 	2136 	2117
f 2135 	2085 	2121
f 286 	1952 	2130
f 2080 	2060 	2138
f 1941 	1576 	2134
f 2120 	2124 	842
f 1647 	1671 	2093
f 2060 	2080 	1720
f 2147 	2099 	2222
f 2121 	2080 	2138
f 2210 	1997 	2140
f 2124 	2191 	910
f 2128 	2110 	2114
f 2121 	2138 	2115
f 2122 	1889 	2116
f 2135 	2121 	2115
f 1889 	2122 	2144
f 2140 	2146 	2141
f 2142 	2110 	2128
f 2115 	2109 	2135
f 2106 	2099 	2133
f 2452 	2103 	2076
f 2117 	2142 	2128
f 2114 	2139 	2128
f 1684 	1954 	2122
f 2031 	2115 	2029
f 1954 	2144 	2122
f 2139 	2149 	2128
f 688 	2143 	2118
f 1956 	2144 	1954
f 2066 	2313 	2314
f 2146 	2148 	2141
f 2129 	2128 	2149
f 2029 	2115 	2138
f 2099 	2147 	2133
f 2143 	2125 	2118
f 2122 	1827 	1684
f 2150 	2125 	2143
f 2133 	2151 	2106
f 2011 	1938 	2152
f 2191 	2125 	2150
f 1975 	2134 	2140
f 1956 	2034 	2144
f 2143 	2154 	2150
f 2134 	2146 	2140
f 2133 	2153 	2151
f 2131 	2105 	2146
f 1577 	2151 	2153
f 2105 	2148 	2146
f 2137 	1578 	1577
f 2150 	2154 	2156
f 2137 	1579 	1578
f 2129 	2157 	2132
f 2148 	2105 	1769
f 2143 	2145 	2154
f 1769 	1794 	2148
f 2126 	286 	2130
f 2156 	2154 	2159
f 2149 	2139 	1774
f 286 	2126 	253
f 2134 	2131 	2146
f 2145 	2161 	2154
f 1576 	1771 	2105
f 2031 	2042 	2164
f 2105 	2131 	1576
f 2126 	2035 	264
f 1748 	2161 	2145
f 1810 	2050 	2149
f 2031 	2164 	2158
f 2165 	1414 	1444
f 2166 	2129 	2149
f 2160 	2158 	2164
f 2129 	2166 	2157
f 2165 	1415 	1414
f 264 	253 	2126
f 673 	1748 	2145
f 2166 	2149 	2050
f 2158 	2160 	2255
f 1925 	2100 	2167
f 2165 	2189 	1415
f 2157 	2166 	2050
f 2161 	2159 	2154
f 1794 	1802 	2178
f 2157 	2050 	2052
f 2189 	2163 	1415
f 1925 	2167 	1949
f 2144 	2034 	2262
f 2152 	2169 	2042
f 2163 	2189 	2168
f 1748 	2159 	2161
f 2164 	2042 	2169
f 1774 	1810 	2149
f 2169 	2160 	2164
f 2141 	2171 	2211
f 2153 	2137 	1577
f 2175 	2176 	2177
f 2171 	2178 	2174
f 2176 	2175 	2188
f 2178 	2180 	2174
f 2179 	1833 	2012
f 2181 	2180 	2178
f 2137 	2496 	1579
f 2152 	2155 	2169
f 2178 	1802 	2181
f 1805 	2181 	1802
f 426 	2106 	2151
f 1839 	2181 	1805
f 2175 	2177 	2182
f 461 	426 	2151
f 1832 	1833 	2168
f 1841 	2635 	2213
f 2148 	1794 	2171
f 2168 	1833 	2179
f 2171 	1794 	2178
f 2171 	2141 	2148
f 2184 	2337 	2183
f 2173 	2176 	2188
f 1832 	2168 	2189
f 2150 	2195 	2191
f 2176 	2184 	2177
f 1968 	2167 	2192
f 2189 	2165 	1832
f 2195 	2196 	2191
f 2173 	2184 	2176
f 2195 	2197 	2196
f 2197 	2198 	2196
f 1796 	2165 	1444
f 2167 	1968 	1949
f 2197 	2200 	2198
f 1796 	1844 	2165
f 2184 	2183 	2177
f 2165 	1844 	1832
f 2202 	2184 	2173
f 2163 	1932 	1415
f 2156 	2332 	2195
f 2163 	1951 	1932
f 2160 	2169 	2204
f 2096 	2188 	2098
f 2195 	2332 	2197
f 2096 	2173 	2188
f 2204 	2199 	2160
f 2206 	2229 	2155
f 2150 	2156 	2195
f 276 	850 	2207
f 2204 	2208 	2199
f 2231 	2342 	2202
f 910 	2191 	1012
f 2212 	312 	2207
f 2186 	2170 	2220
f 2203 	2199 	2208
f 281 	312 	2212
f 2174 	2211 	2171
f 1039 	1012 	2191
f 2207 	850 	862
f 2177 	2456 	2455
f 2191 	2196 	1039
f 2213 	2170 	2186
f 2207 	862 	2214
f 2163 	2215 	1938
f 2213 	2186 	1840
f 2204 	2169 	2185
f 2177 	2455 	2182
f 2208 	2204 	2185
f 2210 	2205 	2090
f 2163 	1938 	1951
f 2177 	2183 	2467
f 2213 	1840 	1841
f 823 	2190 	862
f 2210 	2216 	2205
f 2217 	2259 	2206
f 2169 	2155 	2185
f 2214 	862 	2190
f 2210 	2218 	2216
f 2177 	2467 	2456
f 2194 	2214 	2190
f 2210 	2219 	2218
f 1957 	2215 	2217
f 2219 	2211 	2218
f 2187 	2193 	2208
f 2221 	2203 	2208
f 2155 	1957 	2217
f 2219 	2141 	2211
f 2337 	2184 	2202
f 2208 	2193 	2221
f 2222 	2230 	2201
f 2090 	1997 	2210
f 2208 	2185 	2187
f 2217 	2206 	2155
f 2215 	2163 	2168
f 2210 	2140 	2219
f 1967 	2224 	1969
f 2217 	2215 	2168
f 2140 	2141 	2219
f 2225 	2227 	2228
f 2226 	2159 	1748
f 2223 	2186 	2220
f 2179 	2259 	2217
f 2186 	2223 	1840
f 2179 	2217 	2168
f 2205 	1550 	2065
f 1748 	1744 	2226
f 2214 	2230 	2207
f 2212 	2207 	2230
f 2228 	2231 	2225
f 2212 	2230 	2222
f 2242 	2082 	2033
f 2230 	2214 	2194
f 2227 	2224 	2228
f 2223 	2172 	2233
f 2194 	2201 	2230
f 2227 	2245 	2224
f 2229 	2235 	2187
f 2147 	2222 	2201
f 2236 	2228 	2224
f 2220 	2234 	2223
f 2224 	1967 	2236
f 2223 	2234 	2172
f 2085 	2239 	2232
f 1848 	1840 	2223
f 2085 	2135 	2239
f 2119 	2237 	2209
f 2240 	2232 	2239
f 245 	281 	2212
f 2241 	2238 	1807
f 2126 	2130 	2209
f 2229 	2206 	2259
f 2212 	2222 	2113
f 2240 	2595 	2232
f 1807 	1697 	2241
f 2227 	2225 	2088
f 2209 	2242 	2126
f 2227 	2088 	2245
f 2244 	2246 	1491
f 2079 	2072 	2225
f 1805 	2238 	1839
f 2035 	2242 	2033
f 2235 	2229 	2243
f 1697 	1700 	2241
f 2242 	2035 	2126
f 2258 	2239 	2135
f 2225 	2231 	2079
f 2192 	1965 	1968
f 1700 	2249 	2241
f 2248 	2235 	2243
f 2072 	2075 	2225
f 2250 	1965 	2192
f 2240 	2239 	2258
f 2225 	2075 	2088
f 2251 	2304 	2159
f 2258 	2252 	2240
f 1700 	2253 	2249
f 2235 	2248 	1074
f 2192 	2408 	2250
f 1702 	2253 	1700
f 2115 	2031 	2158
f 2235 	1074 	1070
f 2245 	1969 	2224
f 2246 	1493 	1491
f 2158 	2109 	2115
f 2088 	1726 	1683
f 1491 	1657 	2244
f 2158 	2255 	2109
f 2417 	2192 	2167
f 2179 	2012 	2256
f 2241 	2249 	3567
f 2417 	2167 	2400
f 2135 	2109 	2258
f 1969 	2245 	1689
f 2278 	2162 	2254
f 2259 	2243 	2229
f 1501 	1493 	2246
f 2255 	2258 	2109
f 2179 	2256 	2259
f 2144 	1893 	1889
f 2257 	1501 	2246
f 2252 	2258 	2255
f 2246 	2263 	2264
f 2255 	2265 	2252
f 2144 	2262 	1893
f 2267 	2240 	2252
f 1895 	1893 	2262
f 2261 	2237 	2315
f 2264 	2257 	2246
f 2016 	2268 	2269
f 2266 	2243 	2256
f 2262 	2271 	1895
f 2017 	2268 	2016
f 2259 	2256 	2243
f 2270 	2595 	2240
f 2305 	2228 	2236
f 2266 	2248 	2243
f 2267 	2270 	2240
f 2262 	2040 	2271
f 1980 	2257 	2264
f 2268 	2063 	2272
f 2266 	2273 	2248
f 2209 	2237 	2261
f 2265 	2267 	2252
f 1984 	2340 	2343
f 2063 	2268 	2017
f 2274 	2267 	2265
f 1074 	2248 	2273
f 2064 	2272 	2063
f 2284 	2247 	2276
f 2277 	2244 	1657
f 2254 	2247 	2284
f 1288 	1275 	2269
f 2277 	2246 	2244
f 1088 	1074 	2273
f 1288 	2269 	2268
f 2277 	2263 	2246
f 2266 	2256 	1989
f 2265 	2255 	2160
f 2278 	2254 	2284
f 1989 	1991 	2266
f 2209 	2260 	2242
f 1275 	2279 	2269
f 2265 	2160 	2199
f 2170 	2162 	2278
f 2159 	2226 	2251
f 2280 	2209 	2261
f 2272 	1315 	2268
f 2209 	2280 	2260
f 2273 	2266 	1992
f 2065 	1315 	2272
f 1657 	2308 	2277
f 2274 	2265 	2199
f 1315 	1288 	2268
f 1999 	2110 	2275
f 2307 	1687 	2303
f 2283 	2251 	1761
f 2199 	2203 	2274
f 635 	2273 	1992
f 2065 	1327 	1315
f 2114 	2110 	1999
f 2065 	1550 	1327
f 2260 	2280 	3805
f 1715 	1867 	2283
f 2273 	635 	1088
f 2260 	2082 	2242
f 2281 	2284 	2276
f 2016 	2279 	2024
f 2281 	2282 	2284
f 2016 	2269 	2279
f 2226 	1761 	2251
f 2064 	2065 	2272
f 2278 	2284 	2282
f 2251 	2283 	2287
f 2264 	2339 	1980
f 2037 	2114 	1999
f 2291 	2251 	2287
f 1183 	2288 	2490
f 2388 	2264 	2263
f 2037 	2139 	2114
f 2282 	2281 	2290
f 2282 	2290 	2293
f 2490 	1221 	1183
f 1199 	2288 	1183
f 2295 	1057 	1467
f 2231 	2228 	2342
f 2296 	2278 	2282
f 2295 	1701 	1057
f 2289 	886 	2359
f 2289 	895 	886
f 1199 	2341 	2288
f 2085 	2663 	2123
f 1986 	464 	2286
f 2293 	2290 	2068
f 2287 	2283 	1867
f 1116 	2341 	1199
f 2123 	1829 	2078
f 2285 	2298 	895
f 2228 	2294 	2342
f 2293 	2068 	2306
f 2312 	2286 	476
f 1902 	2287 	1867
f 2286 	464 	476
f 2285 	895 	2289
f 2299 	2297 	2403
f 2286 	1983 	1986
f 2298 	1345 	895
f 2278 	2296 	2234
f 2298 	1363 	1345
f 2292 	2342 	2294
f 2322 	2310 	2291
f 2170 	2278 	2220
f 1345 	898 	895
f 2234 	2220 	2278
f 2313 	1374 	2285
f 2286 	2300 	1983
f 1458 	2878 	1488
f 2296 	2172 	2234
f 2305 	2302 	2292
f 2156 	2159 	2304
f 1374 	2298 	2285
f 2119 	1983 	2300
f 1687 	1711 	2303
f 1374 	1363 	2298
f 2306 	2282 	2293
f 2296 	2282 	2306
f 2301 	1462 	1463
f 2294 	2305 	2292
f 2296 	2306 	2172
f 480 	2309 	2312
f 2301 	2378 	1462
f 482 	480 	2312
f 2172 	2306 	232
f 2304 	2310 	2423
f 2878 	2301 	1463
f 2285 	2314 	2313
f 2351 	2302 	2311
f 1463 	1488 	2878
f 2306 	2068 	232
f 1803 	2316 	3736
f 2304 	2251 	2291
f 1411 	1462 	2378
f 2285 	2317 	2314
f 2315 	2312 	2309
f 2318 	2319 	2320
f 3191 	3192 	2311
f 2304 	2291 	2310
f 2461 	2074 	2314
f 2316 	1803 	2895
f 2315 	2321 	2312
f 2291 	2324 	2322
f 2320 	2325 	2318
f 3191 	2311 	2302
f 2312 	2321 	2300
f 2294 	2228 	2305
f 2299 	2409 	2303
f 2328 	2329 	2320
f 2352 	2330 	2327
f 2300 	2286 	2312
f 2357 	2330 	2352
f 2305 	2236 	3227
f 2330 	2331 	2327
f 2409 	2307 	2303
f 2313 	2066 	1303
f 1622 	1619 	2330
f 2315 	2237 	2321
f 2319 	2328 	2320
f 2330 	1626 	1622
f 2307 	2412 	2308
f 2423 	2310 	2322
f 2308 	2416 	2384
f 2322 	2427 	2423
f 2300 	2321 	2237
f 2308 	2384 	2277
f 2237 	2119 	2300
f 2304 	2332 	2156
f 3191 	2302 	2305
f 2312 	476 	482
f 2328 	2767 	2329
f 1303 	1374 	2313
f 2384 	2263 	2277
f 2332 	2304 	2423
f 2317 	2289 	2333
f 2332 	2422 	2197
f 1564 	2418 	1467
f 470 	2336 	491
f 2423 	2422 	2332
f 2344 	2317 	2333
f 470 	2006 	2336
f 2334 	2183 	2337
f 2289 	2317 	2285
f 2338 	2014 	1965
f 1984 	1980 	2340
f 2339 	2340 	1980
f 2341 	2360 	2579
f 2318 	2335 	2319
f 2062 	1984 	2343
f 2014 	2338 	2336
f 2345 	2346 	2347
f 2335 	1764 	1815
f 2348 	2349 	2077
f 2347 	2350 	2345
f 2349 	2355 	2077
f 2347 	2352 	2350
f 2302 	2351 	2292
f 2350 	2352 	2327
f 2338 	1965 	2250
f 500 	491 	2336
f 1887 	1853 	2353
f 2334 	2337 	2292
f 2292 	2351 	2334
f 2355 	716 	2081
f 2342 	2337 	2202
f 2355 	962 	716
f 2344 	2533 	2454
f 2342 	2292 	2337
f 2548 	2335 	2318
f 2354 	2352 	2347
f 2326 	2344 	2454
f 2344 	2326 	2317
f 2357 	2352 	2354
f 1903 	2358 	1902
f 2357 	1626 	2330
f 2360 	2594 	2579
f 2359 	886 	921
f 2594 	2360 	2323
f 2357 	2354 	1735
f 2341 	1116 	2360
f 2167 	2100 	2366
f 2368 	916 	2367
f 2323 	2360 	1116
f 2369 	2370 	2371
f 2358 	2324 	2291
f 2343 	2348 	2067
f 1116 	1618 	2323
f 2291 	2287 	2358
f 1618 	1596 	2323
f 2442 	2348 	2343
f 2287 	1902 	2358
f 2443 	2349 	2348
f 2367 	2369 	2371
f 2464 	2322 	2377
f 2371 	2368 	2367
f 2355 	2349 	2443
f 2379 	2359 	2368
f 2449 	2355 	2443
f 2371 	2379 	2368
f 2324 	2377 	2322
f 2375 	2366 	2365
f 2365 	2380 	2375
f 2449 	962 	2355
f 2377 	2381 	2464
f 2358 	2377 	2324
f 2365 	1894 	1907
f 2343 	2340 	2442
f 1411 	2376 	1605
f 1907 	2380 	2365
f 2363 	2377 	2358
f 2363 	2362 	2377
f 2362 	2381 	2377
f 2389 	2376 	1411
f 2362 	2383 	2381
f 3292 	2372 	2364
f 2374 	1735 	2354
f 2382 	2372 	2373
f 2383 	2385 	2381
f 2384 	2386 	2263
f 2383 	1880 	2385
f 2374 	922 	1735
f 2650 	2364 	2372
f 2371 	2370 	2533
f 1905 	2353 	2383
f 2382 	2650 	2372
f 2353 	1853 	2383
f 1853 	1880 	2383
f 2387 	2895 	1803
f 2382 	2373 	1994
f 2263 	2386 	2388
f 1879 	2385 	1880
f 1998 	2382 	1994
f 2358 	1903 	2363
f 2339 	2388 	2439
f 1411 	2378 	2389
f 2383 	2362 	1905
f 2339 	2264 	2388
f 2439 	2438 	2339
f 2399 	2396 	2327
f 2400 	2167 	2366
f 2375 	2401 	2400
f 251 	2388 	2386
f 2385 	2484 	2381
f 2331 	2399 	2327
f 2485 	2397 	2390
f 2385 	1879 	2484
f 2299 	2403 	2404
f 2407 	2402 	2393
f 2366 	2375 	2400
f 916 	2374 	2391
f 2404 	2409 	2299
f 1341 	1469 	2045
f 2434 	2399 	2411
f 1344 	1341 	2045
f 916 	2391 	2367
f 2045 	2047 	1344
f 2368 	921 	916
f 2409 	2412 	2307
f 2359 	921 	2368
f 2047 	1413 	1344
f 2394 	2413 	2407
f 2379 	2333 	2289
f 2410 	3805 	2280
f 2261 	2410 	2280
f 2411 	448 	2434
f 2402 	2407 	2415
f 2398 	2395 	2406
f 2379 	2289 	2359
f 2416 	2308 	2412
f 2411 	452 	448
f 2408 	2192 	2417
f 2200 	2428 	2414
f 2379 	2371 	2344
f 2411 	2399 	445
f 2419 	2420 	2408
f 2295 	1467 	2418
f 2379 	2344 	2333
f 2422 	2200 	2197
f 1631 	445 	2399
f 2406 	2405 	2323
f 2295 	2418 	2403
f 2421 	2415 	2432
f 2406 	2323 	2425
f 2424 	2402 	2415
f 2344 	2371 	2533
f 2376 	2406 	2425
f 2417 	2419 	2408
f 2297 	2295 	2403
f 2421 	2424 	2415
f 2376 	2398 	2406
f 2331 	1631 	2399
f 2400 	2419 	2417
f 2425 	2323 	1596
f 2413 	2394 	2142
f 2376 	2425 	1596
f 2423 	2427 	2422
f 2103 	2450 	2426
f 2400 	2401 	2419
f 2117 	2413 	2142
f 2112 	2103 	2426
f 2200 	2422 	2428
f 2426 	2108 	2112
f 2432 	2407 	2413
f 2415 	2407 	2432
f 1628 	2426 	2450
f 2429 	2920 	2430
f 2432 	2413 	2117
f 2103 	2452 	2450
f 2422 	2427 	2428
f 2221 	2435 	2203
f 2427 	2436 	2433
f 2421 	2432 	2117
f 2325 	2320 	2392
f 2431 	2203 	2435
f 2399 	2434 	2396
f 2437 	2431 	2435
f 2117 	2136 	2421
f 2340 	2339 	2438
f 2394 	2110 	2142
f 2427 	2433 	2428
f 2108 	1628 	950
f 2108 	2426 	1628
f 2442 	2441 	2348
f 2486 	2485 	2390
f 2338 	2250 	2408
f 2433 	2436 	2465
f 2486 	2390 	2392
f 2424 	2440 	2402
f 2193 	2435 	2221
f 2482 	2408 	2420
f 2193 	2446 	2435
f 2447 	2444 	235
f 2443 	2348 	2441
f 2427 	2322 	2464
f 2445 	1658 	1654
f 1654 	2450 	2445
f 962 	2449 	1004
f 2429 	448 	2924
f 2450 	2451 	2445
f 2446 	2193 	1061
f 2450 	2452 	2451
f 2464 	2436 	2427
f 2429 	2434 	448
f 2452 	2453 	2454
f 2442 	2340 	2438
f 2446 	2458 	2435
f 2437 	2435 	2458
f 2470 	2437 	2458
f 2452 	2454 	2451
f 480 	492 	2309
f 2326 	2454 	2461
f 2418 	1564 	251
f 1061 	2193 	1070
f 251 	2403 	2418
f 2453 	2461 	2454
f 2456 	2447 	2455
f 2466 	2309 	492
f 2461 	2314 	2317
f 251 	2404 	2403
f 2456 	2444 	2447
f 251 	2409 	2404
f 2456 	2448 	2444
f 2309 	2459 	2315
f 2433 	2465 	2457
f 2461 	2317 	2326
f 2465 	2474 	2457
f 251 	2412 	2409
f 2467 	2448 	2456
f 251 	2416 	2412
f 251 	2384 	2416
f 2466 	2459 	2309
f 251 	2386 	2384
f 2183 	2334 	2467
f 2315 	2459 	2261
f 2673 	2467 	2334
f 2459 	2410 	2261
f 251 	2439 	2388
f 2387 	1813 	2469
f 500 	2336 	2471
f 251 	2438 	2439
f 2472 	2582 	2470
f 1813 	2473 	2469
f 2471 	2475 	502
f 2461 	2076 	2074
f 251 	2442 	2438
f 2457 	2474 	2460
f 2473 	2462 	2469
f 251 	2441 	2442
f 2474 	2024 	2460
f 2450 	1654 	1628
f 2474 	2027 	2024
f 251 	2443 	2441
f 2471 	502 	500
f 2336 	2338 	2478
f 251 	2449 	2443
f 2464 	2465 	2436
f 251 	1004 	2449
f 2464 	2479 	2465
f 2477 	2462 	2473
f 2336 	2478 	2471
f 2479 	2474 	2465
f 2476 	2431 	2437
f 2392 	2320 	2483
f 2478 	2482 	2471
f 2479 	2484 	2474
f 2473 	1834 	2463
f 2484 	2044 	2474
f 2470 	2476 	2437
f 2482 	2475 	2471
f 2027 	2474 	2044
f 2463 	2477 	2473
f 2464 	2381 	2479
f 2470 	2582 	2487
f 2338 	2408 	2478
f 2486 	2488 	2485
f 2487 	2468 	2476
f 2486 	2489 	2488
f 2484 	2479 	2381
f 2470 	2487 	2476
f 2402 	2480 	2393
f 2408 	2482 	2478
f 2458 	2490 	2470
f 2396 	2350 	2327
f 502 	2475 	4080
f 2490 	2472 	2470
f 2483 	2486 	2392
f 2288 	2472 	2490
f 2484 	1879 	2044
f 2483 	2492 	2486
f 2350 	2396 	2491
f 502 	4080 	535
f 2430 	2493 	2429
f 2492 	2489 	2486
f 2579 	2472 	2341
f 2429 	2493 	2434
f 2494 	2732 	2414
f 2492 	2483 	2320
f 2472 	2288 	2341
f 4093 	2482 	2420
f 2499 	2500 	2430
f 2329 	2492 	2320
f 2493 	2430 	2500
f 2490 	2458 	1064
f 1064 	1221 	2490
f 2494 	2498 	2732
f 2452 	2076 	2453
f 2460 	2498 	2457
f 2502 	2505 	2501
f 2460 	2506 	2498
f 2461 	2453 	2076
f 2505 	986 	2501
f 2460 	2279 	2506
f 2495 	2522 	2511
f 2024 	2279 	2460
f 77 	2495 	2511
f 2727 	2553 	2414
f 2497 	2495 	91
f 2497 	91 	86
f 77 	91 	2495
f 2500 	2710 	2504
f 2511 	2480 	2402
f 2155 	2229 	2185
f 2402 	2440 	77
f 2229 	2187 	2185
f 2491 	2396 	2493
f 2494 	2414 	2428
f 2193 	2187 	2235
f 2428 	2433 	2494
f 2493 	2396 	2434
f 2491 	2500 	2504
f 2493 	2500 	2491
f 2402 	77 	2511
f 1070 	2193 	2235
f 2444 	2448 	2515
f 1703 	2514 	1702
f 2504 	2345 	2491
f 2514 	2516 	1702
f 2498 	2494 	2433
f 2615 	987 	2505
f 2345 	2350 	2491
f 2498 	2433 	2457
f 2518 	2517 	2514
f 2369 	2517 	2518
f 2519 	2520 	428
f 987 	986 	2505
f 2489 	2492 	2858
f 2499 	2710 	2500
f 2518 	2370 	2369
f 986 	998 	2501
f 2501 	998 	1002
f 2510 	2507 	2509
f 2520 	429 	428
f 2517 	2516 	2514
f 2523 	2519 	12
f 2521 	2724 	2522
f 2501 	2524 	2502
f 12 	2519 	428
f 2526 	2502 	2524
f 2519 	2523 	2527
f 2514 	2528 	2525
f 2524 	2530 	2526
f 3556 	2509 	2507
f 2525 	2518 	2514
f 2267 	2509 	2270
f 2531 	2501 	1002
f 2495 	2521 	2522
f 2518 	2525 	2533
f 2532 	2527 	2523
f 2497 	2521 	2495
f 2520 	2519 	2527
f 2501 	2531 	2524
f 2496 	2512 	1822
f 2550 	2554 	2509
f 2522 	2480 	2511
f 2520 	2527 	2535
f 2509 	2554 	2510
f 2536 	2354 	2347
f 2518 	2533 	2370
f 2503 	1822 	2512
f 2347 	2346 	2536
f 2539 	2325 	2529
f 2540 	2541 	2532
f 1825 	1822 	2503
f 2531 	2534 	2524
f 2541 	2527 	2532
f 2765 	2538 	2515
f 2325 	2539 	2318
f 2541 	2535 	2527
f 2346 	2542 	2536
f 1825 	2503 	1828
f 2541 	2543 	2535
f 1709 	1658 	2528
f 2534 	2530 	2524
f 2445 	2528 	1658
f 2545 	2536 	2542
f 1709 	2514 	1703
f 2544 	2548 	2539
f 2537 	2267 	2274
f 2546 	2540 	2549
f 2528 	2514 	1709
f 2509 	2267 	2550
f 2445 	2451 	2528
f 2552 	2545 	2542
f 2541 	2540 	2546
f 2539 	2548 	2318
f 2537 	2550 	2267
f 2525 	2528 	2451
f 2503 	2547 	1828
f 2513 	2550 	2537
f 2536 	2545 	2374
f 2533 	2525 	2451
f 2543 	2541 	2546
f 2546 	2549 	2555
f 2451 	2454 	2533
f 2556 	2546 	2555
f 2374 	2354 	2536
f 2547 	1847 	1828
f 2548 	2544 	1759
f 2513 	2554 	2550
f 1764 	2548 	1759
f 2530 	2534 	2735
f 2274 	2203 	2431
f 2516 	2517 	2564
f 2537 	2274 	2431
f 2545 	2552 	2391
f 2369 	2564 	2517
f 2537 	2431 	2476
f 429 	2520 	141
f 2537 	2476 	2513
f 2468 	2513 	2476
f 429 	141 	145
f 2516 	2253 	1702
f 2520 	153 	141
f 2346 	2345 	2581
f 2253 	2516 	2562
f 2564 	2562 	2516
f 2346 	2572 	2542
f 2568 	2559 	2574
f 2535 	153 	2520
f 2565 	1898 	1895
f 2564 	2369 	2566
f 2560 	621 	619
f 2560 	2567 	621
f 2567 	120 	621
f 1895 	2570 	2565
f 121 	120 	2567
f 2570 	2573 	2565
f 2530 	2735 	2551
f 2558 	2133 	2557
f 2560 	2563 	2576
f 2573 	2577 	2565
f 2153 	2133 	2558
f 2573 	2580 	2577
f 2578 	2571 	2572
f 2567 	2560 	2576
f 2558 	2137 	2153
f 2572 	2581 	2578
f 2567 	2576 	133
f 2566 	2369 	2367
f 2200 	2414 	2553
f 2468 	2487 	2561
f 2572 	2346 	2581
f 133 	121 	2567
f 2367 	2391 	2566
f 2487 	2582 	2561
f 2558 	2584 	2137
f 2575 	2561 	2582
f 2576 	2563 	2521
f 2566 	2552 	2564
f 2497 	133 	2576
f 2496 	2712 	2481
f 86 	133 	2497
f 2552 	2602 	2564
f 2521 	2497 	2576
f 2566 	2391 	2552
f 1039 	1066 	2531
f 2575 	2583 	2561
f 2496 	2137 	2584
f 1066 	2534 	2531
f 2584 	2712 	2496
f 2578 	2644 	2571
f 2553 	2534 	1066
f 2147 	2557 	2133
f 2472 	2579 	2582
f 2579 	2575 	2582
f 1066 	2198 	2553
f 2553 	2198 	2200
f 2578 	2581 	2716
f 2589 	2040 	2039
f 2530 	2588 	2526
f 2323 	2405 	2594
f 2574 	2590 	2568
f 2551 	2588 	2530
f 2039 	2591 	2589
f 2568 	2590 	3230
f 2633 	2579 	2594
f 2587 	2586 	2593
f 2405 	2633 	2594
f 2590 	2574 	2569
f 2593 	2592 	2587
f 2391 	2374 	2545
f 2039 	2087 	2591
f 2592 	2593 	2393
f 2591 	2087 	2622
f 2597 	2764 	2595
f 2590 	2569 	2600
f 2602 	2562 	2564
f 2593 	2586 	2624
f 2270 	2597 	2595
f 2598 	2810 	2812
f 2382 	1998 	2275
f 2600 	3237 	2590
f 187 	284 	2604
f 2604 	2605 	189
f 2600 	2569 	2585
f 2600 	2585 	2607
f 1627 	2608 	1621
f 2605 	2604 	2619
f 2572 	2571 	2606
f 509 	2600 	2607
f 2609 	2781 	334
f 2606 	2542 	2572
f 2604 	189 	187
f 2609 	334 	352
f 2610 	2612 	2613
f 1627 	1634 	2608
f 2609 	352 	161
f 2601 	2496 	2481
f 2512 	2496 	2601
f 2611 	1 	2605
f 2609 	161 	2070
f 2607 	2585 	1783
f 2615 	2608 	1634
f 2253 	2562 	2612
f 1634 	987 	2615
f 1 	189 	2605
f 2601 	2603 	2512
f 2610 	2613 	2617
f 2618 	2619 	2604
f 2505 	2502 	2615
f 2613 	2612 	2602
f 2620 	2615 	2502
f 2070 	2290 	2609
f 2614 	2616 	3197
f 2585 	1861 	1783
f 2394 	2593 	2624
f 2630 	1860 	2598
f 2613 	2602 	2606
f 2394 	2275 	2110
f 2604 	291 	2618
f 2621 	2591 	2622
f 2611 	2605 	2619
f 2606 	2602 	2552
f 2619 	2625 	2611
f 2677 	1630 	2608
f 2618 	2628 	2626
f 2606 	2552 	2542
f 2104 	2627 	2622
f 2619 	2618 	2626
f 2602 	2612 	2562
f 2614 	2583 	2633
f 2087 	2104 	2622
f 2633 	2616 	2614
f 2627 	2634 	2622
f 2633 	2695 	2616
f 2253 	2612 	2610
f 2632 	2626 	2628
f 2395 	2616 	2695
f 2622 	2634 	2621
f 2626 	2632 	2637
f 2634 	2627 	392
f 2624 	2275 	2394
f 2632 	2640 	2637
f 2480 	2592 	2393
f 2626 	2625 	2619
f 2634 	392 	394
f 2637 	2625 	2626
f 2104 	393 	2627
f 2632 	2643 	2646
f 2644 	2645 	2571
f 393 	392 	2627
f 2407 	2393 	2593
f 2593 	2394 	2407
f 2633 	2583 	2575
f 2644 	2647 	2648
f 2816 	2630 	2812
f 2648 	2645 	2644
f 2579 	2633 	2575
f 2617 	2613 	2645
f 2596 	3111 	2653
f 2648 	2617 	2645
f 2646 	2640 	2632
f 2652 	1862 	1733
f 2406 	2395 	2695
f 2613 	2606 	2645
f 2645 	2606 	2571
f 2621 	2651 	2591
f 2649 	2364 	2650
f 2629 	2635 	2691
f 2659 	2642 	2638
f 2651 	2589 	2591
f 2586 	2649 	2650
f 2715 	2649 	2587
f 2587 	2649 	2586
f 2589 	2651 	2654
f 2653 	2642 	2659
f 2655 	2654 	2656
f 2382 	2586 	2650
f 2638 	2639 	2659
f 2624 	2586 	2382
f 2651 	2656 	2654
f 2659 	2639 	1216
f 2618 	291 	2628
f 2547 	2658 	1847
f 2596 	2653 	1138
f 2547 	2599 	2598
f 2604 	284 	291
f 2621 	2656 	2651
f 2382 	2275 	2624
f 2547 	2598 	2658
f 2660 	2664 	2661
f 1138 	2653 	2659
f 2630 	1859 	1860
f 2641 	2623 	2631
f 2660 	2665 	2664
f 2630 	2636 	1859
f 2666 	2668 	2665
f 1859 	2636 	2652
f 1216 	1138 	2659
f 2667 	2623 	2641
f 1216 	2639 	1180
f 2670 	2665 	2668
f 2665 	2660 	2666
f 2502 	2526 	2620
f 2588 	2671 	2526
f 2503 	2512 	2603
f 2667 	2641 	2574
f 2603 	2547 	2503
f 2669 	2462 	2477
f 2547 	2603 	2599
f 2674 	2656 	2621
f 2351 	2675 	2334
f 2669 	2477 	2676
f 2559 	2667 	2574
f 2676 	2657 	2669
f 2675 	2351 	2311
f 2629 	2641 	2631
f 2658 	2598 	1860
f 2311 	2662 	2675
f 2678 	2657 	2676
f 1929 	1733 	1158
f 2477 	2463 	2681
f 2691 	2685 	2629
f 1859 	2652 	1929
f 2629 	2685 	2641
f 2676 	2477 	2681
f 1733 	1929 	2652
f 1630 	2677 	2672
f 1847 	2658 	1860
f 2548 	1764 	2335
f 2677 	2683 	2672
f 2678 	2676 	2681
f 2620 	2683 	2677
f 2681 	2696 	2678
f 397 	558 	2682
f 2641 	2685 	2569
f 2687 	2672 	2683
f 2463 	1829 	2681
f 2641 	2569 	2574
f 2692 	2681 	1829
f 2693 	2687 	2690
f 2688 	2674 	2682
f 2681 	2692 	2663
f 2691 	2569 	2685
f 2585 	2569 	2691
f 2448 	2467 	2679
f 2695 	2633 	2405
f 2663 	2696 	2681
f 2679 	2467 	2673
f 2674 	2688 	2697
f 1841 	2691 	2635
f 2448 	2679 	2515
f 2634 	2682 	2621
f 2695 	2405 	2406
f 2673 	2680 	2679
f 2673 	2675 	2680
f 2675 	2694 	2680
f 2677 	2615 	2620
f 2682 	2674 	2621
f 2585 	2691 	1861
f 394 	397 	2682
f 2694 	2675 	2662
f 2700 	2701 	2702
f 2620 	2671 	2683
f 2682 	2634 	394
f 2615 	2677 	2608
f 2692 	1829 	2123
f 2702 	2703 	2700
f 2688 	2682 	558
f 2673 	2334 	2675
f 2703 	2699 	2700
f 2123 	2663 	2692
f 2690 	2687 	2683
f 2703 	2706 	2699
f 2683 	2671 	2690
f 2706 	2708 	2699
f 3197 	2707 	2614
f 558 	2111 	2907
f 2708 	2698 	2699
f 2504 	2710 	2711
f 2688 	558 	2907
f 2671 	2713 	2690
f 2655 	2656 	2915
f 2705 	2704 	2714
f 2620 	2526 	2671
f 2671 	2588 	2713
f 2714 	2704 	2718
f 2581 	2711 	2716
f 2581 	2345 	2711
f 2271 	2722 	1895
f 2717 	3344 	2714
f 2345 	2504 	2711
f 2722 	2570 	1895
f 2717 	2723 	3344
f 3181 	3214 	2657
f 2724 	2709 	2720
f 2726 	3181 	2657
f 2247 	3284 	2725
f 2720 	2715 	2728
f 2706 	2729 	2730
f 2684 	2686 	2557
f 2723 	2717 	2568
f 2559 	2568 	2717
f 2720 	2709 	2731
f 2414 	2732 	2727
f 2584 	2558 	2689
f 2720 	2731 	2715
f 2729 	2749 	2730
f 2728 	2480 	2720
f 2689 	2712 	2584
f 2522 	2724 	2720
f 2706 	2730 	2708
f 2498 	2798 	2732
f 2480 	2522 	2720
f 2728 	2715 	2587
f 2510 	2719 	2507
f 2553 	2735 	2534
f 2716 	2711 	2809
f 2728 	2592 	2480
f 2510 	2736 	2719
f 2706 	2703 	2733
f 2728 	2587 	2592
f 2711 	2710 	2809
f 2553 	2727 	2735
f 2733 	2729 	2706
f 2738 	2719 	2736
f 2726 	2657 	2740
f 2741 	2742 	2729
f 2739 	2847 	2745
f 2746 	2734 	2737
f 2741 	544 	2742
f 2853 	2684 	2852
f 2746 	2718 	2734
f 2686 	2684 	2853
f 2738 	2743 	2719
f 2718 	2704 	2734
f 2733 	2741 	2729
f 2740 	2657 	2678
f 2729 	2742 	2749
f 2748 	2551 	2735
f 2747 	2709 	2744
f 2731 	2709 	2747
f 544 	546 	2742
f 2361 	2747 	2356
f 2508 	2734 	2704
f 2743 	2738 	2721
f 546 	2749 	2742
f 2753 	2747 	2361
f 2714 	2746 	2717
f 2748 	2735 	2727
f 2718 	2746 	2714
f 2732 	2748 	2727
f 2754 	2721 	2738
f 2731 	2747 	2753
f 2751 	2752 	2740
f 2774 	522 	2741
f 2741 	522 	544
f 2790 	2748 	2732
f 2753 	2361 	2364
f 2755 	2752 	2751
f 2736 	2510 	2554
f 2750 	2739 	2194
f 2623 	2746 	2737
f 2623 	2667 	2746
f 2753 	2364 	2649
f 2732 	2798 	2790
f 2752 	2755 	2756
f 2753 	2715 	2731
f 2717 	2746 	2667
f 2736 	2554 	2757
f 2773 	2696 	2663
f 2829 	2551 	2831
f 2667 	2559 	2717
f 2663 	2759 	2773
f 2741 	2733 	2774
f 2715 	2753 	2649
f 2750 	1195 	1319
f 2831 	2551 	2748
f 2760 	2328 	2319
f 2760 	2771 	2328
f 2736 	2757 	2758
f 2684 	2745 	2852
f 2850 	2852 	2745
f 2759 	2761 	2751
f 2147 	2201 	2763
f 2760 	2319 	2335
f 2758 	2738 	2736
f 1295 	2888 	2762
f 2751 	2761 	2764
f 2679 	2680 	2765
f 2755 	2751 	2764
f 2763 	2201 	2684
f 2766 	2767 	2328
f 2796 	2754 	2738
f 2768 	2765 	2680
f 2769 	1304 	2762
f 2766 	2328 	2771
f 2763 	2684 	2557
f 2679 	2765 	2515
f 2762 	1304 	1306
f 2759 	2663 	2232
f 2722 	2271 	2040
f 2770 	2768 	2680
f 2589 	2722 	2040
f 2696 	2740 	2678
f 2557 	2686 	2689
f 2680 	2694 	2770
f 2827 	2722 	2589
f 2773 	2740 	2696
f 2558 	2557 	2689
f 2751 	2740 	2773
f 1195 	2190 	823
f 2513 	2757 	2554
f 2538 	2765 	2772
f 1195 	2750 	2190
f 2759 	2751 	2773
f 2790 	2831 	2748
f 522 	2774 	530
f 2085 	2232 	2663
f 2750 	2194 	2190
f 2771 	2797 	2766
f 2777 	2733 	2702
f 2760 	2335 	1815
f 2759 	2232 	2595
f 2772 	2776 	2538
f 2745 	2194 	2739
f 2760 	1815 	1888
f 2745 	2201 	2194
f 2595 	2761 	2759
f 2776 	2772 	2780
f 2774 	2733 	2777
f 2771 	2760 	1888
f 1592 	2984 	2778
f 2684 	2201 	2745
f 2789 	2792 	2777
f 1884 	2771 	1888
f 2883 	2984 	1592
f 2777 	2792 	2774
f 2761 	2595 	2764
f 2771 	1884 	2793
f 2782 	2780 	2772
f 1592 	1489 	2883
f 2797 	2822 	2767
f 2782 	2783 	2784
f 2733 	2703 	2702
f 2775 	2791 	2725
f 2778 	1426 	1268
f 2763 	2557 	2147
f 2644 	2578 	2716
f 2702 	3001 	2777
f 2767 	2766 	2797
f 2778 	1268 	1542
f 2778 	1542 	1558
f 2787 	2775 	2779
f 2789 	2777 	3001
f 2513 	2468 	2757
f 2725 	2791 	2247
f 2780 	2782 	2784
f 2740 	2785 	2726
f 2791 	2276 	2247
f 2853 	2689 	2686
f 2785 	2752 	2786
f 2791 	2775 	2787
f 2757 	2468 	2758
f 2765 	2768 	2772
f 2712 	2689 	2865
f 2756 	2786 	2752
f 2768 	2782 	2772
f 2281 	2791 	2787
f 2752 	2785 	2740
f 2758 	2468 	2561
f 2768 	2770 	2782
f 2583 	2758 	2561
f 2794 	2795 	2647
f 2770 	2783 	2782
f 2887 	2865 	2689
f 2738 	2758 	2796
f 2791 	2281 	2276
f 2776 	2780 	2877
f 2644 	2794 	2647
f 1886 	2793 	1884
f 2481 	2712 	2788
f 2865 	2788 	2712
f 2644 	2716 	2794
f 2793 	2797 	2771
f 2788 	2601 	2481
f 2781 	2787 	2779
f 2804 	2795 	2794
f 2781 	2799 	2787
f 2798 	2800 	2801
f 2787 	2799 	2290
f 2794 	2807 	2804
f 2603 	2810 	2599
f 2794 	2716 	2807
f 2281 	2787 	2290
f 2802 	2803 	2804
f 2798 	2801 	2790
f 2702 	2701 	3001
f 2801 	2800 	1274
f 2804 	2807 	2802
f 2799 	2781 	2609
f 2279 	1274 	2800
f 2774 	2792 	610
f 2807 	2809 	2802
f 2809 	2811 	2802
f 610 	530 	2774
f 2609 	2290 	2799
f 1285 	2801 	1274
f 2809 	2813 	2811
f 2809 	2710 	2813
f 3718 	2784 	2783
f 2814 	2698 	2815
f 2498 	2506 	2798
f 2573 	2817 	2580
f 2499 	2813 	2710
f 2698 	2814 	2699
f 2506 	2800 	2798
f 2800 	2506 	2279
f 2809 	2807 	2716
f 2790 	2835 	2831
f 2810 	2598 	2599
f 2796 	2758 	2583
f 2828 	2965 	2822
f 2813 	3271 	2811
f 2790 	2801 	2839
f 2816 	2818 	2630
f 2636 	2630 	2818
f 2796 	2583 	2614
f 2818 	2652 	2636
f 2797 	2826 	2828
f 2707 	2754 	2796
f 2775 	2725 	2823
f 2652 	2818 	2820
f 2707 	2796 	2614
f 2827 	2570 	2722
f 2788 	2805 	2601
f 2603 	2838 	2810
f 2573 	2570 	2827
f 2829 	2588 	2551
f 2822 	2797 	2828
f 2826 	2797 	2793
f 2819 	2912 	2832
f 2827 	2830 	2573
f 2598 	2812 	2630
f 2831 	2833 	2829
f 3415 	3798 	2743
f 2793 	2834 	2826
f 1862 	2652 	2820
f 2573 	2830 	2817
f 2831 	2835 	2833
f 2743 	2721 	3415
f 1898 	2793 	1886
f 2719 	2743 	3794
f 2827 	2589 	2654
f 1898 	2834 	2793
f 2743 	3798 	3794
f 633 	2836 	2844
f 2654 	2655 	2827
f 2837 	2833 	2835
f 2601 	2805 	2603
f 634 	633 	2844
f 2827 	2655 	2830
f 2824 	634 	2844
f 2668 	2666 	2814
f 2655 	2919 	2830
f 2603 	2805 	2838
f 2839 	2837 	2835
f 2666 	2873 	2814
f 2815 	2668 	2814
f 2839 	1348 	2837
f 2841 	2836 	2821
f 2488 	2489 	2842
f 2845 	2750 	1319
f 2846 	2842 	2489
f 1348 	1350 	2837
f 2847 	2750 	2845
f 2989 	2817 	2830
f 2844 	2836 	2841
f 2739 	2750 	2847
f 2699 	2814 	2873
f 2830 	2919 	2989
f 2849 	2660 	2661
f 2790 	2839 	2835
f 2844 	2841 	2825
f 2850 	2745 	2847
f 2844 	2825 	2824
f 2841 	2821 	2744
f 2801 	1285 	2839
f 2841 	2744 	2709
f 2853 	2887 	2689
f 2839 	1285 	1348
f 2841 	2709 	2724
f 2845 	1319 	545
f 2492 	2329 	2858
f 2857 	515 	334
f 2825 	2841 	2724
f 2489 	2858 	2846
f 2847 	2845 	545
f 2724 	2521 	2825
f 3515 	2832 	2854
f 2850 	2847 	545
f 643 	634 	2824
f 2767 	2858 	2329
f 2850 	545 	2852
f 2824 	2825 	2560
f 2588 	2829 	3018
f 2563 	2560 	2825
f 2853 	2852 	545
f 2521 	2563 	2825
f 2853 	545 	2887
f 2824 	2560 	643
f 619 	643 	2560
f 2887 	545 	2865
f 3080 	2862 	2849
f 649 	2866 	2863
f 2837 	1350 	3048
f 2788 	2865 	545
f 645 	649 	2863
f 2867 	2974 	2864
f 2870 	644 	645
f 2849 	2862 	2660
f 2788 	545 	2805
f 2859 	2872 	2775
f 2660 	2873 	2666
f 2863 	2870 	645
f 2805 	545 	2838
f 2859 	2775 	2823
f 2866 	2876 	2877
f 2810 	2838 	545
f 2859 	2868 	2872
f 2810 	545 	2812
f 2856 	2855 	2878
f 2855 	2301 	2878
f 2812 	545 	2816
f 2862 	2701 	2873
f 2856 	2878 	2897
f 2816 	545 	2818
f 2700 	2873 	2701
f 2848 	2840 	2843
f 2866 	2877 	2863
f 2860 	2856 	2897
f 2862 	2873 	2660
f 2818 	545 	2820
f 2859 	2879 	2868
f 2870 	2863 	2877
f 2872 	2868 	2869
f 2877 	2882 	2870
f 2820 	545 	1862
f 2885 	2775 	2872
f 2699 	2873 	2700
f 2885 	2779 	2775
f 2876 	2776 	2877
f 2869 	1102 	2891
f 2884 	1341 	2861
f 2780 	2784 	2877
f 2877 	2784 	2882
f 2861 	1341 	1343
f 2784 	3718 	2882
f 2872 	2869 	2885
f 746 	644 	2870
f 2885 	2869 	2857
f 2890 	2875 	2881
f 1461 	1341 	2884
f 2869 	2891 	2857
f 2893 	2875 	2890
f 2301 	2855 	2378
f 2894 	2 	1
f 2857 	2779 	2885
f 2843 	2886 	2851
f 2894 	2896 	2
f 2851 	2848 	2843
f 2857 	2781 	2779
f 2867 	2864 	2892
f 2886 	2316 	2895
f 2611 	2894 	1
f 2864 	2900 	2892
f 2886 	551 	568
f 2892 	2900 	2734
f 2912 	2819 	175
f 2316 	2886 	568
f 2781 	2857 	334
f 2886 	2895 	2874
f 2861 	2860 	2897
f 2 	2896 	3
f 2874 	2851 	2886
f 2625 	2898 	2611
f 2734 	2508 	2892
f 2899 	2864 	2871
f 2889 	2832 	2912
f 2884 	2861 	2897
f 2580 	2817 	2981
f 2832 	2889 	2854
f 2894 	2611 	2898
f 2898 	2901 	2896
f 2897 	2878 	1458
f 2900 	2864 	2899
f 2387 	2874 	2895
f 2909 	2901 	2898
f 2914 	2901 	2909
f 1458 	2884 	2897
f 1640 	2903 	2902
f 2914 	1222 	2901
f 2954 	2904 	2848
f 2900 	2899 	2737
f 2898 	2896 	2894
f 2637 	2909 	2625
f 2111 	2120 	2907
f 2881 	2880 	2908
f 2909 	2898 	2625
f 2910 	1970 	1694
f 2890 	2881 	2908
f 2734 	2900 	2737
f 2890 	2908 	2638
f 2910 	1694 	1678
f 2904 	3012 	2840
f 1678 	1640 	2910
f 117 	2912 	175
f 2848 	2904 	2840
f 1640 	2917 	2910
f 117 	2905 	2912
f 2889 	2912 	2905
f 2919 	2655 	2915
f 2922 	2919 	2923
f 1640 	2902 	2917
f 2883 	2908 	2880
f 2920 	2924 	2918
f 2923 	2925 	2922
f 2883 	2926 	2908
f 2905 	117 	164
f 2637 	2640 	2928
f 2905 	164 	2929
f 2646 	2928 	2640
f 2911 	2906 	2916
f 2656 	2674 	2915
f 2920 	2429 	2924
f 1180 	2908 	2926
f 2674 	2697 	2915
f 2909 	2637 	2928
f 2888 	2905 	2929
f 2639 	2638 	2908
f 2903 	4005 	2902
f 2906 	2911 	3077
f 2928 	2914 	2909
f 2918 	2931 	3068
f 2910 	2917 	3002
f 2915 	2697 	2923
f 2926 	2883 	1513
f 2916 	2856 	2911
f 2933 	2923 	2697
f 2932 	2928 	2646
f 2889 	2905 	2930
f 2856 	2860 	2911
f 2923 	2919 	2915
f 2888 	2930 	2905
f 2927 	2982 	2917
f 2933 	2925 	2923
f 1269 	2932 	2646
f 2642 	3218 	2893
f 2911 	2860 	2913
f 164 	2769 	2762
f 2933 	2934 	2925
f 1269 	1372 	2932
f 2697 	2688 	2907
f 2929 	164 	2762
f 2860 	2861 	2913
f 2918 	601 	2931
f 2893 	2890 	2638
f 3002 	1970 	2910
f 2907 	2933 	2697
f 2888 	2929 	2762
f 2918 	2924 	601
f 1448 	2913 	2861
f 1269 	2646 	1272
f 2638 	2642 	2893
f 2933 	842 	2934
f 2935 	1295 	1365
f 1343 	1448 	2861
f 3 	2896 	1211
f 2926 	1513 	1180
f 4005 	2917 	2902
f 85 	3 	1211
f 2896 	1222 	1211
f 2940 	2848 	2851
f 1295 	2935 	2888
f 1222 	2896 	2901
f 2851 	2874 	2939
f 2940 	2851 	2939
f 2875 	2938 	2881
f 2921 	2846 	2944
f 1408 	2937 	1409
f 2874 	2387 	2469
f 1408 	2946 	2937
f 2992 	2919 	2922
f 2946 	2938 	2937
f 2939 	2874 	2469
f 2936 	3216 	2395
f 2943 	387 	401
f 2939 	2462 	2968
f 2914 	2928 	1397
f 2960 	2936 	2395
f 2462 	2669 	2968
f 2846 	2921 	2842
f 2943 	2947 	1892
f 1885 	2943 	1892
f 2907 	842 	2933
f 1062 	2914 	1397
f 2939 	2469 	2462
f 910 	1003 	2934
f 1397 	2928 	2932
f 2947 	356 	2957
f 842 	910 	2934
f 401 	356 	2947
f 2944 	2950 	2921
f 1372 	1397 	2932
f 2942 	2889 	2970
f 2943 	401 	2947
f 2120 	842 	2907
f 2970 	2945 	2942
f 2941 	2398 	2955
f 2921 	2950 	2949
f 2958 	2944 	2846
f 2959 	2956 	2925
f 2958 	2965 	2944
f 2941 	2936 	2960
f 2925 	2934 	2959
f 2945 	3131 	2961
f 2947 	2957 	1877
f 2962 	2956 	2959
f 2858 	2958 	2846
f 2941 	2960 	2398
f 2956 	2922 	2925
f 2945 	2961 	2942
f 2966 	2941 	2955
f 2881 	2938 	2880
f 2959 	986 	2962
f 2946 	1408 	1426
f 986 	987 	2962
f 2944 	2965 	2950
f 2969 	2941 	2966
f 2946 	1426 	2971
f 2977 	3010 	2964
f 2970 	2889 	2975
f 2858 	2767 	2958
f 2767 	2822 	2958
f 2970 	2975 	2948
f 2964 	2978 	2977
f 2965 	2958 	2822
f 2967 	2982 	2964
f 2848 	2972 	2954
f 2938 	2946 	2973
f 2967 	2917 	2982
f 2938 	2973 	2880
f 2964 	2982 	2978
f 2945 	2970 	2948
f 2855 	3006 	2966
f 2935 	2930 	2888
f 2398 	2376 	2955
f 2972 	2951 	2954
f 2971 	1426 	2778
f 2889 	2930 	2975
f 2955 	2376 	2389
f 987 	1634 	3089
f 2974 	3546 	2976
f 2984 	2971 	2778
f 3548 	3546 	2974
f 2966 	2955 	2389
f 987 	3089 	2962
f 2389 	2378 	2966
f 2983 	2951 	2972
f 2979 	2974 	2976
f 2975 	2930 	2935
f 2959 	998 	986
f 2979 	2980 	2974
f 2978 	456 	2977
f 2855 	2966 	2378
f 2935 	2948 	2975
f 2972 	2848 	2940
f 2978 	435 	456
f 2864 	2974 	2980
f 2939 	2968 	2963
f 2935 	1378 	2990
f 2880 	2973 	2883
f 2963 	2972 	2940
f 2984 	2946 	2971
f 2395 	2398 	2960
f 3187 	2983 	2963
f 2973 	2946 	2984
f 2980 	2979 	2985
f 2889 	2942 	2854
f 436 	435 	2978
f 2986 	2981 	2817
f 2973 	2984 	2883
f 2963 	2983 	2972
f 2980 	2985 	2987
f 2939 	2963 	2940
f 2980 	2987 	2871
f 2989 	2986 	2817
f 2935 	2990 	2948
f 2980 	2871 	2864
f 2988 	3207 	2936
f 2990 	1753 	2948
f 2989 	2992 	2986
f 2987 	2985 	2808
f 2992 	2994 	2986
f 2871 	2987 	2808
f 3164 	3078 	456
f 2701 	2862 	2993
f 2690 	2995 	2693
f 2808 	2985 	2806
f 2992 	2989 	2919
f 3078 	2977 	456
f 2988 	2941 	2991
f 2991 	2941 	2969
f 2991 	2969 	2996
f 3003 	2871 	2808
f 2871 	3003 	2999
f 3002 	2964 	3000
f 3006 	2996 	2969
f 2964 	3002 	2967
f 3013 	2997 	2998
f 3003 	2808 	3009
f 2916 	2996 	3006
f 3004 	3007 	2789
f 2996 	2916 	2906
f 2967 	3002 	2917
f 676 	679 	3011
f 3005 	2938 	2875
f 2855 	2856 	3006
f 3012 	676 	3011
f 2789 	3007 	2792
f 2998 	676 	3013
f 3006 	2856 	2916
f 2941 	2988 	2936
f 3012 	3013 	676
f 3007 	610 	2792
f 2995 	2690 	2713
f 3017 	3019 	3020
f 3012 	3039 	3013
f 1967 	3000 	1973
f 3020 	2993 	3017
f 2713 	3018 	2995
f 3003 	3009 	2999
f 3015 	3000 	2964
f 3013 	3039 	3021
f 3020 	3001 	2993
f 3015 	1973 	3000
f 3009 	3023 	2999
f 2997 	3013 	3021
f 2964 	3010 	3015
f 3001 	2701 	2993
f 10 	3014 	3024
f 2713 	2588 	3018
f 1967 	1970 	3000
f 2999 	3023 	2631
f 549 	2840 	3011
f 3031 	3004 	3019
f 2623 	2999 	2631
f 3002 	3000 	1970
f 3025 	3018 	2829
f 3020 	3019 	3004
f 3012 	3011 	2840
f 3006 	2969 	2966
f 3020 	3004 	2789
f 3012 	2904 	2954
f 3076 	1136 	3016
f 3023 	3009 	3008
f 2833 	3025 	2829
f 3026 	3022 	3016
f 3026 	3028 	3022
f 3020 	2789 	3001
f 3023 	3008 	3027
f 2837 	3025 	2833
f 3028 	2879 	3022
f 3027 	2629 	3023
f 2868 	2879 	3028
f 2995 	3018 	3070
f 3018 	3025 	3070
f 2629 	2631 	3023
f 3031 	3049 	1638
f 3028 	3026 	3035
f 3030 	2997 	3021
f 3031 	3019 	3049
f 3008 	3033 	3042
f 3035 	2869 	3028
f 3027 	3008 	3042
f 2869 	3035 	1102
f 3030 	3132 	2997
f 2629 	3027 	2635
f 3041 	2938 	3005
f 3030 	3021 	3039
f 1638 	1599 	3031
f 2869 	2868 	3028
f 1599 	1603 	3031
f 2937 	1484 	1409
f 1393 	1437 	3040
f 2170 	2213 	2635
f 1263 	1393 	3040
f 1603 	3004 	3031
f 3007 	3004 	1603
f 3041 	1484 	2937
f 3044 	3045 	1623
f 1603 	844 	3007
f 508 	3043 	3037
f 3027 	3042 	2635
f 3014 	10 	9
f 3039 	3012 	2954
f 3034 	3037 	3043
f 2938 	3041 	2937
f 3007 	844 	846
f 2951 	3039 	2954
f 2981 	3046 	3409
f 2635 	3042 	2170
f 3036 	3034 	3043
f 3357 	3350 	3047
f 2170 	3042 	3033
f 3043 	508 	2943
f 2523 	12 	3024
f 3608 	3044 	1623
f 3051 	3050 	3049
f 1497 	3048 	1350
f 3043 	2943 	1988
f 3047 	3030 	3039
f 3033 	2162 	2170
f 3048 	3025 	2837
f 3039 	2951 	3047
f 10 	3024 	12
f 2994 	3044 	3046
f 3019 	3051 	3049
f 2808 	2806 	3059
f 2430 	3052 	2499
f 3050 	1619 	3049
f 3044 	2994 	3045
f 3009 	2808 	3059
f 3036 	3043 	1988
f 3024 	3014 	3054
f 2920 	3052 	2430
f 1497 	1718 	3048
f 3044 	3608 	3610
f 3019 	3017 	3051
f 2943 	508 	387
f 3044 	3610 	3046
f 3055 	3057 	3056
f 2943 	1885 	1988
f 2953 	3054 	3014
f 2523 	3024 	3054
f 2981 	2986 	3046
f 3059 	2806 	3053
f 2986 	2994 	3046
f 3054 	2532 	2523
f 2994 	2992 	3082
f 3060 	2953 	2952
f 2992 	2922 	3082
f 3059 	3053 	3095
f 3060 	3054 	2953
f 3283 	3067 	3032
f 2995 	3061 	2693
f 2994 	3082 	3045
f 3059 	3095 	3008
f 3055 	3063 	3057
f 3056 	3065 	3055
f 3037 	499 	503
f 3066 	3040 	3038
f 3056 	3052 	3065
f 3064 	3060 	2952
f 3065 	3068 	3055
f 1631 	1619 	3050
f 3066 	1263 	3040
f 3060 	3064 	2540
f 2918 	3068 	3065
f 3064 	2549 	2540
f 2995 	3070 	3061
f 3060 	2532 	3054
f 3067 	499 	3037
f 3070 	3062 	3061
f 2540 	2532 	3060
f 3070 	3069 	3062
f 538 	3037 	503
f 1542 	1268 	1263
f 538 	508 	3037
f 3076 	3016 	3720
f 3072 	1718 	3069
f 3074 	3071 	3084
f 3016 	1136 	3026
f 3067 	3037 	3034
f 3074 	2849 	3071
f 3073 	2555 	3064
f 3032 	3067 	3034
f 1717 	3069 	1718
f 2906 	3077 	3139
f 3080 	2849 	3074
f 3071 	2849 	2661
f 3064 	2555 	2549
f 3070 	3025 	3072
f 3074 	3102 	3080
f 3076 	1147 	1136
f 3066 	3038 	3079
f 3066 	3079 	3075
f 3076 	1162 	1147
f 3048 	1718 	3072
f 2555 	3073 	3579
f 3079 	3139 	3077
f 2920 	3065 	3052
f 2993 	2862 	3080
f 3009 	3059 	3008
f 2920 	2918 	3065
f 3069 	3070 	3072
f 3075 	3079 	3077
f 3077 	3086 	3075
f 3582 	2555 	3579
f 3058 	3090 	3083
f 1562 	3066 	3075
f 3083 	2247 	2254
f 1263 	3066 	1542
f 439 	3087 	3088
f 3082 	3089 	3045
f 3088 	3087 	3092
f 3083 	3090 	2247
f 1562 	1542 	3066
f 3045 	3093 	1623
f 3008 	3083 	3033
f 3086 	1562 	3075
f 3048 	3072 	3025
f 3094 	3980 	3091
f 1569 	1562 	3086
f 3084 	3088 	3092
f 3045 	3089 	3093
f 3980 	3096 	3091
f 3092 	3074 	3084
f 3091 	1776 	3097
f 3086 	3077 	2911
f 2931 	737 	3068
f 3089 	1634 	3093
f 2962 	3089 	2956
f 2911 	2913 	3086
f 3015 	3099 	1973
f 3098 	3096 	3980
f 3097 	3193 	3091
f 3055 	3158 	3063
f 1569 	3086 	2913
f 3163 	3102 	3092
f 3102 	3074 	3092
f 3100 	3032 	3034
f 3082 	2922 	2956
f 3100 	3034 	3036
f 3139 	3137 	2906
f 1994 	3100 	3036
f 1448 	1569 	2913
f 3017 	2993 	3102
f 3089 	3082 	2956
f 3080 	3102 	2993
f 2018 	3036 	1988
f 2019 	1994 	3036
f 3096 	3098 	1776
f 3036 	2018 	2019
f 3095 	3053 	3058
f 3137 	2991 	2996
f 3096 	1776 	3091
f 3107 	744 	3104
f 3095 	3058 	3083
f 2996 	2906 	3137
f 3097 	2544 	3193
f 3083 	3008 	3095
f 1759 	2544 	3097
f 3121 	3099 	3015
f 3033 	3083 	2162
f 744 	743 	3104
f 3015 	3010 	3121
f 2254 	2162 	3083
f 3107 	3145 	3112
f 2985 	3106 	2806
f 3107 	3112 	744
f 3101 	3103 	3115
f 3114 	3113 	2828
f 2899 	2871 	2999
f 3107 	3104 	3144
f 2737 	2899 	2999
f 3191 	3227 	3109
f 2999 	2623 	2737
f 3101 	3175 	3103
f 2826 	3114 	2828
f 3227 	3099 	3109
f 3107 	3144 	3145
f 1710 	3101 	3115
f 2828 	3113 	2965
f 3120 	3110 	3116
f 3010 	2977 	3121
f 2826 	2834 	3122
f 3115 	3103 	3105
f 3078 	3121 	2977
f 3115 	3105 	3124
f 3125 	3126 	3108
f 3068 	3112 	3055
f 2826 	3122 	3114
f 3127 	1785 	3135
f 3068 	737 	3112
f 3124 	3105 	3111
f 3109 	3125 	3108
f 3122 	2834 	1898
f 3123 	3110 	3120
f 3121 	3109 	3099
f 3124 	3111 	3138
f 3171 	2397 	2485
f 1898 	2565 	3122
f 3117 	3123 	3120
f 3138 	3111 	2596
f 3687 	1793 	3098
f 3125 	3081 	3126
f 3116 	3029 	3161
f 2565 	2577 	3122
f 3119 	2961 	3131
f 3030 	3047 	3350
f 3127 	3119 	3131
f 3081 	3125 	3085
f 3121 	3125 	3109
f 3120 	3116 	3161
f 3121 	3085 	3125
f 3120 	3161 	3137
f 1719 	3124 	1613
f 3078 	3085 	3121
f 1613 	3124 	3138
f 3127 	3135 	3119
f 3138 	2596 	1162
f 3131 	2945 	2948
f 271 	275 	3136
f 3138 	1162 	1613
f 3132 	3346 	129
f 3131 	2948 	3140
f 3150 	3139 	3079
f 3136 	3133 	271
f 3127 	3131 	3140
f 3136 	275 	282
f 3141 	3179 	3113
f 1765 	3127 	3140
f 3136 	282 	3134
f 3141 	3114 	3143
f 3150 	3079 	3038
f 1785 	3127 	1765
f 3140 	2948 	1753
f 2392 	2390 	3147
f 3163 	3051 	3017
f 3040 	3117 	3038
f 3148 	3112 	3145
f 3149 	2392 	3147
f 3114 	3141 	3113
f 3117 	3120 	3150
f 3155 	3105 	3142
f 3122 	3153 	3114
f 3055 	3112 	3148
f 3117 	3150 	3038
f 3105 	3155 	3111
f 3150 	3120 	3137
f 3736 	3735 	3160
f 3302 	3147 	3151
f 3114 	3153 	3143
f 3150 	3137 	3139
f 3122 	2577 	3153
f 3160 	1803 	3736
f 3156 	3157 	3145
f 3142 	3219 	3155
f 3144 	3156 	3145
f 2580 	3153 	2577
f 3157 	3158 	3145
f 3735 	3135 	3160
f 3158 	3148 	3145
f 3153 	2580 	3159
f 3218 	2642 	3155
f 3149 	2529 	2325
f 3135 	1785 	3160
f 3155 	2653 	3111
f 3158 	3055 	3148
f 3161 	3029 	2988
f 3147 	2390 	2397
f 3147 	2397 	3151
f 3154 	730 	3152
f 2325 	2392 	3149
f 3092 	3087 	3163
f 3091 	3162 	3094
f 3137 	3161 	2991
f 3152 	3081 	3085
f 3161 	2988 	2991
f 3154 	3152 	3085
f 3163 	3017 	3102
f 3167 	3087 	439
f 3128 	3118 	3171
f 3085 	3078 	3164
f 3167 	3169 	3087
f 3164 	3154 	3085
f 3171 	3118 	2397
f 3163 	3087 	3169
f 3165 	560 	3162
f 1431 	3480 	1430
f 3129 	3128 	3171
f 3167 	445 	3169
f 3153 	3159 	3384
f 1430 	3480 	3123
f 3210 	3165 	3162
f 3050 	3051 	3169
f 1430 	3123 	1437
f 3051 	3163 	3169
f 2653 	3155 	2642
f 3153 	3384 	3143
f 445 	1631 	3169
f 3123 	3117 	1437
f 1631 	3050 	3169
f 3040 	1437 	3117
f 3172 	1630 	2672
f 439 	452 	3167
f 560 	3094 	3162
f 2981 	3159 	2580
f 463 	3174 	360
f 565 	3134 	203
f 3166 	3266 	565
f 565 	564 	3165
f 3236 	3173 	3181
f 3166 	565 	3165
f 3103 	3233 	3105
f 3171 	3182 	3129
f 564 	560 	3165
f 3180 	2949 	2950
f 3184 	1756 	3183
f 3170 	2951 	2983
f 3186 	3190 	420
f 3185 	3180 	2950
f 2983 	3187 	3170
f 2488 	3498 	3182
f 2965 	3185 	2950
f 420 	360 	3186
f 3129 	3182 	3176
f 3203 	3187 	2963
f 2485 	2488 	3171
f 3152 	3534 	3081
f 3174 	3186 	360
f 3179 	3185 	2965
f 2488 	3182 	3171
f 3203 	3173 	3187
f 3113 	3179 	2965
f 3168 	3188 	3249
f 3187 	3173 	3177
f 3194 	3195 	3439
f 3231 	3178 	3189
f 3177 	3170 	3187
f 3185 	3221 	3180
f 3439 	3146 	3194
f 3172 	1756 	1757
f 3190 	424 	420
f 3197 	3242 	2707
f 3183 	1756 	3172
f 3221 	3185 	3179
f 3188 	3168 	3210
f 3179 	3229 	3221
f 3196 	3188 	3210
f 2665 	3190 	2664
f 3170 	3177 	3198
f 3141 	3229 	3179
f 1630 	3172 	1757
f 2665 	2670 	3190
f 3178 	3197 	3202
f 2670 	424 	3190
f 3172 	2672 	3200
f 2687 	3200 	2672
f 3214 	3203 	2963
f 3200 	3463 	3183
f 3173 	3203 	3214
f 3200 	3183 	3172
f 3178 	3204 	3197
f 2529 	3188 	3196
f 3201 	3257 	3206
f 3207 	3178 	3202
f 3196 	2539 	2529
f 3506 	411 	889
f 3181 	3173 	3214
f 2979 	3201 	3206
f 3506 	3209 	411
f 3184 	1910 	1899
f 3193 	2544 	3196
f 3208 	3178 	3207
f 3195 	3194 	3205
f 2544 	2539 	3196
f 2979 	2976 	3201
f 3165 	3210 	3166
f 3195 	3504 	2508
f 3210 	3168 	3166
f 3206 	3211 	2985
f 2979 	3206 	2985
f 2508 	3439 	3195
f 3212 	3193 	3210
f 2968 	2669 	2657
f 2963 	2968 	3214
f 3212 	3091 	3193
f 3130 	3194 	3146
f 3196 	3210 	3193
f 3202 	2616 	3216
f 3106 	2985 	3211
f 3202 	2936 	3207
f 3217 	3199 	3205
f 3217 	3205 	3194
f 3216 	2616 	2395
f 3109 	3108 	3192
f 3220 	3843 	3180
f 2968 	2657 	3214
f 2988 	3029 	3207
f 3194 	3130 	3217
f 3222 	3223 	3186
f 3180 	3221 	3220
f 3224 	3225 	3226
f 3216 	2936 	3202
f 3422 	3220 	3421
f 3162 	3212 	3210
f 3109 	3192 	3191
f 3221 	3421 	3220
f 3091 	3212 	3162
f 3225 	3248 	3226
f 3202 	3197 	2616
f 2305 	3227 	3191
f 3232 	3224 	3226
f 3141 	3370 	3229
f 3233 	3213 	3215
f 3241 	3177 	3173
f 1973 	3227 	2236
f 2590 	3237 	3230
f 3227 	1973 	3099
f 3234 	3213 	3233
f 3674 	2311 	3192
f 3173 	3236 	3238
f 2600 	3239 	3237
f 3422 	3843 	3220
f 3238 	3240 	3228
f 3239 	2600 	509
f 3228 	3291 	3241
f 3173 	3238 	3241
f 3237 	667 	3230
f 647 	3230 	667
f 3228 	3241 	3238
f 3235 	2721 	2754
f 3238 	3236 	3240
f 3234 	3233 	3103
f 666 	3237 	3239
f 3235 	2754 	3242
f 3234 	3103 	3175
f 3242 	3204 	3235
f 3236 	3181 	2785
f 666 	667 	3237
f 2786 	3236 	2785
f 2754 	2707 	3242
f 3247 	3240 	3236
f 509 	666 	3239
f 2786 	3247 	3236
f 3181 	2726 	2785
f 3222 	3186 	3174
f 3248 	3128 	3129
f 3219 	3233 	3215
f 3223 	3251 	3186
f 3233 	3219 	3142
f 3186 	3251 	3190
f 3047 	2951 	3170
f 3170 	3357 	3047
f 3251 	3254 	2661
f 3218 	3155 	3219
f 2664 	3251 	2661
f 3052 	3056 	3256
f 3248 	3530 	3128
f 3190 	3251 	2664
f 3249 	3166 	3168
f 3105 	3233 	3142
f 3057 	3256 	3056
f 935 	3243 	925
f 3248 	3258 	3226
f 3257 	3245 	3246
f 3231 	3235 	3204
f 3258 	3289 	3226
f 3178 	3231 	3204
f 3129 	3258 	3248
f 3250 	3257 	3246
f 3250 	3262 	3257
f 3204 	3242 	3197
f 1710 	3261 	3101
f 3264 	2211 	2174
f 1821 	3261 	1838
f 3260 	3259 	3057
f 2174 	3265 	3264
f 3134 	565 	3266
f 3057 	3063 	3260
f 3268 	3849 	3245
f 3268 	3245 	3257
f 3249 	3252 	3270
f 3257 	3201 	3268
f 3875 	3265 	2180
f 3272 	935 	976
f 3271 	3256 	3057
f 3206 	3257 	3262
f 3243 	935 	3274
f 3244 	3243 	3274
f 3244 	3274 	3255
f 3211 	3206 	3262
f 3136 	3270 	3133
f 3274 	935 	3272
f 3262 	3106 	3211
f 3270 	3252 	3273
f 3271 	3057 	3259
f 3134 	3270 	3136
f 3417 	3280 	3279
f 3875 	2180 	2181
f 3255 	3274 	3272
f 3280 	3281 	3282
f 3265 	2174 	2180
f 3273 	3252 	3253
f 2813 	3256 	3271
f 3288 	3281 	3280
f 3283 	3255 	3272
f 3256 	2813 	2499
f 3133 	3270 	3273
f 3280 	3282 	3279
f 3272 	976 	3067
f 3256 	2499 	3052
f 3281 	460 	3282
f 3134 	3266 	3270
f 3272 	3067 	3283
f 3323 	3278 	3276
f 3266 	3249 	3270
f 2806 	3106 	3296
f 3278 	3323 	3334
f 459 	3282 	460
f 3278 	3334 	3263
f 3053 	2806 	3296
f 3249 	3266 	3166
f 3897 	3382 	3264
f 3283 	3032 	3100
f 3285 	3288 	3280
f 3226 	3289 	3232
f 3289 	3290 	3232
f 3897 	3264 	3265
f 3067 	976 	499
f 713 	3287 	3347
f 48 	3420 	3291
f 3417 	3418 	3285
f 1543 	3293 	1547
f 3280 	3417 	3285
f 463 	3281 	3288
f 3269 	3305 	3275
f 3053 	3286 	3058
f 2364 	3392 	3292
f 3281 	463 	460
f 3244 	3255 	3310
f 3289 	3295 	3634
f 3310 	3255 	3299
f 3241 	3291 	3298
f 3255 	3283 	3299
f 3129 	3295 	3258
f 3053 	3296 	3286
f 3288 	3285 	3222
f 3176 	3295 	3129
f 3284 	3058 	3286
f 2373 	2372 	3299
f 3188 	3301 	3249
f 3222 	3174 	3288
f 3090 	3058 	3284
f 3326 	3300 	1821
f 3298 	3177 	3241
f 3295 	3289 	3258
f 3174 	463 	3288
f 3198 	3177 	3298
f 3283 	3100 	3299
f 3261 	1821 	3300
f 3303 	3252 	3302
f 3198 	3298 	3425
f 3297 	3269 	3267
f 2373 	3299 	3100
f 3304 	3259 	3260
f 3284 	2247 	3090
f 3318 	3199 	3217
f 3305 	3269 	3297
f 2373 	3100 	1994
f 3304 	3260 	3306
f 3308 	3130 	3263
f 3292 	3244 	3310
f 3252 	3303 	3253
f 3217 	3130 	3308
f 1547 	3293 	3294
f 2372 	3292 	3310
f 3151 	3303 	3302
f 3309 	3271 	3304
f 3299 	2372 	3310
f 3252 	3249 	3302
f 3108 	3126 	3315
f 3249 	3301 	3302
f 3126 	3081 	3315
f 3302 	3301 	3149
f 3149 	3147 	3302
f 3108 	3315 	3679
f 3188 	2529 	3301
f 3300 	3297 	3234
f 3271 	3259 	3304
f 3301 	2529 	3149
f 3320 	3306 	135
f 3318 	3217 	3308
f 3175 	3101 	3300
f 3534 	3315 	3081
f 3304 	3306 	3320
f 3101 	3261 	3300
f 3324 	3304 	3320
f 3317 	3323 	3313
f 3275 	3305 	3326
f 3324 	3328 	3309
f 3277 	3275 	3326
f 3311 	3314 	3329
f 3297 	3326 	3305
f 3318 	3308 	3317
f 3345 	3307 	3311
f 3297 	3300 	3326
f 3324 	3309 	3304
f 3334 	3323 	3317
f 3262 	3330 	3106
f 3334 	3317 	3308
f 2803 	3309 	3328
f 3684 	3679 	3315
f 3309 	2803 	2802
f 3345 	3296 	3106
f 3322 	3684 	3315
f 3325 	3688 	3682
f 3309 	2802 	2811
f 3213 	3297 	3267
f 3309 	2811 	3271
f 3330 	3307 	3345
f 3213 	3234 	3297
f 527 	3327 	531
f 3306 	3456 	135
f 527 	3332 	3327
f 3330 	3345 	3106
f 3456 	3306 	3260
f 3178 	3312 	3189
f 3333 	3327 	3332
f 3178 	3208 	3312
f 3334 	3308 	3263
f 3336 	3312 	3208
f 127 	126 	3337
f 3333 	3335 	3327
f 3397 	207 	3352
f 3333 	3321 	3335
f 3340 	127 	3337
f 3151 	3537 	3303
f 3337 	3342 	3343
f 3339 	3312 	3336
f 3224 	3343 	3342
f 3344 	2705 	2714
f 3243 	3410 	3338
f 3336 	3116 	3339
f 3325 	2705 	3344
f 2725 	3284 	3353
f 3336 	3029 	3116
f 3337 	3343 	3340
f 3296 	3329 	3286
f 3332 	527 	547
f 3207 	3336 	3208
f 2723 	2568 	3230
f 3207 	3029 	3336
f 3347 	3348 	804
f 3349 	3332 	547
f 3339 	3116 	3110
f 3346 	3030 	3350
f 804 	3348 	3230
f 3319 	3332 	3349
f 3345 	3311 	3329
f 1543 	1550 	3293
f 3338 	946 	919
f 3346 	3132 	3030
f 3232 	3343 	3224
f 3332 	3319 	3333
f 3329 	3296 	3345
f 729 	713 	3347
f 3341 	3346 	3350
f 3286 	3329 	3284
f 107 	129 	3352
f 3319 	3316 	3333
f 3353 	3284 	3329
f 729 	3347 	725
f 3341 	3399 	3352
f 2205 	2216 	1550
f 3352 	129 	3346
f 3354 	3321 	3333
f 946 	3338 	3351
f 3347 	804 	725
f 3341 	3352 	3346
f 3316 	3354 	3333
f 3293 	1550 	2216
f 2823 	2725 	3353
f 547 	411 	3209
f 2216 	2218 	3293
f 3338 	919 	925
f 3357 	3341 	3350
f 3349 	547 	3209
f 3175 	3300 	3234
f 2823 	3353 	2859
f 3411 	3341 	3358
f 3243 	3338 	925
f 3209 	3319 	3349
f 3344 	3359 	3325
f 3360 	3552 	2859
f 3358 	3341 	3357
f 2875 	2893 	3218
f 3209 	3560 	3319
f 3314 	3527 	3360
f 3218 	3408 	2875
f 3325 	3359 	3356
f 3170 	3358 	3357
f 3355 	130 	3389
f 3359 	3287 	3356
f 3362 	3363 	3364
f 3329 	3314 	3360
f 3601 	3355 	3365
f 3287 	3359 	3347
f 3353 	3329 	3360
f 3358 	3170 	3198
f 3353 	3360 	2859
f 3294 	3293 	2218
f 2218 	2211 	3294
f 3364 	3367 	3362
f 3198 	3426 	3358
f 3367 	3369 	3362
f 3262 	3250 	3307
f 3307 	3330 	3262
f 3376 	2356 	3712
f 3371 	2903 	1642
f 2723 	3348 	3344
f 152 	3442 	3374
f 3712 	3361 	3376
f 3372 	3362 	3369
f 1575 	3371 	1642
f 3359 	3344 	3348
f 3222 	3372 	3369
f 3348 	3347 	3359
f 3404 	3376 	3361
f 3374 	3156 	152
f 126 	42 	3337
f 2723 	3230 	3348
f 3342 	3337 	3617
f 3445 	3448 	3374
f 3369 	3223 	3222
f 3369 	3367 	3254
f 3156 	3374 	3157
f 3254 	3251 	3369
f 3379 	3157 	3374
f 2361 	2356 	3392
f 3369 	3251 	3223
f 3141 	3143 	3384
f 1575 	1573 	3377
f 3157 	3379 	3385
f 3377 	3371 	1575
f 143 	3668 	3387
f 3367 	3386 	3254
f 3157 	3385 	3158
f 3387 	146 	143
f 3392 	2364 	2361
f 3385 	3260 	3063
f 3387 	3389 	146
f 3388 	3378 	1573
f 3386 	3084 	3071
f 130 	146 	3389
f 3368 	3375 	3366
f 3384 	3370 	3141
f 3158 	3385 	3063
f 3366 	3375 	3393
f 3370 	3394 	3424
f 3381 	3391 	3395
f 3384 	3396 	3394
f 3379 	3460 	3385
f 3376 	3392 	2356
f 3366 	3393 	3215
f 3386 	3071 	3254
f 3213 	3366 	3215
f 3387 	3668 	3383
f 107 	3352 	207
f 939 	974 	3391
f 3389 	3387 	3383
f 3397 	3449 	207
f 3375 	3373 	3393
f 3384 	3394 	3370
f 3397 	3352 	3399
f 3389 	3383 	3398
f 3381 	3395 	3390
f 3254 	3071 	2661
f 1573 	3378 	3377
f 3396 	3401 	3394
f 3396 	3409 	3401
f 3398 	3355 	3389
f 3395 	3391 	3133
f 3386 	3367 	3364
f 3402 	3394 	3401
f 3365 	3355 	3398
f 3378 	3388 	3294
f 3323 	3276 	3398
f 3294 	3403 	3378
f 3222 	3285 	3372
f 3398 	3276 	3365
f 3361 	3405 	3404
f 3408 	3373 	3380
f 1547 	3388 	1573
f 3398 	3383 	3313
f 3294 	3388 	1547
f 3404 	3331 	3351
f 3323 	3398 	3313
f 3363 	3362 	3482
f 3403 	3264 	3378
f 3407 	3343 	3406
f 3290 	3406 	3343
f 3361 	3489 	3405
f 3384 	3159 	3396
f 3405 	3331 	3404
f 3378 	3264 	3382
f 3409 	3396 	3159
f 3391 	974 	271
f 3338 	3404 	3351
f 3294 	2211 	3403
f 3391 	271 	3133
f 3343 	3407 	3340
f 3338 	3410 	3404
f 1042 	939 	3381
f 3264 	3403 	2211
f 3392 	3404 	3410
f 3380 	2875 	3408
f 3159 	2981 	3409
f 3399 	3341 	3400
f 3392 	3376 	3404
f 3440 	3005 	3380
f 939 	3391 	3381
f 3410 	3243 	3244
f 3400 	3341 	3411
f 3005 	2875 	3380
f 3232 	3290 	3343
f 3412 	3413 	3381
f 3340 	165 	127
f 3393 	3219 	3215
f 3411 	3461 	3400
f 3386 	3629 	3084
f 3407 	165 	3340
f 3479 	3394 	3402
f 3373 	3414 	3393
f 3400 	3460 	3399
f 3401 	3409 	3610
f 3414 	3219 	3393
f 3279 	3416 	3417
f 3390 	3412 	3381
f 3408 	3218 	3414
f 3435 	3298 	3420
f 3219 	3414 	3218
f 3407 	3014 	9
f 3408 	3414 	3373
f 3407 	9 	165
f 3298 	3291 	3420
f 3407 	3406 	3014
f 136 	138 	48
f 3420 	48 	3454
f 3014 	3406 	2953
f 3528 	3231 	3189
f 3424 	3229 	3370
f 3426 	3198 	3425
f 3429 	3358 	3426
f 1038 	3428 	3423
f 3431 	3411 	3358
f 3658 	3433 	3375
f 3432 	3423 	3428
f 3428 	3419 	3432
f 3428 	3413 	3412
f 3431 	3461 	3411
f 3245 	3430 	3741
f 3450 	3416 	3427
f 3412 	3419 	3428
f 3435 	3425 	3298
f 3244 	3292 	3410
f 3450 	3417 	3416
f 3246 	3245 	3741
f 3358 	3429 	3431
f 3450 	3418 	3417
f 3461 	3426 	3425
f 3435 	3461 	3425
f 3450 	3465 	3418
f 3263 	3130 	3486
f 3429 	3461 	3431
f 3426 	3461 	3429
f 3465 	3362 	3418
f 3373 	3433 	3441
f 3362 	3372 	3418
f 3486 	3130 	3146
f 3420 	3455 	3435
f 3418 	3372 	3285
f 3849 	3430 	3245
f 3438 	3486 	3146
f 3375 	3433 	3373
f 3415 	3434 	3965
f 3392 	3410 	3292
f 3441 	1762 	1768
f 3442 	152 	216
f 3415 	3443 	3434
f 3433 	1762 	3441
f 3706 	3436 	3444
f 3462 	3434 	3443
f 3445 	3374 	3442
f 3436 	3581 	3600
f 3449 	3379 	3448
f 3441 	1768 	3440
f 3421 	3446 	3422
f 3436 	3600 	3444
f 3449 	3460 	3379
f 3440 	3373 	3441
f 3446 	3451 	3422
f 3380 	3373 	3440
f 3421 	3221 	3229
f 3379 	3374 	3448
f 3041 	3005 	3440
f 3453 	1551 	1119
f 3454 	138 	135
f 3424 	3421 	3229
f 3424 	3446 	3421
f 1124 	1252 	3453
f 3444 	3452 	3725
f 135 	3456 	3454
f 3455 	3454 	3456
f 3041 	3440 	1484
f 3457 	3455 	3456
f 3453 	1119 	1124
f 3766 	3762 	3354
f 3440 	1768 	1773
f 3415 	3235 	3443
f 3424 	3458 	3446
f 3440 	1773 	1484
f 3454 	3455 	3420
f 3394 	3458 	3424
f 3448 	207 	3449
f 3235 	3231 	3443
f 3528 	3525 	3462
f 3461 	3457 	3456
f 3492 	685 	652
f 3231 	3528 	3462
f 3456 	3385 	3461
f 3460 	3461 	3385
f 3462 	3447 	3434
f 3366 	3267 	3732
f 1042 	3381 	3413
f 3462 	3525 	3447
f 3366 	3213 	3267
f 652 	3459 	3492
f 3183 	3463 	3464
f 3443 	3231 	3462
f 3413 	1038 	1042
f 3456 	3260 	3385
f 3146 	3439 	3438
f 3458 	3479 	3446
f 1038 	3413 	3428
f 2721 	3235 	3415
f 3454 	48 	138
f 3457 	3435 	3455
f 3461 	3435 	3457
f 3394 	3479 	3458
f 3466 	3438 	3439
f 3460 	3400 	3461
f 3449 	3399 	3460
f 3445 	219 	3448
f 3442 	219 	3445
f 3977 	3422 	3451
f 2508 	2704 	3439
f 3464 	3184 	3183
f 3439 	2704 	2705
f 3471 	3463 	3470
f 1252 	1250 	3491
f 3470 	3477 	3471
f 3466 	3439 	2705
f 3467 	3525 	3494
f 3446 	3473 	3451
f 3453 	1252 	3468
f 3479 	3473 	3446
f 3466 	2705 	3325
f 1200 	1097 	3469
f 1094 	3469 	1097
f 3473 	3475 	3451
f 3463 	3471 	3464
f 3477 	3478 	3471
f 1598 	3474 	1600
f 1094 	3476 	3469
f 3480 	3474 	3487
f 3482 	3450 	3481
f 1651 	1652 	3475
f 3474 	3480 	1600
f 3481 	3450 	3427
f 1651 	3475 	3473
f 3450 	3482 	3465
f 1661 	1651 	3479
f 3459 	3627 	3483
f 3479 	1651 	3473
f 3484 	3463 	3200
f 3331 	3483 	3627
f 3474 	3467 	3494
f 3486 	3437 	3263
f 3482 	3362 	3465
f 3488 	3481 	3427
f 1661 	3479 	3402
f 3463 	3484 	3470
f 3486 	3438 	3673
f 3480 	3487 	3339
f 3484 	3200 	2687
f 3480 	3339 	3110
f 3468 	1252 	3491
f 3361 	3738 	3489
f 2687 	2693 	3484
f 3123 	3480 	3110
f 3493 	3476 	1094
f 683 	685 	3492
f 3482 	467 	3363
f 3490 	961 	980
f 3339 	3487 	3312
f 3263 	3437 	3278
f 3483 	3492 	3459
f 3437 	3804 	3495
f 3496 	3492 	3483
f 3491 	88 	14
f 3488 	761 	471
f 3528 	3312 	3494
f 90 	761 	3488
f 1094 	961 	3493
f 1250 	88 	3491
f 3483 	3405 	3496
f 3487 	3474 	3494
f 3437 	3495 	3278
f 3489 	3496 	3405
f 3488 	471 	472
f 3490 	3493 	961
f 3494 	3312 	3487
f 3481 	3488 	472
f 967 	3490 	980
f 472 	467 	3482
f 3619 	3484 	2693
f 3489 	3492 	3496
f 967 	3501 	3490
f 3482 	3481 	472
f 3619 	2693 	3061
f 3485 	3490 	3501
f 3504 	3500 	2867
f 3489 	3738 	3503
f 24 	3497 	3507
f 3485 	3538 	3490
f 3507 	29 	24
f 3184 	3464 	1910
f 3502 	3509 	4018
f 3738 	3740 	3503
f 3501 	723 	2998
f 3497 	3511 	3507
f 3503 	683 	3492
f 3489 	3503 	3492
f 3511 	3513 	3507
f 3501 	2998 	3485
f 3405 	3483 	3331
f 3523 	3464 	3471
f 3504 	2867 	2892
f 2997 	3485 	2998
f 3512 	4018 	3509
f 3504 	2892 	2508
f 3515 	891 	911
f 1168 	3516 	3104
f 3511 	3432 	3513
f 3512 	3509 	1635
f 3509 	3521 	1635
f 889 	3519 	3506
f 3432 	3511 	3423
f 889 	891 	3519
f 1597 	1635 	3521
f 3515 	3519 	891
f 1168 	3104 	743
f 3523 	3517 	1908
f 3609 	3144 	3104
f 1910 	3523 	1908
f 1598 	1597 	3521
f 3509 	3447 	3525
f 1219 	3497 	24
f 3509 	3525 	3467
f 3566 	3515 	2854
f 1219 	1198 	3497
f 3521 	3509 	3467
f 2819 	3515 	911
f 3497 	1198 	3511
f 3504 	3520 	3500
f 3205 	3199 	3522
f 1198 	1036 	3423
f 2819 	2832 	3515
f 1908 	3517 	3526
f 3504 	3195 	3205
f 1198 	3423 	3511
f 3205 	3522 	3520
f 3504 	3205 	3520
f 3510 	3508 	3505
f 3532 	3152 	730
f 3467 	3474 	3521
f 3436 	3322 	3535
f 3521 	3474 	1598
f 3464 	3523 	1910
f 3176 	3182 	3498
f 3508 	3510 	3536
f 3312 	3528 	3189
f 3530 	3531 	3537
f 3508 	3536 	3307
f 3494 	3525 	3528
f 3527 	3536 	3510
f 3498 	3499 	3176
f 3583 	3524 	3538
f 2488 	2842 	3498
f 3537 	3539 	3530
f 3502 	3434 	3447
f 3551 	3517 	3523
f 3151 	3539 	3537
f 3311 	3307 	3536
f 3502 	3947 	3434
f 3485 	3583 	3538
f 3502 	3447 	3509
f 3485 	3593 	3583
f 3536 	3527 	3311
f 3314 	3311 	3527
f 2842 	2921 	3498
f 1882 	3512 	1635
f 2397 	3118 	3539
f 3543 	356 	363
f 3498 	3542 	3499
f 3493 	3490 	3538
f 3543 	2957 	356
f 3539 	3151 	2397
f 3538 	3524 	3493
f 363 	3512 	3543
f 2974 	2867 	3500
f 3543 	1877 	2957
f 3544 	3529 	3553
f 1882 	1877 	3543
f 3539 	3128 	3530
f 3544 	3553 	3547
f 3512 	1882 	3543
f 3118 	3128 	3539
f 3500 	3548 	2974
f 3275 	3540 	3269
f 3547 	3533 	3544
f 1165 	3545 	1168
f 3547 	3506 	3519
f 3552 	3360 	3527
f 3554 	3551 	3523
f 3549 	3604 	3365
f 3523 	3471 	3554
f 3506 	3547 	3553
f 3549 	3365 	3276
f 3516 	3609 	3104
f 3549 	3276 	3278
f 3565 	3550 	3555
f 3471 	3573 	3554
f 3278 	3495 	3549
f 3471 	3478 	3573
f 3558 	3559 	3530
f 3553 	3209 	3506
f 3516 	3545 	3609
f 2597 	2270 	3556
f 3529 	3319 	3560
f 3516 	1168 	3545
f 3531 	3530 	3559
f 3522 	3550 	3520
f 3541 	1050 	1141
f 3556 	2270 	2509
f 3560 	3209 	3553
f 3529 	3560 	3553
f 3535 	3322 	3315
f 3515 	3547 	3519
f 3551 	3573 	3596
f 3534 	3535 	3315
f 3551 	3554 	3573
f 3515 	3566 	3547
f 3532 	3541 	3534
f 3567 	3569 	3570
f 3532 	1050 	3541
f 2942 	3566 	2854
f 3568 	3225 	3564
f 3609 	3545 	3557
f 3551 	3571 	3517
f 3541 	3535 	3534
f 3500 	3520 	3548
f 3517 	3571 	3526
f 3566 	3572 	3547
f 3224 	3564 	3225
f 3567 	3570 	3563
f 3520 	3550 	3574
f 3152 	3532 	3534
f 3572 	3533 	3547
f 3568 	3562 	3575
f 3570 	3569 	2610
f 3574 	3546 	3548
f 3566 	2942 	3572
f 3574 	3550 	3565
f 3568 	3564 	3562
f 3574 	3565 	3546
f 104 	239 	3577
f 3520 	3574 	3548
f 3590 	3572 	2942
f 2859 	3552 	2879
f 2610 	2617 	3570
f 3559 	3568 	3575
f 3578 	1153 	3576
f 3510 	3561 	3527
f 104 	3577 	3580
f 3559 	3558 	3568
f 3766 	3354 	3316
f 109 	104 	3580
f 3558 	3248 	3225
f 1153 	3578 	1141
f 3499 	3542 	3579
f 3766 	3316 	3529
f 129 	3580 	3593
f 3436 	3535 	3581
f 3558 	3530 	3248
f 3529 	3316 	3319
f 3542 	3582 	3579
f 3578 	3581 	3541
f 3529 	3603 	3766
f 2249 	3569 	3567
f 3542 	3584 	3582
f 3225 	3568 	3558
f 3022 	2879 	3552
f 2249 	2253 	3569
f 3535 	3541 	3581
f 3224 	3342 	3564
f 2253 	2610 	3569
f 3527 	3561 	3587
f 3562 	3713 	3575
f 3524 	3583 	3585
f 3552 	3527 	3587
f 3541 	1141 	3578
f 3585 	3583 	3580
f 2921 	3542 	3498
f 3587 	3022 	3552
f 3585 	3580 	3577
f 3016 	3022 	3587
f 3571 	3551 	3592
f 3594 	3562 	3595
f 3593 	3580 	3583
f 3588 	1122 	946
f 3402 	3598 	3591
f 3596 	3592 	3551
f 3588 	946 	3351
f 3597 	3599 	2648
f 3331 	3588 	3351
f 2997 	3132 	3485
f 3542 	2921 	3584
f 2648 	2647 	3597
f 3564 	3595 	3562
f 3563 	3570 	3599
f 3584 	2921 	2949
f 3132 	3593 	3485
f 3401 	3598 	3402
f 3570 	2617 	3599
f 3888 	30 	3601
f 3522 	3199 	3602
f 66 	30 	3888
f 3199 	3318 	3602
f 3132 	129 	3593
f 3599 	2617 	2648
f 130 	3355 	3601
f 3610 	3608 	3598
f 3657 	3599 	3597
f 3605 	3452 	3444
f 3601 	30 	130
f 3759 	3772 	3596
f 3444 	3600 	3605
f 3604 	3601 	3365
f 3603 	3529 	3622
f 3597 	2647 	3754
f 3605 	3576 	3607
f 3586 	3603 	3622
f 3401 	3610 	3598
f 3612 	3613 	3477
f 3576 	1153 	3607
f 3754 	3818 	3597
f 3615 	3617 	42
f 3581 	3578 	3576
f 3586 	3614 	3603
f 3477 	3613 	3478
f 260 	159 	3611
f 3576 	3605 	3600
f 3615 	42 	41
f 3589 	3544 	3533
f 3563 	3618 	3620
f 42 	3617 	3337
f 3477 	3470 	3619
f 3581 	3576 	3600
f 3622 	3529 	3544
f 3619 	3623 	3477
f 3622 	3544 	3589
f 3510 	3505 	3698
f 3611 	3624 	3557
f 3563 	3620 	3567
f 3589 	3586 	3622
f 1839 	2238 	3620
f 3605 	3518 	3452
f 3624 	3609 	3557
f 3477 	3623 	3612
f 2238 	2241 	3620
f 3313 	3383 	3606
f 3621 	3698 	3505
f 609 	1223 	3628
f 3620 	2241 	3567
f 3624 	3156 	3609
f 3589 	3691 	3586
f 3313 	3606 	3616
f 3619 	3470 	3484
f 3156 	3144 	3609
f 3628 	719 	609
f 3533 	3572 	3590
f 1777 	1661 	3591
f 3317 	3313 	3616
f 3590 	3589 	3533
f 3459 	652 	719
f 1693 	1777 	3591
f 3625 	3618 	3876
f 3616 	3602 	3317
f 1685 	3591 	3598
f 3627 	3628 	1237
f 3591 	1685 	1693
f 3627 	1237 	3588
f 3611 	159 	152
f 3623 	3619 	3061
f 3602 	3318 	3317
f 3624 	3611 	152
f 3062 	3623 	3061
f 3386 	3364 	3629
f 3608 	1685 	3598
f 3656 	3623 	3062
f 152 	3156 	3624
f 719 	3628 	3459
f 1680 	1685 	3608
f 3875 	1839 	3626
f 3630 	3579 	3073
f 3614 	3586 	3719
f 3409 	3046 	3610
f 3579 	3630 	3499
f 3627 	3459 	3628
f 3614 	3719 	3631
f 3638 	3524 	3705
f 3618 	3625 	3626
f 1623 	1680 	3608
f 3524 	3585 	3705
f 3885 	3891 	3625
f 3591 	1661 	3402
f 3615 	3595 	3617
f 3406 	3290 	2952
f 3595 	3342 	3617
f 2952 	3290 	3634
f 3615 	3594 	3595
f 3289 	3634 	3290
f 3564 	3342 	3595
f 3469 	3635 	1200
f 3630 	3295 	3176
f 3176 	3499 	3630
f 3635 	3716 	3632
f 3630 	3634 	3295
f 3627 	3588 	3331
f 3476 	3635 	3469
f 3363 	3636 	3637
f 3634 	3064 	2952
f 3638 	3635 	3476
f 3875 	3626 	3625
f 3642 	3639 	3390
f 3618 	3626 	3620
f 3642 	3531 	3639
f 3620 	3626 	1839
f 3395 	3642 	3390
f 3493 	3524 	3638
f 3641 	3640 	3605
f 3659 	3876 	3618
f 3607 	3641 	3605
f 3638 	3476 	3493
f 3642 	3395 	3273
f 3273 	3253 	3642
f 3618 	3563 	3659
f 3514 	735 	694
f 3390 	3639 	3707
f 736 	735 	3644
f 3644 	3645 	736
f 3390 	3707 	3412
f 735 	3514 	3644
f 1209 	3643 	3646
f 3876 	3885 	3625
f 3630 	3073 	3634
f 3634 	3073 	3064
f 3642 	3537 	3531
f 3646 	1212 	1209
f 3253 	3303 	3642
f 3557 	3545 	3649
f 3545 	1165 	3649
f 3642 	3303 	3537
f 3794 	2507 	2719
f 3641 	3645 	3644
f 3647 	3648 	3651
f 3641 	1248 	3645
f 3647 	3651 	3652
f 3652 	3606 	3647
f 1581 	3650 	3663
f 3616 	3606 	3652
f 3640 	3514 	3518
f 3363 	467 	3636
f 3653 	3652 	3651
f 3637 	3364 	3363
f 1581 	1588 	3650
f 3637 	3654 	3629
f 1591 	1581 	3655
f 3518 	3605 	3640
f 1591 	3655 	3287
f 3602 	3550 	3522
f 3637 	3629 	3364
f 3433 	2052 	1762
f 1591 	3287 	713
f 3640 	3644 	3514
f 3629 	3654 	3088
f 3661 	3602 	3616
f 3644 	3640 	3641
f 3602 	3661 	3550
f 3654 	439 	3088
f 3069 	3656 	3062
f 3599 	3657 	3563
f 3550 	3653 	3555
f 3652 	3653 	3661
f 3084 	3629 	3088
f 3662 	3660 	3659
f 3652 	3661 	3616
f 3659 	3657 	3662
f 3661 	3653 	3550
f 3658 	2052 	3433
f 3597 	3662 	3657
f 1190 	3649 	1165
f 3368 	3658 	3375
f 3665 	167 	3667
f 3655 	1581 	3663
f 3649 	3666 	3557
f 168 	167 	3665
f 3659 	3563 	3657
f 3668 	168 	3665
f 171 	168 	3668
f 3680 	3655 	3663
f 3665 	3667 	3669
f 2057 	3664 	3656
f 3665 	3669 	3676
f 3662 	3818 	3660
f 3668 	3665 	3676
f 3395 	3133 	3273
f 3636 	467 	627
f 3671 	3668 	3676
f 35 	3670 	3643
f 3671 	3676 	3606
f 627 	528 	3636
f 3597 	3818 	3662
f 3656 	2058 	2057
f 3641 	3607 	1248
f 539 	3637 	3636
f 3612 	3623 	3664
f 3664 	3623 	3656
f 3647 	3669 	3648
f 2662 	2311 	3674
f 3677 	2770 	2694
f 3676 	3669 	3647
f 3612 	3664 	3613
f 1717 	3656 	3069
f 3647 	3606 	3676
f 3674 	3677 	2694
f 1717 	2058 	3656
f 3606 	3383 	3671
f 3675 	3673 	3683
f 2662 	3674 	2694
f 143 	171 	3668
f 3675 	3683 	3680
f 3682 	3438 	3466
f 3695 	2770 	3677
f 3654 	539 	489
f 3683 	3673 	3438
f 3668 	3671 	3383
f 28 	35 	3643
f 3406 	2952 	2953
f 3436 	3700 	3684
f 3683 	3438 	3682
f 3684 	3322 	3436
f 3643 	1209 	28
f 1688 	1633 	3686
f 3680 	3683 	3682
f 3688 	3680 	3682
f 3654 	3637 	539
f 3755 	3689 	3670
f 3687 	1656 	1793
f 3682 	3466 	3325
f 3689 	3646 	3643
f 489 	439 	3654
f 3664 	3681 	3613
f 3664 	2098 	3681
f 3677 	3674 	3679
f 3325 	3356 	3688
f 3679 	3674 	3192
f 2057 	2098 	3664
f 3679 	3684 	3677
f 3688 	3356 	3287
f 3192 	3108 	3679
f 3690 	1633 	1656
f 3589 	3696 	3691
f 3693 	1633 	3690
f 3650 	3675 	3663
f 2783 	3695 	3692
f 3689 	3643 	3670
f 2942 	2961 	3590
f 3680 	3688 	3655
f 1656 	3687 	3690
f 3590 	2961 	3119
f 3689 	3666 	3649
f 3633 	1710 	3704
f 3695 	2783 	2770
f 3920 	3697 	3693
f 3698 	3633 	3704
f 3589 	3590 	3696
f 3649 	3646 	3689
f 3729 	3691 	3696
f 3698 	3621 	3633
f 3700 	3695 	3677
f 3119 	3696 	3590
f 3702 	1712 	1719
f 3649 	1190 	3646
f 3663 	3675 	3680
f 1710 	1712 	3704
f 3749 	3703 	3693
f 3696 	3135 	3735
f 3677 	3684 	3700
f 1212 	3646 	1190
f 3655 	3688 	3287
f 3695 	3700 	3692
f 3135 	3696 	3119
f 3700 	3706 	3692
f 2132 	3694 	2136
f 3704 	1712 	3702
f 3697 	3749 	3693
f 3700 	3436 	3706
f 2132 	3708 	3694
f 3730 	3705 	3585
f 3639 	3531 	3707
f 3693 	3703 	3797
f 3710 	3694 	3708
f 3704 	3702 	3709
f 3531 	3559 	3707
f 3698 	3704 	3709
f 3730 	3585 	3577
f 3693 	3797 	3686
f 3561 	3698 	3709
f 2744 	2821 	3712
f 3714 	3694 	3710
f 3715 	551 	3724
f 3419 	3707 	3713
f 3510 	3698 	3561
f 3715 	568 	551
f 3701 	3714 	3710
f 3712 	2356 	2747
f 3412 	3707 	3419
f 3742 	3716 	3635
f 1613 	3702 	1719
f 2744 	3712 	2747
f 1613 	3717 	3702
f 3708 	2132 	2157
f 3635 	3638 	3742
f 3702 	3717 	3720
f 3575 	3713 	3707
f 3709 	3702 	3720
f 3708 	2157 	3721
f 3631 	3719 	3711
f 3709 	3720 	3587
f 2783 	3692 	3718
f 549 	3711 	3724
f 2755 	3699 	2756
f 3718 	3692 	3725
f 246 	52 	3737
f 3559 	3575 	3707
f 2755 	3685 	3699
f 3692 	3706 	3725
f 3672 	3699 	3685
f 3587 	3561 	3709
f 3706 	3444 	3725
f 3724 	3711 	3719
f 247 	246 	3737
f 3717 	1613 	1162
f 3586 	3729 	3719
f 3685 	2755 	2764
f 239 	3726 	3730
f 3708 	3721 	3723
f 3717 	1162 	3076
f 3685 	2764 	3731
f 3724 	3719 	3729
f 3710 	3708 	3723
f 3678 	3685 	3731
f 3730 	3577 	239
f 3715 	3724 	3729
f 3076 	3720 	3717
f 3732 	3710 	3723
f 3678 	3794 	3733
f 3735 	3729 	3696
f 3737 	52 	43
f 3016 	3587 	3720
f 3728 	3722 	3734
f 3715 	3729 	3735
f 3725 	3452 	3518
f 3715 	3735 	3736
f 3503 	741 	683
f 3672 	3685 	3733
f 2316 	3715 	3736
f 3740 	741 	3503
f 3726 	247 	3737
f 3678 	3733 	3685
f 2764 	2597 	3556
f 43 	3716 	3737
f 2316 	568 	3715
f 3731 	2764 	3556
f 3726 	3737 	3716
f 3721 	2157 	3658
f 3726 	3705 	3730
f 3678 	3731 	3556
f 3721 	3658 	3723
f 3678 	3556 	2507
f 3740 	3738 	2821
f 3658 	3368 	3723
f 3743 	3788 	3727
f 3734 	3722 	3873
f 3729 	3586 	3691
f 3738 	3361 	3712
f 3723 	3368 	3366
f 3813 	3751 	3672
f 3728 	4011 	4010
f 3742 	3638 	3705
f 3752 	3246 	3741
f 3732 	3723 	3366
f 3726 	3716 	3742
f 3540 	3701 	3269
f 3726 	3742 	3705
f 3746 	3747 	689
f 3701 	3710 	3748
f 3738 	3712 	2821
f 689 	637 	3746
f 3701 	3748 	3269
f 3250 	3246 	3752
f 3748 	3710 	3732
f 3740 	633 	741
f 3699 	2786 	2756
f 3748 	3732 	3267
f 637 	419 	3746
f 3307 	3250 	3752
f 3749 	813 	3703
f 3267 	3269 	3748
f 3508 	3739 	3505
f 3741 	3739 	3752
f 3751 	2786 	3699
f 3658 	2157 	2052
f 2836 	633 	3740
f 3672 	3751 	3699
f 3752 	3739 	3508
f 3307 	3752 	3508
f 3778 	3743 	3750
f 3774 	3631 	3711
f 3755 	3745 	234
f 3573 	3478 	3753
f 3713 	3432 	3419
f 3613 	3753 	3478
f 3754 	2647 	2795
f 3936 	3749 	3697
f 3713 	3758 	3432
f 234 	260 	3760
f 417 	3472 	3761
f 3592 	3596 	3772
f 3944 	806 	807
f 260 	3611 	3760
f 417 	3761 	3746
f 3713 	3562 	3758
f 3760 	3755 	234
f 78 	342 	3745
f 3472 	3762 	3761
f 3760 	3666 	3755
f 314 	316 	3756
f 3760 	3611 	3557
f 3753 	3759 	3596
f 3756 	3763 	314
f 807 	810 	3744
f 3761 	3780 	3747
f 3763 	3430 	314
f 3666 	3760 	3557
f 810 	3749 	3744
f 3596 	3573 	3753
f 3747 	3746 	3761
f 810 	813 	3749
f 3763 	3756 	3773
f 3670 	3745 	3755
f 3666 	3689 	3755
f 2821 	2836 	3740
f 3768 	3828 	3767
f 3790 	1837 	3757
f 403 	3769 	20
f 694 	749 	3514
f 3780 	3770 	3747
f 3773 	3756 	1837
f 3774 	689 	3747
f 3790 	3773 	1837
f 3792 	689 	3774
f 3763 	3773 	3784
f 20 	23 	403
f 3765 	3772 	3759
f 2870 	3776 	746
f 3453 	3799 	1551
f 20 	3769 	35
f 3757 	1710 	3633
f 3792 	3774 	3711
f 749 	3777 	3514
f 3778 	1551 	3799
f 3774 	3747 	3770
f 3778 	1553 	1551
f 3770 	3762 	3766
f 2870 	2882 	3776
f 3761 	3762 	3780
f 3764 	4077 	3813
f 35 	28 	20
f 3781 	1238 	1200
f 3780 	3762 	3770
f 2882 	3782 	3776
f 3781 	1200 	3632
f 3783 	3765 	3759
f 3764 	3813 	3672
f 3781 	3632 	43
f 3783 	2175 	3765
f 3771 	3963 	3767
f 3430 	3763 	3741
f 43 	3632 	3716
f 3764 	3672 	3791
f 3770 	3614 	3774
f 3650 	1588 	3778
f 3784 	3741 	3763
f 376 	332 	1247
f 3785 	3777 	3782
f 3775 	3764 	3791
f 3786 	376 	1247
f 1553 	3778 	1588
f 3785 	3514 	3777
f 3773 	3739 	3784
f 3614 	3631 	3774
f 1247 	1238 	3781
f 3765 	2175 	2182
f 3786 	1247 	3781
f 3753 	3789 	3759
f 3785 	3518 	3514
f 376 	3786 	65
f 3775 	3787 	3764
f 376 	65 	61
f 3603 	3770 	3766
f 3739 	3773 	3790
f 746 	3776 	3777
f 43 	3786 	3781
f 3759 	3789 	3783
f 3969 	3963 	3771
f 3790 	3757 	3633
f 3603 	3614 	3770
f 3789 	2188 	3783
f 3790 	3633 	3621
f 43 	65 	3786
f 749 	746 	3777
f 3790 	3621 	3505
f 3354 	3762 	3321
f 3777 	3776 	3782
f 3739 	3790 	3505
f 3472 	3321 	3762
f 3800 	3791 	3672
f 3782 	2882 	3718
f 3741 	3784 	3739
f 3783 	2188 	2175
f 3769 	75 	76
f 679 	689 	3792
f 3789 	3753 	3613
f 75 	3769 	403
f 549 	679 	3792
f 3791 	3779 	3775
f 76 	78 	35
f 3613 	3681 	3789
f 3792 	3711 	549
f 3584 	3180 	3793
f 3453 	3788 	3799
f 2188 	3789 	3681
f 3769 	76 	35
f 2098 	2188 	3681
f 3650 	3778 	3750
f 3745 	3670 	35
f 3180 	3584 	2949
f 3779 	3794 	3798
f 3592 	3772 	4124
f 3745 	35 	78
f 3800 	3672 	3733
f 3788 	3743 	3799
f 3779 	3791 	3800
f 3743 	3778 	3799
f 1688 	3686 	3797
f 3800 	3733 	3794
f 3725 	3785 	3782
f 3779 	3800 	3794
f 3804 	3437 	3486
f 3725 	3518 	3785
f 3718 	3725 	3782
f 3779 	3798 	3415
f 3803 	1688 	3797
f 2646 	2643 	3801
f 3806 	3604 	3549
f 3415 	3965 	3779
f 3801 	1272 	2646
f 3795 	3809 	3808
f 3794 	3678 	2507
f 3703 	813 	3797
f 3808 	3801 	3795
f 3810 	3814 	3815
f 813 	851 	3797
f 3810 	3815 	754
f 3797 	851 	3803
f 1272 	3801 	3808
f 3565 	3796 	3802
f 3565 	3555 	3796
f 3816 	3495 	3804
f 3807 	3862 	3812
f 3808 	1291 	1272
f 3546 	3565 	3802
f 3819 	3814 	3810
f 3486 	3673 	3804
f 851 	853 	3803
f 3809 	3279 	3282
f 3809 	3416 	3279
f 3673 	3750 	3804
f 3673 	3675 	3750
f 1724 	3803 	853
f 3809 	3282 	3808
f 3819 	908 	3814
f 3750 	3675 	3650
f 1724 	853 	848
f 1291 	3808 	3282
f 3815 	755 	754
f 2082 	2260 	3807
f 3806 	3743 	3727
f 1291 	3282 	459
f 3812 	2082 	3807
f 3549 	3495 	3816
f 3771 	3767 	3828
f 1203 	3817 	3810
f 2094 	2082 	3812
f 3546 	3201 	2976
f 3806 	3549 	3816
f 3820 	3771 	3828
f 3806 	3816 	3743
f 3811 	3821 	3812
f 3817 	3822 	3819
f 3817 	3819 	3810
f 3820 	3868 	3771
f 3812 	3821 	2084
f 1203 	1106 	3825
f 3804 	3743 	3816
f 3660 	3824 	3886
f 3546 	3802 	3823
f 2084 	2094 	3812
f 3826 	3768 	151
f 3660 	3818 	3824
f 3546 	3823 	3201
f 3825 	3817 	1203
f 3804 	3750 	3743
f 3825 	3827 	3829
f 3825 	3829 	3817
f 2555 	3582 	3830
f 3829 	3822 	3817
f 3821 	3811 	3277
f 3830 	2556 	2555
f 3768 	3826 	3828
f 3821 	3277 	1873
f 3834 	3827 	3825
f 3826 	3820 	3828
f 62 	45 	3831
f 3979 	3809 	3795
f 3826 	3836 	3820
f 2084 	3821 	1873
f 3793 	3582 	3584
f 3811 	3275 	3277
f 3838 	3820 	3836
f 3793 	3830 	3582
f 3840 	3831 	3837
f 3793 	3871 	3830
f 3841 	62 	3831
f 586 	755 	3815
f 3814 	905 	3815
f 3822 	912 	3819
f 3829 	913 	3822
f 3827 	827 	3829
f 3840 	3841 	3831
f 3793 	3180 	3843
f 3843 	3871 	3793
f 3841 	3840 	3468
f 39 	19 	3845
f 3856 	3832 	3824
f 151 	37 	3826
f 3842 	3807 	2260
f 3796 	3916 	3846
f 3856 	3824 	3818
f 3321 	3472 	3845
f 3468 	3491 	3841
f 3826 	37 	40
f 2260 	3805 	3842
f 235 	2444 	3844
f 3836 	3826 	40
f 1907 	3526 	2380
f 3472 	39 	3845
f 3837 	3727 	3840
f 2380 	3526 	3848
f 2444 	2515 	3844
f 3727 	3788 	3840
f 3905 	1470 	3839
f 3836 	40 	3852
f 3851 	2538 	2776
f 3788 	3468 	3840
f 3788 	3453 	3468
f 2803 	4096 	3854
f 3853 	195 	188
f 3856 	3857 	3832
f 3858 	3839 	1362
f 3856 	3859 	3857
f 3847 	3796 	3846
f 3839 	1470 	1320
f 3856 	3854 	3859
f 3802 	3796 	3847
f 14 	3841 	3491
f 3853 	757 	195
f 3861 	29 	3507
f 3850 	3890 	3862
f 3839 	1320 	1362
f 3860 	2804 	3854
f 1355 	3858 	1362
f 3864 	3861 	3513
f 3850 	3896 	3890
f 4000 	3849 	3847
f 758 	757 	3863
f 3866 	3847 	3849
f 3862 	3807 	3850
f 3855 	3839 	3858
f 3854 	2804 	2803
f 3513 	3432 	3864
f 3849 	3268 	3866
f 757 	3853 	3863
f 3865 	3839 	3855
f 3507 	3513 	3861
f 3823 	3802 	3847
f 3860 	3856 	3818
f 3863 	2866 	758
f 64 	3861 	41
f 3812 	3862 	3811
f 3866 	3823 	3847
f 3861 	3615 	41
f 2804 	3860 	3754
f 3275 	3811 	3540
f 19 	18 	3865
f 3873 	3722 	3820
f 3571 	3908 	3526
f 2795 	2804 	3754
f 3855 	3845 	19
f 758 	2866 	649
f 3854 	3856 	3860
f 3841 	14 	62
f 3867 	3853 	188
f 3201 	3866 	3268
f 3754 	3860 	3818
f 2375 	2380 	3910
f 64 	29 	3861
f 3855 	19 	3865
f 3868 	3820 	3722
f 3866 	3201 	3823
f 3867 	188 	208
f 3864 	3594 	3861
f 3878 	3855 	3858
f 3863 	3853 	3867
f 3999 	2375 	3910
f 3870 	3845 	3855
f 3859 	3854 	4096
f 3867 	3869 	3863
f 3870 	3855 	3878
f 3864 	3562 	3594
f 3861 	3594 	3615
f 3878 	3327 	3870
f 3863 	3869 	2876
f 3848 	3910 	2380
f 2876 	2866 	3863
f 3432 	3758 	3864
f 3908 	3848 	3526
f 3327 	3335 	3870
f 226 	3872 	208
f 3857 	3859 	31
f 3872 	3867 	208
f 3870 	3335 	3845
f 3820 	3838 	3873
f 3869 	3867 	3872
f 3851 	3869 	3872
f 3864 	3758 	3562
f 3734 	3873 	3838
f 3321 	3845 	3335
f 2876 	3869 	3851
f 3327 	1355 	531
f 2876 	3851 	2776
f 3878 	3858 	1355
f 3878 	1355 	3327
f 3888 	3601 	3604
f 3879 	230 	235
f 3871 	3967 	3907
f 3879 	226 	230
f 2181 	1839 	3875
f 66 	3888 	3831
f 3660 	3876 	3659
f 226 	3879 	3872
f 3806 	3727 	3895
f 45 	66 	3831
f 1783 	1861 	3881
f 3883 	3884 	3885
f 3701 	3540 	4111
f 3886 	3883 	3885
f 3844 	3879 	235
f 3885 	3876 	3886
f 3876 	3660 	3886
f 3916 	3796 	3889
f 509 	3912 	677
f 2538 	3879 	3844
f 2515 	2538 	3844
f 3879 	3851 	3872
f 3891 	3885 	3884
f 3887 	1406 	1472
f 3879 	2538 	3851
f 3887 	1472 	3893
f 3895 	3727 	3837
f 3895 	3888 	3604
f 3831 	3895 	3837
f 3888 	3895 	3831
f 1470 	3893 	1472
f 3806 	3895 	3604
f 3898 	2670 	2668
f 3653 	3892 	3889
f 407 	2670 	3898
f 3896 	3874 	3880
f 3882 	3892 	3651
f 2668 	3900 	3898
f 3896 	3880 	3890
f 3882 	3651 	3648
f 3899 	3894 	3942
f 3653 	3651 	3892
f 3900 	3901 	3898
f 3901 	3902 	3898
f 3942 	3917 	3899
f 3862 	3890 	3811
f 3891 	3897 	3265
f 3901 	3903 	3902
f 4111 	3540 	3904
f 3889 	3796 	3653
f 4111 	3904 	3880
f 3555 	3653 	3796
f 3893 	1470 	3905
f 3265 	3875 	3891
f 3903 	3901 	4069
f 3890 	3880 	3904
f 2668 	4087 	3900
f 3890 	3904 	3811
f 3894 	3877 	3928
f 3540 	3811 	3904
f 3625 	3891 	3875
f 2546 	3906 	2543
f 3830 	3871 	3907
f 2670 	407 	424
f 3884 	3897 	3891
f 1783 	3881 	3899
f 2628 	3909 	2632
f 3830 	3907 	2556
f 3898 	3902 	407
f 3571 	3592 	3908
f 407 	3902 	383
f 2643 	2632 	3909
f 2607 	1783 	3912
f 3948 	390 	3903
f 509 	2607 	3912
f 3913 	2643 	3909
f 220 	390 	3948
f 3913 	3979 	3795
f 3795 	3801 	3913
f 3912 	1783 	3899
f 3913 	3801 	2643
f 3899 	3986 	3912
f 3923 	3916 	3889
f 3920 	3932 	3936
f 3920 	3921 	3919
f 3911 	3892 	3882
f 3899 	3917 	3986
f 3924 	3377 	3378
f 3936 	3697 	3920
f 3911 	3923 	3892
f 3908 	3910 	3848
f 4082 	3916 	3923
f 3893 	3914 	3887
f 3908 	3918 	3910
f 223 	3914 	3925
f 3382 	3924 	3378
f 3894 	3899 	3987
f 3889 	3892 	3923
f 3908 	3926 	3918
f 3945 	3925 	3905
f 3926 	3922 	3918
f 3925 	3914 	3893
f 3877 	3722 	3928
f 3920 	3690 	3921
f 3690 	3687 	3921
f 3925 	3893 	3905
f 3920 	3693 	3690
f 3592 	3926 	3908
f 3929 	3930 	3915
f 3371 	3377 	3927
f 3931 	3929 	3915
f 3728 	3959 	3722
f 3929 	3932 	3930
f 3933 	3927 	3924
f 3906 	4059 	2543
f 3932 	3919 	3930
f 147 	137 	3909
f 3932 	3920 	3919
f 3728 	3934 	3959
f 3906 	2546 	2556
f 3929 	3935 	3932
f 3926 	4124 	3922
f 137 	124 	3909
f 3935 	3936 	3932
f 3924 	3884 	3933
f 124 	3913 	3909
f 3907 	3906 	2556
f 3924 	3927 	3377
f 3934 	3728 	4010
f 3883 	3933 	3884
f 4053 	3906 	3907
f 2628 	291 	147
f 3936 	3935 	3744
f 3592 	4124 	3926
f 3382 	3897 	3924
f 3924 	3897 	3884
f 147 	3909 	2628
f 4041 	3934 	4010
f 3934 	46 	8
f 2410 	4051 	3937
f 223 	364 	3914
f 3939 	105 	119
f 336 	3764 	3787
f 3940 	3939 	119
f 4037 	3935 	3929
f 336 	3787 	3943
f 231 	223 	3925
f 2410 	3937 	3941
f 274 	336 	3943
f 3940 	119 	3911
f 4037 	3944 	3935
f 3938 	3917 	3942
f 3925 	3945 	231
f 2410 	3941 	3805
f 430 	108 	3939
f 105 	3939 	108
f 3939 	432 	430
f 3939 	3946 	432
f 18 	3945 	3865
f 241 	231 	3945
f 3946 	167 	432
f 3938 	4004 	3917
f 3945 	18 	241
f 3944 	3744 	3935
f 3667 	167 	3946
f 3865 	3945 	3839
f 3936 	3744 	3749
f 3944 	807 	3744
f 3945 	3905 	3839
f 3942 	3894 	3928
f 3850 	3957 	3975
f 364 	3949 	3950
f 3946 	3669 	3667
f 3957 	3850 	3807
f 3787 	3775 	3952
f 220 	3948 	3951
f 3914 	364 	3950
f 560 	3953 	3094
f 3952 	3943 	3787
f 3947 	3943 	3952
f 3954 	106 	1527
f 274 	3943 	3955
f 3805 	3941 	3842
f 3942 	3928 	3938
f 3954 	193 	106
f 362 	274 	3955
f 3949 	193 	3954
f 3928 	3722 	3959
f 3953 	3951 	3958
f 3648 	3669 	3882
f 193 	3949 	196
f 3842 	3941 	3957
f 3939 	3940 	3960
f 3958 	3961 	3953
f 3946 	3939 	3960
f 3949 	293 	225
f 3956 	3951 	3948
f 3669 	3946 	3960
f 3956 	3958 	3951
f 196 	3949 	225
f 3959 	3934 	3938
f 3947 	3955 	3943
f 3960 	3882 	3669
f 3961 	3094 	3953
f 3957 	3807 	3842
f 3954 	1527 	1531
f 3938 	3928 	3959
f 3960 	3940 	3911
f 3952 	3775 	3779
f 4051 	2410 	2459
f 3882 	3960 	3911
f 3963 	3964 	3767
f 3952 	3779 	3965
f 2401 	2375 	3999
f 3949 	3954 	3971
f 3767 	3964 	13
f 3962 	3966 	3956
f 3947 	3952 	3965
f 2535 	2543 	153
f 3950 	3949 	3971
f 3966 	3958 	3956
f 3971 	3887 	3914
f 3962 	3915 	3966
f 3877 	3868 	3722
f 3971 	3914 	3950
f 3915 	3930 	3966
f 3887 	1531 	1406
f 3958 	3966 	3992
f 3954 	1531 	3971
f 3434 	3947 	3965
f 2223 	3964 	1848
f 3967 	3871 	3843
f 3971 	1531 	3887
f 3967 	3843 	3974
f 3973 	3970 	3968
f 3951 	577 	220
f 4012 	3967 	3974
f 3964 	2223 	2233
f 3951 	3953 	577
f 560 	577 	3953
f 3422 	3974 	3843
f 1858 	3972 	3881
f 3974 	3422 	3977
f 3976 	3978 	3832
f 3416 	3981 	3427
f 3984 	112 	3983
f 3972 	3964 	3963
f 3982 	3098 	3980
f 3451 	3475 	3977
f 3919 	3921 	3982
f 3978 	3824 	3832
f 1858 	1848 	3972
f 3687 	3098 	3982
f 3886 	3824 	3978
f 3921 	3687 	3982
f 3996 	3874 	3896
f 3972 	1848 	3964
f 3984 	115 	112
f 3969 	3972 	3963
f 124 	115 	3984
f 3986 	655 	677
f 3937 	3970 	3941
f 3984 	3979 	124
f 3987 	3881 	3972
f 3970 	3973 	3988
f 3987 	3972 	3969
f 3986 	677 	3912
f 3979 	3913 	124
f 3970 	3988 	3941
f 3988 	3973 	3975
f 3894 	3987 	3969
f 3985 	3976 	3832
f 3957 	3988 	3975
f 3984 	3983 	3981
f 3980 	3094 	3961
f 3992 	3961 	3958
f 3957 	3941 	3988
f 3992 	3982 	3961
f 3877 	3894 	3969
f 3982 	3980 	3961
f 3850 	3975 	3896
f 3991 	3809 	3979
f 3771 	3877 	3969
f 3994 	3995 	3976
f 3919 	3982 	3992
f 3995 	3978 	3976
f 3973 	4129 	3996
f 3991 	3984 	3981
f 3973 	3996 	3975
f 3995 	3883 	3886
f 3979 	3984 	3991
f 3886 	3978 	3995
f 3771 	3868 	3877
f 3488 	3427 	3981
f 314 	3430 	4003
f 3975 	3996 	3896
f 4006 	3998 	8
f 4006 	8 	4
f 3991 	3981 	3416
f 3993 	3990 	4000
f 3881 	3987 	3899
f 3998 	3934 	8
f 3416 	3809 	3991
f 4001 	655 	3986
f 4000 	3989 	3993
f 696 	655 	4001
f 3999 	3910 	3918
f 4001 	3997 	696
f 3846 	3989 	4000
f 90 	3981 	3983
f 3994 	4036 	4028
f 3847 	3846 	4000
f 3999 	4002 	2401
f 90 	3488 	3981
f 4099 	616 	3997
f 3994 	4028 	3995
f 4000 	3990 	4003
f 3999 	4031 	4002
f 767 	761 	3983
f 3917 	4001 	3986
f 2401 	4002 	2419
f 3917 	4004 	4001
f 4004 	3997 	4001
f 2917 	4005 	2927
f 3983 	112 	767
f 4099 	3997 	4006
f 4 	4099 	4006
f 4003 	3430 	3849
f 920 	806 	3944
f 3916 	3989 	3846
f 3983 	761 	90
f 3997 	4004 	4006
f 3918 	4008 	3999
f 4009 	4008 	3918
f 4004 	3938 	3998
f 4007 	4005 	2903
f 3728 	3734 	4011
f 3998 	4006 	4004
f 4003 	3849 	4000
f 3934 	3998 	3938
f 3922 	4009 	3918
f 3992 	3966 	3930
f 362 	4018 	363
f 25 	53 	22
f 3992 	3930 	3919
f 4014 	2698 	2708
f 25 	70 	53
f 3955 	4018 	362
f 4016 	4015 	4014
f 3955 	3947 	3502
f 3977 	4012 	3974
f 25 	39 	417
f 417 	70 	25
f 4009 	4013 	4008
f 4015 	4019 	4014
f 4022 	4021 	4019
f 4009 	56 	4013
f 2708 	4016 	4014
f 3502 	4018 	3955
f 417 	39 	3472
f 3512 	363 	4018
f 3922 	59 	4009
f 22 	241 	18
f 4012 	3977 	4023
f 4015 	4022 	4019
f 4007 	2903 	3371
f 3931 	3915 	4021
f 3927 	4007 	3371
f 4007 	3927 	3933
f 4064 	44 	4017
f 4002 	2420 	2419
f 4027 	4023 	3977
f 4007 	3933 	4028
f 4002 	4029 	2420
f 3883 	3995 	4028
f 3883 	4028 	3933
f 4002 	4031 	4029
f 3915 	4075 	4021
f 3915 	3962 	4075
f 4025 	4029 	4031
f 2698 	4014 	4087
f 4033 	438 	4034
f 4024 	4013 	56
f 4022 	3931 	4021
f 4024 	56 	211
f 436 	4034 	438
f 436 	2982 	2927
f 4039 	3990 	4030
f 3931 	4022 	4035
f 3985 	582 	4033
f 4079 	4030 	3993
f 4008 	4031 	3999
f 4037 	3931 	4035
f 3990 	3993 	4030
f 3929 	3931 	4037
f 4036 	2927 	4005
f 4034 	436 	2927
f 4013 	4031 	4008
f 4003 	3990 	314
f 4034 	4036 	3994
f 4038 	3944 	4037
f 4013 	4025 	4031
f 4039 	261 	314
f 4040 	4010 	4011
f 4034 	3994 	4033
f 4036 	4034 	2927
f 4039 	314 	3990
f 4013 	4024 	4025
f 3976 	4033 	3994
f 4038 	4035 	4042
f 3976 	3985 	4033
f 4038 	4042 	920
f 4007 	4028 	4036
f 4041 	4010 	4040
f 4037 	4035 	4038
f 4036 	4005 	4007
f 4017 	4041 	4040
f 4027 	3977 	3475
f 4033 	582 	438
f 4042 	763 	766
f 36 	4023 	1921
f 504 	4045 	4046
f 4042 	766 	920
f 4040 	4043 	4017
f 3985 	3832 	3857
f 4040 	4011 	4020
f 920 	3944 	4038
f 4040 	4020 	4026
f 506 	504 	4046
f 1921 	4023 	1927
f 4058 	4035 	4022
f 4043 	4040 	4026
f 506 	4046 	4047
f 4058 	4042 	4035
f 506 	4047 	2466
f 4046 	4045 	4044
f 4032 	4043 	4026
f 4027 	1927 	4023
f 4046 	4044 	4050
f 4050 	4047 	4046
f 164 	4049 	2769
f 4050 	4051 	4047
f 2769 	4049 	1304
f 1927 	4027 	3475
f 4051 	2466 	4047
f 4055 	4068 	4052
f 1927 	3475 	1652
f 1304 	4049 	4066
f 4055 	4052 	3228
f 4053 	3907 	3967
f 2730 	4054 	4016
f 4048 	4068 	4055
f 4055 	3228 	3240
f 4050 	4044 	3968
f 2730 	2749 	4054
f 4048 	4055 	3240
f 3937 	4051 	4050
f 4048 	2786 	3751
f 3967 	4012 	4053
f 4048 	3240 	3247
f 2708 	2730 	4016
f 4048 	3247 	2786
f 4016 	4054 	4058
f 3906 	4057 	4059
f 3813 	4048 	3751
f 4050 	3968 	3970
f 3813 	4077 	4048
f 4054 	4065 	4058
f 3970 	3937 	4050
f 4058 	4015 	4016
f 4022 	4015 	4058
f 285 	4060 	329
f 2749 	4062 	4054
f 4061 	4017 	4043
f 506 	2466 	492
f 4062 	4065 	4054
f 4067 	329 	4060
f 125 	44 	4064
f 3906 	4053 	4057
f 2459 	2466 	4051
f 125 	4064 	4049
f 4063 	4088 	336
f 327 	4063 	336
f 4088 	3764 	336
f 4017 	4061 	4064
f 4065 	4042 	4058
f 4065 	763 	4042
f 4066 	4064 	4061
f 4045 	526 	111
f 128 	111 	526
f 153 	2543 	4059
f 504 	526 	4045
f 4062 	764 	4065
f 763 	4065 	764
f 111 	114 	4044
f 4063 	327 	4067
f 4064 	4066 	4049
f 2749 	546 	4062
f 327 	329 	4067
f 4045 	111 	4044
f 546 	764 	4062
f 114 	32 	4044
f 4063 	4067 	4068
f 4043 	4032 	4072
f 3948 	3903 	4069
f 155 	4070 	198
f 4069 	3956 	3948
f 4067 	4060 	4073
f 4061 	4043 	4072
f 211 	4070 	4024
f 4052 	4068 	4073
f 4075 	3962 	4069
f 4070 	4078 	4024
f 4066 	4061 	4072
f 4073 	4068 	4067
f 4066 	4072 	4076
f 4048 	4077 	4068
f 4069 	3962 	3956
f 4068 	4077 	4088
f 211 	198 	4070
f 4071 	3901 	3900
f 4075 	3901 	4071
f 4068 	4088 	4063
f 3901 	4075 	4069
f 79 	4079 	4091
f 4019 	4021 	4071
f 4030 	4079 	79
f 4075 	4071 	4021
f 4072 	4032 	4056
f 4024 	4078 	4025
f 4074 	98 	71
f 4026 	4126 	4032
f 822 	880 	6
f 4060 	178 	4081
f 4084 	822 	6
f 4056 	4076 	4072
f 4073 	4060 	4081
f 4080 	4083 	536
f 4080 	4078 	4083
f 119 	98 	4086
f 4056 	4085 	4076
f 4080 	536 	535
f 3911 	119 	4086
f 4087 	2668 	2815
f 1314 	4066 	4076
f 98 	4074 	4086
f 4086 	4074 	4082
f 4087 	4071 	3900
f 4086 	4082 	3923
f 4077 	3764 	4088
f 4071 	4014 	4019
f 3911 	4086 	3923
f 822 	4084 	4089
f 1314 	1304 	4066
f 4060 	285 	465
f 4083 	532 	536
f 893 	822 	4089
f 4082 	4079 	4097
f 2819 	893 	4089
f 4085 	1314 	4076
f 465 	184 	4060
f 4090 	532 	4083
f 4074 	72 	4091
f 184 	465 	229
f 2819 	911 	893
f 79 	4091 	72
f 4060 	184 	178
f 132 	4092 	135
f 110 	4089 	4084
f 4094 	47 	3291
f 4089 	110 	154
f 4082 	4074 	4091
f 51 	47 	4094
f 4090 	185 	532
f 2819 	4089 	154
f 51 	4094 	55
f 4082 	4091 	4079
f 1314 	4085 	1281
f 4081 	55 	4094
f 4087 	2815 	2698
f 4052 	3291 	3228
f 2482 	4093 	2475
f 4097 	4079 	3993
f 4071 	4087 	4014
f 4127 	4085 	4056
f 4080 	2475 	4093
f 4052 	4094 	3291
f 4097 	3993 	3989
f 4095 	3838 	4113
f 4084 	6 	110
f 4094 	4052 	4073
f 4083 	4078 	4090
f 4093 	4078 	4080
f 5 	110 	6
f 4094 	4073 	4081
f 44 	123 	21
f 4070 	4090 	4078
f 44 	125 	123
f 4092 	3320 	135
f 110 	21 	123
f 4082 	4097 	3916
f 4090 	4070 	155
f 3324 	3320 	4098
f 4092 	4098 	3320
f 3324 	4098 	4096
f 3989 	3916 	4097
f 4093 	2420 	4029
f 6 	616 	4099
f 4012 	27 	4053
f 6 	880 	616
f 4029 	4025 	4078
f 3324 	4096 	3328
f 4093 	4029 	4078
f 4012 	36 	27
f 4 	6 	4099
f 77 	2440 	4100
f 31 	3859 	4096
f 21 	110 	5
f 2803 	3328 	4096
f 4012 	4023 	36
f 27 	4057 	4053
f 4057 	38 	4059
f 4098 	31 	4096
f 38 	4057 	34
f 4103 	4102 	570
f 4104 	4100 	4105
f 34 	4106 	50
f 570 	4102 	571
f 178 	60 	4081
f 3874 	4129 	4107
f 4106 	34 	36
f 4107 	4100 	4104
f 1960 	50 	4106
f 4102 	243 	571
f 4106 	1961 	1960
f 4102 	132 	243
f 36 	1945 	4106
f 4102 	4092 	132
f 4107 	3880 	3874
f 4106 	1945 	1961
f 4098 	4102 	4103
f 31 	4098 	4103
f 4102 	4098 	4092
f 38 	34 	50
f 4105 	4100 	2424
f 567 	582 	4109
f 4101 	4026 	4020
f 567 	4109 	570
f 34 	4057 	27
f 2440 	2424 	4100
f 4109 	31 	570
f 34 	27 	36
f 4110 	4108 	4125
f 4109 	582 	3985
f 3857 	4109 	3985
f 2421 	4105 	2424
f 3857 	31 	4109
f 31 	4103 	570
f 4107 	4104 	3880
f 4110 	4026 	4101
f 3880 	4104 	4111
f 3694 	2421 	2136
f 4112 	4105 	2421
f 3836 	3852 	4113
f 4112 	2421 	3694
f 3838 	3836 	4113
f 4112 	4104 	4105
f 4113 	338 	4115
f 4114 	4111 	4104
f 4114 	4104 	4112
f 338 	4113 	3852
f 3694 	4114 	4112
f 4115 	338 	351
f 3694 	3714 	4114
f 4115 	351 	4116
f 4117 	4116 	351
f 4117 	351 	379
f 4114 	3714 	4111
f 4117 	379 	413
f 3701 	4111 	3714
f 4117 	413 	4118
f 4108 	4118 	4130
f 2455 	4119 	3765
f 2182 	2455 	3765
f 4116 	4113 	4115
f 4095 	4113 	4116
f 97 	77 	4100
f 4095 	4116 	4101
f 4116 	4122 	4101
f 4101 	4122 	4110
f 4122 	4108 	4110
f 4118 	4116 	4117
f 4122 	4116 	4118
f 4121 	233 	59
f 3922 	4120 	59
f 235 	233 	4121
f 4108 	4122 	4118
f 4121 	2447 	235
f 3838 	4095 	4123
f 4011 	4123 	4020
f 4011 	3734 	4123
f 4120 	3922 	4124
f 4123 	3734 	3838
f 4123 	4095 	4020
f 4095 	4101 	4020
f 4124 	3765 	4119
f 4110 	4125 	4126
f 3772 	3765 	4124
f 4127 	4126 	4125
f 4119 	4120 	4124
f 4120 	4119 	4121
f 4127 	4056 	4126
f 4121 	4119 	2447
f 4085 	4127 	4128
f 4119 	2455 	2447
f 1281 	4085 	4128
f 1416 	1281 	4128
f 3973 	3968 	33
f 4129 	4100 	4107
f 4108 	4134 	4125
f 97 	4100 	4129
f 4134 	4127 	4125
f 4129 	3874 	3996
f 33 	97 	4129
f 33 	4129 	3973
f 1416 	4128 	4136
f 3968 	4044 	32
f 4126 	4026 	4110
f 3968 	32 	33
f 4126 	4056 	4032
f 4118 	391 	4130
f 4130 	391 	474
f 4131 	1732 	4132
f 4132 	1732 	4133
f 1443 	4133 	1782
f 1443 	1782 	1126
f 4108 	4130 	4134
f 4127 	4134 	4135
f 4128 	4127 	4135
f 4135 	4136 	4128
f 1465 	1416 	4136
f 4135 	4134 	4132
f 4136 	4135 	4132
f 4130 	4131 	4134
f 4130 	474 	4131
f 4131 	4132 	4134
f 4133 	1443 	4136
f 4136 	1443 	1465
f 4136 	4132 	4133
f 4041 	44 	46
f 4041 	46 	3934
f 4017 	44 	4041
f 248 	87 	17
f 16 	248 	17
f 17 	87 	102
f 4138 	2172 	4137
f 4137 	2172 	232
f 13 	3964 	4138
f 2172 	4138 	2233
f 3964 	2233 	4138
f 179 	205 	15
f 16 	15 	205
f 102 	26 	17
f 15 	4137 	179
f 4137 	232 	179
f 11 	4137 	15
f 4138 	4137 	11
f 11 	13 	4138
f 3767 	13 	7
f 3768 	3767 	7
f 151 	7 	26
f 7 	151 	3768
# 8272 faces

 #end of obj_0

