# Blender 5.2.0 LTS
# www.blender.org
mtllib Oregani_Roof.mtl
o obj_7
v 57.907600 53.424805 32.386997
v 58.141602 53.526005 32.771996
v 57.814899 -56.173496 32.670002
v 30.691900 37.100502 36.215996
v 31.667500 36.154003 35.794994
v 58.104599 53.449604 32.641994
v 57.949299 -55.971195 32.587006
v 58.046600 -55.791298 32.486004
v 58.025799 53.415905 32.511997
v 58.099899 -55.640697 32.371002
v -30.909100 29.982502 35.654198
v -30.268900 30.348103 35.354496
v -30.028400 30.669903 35.458298
v -24.194599 34.774002 33.632797
v -25.569300 33.806904 34.062996
v -27.510700 31.923403 34.062996
v -29.021299 32.017303 35.892895
v -29.661400 31.651701 36.192596
v -31.118099 31.727201 34.987995
v -30.808100 33.806904 34.062996
v 57.752300 53.476604 32.271996
v 57.566898 53.568703 32.170998
v -31.215599 31.885403 34.945995
v 57.360699 53.701405 32.087997
v 57.138199 53.863205 32.026997
v -29.248100 36.154003 35.794994
v -30.700800 34.744804 35.168198
v -54.915501 52.325104 32.116898
v 58.109200 -55.525997 32.246002
v 58.074402 -55.449596 32.116005
v 57.995602 -55.415897 31.986004
v 57.875099 -55.424797 31.861004
v 57.722198 -55.476597 31.746004
v 57.536800 -55.570995 31.645004
v 57.328201 -55.701397 31.562004
v 57.105801 -55.863197 31.500004
v -29.607300 37.100502 36.215996
v 38.825699 36.938404 36.324097
v 38.827000 36.942703 36.323498
v 38.921700 37.250504 36.282696
v 38.743801 36.431202 36.359497
v 38.763699 36.553604 36.350895
v 38.765701 36.039906 36.349995
v 38.765099 36.049706 36.350296
v 38.760399 36.129505 36.352295
v 39.776600 37.030502 36.184795
v 39.783699 37.027504 36.183495
v 39.703800 37.060703 36.198296
v 39.606701 37.100502 36.215996
v 38.870899 35.834805 36.304596
v 38.865601 35.845505 36.306896
v 39.946499 36.910904 36.131695
v 40.006199 36.868904 36.112995
v 40.008099 36.867603 36.112396
v 56.275799 -53.741196 32.288002
v 56.325500 -53.762497 32.369705
v 56.328201 -53.763695 32.374203
v 40.072800 36.783802 36.075096
v -37.308102 35.811504 36.511597
v -37.287102 35.760506 36.520695
v -37.101398 35.153103 36.600796
v 39.836102 35.893005 35.888096
v 39.736301 35.847103 35.931194
v 39.709801 35.834805 35.942596
v -37.018299 34.645405 36.636597
v -37.040699 34.267204 36.626995
v -37.041302 34.256306 36.626698
v 39.873501 35.919205 35.871998
v -37.148998 34.041504 36.580196
v -37.168900 34.000103 36.571697
v 40.072800 36.059105 35.785995
v -37.308102 33.931705 36.511597
v 38.894402 35.787003 36.294495
v 38.893299 35.789303 36.294994
v 39.120701 35.673306 36.196796
v 39.068298 35.700005 36.219395
v 39.436699 35.707905 36.060394
v 39.432499 35.707405 36.062298
v 39.360500 35.699005 36.093296
v -31.678301 32.636803 34.746296
v -32.125301 33.362804 34.553394
v -32.252201 33.239605 34.498695
v -31.741600 35.029903 35.294994
v -32.464699 33.033504 34.406998
v -32.629200 33.193104 34.335995
v -33.166199 33.647903 34.680298
v 56.264400 -53.736298 32.269104
v 56.144600 -53.745995 32.143906
v 56.144798 -53.745995 32.144104
v 56.133701 -53.749695 32.135803
v 55.408100 52.184803 32.309895
v 55.511002 52.109203 32.338295
v 55.991100 -53.797295 32.029003
v 55.978100 -53.803898 32.021904
v 55.805599 -53.891495 31.928104
v 55.712898 -53.949997 31.891005
v 55.275600 52.294605 32.287994
v 55.391998 52.198105 32.307198
v -33.799500 33.033504 34.406998
v -33.261902 33.806904 34.062996
v 54.654701 52.896404 32.287994
v 55.598301 -54.022297 31.845104
v 54.579800 52.981304 32.302498
v 55.597801 -54.022594 31.844904
v 55.582199 -54.034096 31.840603
v 55.375999 -54.185097 31.782904
v 55.375999 -54.185196 31.782904
v -33.246700 -28.841997 34.069603
v -33.261902 -28.821697 34.063004
v 55.359798 -54.198597 31.780203
v -33.254902 -28.828398 34.063004
v 55.147400 -54.374897 31.745104
v -33.246799 -28.841997 34.069504
v -33.255001 -28.828499 34.063004
v 54.922600 -54.582798 31.732803
v 54.922001 -54.583298 31.732803
v 55.131599 -54.389595 31.744204
v -36.904301 -24.440098 33.067200
v 49.401199 -47.043495 33.506805
v 47.460701 -45.160896 33.824203
v 54.906898 -54.598797 31.733704
v -33.250500 -28.841497 34.067905
v -33.256699 -28.831299 34.063004
v 44.330399 -42.124096 34.336002
v 54.880501 -54.625698 31.735205
v -28.180901 -33.596897 33.880005
v -26.019600 -35.117096 33.203903
v -33.251900 -28.841198 34.067303
v -28.766100 -33.185394 34.063004
v -33.257301 -28.832298 34.063004
v 40.072800 37.100502 36.215996
v -21.240801 -38.478195 31.709003
v -33.261902 -28.839897 34.063004
v -35.020802 -33.596897 33.880005
v -37.308102 -35.816097 32.893005
v 56.878700 -56.054295 31.462004
v 38.960602 37.377106 36.265896
v -28.436600 -33.596897 33.880005
v 54.541100 53.025204 32.309895
v 54.541500 53.024704 32.309795
v 40.009399 37.256203 36.146797
v 40.026001 37.262703 36.143898
v 54.529301 53.040302 32.314297
v 39.832500 37.187702 36.177197
v 54.373199 53.240005 32.371197
v 54.238899 53.440605 32.453995
v 54.239201 53.440205 32.453896
v 40.072800 37.284702 36.134098
v 28.138901 -33.706795 33.831203
v 54.363499 53.254204 32.376896
v 25.473301 -35.582497 32.996902
v 35.681301 -26.583899 34.063004
v 54.232201 53.453205 32.461197
v 55.847401 0.388802 25.361000
v 54.141998 53.620304 32.554897
v 54.141899 53.620502 32.554996
v 20.913799 -38.790794 31.570004
v 42.577900 -15.183998 28.531002
v 54.138100 53.631104 32.563198
v 42.714600 -40.556496 34.600204
v 35.622200 -26.644697 34.063004
v 33.723598 -28.486399 34.063004
v 54.088001 53.770603 32.670197
v 42.282200 -40.136997 34.670902
v 54.087299 53.778706 32.678898
v 41.498901 -39.377098 34.799004
v 54.078999 53.885506 32.795097
v 33.224800 -28.970499 34.063004
v 35.570702 -32.835896 34.063004
v 35.681301 -33.017998 34.063004
v 36.105301 -33.596897 33.880005
v 36.143902 -32.952995 33.863304
v 54.090900 53.911602 32.839294
v 44.655201 -42.439095 34.282906
v 35.681301 -26.741999 34.063004
v 47.028198 -44.741295 33.894905
v 45.087601 -42.858696 34.212204
v 54.147301 -51.647797 32.730804
v 52.206699 -49.765198 33.048103
v 50.592800 -48.199497 33.312004
v 49.833698 -47.463097 33.436104
v 51.774200 -49.345695 33.118805
v 56.328098 -53.763496 32.374203
v 54.579800 -52.067398 32.660103
v 56.295502 51.737206 32.794895
v 56.295502 51.737206 32.794994
v 56.357201 51.763805 32.896397
v 56.359901 51.764904 32.900795
v 56.359699 51.764706 32.900795
v 57.010700 -57.039097 32.769005
v 57.235500 -56.829998 32.782005
v 56.176899 51.745804 32.669994
v 56.287102 51.737804 32.786198
v 57.451099 -56.609695 32.769005
v 56.021999 51.797905 32.554897
v 56.166000 51.749504 32.661896
v 57.645699 -56.389297 32.731003
v 55.887699 51.865505 32.481297
v 0.741600 -38.632896 49.588005
v 0.000000 -38.632896 49.619705
v 0.231300 -38.632896 49.609802
v 1.513300 -38.632896 49.621002
v 2.254800 -38.632896 49.718002
v 2.938500 -38.632896 49.876003
v 3.536400 -38.632896 50.088005
v 4.027700 -38.632896 50.346004
v 4.393800 -38.632896 50.641003
v 54.941399 52.477406 32.121998
v 55.033501 52.417805 32.156998
v 4.618600 -38.632896 50.961002
v 4.644500 -38.632896 51.073803
v 55.178299 52.375404 32.271896
v 55.178398 52.375202 32.271996
v -54.832600 52.461605 32.182796
v -55.244202 52.151905 32.287994
v -55.146801 52.232605 32.271797
v 56.908798 54.054302 31.988997
v -56.876301 53.910503 31.988997
v -3.135500 -38.632896 50.961002
v 54.820801 52.676205 32.217995
v -3.197300 -38.632896 51.230305
v 54.952301 52.583405 32.258797
v 55.162300 52.390102 32.270996
v -2.986300 -38.632896 50.748604
v -2.910700 -38.632896 50.641003
v 54.820599 52.676105 32.217995
v -2.544500 -38.632896 50.346004
v 38.392601 -40.713497 34.874405
v 40.171398 -42.439095 34.583603
v -2.053200 -38.632896 50.088005
v -1.455300 -38.632896 49.876003
v 54.912899 52.623604 32.261196
v 56.011902 -57.668594 32.371002
v 54.912800 52.623405 32.261196
v -0.771700 -38.632896 49.718002
v -0.030100 -38.632896 49.621002
v 56.167198 -57.614597 32.486004
v 41.685398 -43.907898 34.336002
v -3.211900 -38.632896 47.606003
v 0.542300 -38.632896 49.226006
v 56.352600 -57.522396 32.587006
v 41.069199 -16.047298 27.825003
v 55.847401 -38.632896 25.361004
v 58.305500 -38.632896 26.421703
v 38.594002 -38.632896 34.259705
v 38.392601 -38.632896 34.212505
v 38.392601 -38.632896 32.893005
v 38.392601 -35.816097 32.893005
v 55.670101 -30.212198 25.437502
v 55.927299 -30.461699 25.395502
v 57.949600 -37.409897 26.268103
v 54.737701 52.802402 32.271996
v 54.737701 52.802402 32.271996
v -54.929001 52.433304 32.259396
v -54.921001 52.440704 32.258896
v 57.779202 -38.632896 28.145403
v 42.714600 -44.906395 34.167706
v 44.917500 -47.043495 33.807503
v -56.651501 54.119503 31.975996
v -54.706501 52.659805 32.271797
v 47.503300 -49.552097 33.384705
v 47.947899 -49.983395 33.312004
v 44.685398 40.439102 34.809296
v 42.714600 38.527203 35.131496
v 1.209700 -37.675198 48.938004
v 47.460701 -49.510696 33.391705
v -54.623402 52.754204 32.287994
v -31.662901 -31.451399 35.329002
v -31.871500 -31.172499 35.239002
v 49.663799 -51.647797 33.031506
v 54.059700 -55.912098 32.312805
v 52.115299 -24.436598 26.971502
v 54.752399 52.787304 32.271095
v 54.754002 52.785706 32.270996
v 54.723900 52.818005 32.274597
v 56.558800 -57.391994 32.670002
v 56.781300 -57.227898 32.731003
v -42.714600 42.764706 34.693695
v -40.317402 40.439102 35.085697
v 60.039600 -38.315796 27.170004
v 57.528301 -29.687998 26.086302
v 38.772099 -38.632896 36.347305
v 38.392601 -38.632896 35.853203
v 38.478401 -38.632896 35.848904
v 38.813301 -38.632896 35.811703
v 38.921001 -38.632896 35.799503
v -37.968498 -40.129097 34.949604
v -37.308102 -39.488396 35.057602
v -37.976700 -40.136997 34.948204
v 55.814999 -57.641598 32.116005
v 39.332199 -38.632896 35.726204
v 39.342800 -38.632896 35.724304
v -40.341599 -42.431297 34.561504
v 55.893799 -57.677597 32.246002
v -40.349701 -42.439095 34.560204
v -41.720798 -43.769295 34.336002
v 39.632000 -38.632896 35.651703
v 39.734402 -38.632896 35.626205
v -42.714600 -44.733395 34.173504
v -42.722698 -44.741295 34.172203
v 40.077400 -38.632896 35.509106
v -45.087601 -47.035595 33.785503
v 40.360100 -38.632896 35.377804
v -45.095798 -47.043495 33.784103
v 40.386600 -38.632896 35.360004
v -47.460701 -49.337795 33.397404
v -47.468800 -49.345695 33.396103
v 39.039200 -63.536400 24.157005
v -47.983200 -49.844597 33.312004
v 38.392601 -57.569996 26.451004
v 38.392601 -53.936501 24.834003
v 40.568699 -38.632896 35.237404
v -49.833698 -51.639896 33.009403
v -49.841900 -51.647797 33.008102
v 40.696098 -38.632896 35.093105
v 55.787102 -57.450497 31.861004
v -56.357399 -53.621796 32.370205
v -56.307999 -53.599495 32.288002
v 40.731602 -38.632896 34.978004
v -52.206699 -53.942097 32.621403
v 55.777901 -57.565098 31.986004
v -52.214901 -53.949997 32.620003
v -54.090801 -55.769897 32.313305
v -53.824799 -55.511795 32.356804
v -54.084099 -55.754997 32.288002
v -54.086601 -55.760597 32.297504
v -54.090900 -55.769897 32.313305
v 40.731701 -38.632896 34.977703
v 56.651501 -56.261196 31.450005
v 40.740200 -38.632896 34.950203
v 40.731800 -38.632896 34.924404
v 56.436001 -56.481495 31.462004
v 56.241402 -56.704098 31.500004
v 56.072201 -56.919895 31.562004
v 55.937801 -57.119995 31.645004
v 55.842800 -57.299896 31.746004
v -56.302502 -53.596996 32.278904
v -54.579800 -54.838898 31.775503
v -54.541698 -54.881996 31.782904
v -54.529900 -54.897198 31.787205
v -54.374100 -55.097195 31.844904
v -54.237701 -55.299896 31.927904
v -54.141998 -55.478596 32.028904
v -54.141800 -55.478798 32.029003
v -54.138100 -55.489296 32.037106
v -54.088001 -55.628796 32.144104
v -54.087299 -55.636997 32.152905
v -54.078999 -55.743896 32.269104
v 38.285999 -38.632896 35.858803
v 38.375198 -38.632896 35.854103
v 38.285999 37.377106 27.999998
v 38.285999 37.377102 19.999998
v 38.285999 -39.377098 28.000004
v 38.285999 -39.377102 20.000004
v -38.285801 20.113201 32.471100
v -54.952599 -54.441196 31.732803
v -54.952099 -54.441597 31.732803
v -55.102402 -54.302795 31.740805
v -42.577900 13.042402 29.057999
v -41.069199 13.903402 28.350998
v -54.936901 -54.457096 31.733704
v -54.737400 -54.660194 31.745104
v -54.737202 -54.660397 31.745104
v -54.723499 -54.675995 31.747805
v -48.402599 18.693102 28.105598
v -44.765999 19.203901 29.674799
v -44.902302 44.887104 34.335995
v -41.675499 -39.377098 34.775303
v -42.458801 -40.136997 34.647205
v -42.714600 -40.385098 34.605404
v -44.831799 -42.439095 34.259304
v -45.087601 -42.687298 34.217503
v -47.204899 -44.741295 33.871304
v -47.460701 -44.989494 33.829502
v -49.577900 -47.043495 33.483402
v -49.833698 -47.291595 33.441605
v -50.626301 -48.060497 33.312004
v -51.951000 -49.345695 33.095406
v -52.206699 -49.593796 33.053604
v -54.324001 -51.647797 32.707504
v 55.629501 52.022102 32.371098
v 55.743801 51.950005 32.416595
v -54.579800 -51.895897 32.665703
v 55.613998 52.033504 32.366695
v -56.285999 -53.551197 32.386803
v 56.343300 -53.770195 32.399002
v 56.328201 -53.763695 32.374203
v -56.908798 -55.910496 31.462004
v -49.838799 33.488102 31.104599
v -56.681702 -56.119495 31.450005
v 54.788300 -54.678394 31.692003
v -37.603802 36.515705 36.383995
v -37.568901 36.445305 36.399097
v -37.317699 35.834805 36.507496
v 55.837399 51.890903 32.453796
v 55.837898 51.890602 32.454098
v 55.822701 51.900204 32.447998
v 54.721901 -54.785095 31.744104
v 54.705101 -54.802197 31.745104
v 54.579800 -54.944595 31.769505
v -30.870399 -32.023098 35.095005
v -30.798901 -32.118694 35.125805
v -29.621599 -33.691696 35.633804
v 54.509800 -55.024197 31.783203
v -27.917101 -34.008297 34.063004
v -28.156000 -33.776794 34.063004
v -28.666500 -33.281796 34.063004
v 54.497898 -55.039394 31.787504
v -30.261801 -33.326096 35.933605
v 54.341099 -55.240498 31.845003
v -31.489901 -31.685198 35.403603
v -31.510599 -31.657497 35.394703
v -28.004801 -33.871597 34.002205
v 54.207199 -55.441097 31.928003
v -30.870399 -32.023098 35.094902
v 54.111500 -55.619896 32.028904
v 54.111301 -55.620296 32.029102
v -28.666599 -33.281895 34.063004
v 54.200401 -55.453796 31.935104
v 54.107601 -55.630898 32.037205
v -32.530102 -34.718296 34.378803
v -33.261902 -34.008297 34.063004
v 54.056499 -55.771496 32.144005
v -29.938400 -34.008297 34.063004
v 54.047600 -55.886497 32.268906
v -37.968498 37.238304 36.226597
v -33.570999 -35.003395 34.505604
v -37.935200 37.180603 36.240997
v 54.050098 -55.891895 32.278103
v 54.050201 -55.892097 32.278404
v -37.650002 36.608803 36.364098
v -57.678200 -56.245396 32.731003
v -47.176399 42.741302 34.396297
v -47.460701 43.017105 34.349796
v 54.914902 -54.467094 31.590704
v -31.105101 -36.100697 34.993702
v -29.491400 -37.666195 35.690002
v -30.826300 -37.666195 35.690002
v 54.787300 -54.677395 31.692204
v -32.146000 -36.385895 35.120502
v 54.722900 -54.784096 31.744104
v 54.050301 -55.892498 32.279003
v 54.787300 -54.677395 31.692204
v -31.247999 -38.632896 39.126503
v 54.947899 52.466805 32.116898
v 42.312401 38.137005 35.197197
v -57.845001 -56.029594 32.670002
v -57.981701 -55.829494 32.587006
v -58.076801 -55.649696 32.486004
v -58.130100 -55.498997 32.371002
v 41.529099 37.377106 35.325294
v 28.634100 -33.423897 34.063004
v 28.124100 -33.918896 34.063004
v 28.031900 -34.008297 34.063004
v -56.360001 -53.622997 32.374702
v 28.274200 -33.629498 33.894505
v 28.065701 -33.955498 34.039505
v 28.634199 -33.423897 34.063004
v 28.635500 -33.424698 34.063004
v -37.308102 -53.936501 24.834003
v -37.308102 -57.195297 26.284304
v 29.657301 -34.008297 34.063004
v 35.681301 -34.008297 34.063004
v -14.789700 -42.162598 28.688004
v -15.679600 -40.698997 27.982004
v 54.059700 -55.912098 32.312805
v 54.055302 -55.902798 32.296803
v 54.052799 -55.897697 32.288002
v -25.903000 -50.617096 26.310305
v -20.407499 -44.083797 29.216003
v -19.948200 -47.167496 27.844503
v 54.879398 -54.624798 31.735304
v 31.215599 -38.632896 39.608006
v -23.762899 -49.377495 26.861605
v 15.647200 -40.842896 27.982004
v 14.759600 -42.306496 28.688004
v 54.879501 -54.624695 31.735304
v -58.139301 -55.384396 32.246002
v 25.631701 -50.529297 26.349403
v 19.680099 -47.079998 27.883404
v -58.104599 -55.307896 32.116005
v -0.610900 -53.936501 24.834003
v 44.949799 45.043503 34.333996
v -58.025799 -55.271996 31.986004
v 2.254800 -40.550594 52.870003
v 1.513300 -40.550594 52.967003
v 0.741600 -40.550594 53.000004
v -0.030100 -40.550594 52.967003
v -0.771700 -40.550594 52.870003
v -38.048801 37.377106 36.191998
v -38.043301 37.367504 36.194397
v 44.937698 45.031803 34.335995
v 42.714600 42.875103 34.699497
v -57.907600 -55.280994 31.861004
v 40.203701 40.439102 35.110096
v -57.752300 -55.334896 31.746004
v 4.618600 -40.550594 50.961002
v 4.695100 -40.550594 51.294003
v 4.618600 -40.550594 51.627003
v 4.393800 -40.550594 51.947002
v 4.027700 -40.550594 52.242004
v -57.566898 -55.427097 31.645004
v 3.536400 -40.550594 52.500004
v 2.938500 -40.550594 52.713005
v 0.741600 -40.550594 49.588005
v 1.513300 -40.550594 49.621002
v 2.254800 -40.550594 49.718002
v 2.938500 -40.550594 49.876003
v 3.536400 -40.550594 50.088005
v 4.027700 -40.550594 50.346004
v 4.393800 -40.550594 50.641003
v 40.072800 40.312103 35.131496
v -57.360699 -55.557495 31.562004
v -0.771700 -40.550594 49.718002
v -0.030100 -40.550594 49.621002
v -1.455300 -40.550594 52.713005
v -2.053200 -40.550594 52.500004
v -2.544500 -40.550594 52.242004
v -2.910700 -40.550594 51.947002
v -3.135500 -40.550594 51.627003
v -3.211900 -40.550594 51.294003
v -3.135500 -40.550594 50.961002
v -2.910700 -40.550594 50.641003
v -2.544500 -40.550594 50.346004
v -2.053200 -40.550594 50.088005
v -1.455300 -40.550594 49.876003
v -57.138199 -55.721596 31.500004
v -36.441399 -38.632896 35.431404
v -36.426399 -38.632896 35.385403
v -36.568802 -38.632896 35.554905
v -36.777401 -38.632896 35.661205
v -44.803398 40.439102 34.784397
v -45.087601 40.714905 34.737896
v -37.060101 -38.632896 35.746304
v -56.042099 -57.524696 32.371002
v -56.197300 -57.472996 32.486004
v -37.308102 -38.632896 35.790703
v -56.382702 -57.378498 32.587006
v -56.591301 -57.248096 32.670002
v -56.813801 -57.086296 32.731003
v -29.500700 -37.675198 35.686005
v -31.822800 -38.632896 35.260002
v -36.418201 -38.632896 35.360004
v -36.397301 -38.632896 35.295803
v -36.408401 -38.632896 35.260002
v -37.193401 -39.377098 35.076305
v -36.643700 -38.843796 35.166203
v 38.151600 -65.000000 24.863007
v 37.968498 -38.632896 35.870903
v 38.026199 -38.632896 35.871704
v 38.038101 -38.632896 35.871902
v -40.057400 35.834805 35.560596
v -40.341599 36.110504 35.514095
v 36.248699 -38.632896 35.410103
v 36.254501 -38.632896 35.428005
v 36.262100 -38.632896 35.452805
v 36.262901 -38.632896 35.455402
v -38.303699 38.485302 35.600098
v -38.149899 38.322002 35.672794
v -33.788898 -58.003498 26.644003
v -35.114899 -49.113396 30.598305
v -38.612301 38.813206 35.454296
v 36.366600 -38.632896 35.554005
v 36.392200 -38.632896 35.578903
v 36.558498 -38.632896 35.663605
v 36.601299 -38.632896 35.685104
v -38.013000 38.137005 35.754997
v 36.821899 -38.632896 35.752903
v 36.872200 -38.632896 35.768204
v 36.879799 -38.632896 35.770603
v 37.152000 -38.632896 35.818405
v 37.224201 -38.632896 35.831303
v 37.528500 -38.632896 35.858402
v 37.613998 -38.632896 35.865704
v -41.283798 37.024506 35.359997
v 40.072800 38.069504 34.535397
v 40.106602 38.069504 34.543396
v 31.920099 -37.675198 35.686005
v 36.232498 -38.632896 35.360004
v 36.219398 -38.632896 35.319603
v 36.220299 -38.632896 35.316402
v 36.227798 -38.632896 35.290604
v 36.237301 -38.632896 35.260002
v 36.378201 -38.759197 35.203804
v 37.015099 -39.377098 35.099705
v 32.907299 -38.632896 35.260002
v -38.848900 39.025204 35.359997
v -38.285999 37.377106 27.999998
v -38.285999 -39.377098 28.000004
v 40.072800 38.069504 32.167995
v 40.072800 38.067303 32.167995
v -37.359501 33.906506 36.489395
v -37.396599 33.888603 36.473396
v -37.603802 33.910004 36.383995
v 37.968498 -40.302097 34.943806
v -37.656799 33.915504 36.361095
v -37.706501 33.920803 36.339695
v -37.710999 33.921204 36.337795
v 33.509800 -58.003498 26.644003
v -64.491402 -38.596901 24.000004
v -66.000000 -37.735901 24.706001
v -55.923901 -57.533695 32.246002
v -55.845100 -57.499897 32.116005
v -65.969902 35.735901 25.232998
v -64.461197 36.596901 24.525997
v -37.968498 34.040905 36.226597
v -55.819599 -57.308895 31.861004
v -58.957401 32.208004 27.169998
v -55.810299 -57.423496 31.986004
v -51.961102 24.470102 26.569998
v -56.025200 28.412802 25.905397
v -54.762901 -0.550798 25.361000
v -57.628601 27.643702 26.596899
v 38.394299 38.069504 36.054096
v 38.392601 38.069504 36.053596
v 38.737900 38.069504 36.115097
v 38.644100 38.069504 36.098595
v -56.468498 -56.339897 31.462004
v -41.099400 -15.903399 27.825003
v 39.125599 38.069504 36.149498
v 39.125301 38.069504 36.149498
v 39.017300 38.069504 36.140095
v -57.798100 -38.632896 26.670004
v -54.762901 -38.632896 25.361004
v -53.905499 -28.327099 25.731003
v -55.149200 -29.533699 25.527601
v -56.271500 -56.560196 31.500004
v 39.227200 38.069504 36.150898
v 39.012901 37.547104 36.243397
v 39.089001 37.732803 36.210495
v -56.104599 -56.775997 31.562004
v -58.957401 -36.340595 27.170002
v -50.350601 -22.553799 27.265001
v -55.967899 -56.978397 31.645004
v -56.750900 -28.762897 26.218401
v -55.872898 -57.158195 31.746004
v -38.037899 34.073204 36.196697
v -38.110699 34.106705 36.165295
v -30.864700 -55.430695 25.499004
v -30.065500 -56.983696 26.190104
v -30.343500 -56.442898 25.949503
v 30.724701 -55.470196 25.516603
v 29.928900 -57.022896 26.207603
v -38.571400 34.427803 35.966496
v -38.285999 -39.377102 20.000004
v -38.980301 34.789906 35.790096
v -38.172001 38.069504 35.917194
v -38.227001 38.069504 35.945297
v -38.228100 38.069504 35.945797
v -39.077702 34.876205 35.747997
v -38.084000 38.069504 35.871998
v -39.179401 34.983006 35.704098
v -38.458900 38.069504 36.014996
v -38.432098 38.069504 36.006996
v -38.376099 37.942905 36.050797
v -38.371700 37.936302 36.052597
v -57.040901 -56.895195 32.769005
v 38.392601 38.708702 35.500797
v 38.409599 38.726803 35.492695
v 38.742699 39.025204 35.359997
v -38.285999 37.377102 19.999998
v -57.268002 -56.688297 32.782005
v 38.789600 39.067204 35.341297
v -57.481201 -56.467995 32.769005
v -42.608002 -15.042398 28.531002
v -39.071602 -63.392502 24.157005
v -38.181702 -64.858398 24.863007
v -37.308102 -38.632896 33.892902
v -38.771198 -38.632896 34.235504
v -58.836498 38.069504 27.117897
v -37.308102 -38.632896 32.893005
v -38.151600 62.856102 25.389996
v -39.039200 61.392502 24.682997
v -38.019501 38.069504 35.838795
v -37.968498 38.077003 35.781696
v -54.762901 38.069504 25.360996
v -54.090900 -55.769897 32.313305
v -38.990501 56.412205 26.712996
v -38.990501 53.370903 25.360996
v 55.847401 38.069504 25.360996
v 59.372601 38.069504 26.882196
v 40.072800 56.768604 26.871496
v 40.072800 53.370903 25.360996
v -37.963001 38.069504 35.784996
v -39.339500 -37.743896 35.635105
v -39.157902 -37.834797 35.713406
v -39.658401 -37.781296 35.497505
v -39.774700 -37.834797 35.447304
v -38.990501 39.180904 35.290794
v -38.990501 39.152103 35.303497
v -38.990501 39.151905 35.302696
v -37.401299 -38.632896 35.807304
v -37.326599 -38.632896 35.794003
v 39.071602 61.536400 24.682997
v 57.040901 55.036804 33.294994
v -42.430401 38.137005 35.172497
v -42.714600 38.412704 35.125996
v 57.268002 54.830006 33.307995
v 57.483501 54.609703 33.294994
v -56.011902 55.524704 32.896996
v 57.678200 54.389305 33.256996
v -55.163799 -54.201797 31.692003
v -40.221100 38.069504 34.519695
v -56.167198 55.473003 33.011997
v -56.217201 -53.599895 32.185402
v -56.177700 -53.602795 32.143803
v -56.021702 -53.655994 32.029003
v -55.837101 -53.748695 31.927904
v -55.836899 -53.748795 31.927904
v -55.822300 -53.757996 31.922005
v -55.630402 -53.878296 31.845104
v -55.630001 -53.878597 31.845003
v -55.614300 -53.890198 31.840704
v -55.532600 -53.949997 31.818005
v -55.406799 -54.042095 31.783104
v -55.390800 -54.055397 31.780504
v -55.330002 -54.105698 31.770304
v -55.162899 -54.200897 31.692204
v -54.945900 -54.324596 31.590704
v -56.296501 -53.594296 32.268803
v -55.178001 -54.231396 31.745104
v -55.161999 -54.246098 31.744104
v -55.101501 -54.301994 31.740904
v 56.042099 55.666306 32.896996
v 56.197300 55.614605 33.011997
v 56.382702 55.522404 33.112995
v 56.591301 55.389805 33.195995
v -56.352600 55.378506 33.112995
v 56.813801 55.227905 33.256996
v -56.558800 55.248104 33.195995
v -56.781300 55.084003 33.256996
v -37.792400 -38.632896 35.841503
v -37.705200 -38.632896 35.834003
v -37.968498 -38.632896 35.844105
v -38.216499 -38.632896 35.847603
v -38.201199 -38.632896 35.847404
v -38.118198 -38.632896 35.846302
v -38.658600 -38.632896 35.824703
v -38.552799 -38.632896 35.829903
v -38.963001 -38.502796 35.797504
v -38.983299 -38.628895 35.788803
v -38.984001 -38.632896 35.788506
v -38.984600 -38.109997 35.788204
v -38.984001 -38.119595 35.788403
v -55.812599 55.499905 32.641994
v -55.891399 55.533703 32.771996
v -39.113201 -37.857197 35.732704
v -39.083302 -37.917896 35.745605
v -39.977001 -37.927795 35.360004
v -40.055000 -37.963696 35.326305
v -40.341599 -38.164795 35.202705
v 55.845100 55.641605 32.641994
v 55.923901 55.675304 32.771996
v -45.063499 45.043503 34.309597
v 56.286201 51.693405 32.912796
v 54.579800 50.038002 33.191795
v 55.819599 55.450504 32.386997
v 55.810299 55.565105 32.511997
v 54.177601 49.647804 33.257496
v -40.515800 -38.287098 35.127502
v -40.907799 -38.632896 34.953804
v -40.906200 -38.632896 34.959003
v -55.787102 55.306602 32.386997
v -55.777901 55.423504 32.511997
v -38.990501 38.069504 34.231598
v -38.990501 38.069504 32.166996
v -56.436001 54.337605 31.988997
v -56.241402 54.560204 32.026997
v -56.072201 54.776005 32.087997
v 56.681702 54.261204 31.975996
v 56.468498 54.481503 31.988997
v -55.937801 54.978405 32.170998
v 56.271500 54.704105 32.026997
v -55.840500 55.156002 32.271996
v 56.104599 54.919903 32.087997
v 55.970200 55.120003 32.170998
v -40.907902 -38.632896 34.953705
v 53.844398 49.324604 33.311996
v 52.206699 47.735806 33.579697
v -47.545300 43.099205 34.335995
v -45.516602 -23.231098 29.350903
v -50.589199 -37.512497 30.780901
v -57.010700 54.895203 33.294994
v -57.235500 54.686104 33.307995
v -57.451099 54.468002 33.294994
v -49.549400 45.043503 34.008198
v -40.916302 -38.632896 34.926304
v -40.908401 -38.632896 34.900703
v -57.645699 54.245403 33.256996
v 55.872898 55.299904 32.271996
v -57.814899 54.029602 33.195995
v -57.949299 53.829502 33.112995
v -58.046600 53.649704 33.011997
v -58.099899 53.499004 32.896996
v 51.804600 47.345703 33.645496
v -42.603298 -38.632896 34.226704
v -33.261902 26.344202 34.062996
v 49.833698 45.433605 33.967697
v 34.596100 25.220802 34.063000
v 35.681301 24.168102 34.063000
v -34.497101 25.182503 34.105999
v -58.109200 53.382103 32.771996
v -33.043301 27.127401 34.733295
v -58.074402 53.305702 32.641994
v 37.064899 22.317102 33.465900
v -57.995602 53.272003 32.511997
v -57.875099 53.281002 32.386997
v 49.431499 45.043503 34.033398
v 57.845001 54.173504 33.195995
v 57.981701 53.971203 33.112995
v -57.719898 53.334904 32.271996
v 58.076801 53.791306 33.011997
v -57.536800 53.427105 32.170998
v -57.328201 53.557503 32.087997
v -57.105801 53.721603 32.026997
v 58.130100 53.640705 32.896996
v 14.789700 40.306503 29.214996
v 15.679600 38.842903 28.507996
v 28.049101 50.843105 26.485395
v 22.091999 47.390705 28.020897
v 38.181702 63.000004 25.389996
v 36.051300 57.440205 27.169996
v 31.828800 54.509903 25.867296
v 31.033701 56.065403 26.558796
v -15.647200 38.699005 28.507996
v -14.759600 40.162605 29.214996
v -28.255501 50.930904 26.446297
v -31.903900 54.470303 25.849697
v -21.422400 53.370903 25.360996
v -22.300699 47.478504 27.981895
v -36.272499 57.440205 27.169996
v -31.111099 56.025803 26.541197
v -0.771700 39.989502 52.869995
v -0.030100 39.989502 52.966995
v 0.741600 39.989502 52.999996
v 1.513300 39.989502 52.966995
v 2.254800 39.989502 52.869995
v 4.695100 39.989502 51.293995
v 4.618600 39.989502 50.960995
v 4.393800 39.989502 50.640995
v 4.027700 39.989502 50.345997
v 3.536400 39.989502 50.087997
v 2.938500 39.989502 49.875996
v 2.254800 39.989502 49.717995
v 1.513300 39.989502 49.620995
v 0.741600 39.989502 49.587997
v 2.938500 39.989502 52.712997
v 3.536400 39.989502 52.499996
v 4.027700 39.989502 52.241997
v 4.393800 39.989502 51.946995
v 4.618600 39.989502 51.626995
v -0.030100 39.989502 49.620995
v -0.771700 39.989502 49.717995
v -1.455300 39.989502 49.875996
v -2.053200 39.989502 50.087997
v -2.544500 39.989502 50.345997
v -2.910700 39.989502 50.640995
v -3.135500 39.989502 50.960995
v -3.211900 39.989502 51.293995
v -3.135500 39.989502 51.626995
v -2.910700 39.989502 51.946995
v -2.544500 39.989502 52.241997
v -2.053200 39.989502 52.499996
v -1.455300 39.989502 52.712997
v 0.741600 38.069504 49.587997
v 0.231300 38.069504 49.609795
v 0.000000 38.069504 49.619698
v 47.580601 43.247902 34.335995
v 1.513300 38.069504 49.620995
v 47.460701 43.131504 34.355595
v 2.254800 38.069504 49.717995
v 2.938500 38.069504 49.875996
v 3.536400 38.069504 50.087997
v 4.027700 38.069504 50.345997
v 4.393800 38.069504 50.640995
v 4.618600 38.069504 50.960995
v 4.644500 38.069504 51.073795
v -3.135500 38.069504 50.960995
v -3.197300 38.069504 51.230297
v -2.910700 38.069504 50.640995
v -2.986300 38.069504 50.748596
v -2.544500 38.069504 50.345997
v -2.053200 38.069504 50.087997
v -1.455300 38.069504 49.875996
v -0.771700 38.069504 49.717995
v -0.030100 38.069504 49.620995
v -24.864500 38.069504 38.262596
v 0.542300 38.069504 49.225998
v -54.579800 52.803802 32.296497
v -54.511700 52.881203 32.309795
v -54.511200 52.881702 32.309895
v -54.499298 52.897003 32.314198
v -54.342201 53.097702 32.370895
v -54.332699 53.111904 32.376698
v -54.207199 53.299503 32.453995
v -54.111401 53.478203 32.554596
v -54.111198 53.478405 32.554695
v -54.107498 53.489002 32.562897
v -54.057499 53.628605 32.669895
v -54.056801 53.636803 32.678596
v -54.047600 53.744904 32.794895
v -54.059399 53.770702 32.838696
v 33.916401 25.880802 34.062996
v 35.681301 28.788702 34.062996
v 31.247999 38.069504 39.593998
v 47.058498 42.741302 34.421394
v 38.104198 38.402203 35.637096
v 37.968498 38.258102 35.701195
v 25.746799 33.806904 34.062996
v 27.543200 32.065605 34.062996
v 38.112202 38.069504 35.969696
v 38.104698 38.069504 35.965897
v 38.057301 38.069504 35.941696
v 23.928499 35.085804 33.494198
v 27.545200 32.066704 34.062996
v 30.591801 33.806904 34.062996
v 35.681301 33.806904 34.062996
v 37.968498 38.069504 35.896095
v -55.501999 51.950005 32.344498
v -55.375599 52.043102 32.309895
v 38.319599 38.069504 36.031395
v 37.947300 38.235504 35.711197
v 1.209700 36.154003 48.937996
v 37.903702 38.069504 35.862698
v 37.823502 38.069504 35.784996
v -54.295502 49.647804 33.232098
v -54.579800 49.923702 33.185596
v 31.690500 38.069504 35.784996
v 45.087601 40.829304 34.743595
v -31.215599 38.069504 39.140495
v -30.606001 38.069504 35.784996
v -56.328999 51.620705 32.899498
v -56.328999 51.620705 32.899498
v -56.265400 51.593403 32.794994
v -56.265301 51.593304 32.794895
v -56.251598 51.545605 32.912197
v -56.256901 51.594006 32.786198
v -56.145500 51.603004 32.669895
v -56.134602 51.606606 32.661697
v -55.990002 51.656105 32.555096
v -55.989700 51.656204 32.554897
v -55.976700 51.662804 32.547794
v -55.806599 51.748005 32.454098
v -55.806198 51.748203 32.453896
v 64.461197 -38.740799 24.000004
v 65.969902 -37.877499 24.706001
v -55.791599 51.757404 32.448196
v -55.598301 51.879204 32.370895
v -55.582500 51.890705 32.366596
v 42.608002 13.184002 29.057999
v 41.099400 14.047302 28.350998
v 53.688999 26.261103 26.292398
v 56.819500 29.298101 25.780499
v 45.434200 21.140701 29.854498
v 50.130501 20.481802 27.827898
v 58.422298 28.526001 26.472097
v 64.491402 36.740799 24.525997
v 66.000000 35.877499 25.232998
v 58.637501 35.544304 26.564999
v 50.506100 35.420204 31.283897
v 60.039600 34.082603 27.169998
v 40.705601 36.577904 35.512897
v 40.656300 36.534004 35.534195
v 40.803101 36.664803 35.470795
v 40.341599 36.255302 35.669994
v -51.922401 47.345703 33.620197
v -52.206699 47.621502 33.573696
v 40.903301 36.770004 35.427597
v 41.316898 37.171204 35.359997
v 40.072800 37.035404 36.111195
v 40.072800 36.933502 36.102097
v 40.072800 36.930305 36.101795
v -49.833698 45.319305 33.961796
v 40.296501 36.215305 35.689495
v 40.173100 36.129505 35.742695
v -53.806801 49.173805 33.311996
vn -0.3962 -0.0000 -0.9182
vn 0.5940 -0.6122 0.5219
vn 0.5940 -0.6123 0.5218
vn -0.2117 -0.3707 -0.9043
vn -0.2120 -0.3706 -0.9042
vn -0.0000 -0.4064 0.9137
vn 0.2117 0.3706 0.9043
vn 0.3962 0.0001 0.9182
vn 0.3962 0.0003 0.9181
vn 0.3962 -0.0001 0.9182
vn 0.3962 -0.0000 0.9182
vn -0.3959 -0.0014 0.9183
vn -0.3963 0.0006 0.9181
vn -0.3962 -0.0000 0.9182
vn -0.3962 -0.0001 0.9182
vn 0.3951 -0.0003 0.9186
vn 0.3964 0.0001 0.9181
vn 0.3954 -0.0002 0.9185
vn 0.3954 -0.0039 0.9185
vn 0.3957 -0.0014 0.9184
vn 0.3966 0.0015 0.9180
vn 0.3964 -0.0000 0.9181
vn 0.3953 -0.0000 0.9185
vn 0.4134 -0.0002 0.9106
vn -0.3963 0.0002 0.9181
vn -0.3944 -0.0037 0.9189
vn -0.3966 -0.0000 0.9180
vn 0.0002 -0.4060 0.9139
vn -0.2118 -0.3707 -0.9043
vn 0.3962 -0.0000 -0.9182
vn -0.0000 -0.4065 0.9137
vn -0.2118 -0.3708 -0.9042
vn 0.5938 0.6123 -0.5220
vn -0.0000 -0.4065 -0.9137
vn 0.5933 0.6125 -0.5224
vn -0.0000 -0.4064 -0.9137
vn 0.5939 0.6123 0.5219
vn 0.5862 0.6119 0.5310
vn 0.5941 0.6127 0.5212
vn 0.5940 0.6127 0.5213
vn 0.3963 -0.0000 0.9181
vn 0.3961 -0.0000 0.9182
vn -0.0000 -0.4063 0.9137
vn 0.0002 -0.4078 0.9131
vn -0.0013 -0.4014 0.9159
vn -0.0002 -0.4062 0.9138
vn 0.5940 0.6128 0.5211
vn 0.0003 -0.4064 0.9137
vn 0.0057 -0.4096 0.9123
vn -0.2117 0.3707 -0.9043
vn 0.2118 -0.3707 0.9043
vn 0.7057 0.0623 -0.7057
vn 0.3630 -0.2174 -0.9061
vn 0.3603 -0.2187 -0.9068
vn 0.3604 -0.2185 -0.9068
vn 0.3619 -0.2148 -0.9071
vn 0.0003 0.4063 0.9137
vn -0.0002 0.4060 0.9139
vn -0.0000 0.4066 0.9136
vn 0.0004 0.4062 0.9138
vn -0.5944 0.6124 0.5213
vn -0.3963 -0.0001 -0.9181
vn -0.3606 -0.2190 -0.9066
vn -0.3605 -0.2188 -0.9067
vn 0.3605 0.2190 0.9067
vn 0.5959 0.6125 -0.5195
vn -0.0000 0.4064 -0.9137
vn -0.0000 0.4059 -0.9139
vn 0.5938 0.6123 -0.5219
vn 0.8793 0.4763 -0.0000
vn 0.5941 0.6123 -0.5216
vn 0.3605 0.2189 0.9067
vn 0.3606 0.2188 0.9067
vn 0.3605 0.2188 0.9067
vn 0.5943 0.6121 -0.5217
vn 0.5943 0.6123 -0.5214
vn 0.8734 0.4795 0.0856
vn 0.5937 0.6123 -0.5221
vn -0.5940 0.6123 -0.5219
vn -0.5941 0.6125 -0.5214
vn 0.5932 0.6128 -0.5221
vn 0.5938 0.6122 -0.5221
vn 0.5931 0.6137 -0.5212
vn -0.1675 0.3517 -0.9210
vn -0.1932 0.3865 0.9018
vn -0.3411 0.1844 0.9218
vn -0.0000 -1.0000 -0.0000
vn -0.0000 -1.0000 0.0002
vn 0.3964 -0.0000 -0.9181
vn -0.5957 0.6085 -0.5242
vn -0.3606 -0.2188 -0.9067
vn -0.0000 -1.0000 0.0001
vn 0.3953 -0.0000 -0.9186
vn 0.3962 -0.0000 -0.9181
vn 0.3961 -0.0000 -0.9182
vn 0.2117 0.3707 0.9043
vn 0.3606 0.2189 0.9067
vn 0.2114 0.3703 -0.9045
vn 0.2119 0.3706 -0.9043
vn -0.2117 -0.3707 0.9043
vn 0.5941 0.6131 -0.5208
vn -0.0000 -1.0000 0.0007
vn 0.5901 0.5824 -0.5591
vn 0.5941 0.6121 -0.5219
vn 0.5941 0.6154 -0.5180
vn 0.5941 0.6128 -0.5210
vn 0.5940 0.6135 -0.5205
vn 0.5941 0.6127 -0.5211
vn 0.5939 0.6140 -0.5199
vn 0.5924 0.5825 -0.5565
vn 0.5926 0.5833 -0.5555
vn 0.5941 0.6129 -0.5210
vn -0.2118 -0.3707 0.9043
vn 0.5941 0.6129 -0.5209
vn 0.5941 0.6142 -0.5194
vn 0.5941 0.6130 -0.5209
vn 0.5942 0.6121 -0.5218
vn 0.5940 0.6124 -0.5216
vn 0.5939 0.6102 -0.5244
vn 1.0000 -0.0000 -0.0000
vn -0.0000 -1.0000 -0.0001
vn 0.2049 -0.3733 0.9048
vn -0.0000 -1.0000 0.0003
vn 0.2115 -0.3706 0.9044
vn 0.2137 -0.3685 0.9047
vn 0.2118 -0.3708 0.9043
vn 0.2141 -0.3818 0.8991
vn -0.3605 0.2188 -0.9067
vn -0.5940 0.6123 0.5217
vn -0.5943 0.6124 0.5213
vn 0.5946 -0.6124 0.5210
vn -0.3605 -0.2188 0.9067
vn -0.3606 -0.2188 0.9067
vn -0.0000 -0.0000 1.0000
vn 0.5940 0.6125 -0.5215
vn 0.5928 0.6262 -0.5065
vn 0.5943 0.6130 -0.5207
vn 0.5939 0.6095 -0.5252
vn 0.5941 0.6133 -0.5205
vn 0.5939 0.6123 -0.5218
vn 0.5952 -0.6121 -0.5206
vn 0.5937 0.6123 -0.5222
vn 0.5943 -0.6124 -0.5213
vn -0.2120 -0.3709 -0.9041
vn -0.3961 -0.0003 0.9182
vn -0.3963 0.0005 0.9181
vn 0.5952 -0.6122 -0.5205
vn 0.5950 0.6122 -0.5208
vn 0.5894 0.6125 -0.5267
vn 0.6430 0.6148 -0.4568
vn 0.5944 -0.6124 -0.5212
vn 0.5968 -0.6122 -0.5187
vn 0.5653 -0.6114 -0.5537
vn 0.5948 -0.6123 -0.5209
vn 0.5946 -0.6123 -0.5210
vn 0.5975 0.6124 -0.5177
vn 0.5951 -0.6124 -0.5204
vn 0.5944 -0.6123 -0.5213
vn 0.5949 -0.6124 -0.5207
vn 0.5723 -0.6118 -0.5460
vn 0.5936 0.6122 -0.5223
vn 0.5941 0.6123 -0.5217
vn -0.3605 0.2188 0.9067
vn 0.5943 -0.6123 -0.5214
vn 0.5891 0.6117 0.5280
vn 0.5931 0.6123 0.5228
vn 0.6508 -0.0000 0.7593
vn 0.5936 -0.6124 -0.5221
vn -0.3605 0.2189 0.9067
vn 0.5992 -0.6124 -0.5157
vn 0.5945 -0.6123 -0.5212
vn 0.5091 -0.6046 -0.6126
vn 0.5939 -0.6093 -0.5253
vn 0.5945 -0.6123 -0.5211
vn 0.3377 -0.2324 -0.9121
vn 0.5940 0.6123 0.5217
vn 0.5939 0.6117 0.5226
vn 0.5940 0.6123 0.5218
vn 0.5940 0.6126 0.5214
vn 0.5938 0.6127 0.5215
vn 0.3604 -0.2188 0.9068
vn -0.3604 0.2189 0.9067
vn 0.4961 0.8682 -0.0000
vn 0.5940 0.6129 0.5211
vn 0.5939 0.6129 0.5213
vn -0.3606 0.2188 0.9067
vn -0.3962 0.0005 0.9182
vn -0.2118 0.3707 -0.9043
vn -0.2912 0.3074 -0.9059
vn -0.3962 0.0001 0.9182
vn -0.3744 -0.2094 -0.9033
vn -0.3844 -0.2038 -0.9004
vn 0.2117 -0.3707 0.9043
vn 0.3605 -0.2188 -0.9067
vn 0.3620 -0.2181 -0.9063
vn 0.5946 0.6123 -0.5210
vn 0.5939 0.6123 -0.5219
vn 0.5946 0.6123 -0.5211
vn -0.3604 0.2188 0.9068
vn -0.5940 0.6121 0.5220
vn -0.5938 0.6121 0.5223
vn -0.0000 0.6332 -0.7740
vn -0.5938 0.6124 0.5218
vn -0.3606 0.2189 0.9067
vn -0.3963 -0.0000 -0.9181
vn 0.3605 -0.2188 0.9067
vn 0.3602 -0.2184 -0.9069
vn 0.3601 -0.2183 -0.9070
vn 0.2220 0.3581 -0.9069
vn 0.2117 0.3706 -0.9043
vn -0.5941 0.6121 0.5220
vn -0.5941 0.6123 0.5217
vn -0.2031 -0.3825 0.9014
vn -0.2391 -0.3258 0.9147
vn -0.3962 0.0020 0.9182
vn -0.3962 -0.0005 0.9182
vn 0.5943 -0.6136 -0.5199
vn 0.5941 -0.6121 -0.5220
vn -0.0000 0.4064 0.9137
vn -0.0000 0.4067 0.9136
vn -0.0000 0.4065 0.9137
vn -0.2117 0.3706 0.9043
vn -0.0000 -1.0000 0.0004
vn -0.0000 -1.0000 -0.0007
vn 0.2122 -0.3706 0.9042
vn 0.5941 -0.6123 -0.5217
vn 0.5941 -0.6122 -0.5219
vn 0.5940 -0.6129 -0.5211
vn 0.5941 -0.6124 -0.5216
vn 0.5942 -0.6107 -0.5234
vn 0.5941 -0.6125 -0.5215
vn 0.5939 -0.5735 -0.5643
vn 0.5945 -0.6089 -0.5251
vn 0.5941 -0.6122 -0.5218
vn 0.5938 -0.6128 -0.5214
vn 0.6017 -0.5554 -0.5740
vn 0.5942 -0.6140 -0.5196
vn 0.5880 -0.6225 -0.5165
vn 0.5940 -0.6128 -0.5212
vn -0.6532 0.6892 0.3137
vn 0.5939 -0.6123 -0.5219
vn -0.0000 -1.0000 -0.0004
vn 0.5940 -0.6112 -0.5231
vn 0.5647 -0.5555 -0.6104
vn 0.4071 0.2181 0.8870
vn -0.0000 -0.4059 0.9139
vn -0.0000 1.0000 -0.0000
vn -0.3606 0.2189 -0.9067
vn -0.3963 -0.0001 0.9181
vn -0.3955 -0.0000 -0.9184
vn -0.3959 -0.0000 0.9183
vn -0.3898 -0.0002 0.9209
vn -0.3954 -0.0000 0.9185
vn -0.3218 0.1788 0.9298
vn -0.3968 -0.0000 0.9179
vn -0.3960 -0.0000 -0.9182
vn -0.2116 -0.3707 0.9043
vn -0.3947 0.0010 0.9188
vn -0.0000 1.0000 -0.0001
vn -0.3964 -0.0000 0.9181
vn -0.0000 1.0000 0.0064
vn -0.0000 0.9999 0.0104
vn 0.3962 -0.0004 0.9182
vn -0.0000 1.0000 0.0001
vn 0.3962 0.0003 0.9182
vn -0.3958 -0.0000 0.9183
vn -0.0000 -0.4065 0.9136
vn -0.3961 -0.0000 0.9182
vn -0.3967 -0.0000 0.9179
vn 0.3602 -0.2184 -0.9070
vn -0.0000 -0.4066 -0.9136
vn -0.3963 -0.0000 0.9181
vn 0.2140 -0.3703 -0.9039
vn 0.2117 -0.3706 -0.9043
vn -0.0000 1.0000 0.0002
vn -0.3605 -0.2189 0.9067
vn -0.2117 0.3706 -0.9043
vn -0.2118 0.3706 0.9043
vn 0.0003 0.4064 0.9137
vn 0.5938 0.6123 0.5220
vn -0.5942 -0.6122 -0.5216
vn 0.3605 0.2188 -0.9067
vn 0.2716 -0.2716 -0.9233
vn -0.5941 0.6124 -0.5216
vn -0.5940 0.6117 -0.5226
vn -0.5941 -0.6120 -0.5220
vn -0.0000 0.4062 -0.9138
vn 0.3608 0.2191 -0.9065
vn -0.3605 0.2189 -0.9067
vn 0.2735 -0.2844 0.9189
vn -0.0000 0.4061 0.9138
vn -0.3959 -0.0135 0.9182
vn -0.0000 0.4027 0.9153
vn -1.0000 0.0023 -0.0000
vn 0.0001 0.4067 0.9135
vn -0.0000 0.4063 0.9137
vn 0.2121 0.3712 0.9040
vn -0.5940 -0.6130 -0.5209
vn -0.5940 -0.6096 -0.5249
vn -0.5939 -0.6142 -0.5196
vn -0.5641 -0.7326 -0.3809
vn -0.5940 -0.6127 -0.5212
vn -0.5941 -0.6122 -0.5218
vn -0.5940 -0.6129 -0.5210
vn -0.5936 -0.6149 -0.5192
vn -0.5939 -0.6115 -0.5229
vn -0.5939 -0.6135 -0.5205
vn -0.5940 -0.6129 -0.5211
vn -0.5941 -0.6126 -0.5213
vn -0.5941 -0.6129 -0.5210
vn -0.5738 -0.7302 -0.3709
vn -0.6004 -0.6004 -0.5283
vn -0.5940 -0.6127 -0.5213
vn -0.5940 -0.6126 -0.5214
vn -0.5942 -0.6123 -0.5216
vn -0.1951 0.3957 -0.8974
vn -0.1946 0.3974 -0.8968
vn -0.3925 0.1933 0.8992
vn -0.3212 0.2471 0.9142
vn -0.5933 -0.6123 -0.5226
vn -0.5908 -0.6126 -0.5251
vn -0.5934 -0.6123 -0.5224
vn -0.5934 -0.6123 -0.5225
vn -0.5942 -0.6123 -0.5215
vn -0.5935 -0.6123 -0.5223
vn -0.2821 -0.5860 -0.7596
vn -0.5823 -0.6192 -0.5268
vn -0.5959 -0.6120 -0.5199
vn -0.5951 -0.6122 -0.5207
vn -0.5933 -0.6123 -0.5225
vn -0.5932 -0.6123 -0.5226
vn -0.5931 -0.6123 -0.5227
vn -0.5941 -0.6124 -0.5216
vn -0.5938 -0.6122 -0.5221
vn -0.5972 -0.6122 -0.5182
vn -0.5931 -0.6123 -0.5228
vn -0.5931 -0.6126 -0.5225
vn -0.5945 -0.6113 -0.5223
vn -0.5933 -0.6121 -0.5228
vn -0.5938 -0.6123 -0.5221
vn -0.6016 -0.6128 -0.5124
vn -0.3966 -0.0055 0.9180
vn -0.0000 -0.6178 0.7863
vn 0.2118 -0.3706 0.9043
vn 0.2097 -0.3775 0.9019
vn 0.2121 -0.3665 0.9059
vn 0.2116 -0.3686 0.9052
vn -0.3962 0.0004 0.9182
vn -0.3960 0.0012 0.9183
vn -0.3606 -0.2187 0.9067
vn 0.3606 -0.2188 0.9067
vn 0.3604 -0.2189 0.9067
vn -1.0000 -0.0000 -0.0000
vn -0.3960 -0.0000 0.9182
vn -0.3604 -0.2189 0.9068
vn -0.3966 -0.0001 0.9180
vn 0.3607 -0.2188 0.9067
vn 0.2116 0.3707 0.9043
vn -0.2100 0.3715 0.9044
vn -0.5940 0.6123 -0.5217
vn -0.5941 0.6129 -0.5210
vn -0.5940 0.6096 -0.5249
vn -0.5849 0.6772 -0.4464
vn -0.5940 0.6111 -0.5232
vn -0.5940 0.6124 -0.5217
vn -0.5940 0.6122 -0.5219
vn -0.5940 0.6123 -0.5218
vn -0.5875 0.7382 -0.3314
vn -0.5941 0.6121 -0.5219
vn -0.5940 0.6125 -0.5215
vn -0.5940 0.6121 -0.5220
vn -0.5939 0.6089 -0.5258
vn -0.5940 -0.6123 0.5217
vn -0.5940 -0.6123 0.5218
vn -0.5947 -0.6124 0.5209
vn 0.5941 -0.6123 0.5216
vn -0.5941 -0.6129 0.5210
vn -0.2117 0.3707 0.9043
vn -0.5940 -0.6128 0.5211
vn 0.2071 -0.3769 -0.9028
vn -0.5941 0.6123 -0.5217
vn -0.3962 -0.0001 -0.9182
vn 0.3605 -0.2189 0.9067
vn -0.0003 0.4089 0.9126
vn -0.0000 0.4062 0.9138
vn 0.0001 0.4047 0.9145
vn -0.5942 0.6123 -0.5216
vn -0.2468 0.5506 -0.7974
vn -0.5928 0.6123 -0.5231
vn -0.3609 -0.2186 0.9066
vn -0.5947 0.6121 -0.5212
vn -0.5941 0.6123 -0.5216
vn -0.0004 0.4037 0.9149
vn -0.5738 0.6097 -0.5469
vn -0.5950 0.6123 -0.5207
vn -0.5792 0.6093 -0.5416
vn -0.5908 0.6125 -0.5251
vn -0.5943 0.6123 -0.5214
vn -0.5891 0.6121 -0.5275
vn 0.2113 0.3703 -0.9045
vn -0.5946 -0.6124 0.5210
vn 0.2117 -0.3707 -0.9043
vn 0.3936 -0.0112 0.9192
vn 0.3960 -0.0001 0.9183
vn 0.3962 -0.0002 0.9182
vn 0.3605 -0.2187 0.9067
vn 0.3962 0.0001 0.9181
vn 0.3968 0.0002 0.9179
vn 0.3959 -0.0001 0.9183
vn 0.3960 -0.0000 0.9182
vn 0.3978 0.0078 0.9174
vn -0.3603 -0.2188 0.9068
vn -0.3605 -0.2403 0.9013
vn -0.5939 0.6123 -0.5219
vn -0.5940 0.6126 -0.5215
vn -0.5940 0.6122 -0.5218
vn 0.5959 0.6120 -0.5200
vn 0.6103 -0.6058 -0.5104
vn 0.5920 -0.6137 -0.5224
vn 0.5793 -0.6076 -0.5434
vn 0.5924 -0.6135 -0.5221
vn 0.5954 0.6006 -0.5336
vn 0.5932 0.5602 -0.5782
vn 0.6979 0.6832 0.2147
vn 0.5934 0.6247 -0.5075
vn 0.5298 0.6399 -0.5566
vn 0.5933 0.6070 -0.5287
vn 0.2618 0.4166 -0.8706
vn 0.0134 0.1796 -0.9836
vn 0.5981 -0.6107 -0.5190
vn 0.5939 -0.6198 -0.5129
vn 0.5936 -0.5983 -0.5382
vn 0.1802 -0.0192 0.9834
vn 0.1733 -0.0139 0.9848
vn 0.5933 -0.6318 -0.4988
vn 0.1750 -0.0144 0.9845
vn 0.1761 -0.0156 0.9842
vn 0.5813 -0.6295 -0.5156
vn 0.1744 -0.0139 0.9846
vn 0.1741 -0.0133 0.9846
vn 0.5935 -0.6245 -0.5078
vn 0.2440 -0.0887 0.9657
vn 0.2439 -0.0886 0.9658
vn 0.2419 -0.0864 0.9664
vn 0.2465 -0.0890 0.9650
vn 0.2408 -0.0854 0.9668
vn 0.2432 -0.0875 0.9660
vn 0.3177 -0.1702 0.9328
vn 0.3176 -0.1701 0.9329
vn 0.5130 -0.4004 0.7593
vn -0.1752 -0.0146 0.9844
vn -0.1776 -0.0173 0.9839
vn 0.6255 -0.5517 0.5517
vn 0.2452 -0.0912 0.9652
vn 0.4222 -0.2918 0.8583
vn 0.6642 0.7185 -0.2064
vn 0.2648 -0.4193 -0.8684
vn 0.6617 0.7183 -0.2149
vn 0.0836 -0.2488 -0.9649
vn 0.6616 0.7183 -0.2152
vn 0.6623 0.7183 -0.2131
vn 0.5346 0.6524 -0.5372
vn 0.0134 -0.1796 -0.9837
vn 0.5299 0.6400 -0.5564
vn 0.3854 0.5253 -0.7586
vn 0.0152 -0.1812 -0.9833
vn 0.3889 0.5281 -0.7549
vn 0.3890 0.5282 -0.7548
vn 0.2620 0.4168 -0.8704
vn -0.2007 0.0379 -0.9789
vn 0.2630 0.4174 -0.8698
vn 0.1704 0.3278 -0.9293
vn 0.1655 0.3274 -0.9303
vn 0.1658 0.3277 -0.9301
vn 0.1656 0.3275 -0.9302
vn 0.0831 0.2482 -0.9651
vn 0.0859 0.2511 -0.9641
vn -0.1351 -0.0000 -0.9908
vn 0.0144 0.1807 -0.9834
vn -0.0514 0.1142 -0.9921
vn -0.0773 0.0895 -0.9930
vn -0.0515 0.1141 -0.9921
vn -0.1121 0.0517 -0.9924
vn -0.1103 0.0536 -0.9925
vn -0.1107 0.0532 -0.9924
vn 0.4078 -0.2735 0.8711
vn -0.1753 -0.0148 -0.9844
vn 0.5136 -0.4016 0.7582
vn 0.0860 0.2512 -0.9641
vn 0.0134 0.1797 -0.9836
vn 0.0410 0.1263 0.9911
vn 0.0494 0.1163 0.9920
vn 0.0491 0.1165 0.9920
vn -0.0505 0.1151 -0.9921
vn -0.1733 0.0127 -0.9848
vn 0.1129 0.0509 0.9923
vn -0.2450 0.0899 -0.9653
vn -0.1102 0.0537 -0.9925
vn 0.1796 -0.0188 0.9836
vn 0.1746 -0.0140 0.9845
vn -0.3195 0.1723 -0.9318
vn -0.3647 0.2588 -0.8944
vn -0.4054 0.2707 -0.8731
vn -0.5143 0.4019 -0.7576
vn 0.6618 0.7186 -0.2138
vn 0.6612 0.7183 -0.2164
vn 0.6621 0.7184 -0.2135
vn 0.5951 -0.6117 -0.5212
vn -0.6979 0.6831 -0.2152
vn 0.6543 0.7143 -0.2484
vn 0.5580 -0.5784 -0.5950
vn 0.6604 0.7181 -0.2195
vn 0.6691 0.7193 -0.1869
vn 0.5797 -0.6008 -0.5505
vn 0.6628 0.7184 -0.2111
vn -0.2427 -0.0873 -0.9662
vn 0.6628 0.7187 -0.2102
vn 0.6633 0.7192 -0.2069
vn 0.6612 0.7186 -0.2153
vn 0.6594 0.7174 -0.2248
vn 0.6599 0.7178 -0.2220
vn 0.6671 0.7195 -0.1931
vn 0.6624 0.7186 -0.2117
vn -0.6981 -0.6792 -0.2264
vn -0.6987 -0.6861 -0.2026
vn -0.6986 -0.6858 -0.2042
vn 0.6619 0.7183 -0.2144
vn -0.6982 -0.6837 -0.2121
vn 0.6599 -0.7169 -0.2248
vn 0.6991 -0.7150 -0.0000
vn 0.6619 -0.7183 -0.2144
vn -0.6931 0.6931 -0.1980
vn 0.2698 -0.4267 -0.8632
vn 0.0427 -0.0000 -0.9991
vn 0.1297 -0.0000 -0.9916
vn 0.2637 -0.4184 -0.8691
vn 0.2649 -0.4193 -0.8684
vn 0.4649 -0.0000 -0.8853
vn 0.6104 -0.6259 -0.4854
vn 0.1645 -0.3265 -0.9308
vn 0.6274 -0.0000 -0.7787
vn 0.5947 -0.6125 -0.5207
vn 0.8183 -0.0000 -0.5748
vn 0.5860 -0.6094 -0.5341
vn 0.9746 -0.0000 -0.2238
vn 0.0835 -0.2488 -0.9650
vn 0.1967 -0.3443 -0.9180
vn 0.0132 -0.1794 -0.9837
vn 0.0134 -0.1795 -0.9837
vn -0.9747 -0.0000 -0.2236
vn -0.9747 -0.0000 -0.2237
vn -0.8183 -0.0000 -0.5749
vn -0.8183 -0.0000 -0.5748
vn -0.0502 -0.1154 -0.9920
vn -0.0494 -0.1163 -0.9920
vn -0.3342 -0.0000 -0.9425
vn -0.2252 -0.0000 -0.9743
vn -0.6975 -0.6827 -0.2175
vn -0.0141 -0.1803 -0.9835
vn -0.6979 -0.6832 -0.2148
vn 0.0479 -0.1182 -0.9918
vn 0.0501 -0.1156 -0.9920
vn 0.0500 -0.1156 -0.9920
vn -0.6641 -0.6002 -0.4459
vn 0.6618 -0.7182 -0.2150
vn -0.6991 -0.6872 -0.1975
vn -0.6986 -0.6848 -0.2074
vn -0.6980 -0.6837 -0.2128
vn -0.6227 0.6419 -0.4475
vn -0.1130 -0.0508 -0.9923
vn -0.1133 -0.0508 -0.9923
vn -0.1129 -0.0508 -0.9923
vn -0.0266 0.0223 -0.9994
vn -0.1743 0.0138 -0.9846
vn -0.1746 0.0141 -0.9845
vn 0.5835 -0.5984 -0.5490
vn -0.2419 0.0863 -0.9665
vn -0.3114 0.1629 -0.9362
vn 0.5943 -0.6118 -0.5220
vn 0.5926 -0.5840 -0.5547
vn 0.5592 0.5763 -0.5959
vn 0.6979 -0.6831 -0.2153
vn 0.7033 -0.6951 -0.1489
vn 0.6809 -0.7319 0.0272
vn 0.6979 -0.6828 -0.2163
vn 0.6979 -0.6834 -0.2142
vn 0.6978 -0.6831 -0.2154
vn 0.6906 -0.6293 -0.3564
vn 0.4858 -0.5870 0.6477
vn 0.6981 -0.6834 -0.2134
vn 0.6979 -0.6832 -0.2148
vn 0.6331 -0.7688 0.0904
vn 0.6968 -0.6796 -0.2293
vn 0.6982 -0.6835 -0.2129
vn -0.6643 0.7191 -0.2041
vn 0.5726 -0.5170 -0.6363
vn 0.6981 -0.6837 -0.2126
vn 0.6782 -0.6702 -0.3014
vn -0.6252 -0.5514 -0.5523
vn 0.1297 -0.0000 0.9916
vn 0.0427 -0.0000 0.9991
vn 0.6979 -0.6832 -0.2150
vn 0.6980 -0.6832 -0.2147
vn 0.5935 -0.6197 -0.5135
vn 0.5963 -0.6051 -0.5276
vn 0.5977 -0.6098 -0.5205
vn 0.6979 0.6831 0.2152
vn 0.5918 -0.6095 -0.5275
vn 0.5931 -0.6131 -0.5219
vn 0.7021 0.6767 0.2217
vn 0.6616 0.7183 -0.2154
vn 0.6618 0.7183 -0.2148
vn -0.1756 -0.0150 -0.9844
vn -0.2407 -0.0851 -0.9669
vn -0.3902 -0.2497 -0.8862
vn -0.6645 0.7190 -0.2037
vn 0.5749 -0.6098 -0.5456
vn -0.6646 0.7192 -0.2027
vn 0.6007 -0.6135 -0.5125
vn 0.5957 -0.6134 -0.5185
vn 0.3356 -0.0000 0.9420
vn 0.5945 -0.6135 -0.5198
vn 0.2238 -0.0000 0.9746
vn 0.5921 -0.6141 -0.5218
vn -0.6986 -0.6859 -0.2037
vn -0.3881 0.5274 0.7558
vn -0.3195 -0.1723 -0.9318
vn -0.4078 -0.2736 -0.8711
vn -0.0427 -0.0000 0.9991
vn -0.4079 -0.2737 -0.8711
vn -0.4057 -0.2709 -0.8729
vn -0.5089 -0.3957 -0.7644
vn -0.3826 0.5228 -0.7618
vn -0.6255 -0.5517 -0.5518
vn -0.2646 0.4192 -0.8685
vn -0.6273 -0.0000 0.7787
vn 0.0526 0.1130 -0.9922
vn 0.1744 -0.0139 -0.9846
vn 0.1750 -0.0144 -0.9845
vn 0.6977 0.6802 -0.2248
vn 0.6979 0.6830 -0.2155
vn 0.1117 0.0520 -0.9924
vn 0.1108 0.0531 -0.9924
vn -0.6638 0.7190 -0.2059
vn -0.6624 0.7189 -0.2110
vn -0.6979 0.6830 0.2157
vn 0.2415 -0.0860 -0.9666
vn -0.6677 0.7207 -0.1867
vn -0.6647 0.7191 -0.2028
vn -0.6631 0.7185 -0.2098
vn -0.6704 0.7208 -0.1763
vn -0.6648 0.7194 -0.2013
vn -0.6662 0.7200 -0.1945
vn -0.6689 0.7258 -0.1605
vn -0.6627 0.7184 -0.2116
vn -0.6556 0.7167 -0.2378
vn -0.6698 0.7205 -0.1797
vn -0.6634 0.7177 -0.2118
vn -0.6633 0.7188 -0.2083
vn 0.0834 -0.2486 -0.9650
vn 0.6617 0.7184 -0.2146
vn -0.0847 0.2499 -0.9646
vn 0.0878 -0.2527 -0.9635
vn -0.0143 0.1805 -0.9835
vn -0.0150 0.1813 -0.9833
vn -0.0119 0.1781 -0.9839
vn 0.0521 0.1135 -0.9922
vn 0.0520 0.1136 -0.9922
vn 0.0752 0.0915 -0.9930
vn 0.0827 0.2481 0.9652
vn 0.0143 0.1805 0.9835
vn 0.1623 -0.3243 -0.9319
vn 0.1644 -0.3264 -0.9308
vn -0.1751 -0.0146 -0.9844
vn -0.2425 -0.0872 -0.9662
vn -0.3193 -0.1721 -0.9319
vn -0.5129 -0.4009 -0.7591
vn -0.5088 -0.3956 -0.7646
vn -0.6166 -0.6323 -0.4691
vn 0.0816 0.2469 0.9656
vn -0.1101 0.0538 -0.9925
vn -0.0143 -0.1806 0.9835
vn 0.6624 -0.7189 -0.2107
vn -0.6638 0.7189 -0.2061
vn -0.6017 -0.6087 -0.5172
vn -0.5962 -0.6146 -0.5165
vn -0.5918 -0.6131 -0.5233
vn -0.6465 -0.6238 -0.4392
vn -0.6984 -0.6853 -0.2064
vn -0.6986 -0.6872 -0.1993
vn -0.0755 0.0183 -0.9970
vn -0.6842 -0.6514 -0.3280
vn -0.0344 0.0430 -0.9985
vn 0.8275 0.4020 -0.3920
vn -0.7064 0.7064 -0.0456
vn -0.6643 0.7191 -0.2040
vn -0.6979 0.6831 -0.2154
vn -0.6979 0.6831 -0.2151
vn -0.5333 0.6425 -0.5503
vn -0.6978 0.6828 -0.2165
vn -0.6979 0.6826 -0.2166
vn -0.1666 0.3284 -0.9297
vn -0.1666 0.3285 -0.9297
vn -0.0846 0.2498 -0.9646
vn 0.8183 -0.0000 0.5748
vn -0.6067 -0.5915 -0.5311
vn 0.6274 -0.0000 0.7787
vn -0.5933 -0.6120 -0.5229
vn -0.0428 -0.0000 -0.9991
vn -0.0427 -0.0000 -0.9991
vn -0.5950 -0.6196 -0.5120
vn -0.5949 -0.6079 -0.5259
vn -0.5941 -0.6115 -0.5226
vn 0.2252 -0.0000 -0.9743
vn -0.5983 -0.6105 -0.5190
vn -0.6112 -0.6054 -0.5099
vn -0.5935 -0.6230 -0.5095
vn -0.5927 -0.5842 -0.5545
vn 0.3342 -0.0000 -0.9425
vn 0.1665 -0.3283 0.9298
vn 0.9746 -0.0000 -0.2239
vn -0.8183 -0.0000 0.5748
vn 0.6981 -0.6826 -0.2164
vn -0.6273 -0.0000 -0.7788
vn -0.6273 -0.0000 -0.7787
vn -0.4649 -0.0000 -0.8853
vn -0.1666 -0.3284 0.9297
vn -0.1297 -0.0000 -0.9916
vn -0.0430 -0.0000 -0.9991
vn -0.6985 -0.6854 -0.2057
vn -0.0168 -0.1826 0.9830
vn -0.0137 -0.1799 0.9836
vn -0.6606 -0.7178 -0.2197
vn -0.6713 -0.7205 -0.1736
vn -0.6613 -0.7182 -0.2165
vn 0.6978 -0.6830 -0.2156
vn -0.5334 -0.6425 0.5502
vn 0.6618 0.7183 0.2144
vn 0.5303 0.6397 0.5564
vn -0.0144 -0.1807 0.9834
vn -0.6618 -0.7184 0.2144
vn -0.6619 -0.7184 0.2140
vn -0.6643 -0.7192 0.2036
vn -0.6645 -0.7191 0.2035
vn -0.6612 -0.7180 -0.2173
vn -0.6617 -0.7184 0.2146
vn -0.6986 -0.6861 -0.2030
vn -0.6992 -0.6874 -0.1965
vn -0.6980 -0.6824 -0.2169
vn -0.6980 -0.6830 -0.2152
vn 0.0158 0.1818 0.9832
vn -0.0501 0.1156 0.9920
vn 0.3183 0.1710 0.9324
vn 0.6980 -0.6837 -0.2128
vn -0.5935 -0.6136 -0.5209
vn -0.2428 -0.0874 0.9661
vn -0.5850 -0.5977 -0.5482
vn -0.5873 -0.6284 -0.5101
vn -0.5935 -0.6329 -0.4972
vn -0.3185 -0.1711 0.9324
vn 0.3167 -0.1691 -0.9333
vn -0.6979 -0.6828 -0.2162
vn -0.6980 -0.6835 -0.2135
vn 0.4080 -0.2738 -0.8710
vn -0.6977 -0.6837 -0.2140
vn -0.6979 -0.6829 -0.2159
vn -0.4056 -0.2709 0.8730
vn 0.6976 -0.6822 -0.2190
vn -0.4048 -0.2700 0.8736
vn -0.5141 -0.4022 0.7576
vn 0.5119 -0.3995 -0.7605
vn 0.6253 -0.5515 -0.5521
vn -0.0000 0.1758 0.9844
vn 0.6226 -0.5472 -0.5594
vn 0.6982 -0.6835 -0.2128
vn -0.0134 0.1796 0.9837
vn -0.2392 -0.0836 0.9674
vn -0.3187 -0.1713 0.9323
vn -0.5933 -0.6147 -0.5198
vn -0.5941 -0.6139 -0.5197
vn 0.0773 0.0801 -0.9938
vn 0.1761 -0.0157 -0.9842
vn -0.0835 0.2488 0.9650
vn 0.1743 -0.0137 -0.9846
vn 0.1666 0.3284 0.9297
vn 0.2439 -0.0886 -0.9657
vn -0.0135 0.1798 0.9836
vn 0.2440 -0.0887 -0.9657
vn 0.3165 -0.1690 -0.9334
vn -0.4049 -0.2701 0.8735
vn -0.3966 -0.2595 0.8805
vn 0.4080 -0.2737 -0.8710
vn 0.3123 -0.1562 -0.9370
vn -0.4052 -0.2707 0.8732
vn 0.5146 -0.4029 -0.7569
vn 0.5118 -0.3994 -0.7606
vn -0.5136 -0.4016 0.7583
vn -0.5601 -0.5744 -0.5970
vn -0.6006 -0.6111 -0.5156
vn -0.6229 -0.5479 0.5584
vn -0.5923 -0.6117 -0.5245
vn -0.5943 -0.6121 -0.5216
vn -0.5937 -0.6124 -0.5221
vn -0.5837 -0.6097 -0.5363
vn -0.6978 -0.6830 0.2157
vn 0.0497 0.1160 0.9920
vn -0.6981 -0.6834 0.2139
vn -0.5915 -0.6108 -0.5263
vn -0.6152 -0.6167 -0.4911
vn -0.6619 -0.7183 -0.2143
vn 0.2502 0.4073 0.8784
vn 0.2638 0.4183 0.8692
vn -0.6614 0.7179 0.2171
vn 0.2603 0.4152 0.8717
vn -0.6978 0.6829 -0.2164
vn -0.6978 0.6829 -0.2160
vn 0.1656 0.3275 0.9302
vn -0.5592 -0.5764 -0.5959
vn -0.6096 -0.6282 -0.4835
vn -0.0000 0.1240 -0.9923
vn 0.5292 0.6403 0.5568
vn 0.5321 0.6363 0.5586
vn 0.6253 0.5515 0.5521
vn 0.6978 0.6832 -0.2153
vn 0.7038 0.6901 -0.1685
vn 0.6979 0.6831 -0.2155
vn 0.6979 0.6833 -0.2144
vn 0.2620 -0.4168 0.8704
vn 0.0514 -0.1144 0.9921
vn -0.6598 -0.7175 -0.2233
vn 0.5733 0.5940 -0.5643
vn -0.5332 0.6424 -0.5505
vn -0.5330 0.6423 -0.5508
vn -0.3825 0.5227 -0.7619
vn 0.0567 0.1064 -0.9927
vn -0.6979 -0.6832 0.2147
vn -0.2649 0.4194 -0.8683
vn -0.1677 0.3295 -0.9291
vn -0.0692 0.2390 -0.9686
vn 0.5850 0.6091 -0.5356
vn -0.0817 0.2470 -0.9656
vn -0.6635 -0.7191 -0.2065
vn -0.0849 0.2501 -0.9645
vn -0.0140 0.1803 -0.9835
vn 0.0311 0.0891 -0.9955
vn 0.0472 0.1187 -0.9918
vn 0.6980 -0.6838 -0.2124
vn -0.2642 0.4188 0.8688
vn -0.6662 0.7202 -0.1935
vn -0.0134 0.1796 0.9836
vn -0.5936 0.6073 -0.5281
vn -0.5957 0.6081 -0.5247
vn -0.5956 0.6016 -0.5323
vn 0.1755 0.0149 0.9844
vn 0.0130 -0.1793 0.9837
vn 0.0128 -0.1791 0.9838
vn 0.0144 -0.1806 0.9834
vn 0.0146 -0.1807 0.9834
vn -0.5120 0.3997 0.7603
vn -0.1085 -0.0548 0.9926
vn 0.0836 -0.2488 0.9649
vn -0.3173 0.1698 0.9330
vn -0.5118 0.3994 0.7606
vn -0.5126 0.4001 0.7597
vn -0.5119 0.3994 0.7606
vn 0.6978 0.6830 0.2157
vn -0.6611 -0.7181 -0.2175
vn 0.5867 0.6022 -0.5414
vn 0.5941 0.6125 -0.5214
vn 0.5925 0.5864 -0.5523
vn 0.5931 0.6119 -0.5232
vn 0.6133 0.6356 -0.4690
vn 0.5939 0.6126 -0.5216
vn 0.6616 -0.7182 0.2154
vn 0.6618 -0.7183 0.2144
vn 0.5332 -0.6424 0.5505
vn 0.5334 -0.6425 0.5502
vn 0.5932 0.6148 -0.5198
vn 0.3862 -0.5258 0.7579
vn 0.5934 0.6138 -0.5208
vn 0.1655 -0.3274 0.9303
vn -0.2275 0.0692 -0.9713
vn -0.4113 0.2776 -0.8682
vn 0.6593 -0.7216 -0.2111
vn -0.5119 0.3995 -0.7605
vn 0.6622 -0.7184 -0.2132
vn 0.6603 -0.7174 -0.2222
vn 0.5295 0.6397 0.5571
vn -0.6251 0.5512 0.5527
vn -0.6254 0.5517 0.5518
vn -0.6255 0.5518 0.5515
vn -0.6982 0.6831 0.2142
vn -0.6979 0.6832 0.2150
vn 0.6228 0.5479 -0.5585
vn -0.3827 -0.5228 0.7617
vn 0.6979 0.6831 -0.2152
vn -0.2665 -0.4208 0.8671
vn -0.5944 0.6119 -0.5217
vn -0.6222 0.5473 -0.5598
vn -0.5932 0.6149 -0.5196
vn 0.1124 0.0514 0.9923
vn 0.0525 -0.1132 0.9922
vn 0.0497 -0.1159 0.9920
vn 0.5956 0.6125 -0.5198
vn -0.5937 0.6144 -0.5196
vn 0.5873 0.6285 -0.5100
vn 0.1123 -0.0515 -0.9923
vn 0.1121 -0.0516 -0.9924
vn 0.2426 0.0871 0.9662
vn -0.6253 0.5515 -0.5521
vn -0.6254 0.5517 -0.5518
vn 0.1753 0.0148 -0.9844
vn -0.6979 0.6831 -0.2153
vn -0.0493 -0.1164 -0.9920
vn -0.1126 -0.0512 -0.9923
vn -0.1725 0.0117 -0.9849
vn 0.3091 0.1572 -0.9379
vn -0.3861 -0.5257 0.7580
vn -0.2417 0.0862 -0.9665
vn -0.6168 0.6163 -0.4896
vn -0.5952 0.6121 -0.5207
vn 0.6608 -0.7183 -0.2175
vn -0.5780 0.6073 -0.5450
vn -0.5867 0.6126 -0.5297
vn -0.6596 -0.7164 -0.2274
vn -0.6618 -0.7183 -0.2146
vn -0.5866 0.6126 -0.5298
vn -0.5866 0.6048 -0.5386
vn 0.6661 -0.7202 -0.1942
vn 0.1102 -0.0536 0.9925
vn 0.1765 0.0156 0.9842
vn -0.6811 -0.7194 -0.1362
vn -0.0840 0.2492 0.9648
vn -0.5930 0.6119 -0.5234
vn -0.5340 -0.6429 0.5491
vn -0.5956 0.6157 -0.5158
vn -0.5872 0.6054 -0.5373
vn -0.3825 -0.5227 0.7619
vn -0.6239 0.6431 -0.4439
vn -0.2641 -0.4188 0.8688
vn -0.6081 0.6169 -0.4996
vn -0.6979 0.6835 0.2139
vn -0.1635 -0.3255 0.9313
vn -0.3193 0.1721 -0.9319
vn -0.0824 -0.2477 0.9653
vn 0.2618 0.4166 0.8705
vn -0.4055 0.2708 -0.8731
vn 0.1661 0.3278 0.9300
vn 0.6252 0.5513 0.5525
vn -0.5296 -0.6398 0.5570
vn 0.5986 0.6170 -0.5109
vn -0.0859 -0.2510 0.9642
vn 0.0522 -0.1134 0.9922
vn 0.5297 0.6399 0.5568
vn 0.1754 0.0149 0.9844
vn 0.6640 -0.7165 -0.2141
vn 0.5992 0.6118 -0.5163
vn 0.5898 0.6115 -0.5274
vn 0.3184 0.1710 0.9324
vn 0.6011 0.6128 -0.5129
vn 0.6231 0.6179 -0.4796
vn -0.6642 0.7189 -0.2048
vn 0.4055 0.2708 0.8730
vn 0.5120 0.3995 0.7604
vn -0.0863 0.2514 0.9640
vn 0.1661 0.3279 0.9300
vn -0.1136 -0.0502 0.9923
vn -0.1104 -0.0535 0.9924
vn -0.1705 0.0098 0.9853
vn -0.1121 0.0517 0.9923
vn -0.2404 -0.0848 0.9670
vn -0.5935 0.6123 -0.5224
vn 0.0501 -0.1155 0.9920
vn -0.5896 0.6114 -0.5278
vn 0.6597 -0.7182 -0.2214
vn -0.6006 0.6152 -0.5107
vn 0.2407 0.0852 0.9668
vn 0.5113 0.3987 0.7613
vn -0.2647 -0.4192 0.8685
vn -0.0822 -0.2474 0.9654
vn -0.6617 0.7183 0.2149
vn 0.5931 0.6122 -0.5229
vn -0.2440 0.0888 0.9657
vn -0.5933 0.6120 -0.5230
vn -0.5879 0.6140 -0.5267
vn -0.2419 0.0863 0.9665
vn 0.1754 -0.0148 0.9844
vn -0.5945 0.6119 -0.5216
vn -0.5938 0.6116 -0.5228
vn 0.1124 -0.0514 0.9923
vn 0.1125 -0.0514 0.9923
vn 0.3863 -0.5259 0.7578
vn -0.3174 0.1701 0.9329
vn -0.6042 0.6057 -0.5177
vn -0.5819 0.6286 -0.5159
vn 0.6979 0.6832 -0.2149
vn 0.2404 0.0848 0.9670
vn -0.5921 0.4969 0.6344
vn 0.5119 0.3996 0.7604
vn 0.3166 -0.1690 0.9334
vn 0.2619 -0.4167 0.8705
vn 0.3165 -0.1689 0.9334
vn -0.6648 -0.7184 0.2047
vn 0.1658 -0.3275 0.9302
vn -0.0821 -0.2474 -0.9654
vn 0.6218 -0.5465 0.5610
vn -0.2730 -0.4258 0.8626
vn -0.0143 -0.1805 -0.9835
vn -0.0144 -0.1806 -0.9835
vn -0.5946 0.6192 -0.5128
vn 0.6617 -0.7183 -0.2149
vn -0.1662 -0.3279 0.9300
vn 0.1658 0.3280 0.9300
vn -0.5934 0.6315 -0.4991
vn 0.6321 0.5991 -0.4914
vn -0.5934 0.6239 -0.5085
vn 0.0848 0.2499 0.9645
vn 0.5939 0.6125 -0.5216
vn -0.0502 0.1155 0.9920
vn 0.6023 0.6084 -0.5167
vn 0.6256 0.6181 -0.4761
vn 0.5969 0.6106 -0.5205
vn 0.5789 0.6203 -0.5293
vn -0.3188 -0.1718 0.9321
vn 0.6615 -0.7182 0.2157
vn -0.1745 0.0138 0.9846
vn 0.6988 -0.6858 0.2034
vn 0.5304 -0.6403 -0.5556
vn 0.5334 -0.6425 -0.5501
vn 0.3863 -0.5259 -0.7578
vn 0.3860 -0.5257 -0.7581
vn 0.3852 -0.5252 -0.7588
vn 0.5122 -0.3998 0.7602
vn 0.4649 -0.0000 0.8853
vn 0.6608 -0.7183 -0.2176
vn 0.4649 -0.0000 -0.8854
vn 0.6714 -0.7209 -0.1721
vn 0.6617 -0.7182 -0.2153
vn -0.2238 -0.0000 0.9746
vn -0.3356 -0.0000 0.9420
vn -0.8182 -0.0000 -0.5749
vn -0.4649 -0.0000 -0.8854
vn -0.1297 -0.0000 0.9916
vn 0.3591 0.5000 0.7881
vn -0.4649 -0.0000 0.8853
vn 0.9746 -0.0000 0.2239
vn -0.1639 0.3258 0.9311
vn 0.2404 0.0848 -0.9670
vn 0.1657 -0.3278 0.9301
vn -0.9747 -0.0000 -0.2234
vn -0.0522 -0.1134 0.9922
vn 0.6979 0.6831 -0.2154
vn 0.9746 -0.0000 -0.2240
vn 0.6619 -0.7185 0.2137
vn 0.6239 -0.5497 0.5555
vn 0.3183 0.1710 -0.9324
vn 0.3185 0.1711 -0.9324
vn 0.0830 -0.2482 0.9651
vn 0.3170 0.1693 -0.9332
vn 0.0847 -0.2499 0.9646
vn 0.4071 0.2727 -0.8717
vn 0.0134 -0.1797 0.9836
vn 0.4070 0.2726 -0.8718
vn 0.5157 0.4044 -0.7553
vn 0.5120 0.3995 -0.7605
vn 0.5118 0.3994 -0.7606
vn 0.6819 -0.7267 -0.0827
vn 0.6229 0.5480 -0.5583
vn 0.6208 0.5451 -0.5634
vn -0.0487 -0.1169 0.9919
vn -0.0493 -0.1164 0.9920
vn -0.1130 -0.0508 0.9923
vn -0.7006 -0.7124 0.0390
vn -0.6617 -0.7183 -0.2151
vn -0.6620 0.7185 0.2135
vn -0.6596 0.7176 0.2236
vn -0.5276 -0.6383 -0.5606
vn -0.5332 0.6424 0.5504
vn -0.5297 -0.6398 -0.5569
vn -0.5297 -0.6399 -0.5568
vn -0.3826 -0.5228 -0.7618
vn -0.3828 -0.5229 -0.7616
vn -0.3867 0.5262 0.7573
vn -0.3908 -0.5300 -0.7526
vn -0.1744 0.0138 0.9846
vn -0.3863 0.5259 0.7577
vn -0.2418 0.0863 0.9665
vn -0.1655 -0.3274 -0.9303
vn -0.3175 0.1700 0.9329
vn -0.4079 0.2736 0.8711
vn -0.4080 0.2737 0.8710
vn -0.2595 0.4145 0.8723
vn -0.0822 -0.2474 -0.9654
vn -0.2586 0.4139 0.8728
vn 0.1816 0.0188 -0.9832
vn 0.1752 0.0147 -0.9844
vn 0.3178 -0.1704 0.9327
vn 0.2405 0.0849 -0.9669
vn -0.3890 0.5282 0.7548
vn 0.5120 -0.3995 0.7604
vn -0.6617 0.7182 0.2152
vn -0.6557 -0.7156 -0.2407
vn 0.6627 -0.7166 -0.2174
vn -0.1635 0.3256 0.9313
vn -0.5118 -0.3994 0.7606
vn 0.4072 -0.2727 0.8717
vn 0.4058 -0.2712 0.8728
vn 0.6986 -0.6857 0.2042
vn 0.6614 -0.7184 -0.2156
vn 0.6641 -0.7182 -0.2074
vn -0.6617 -0.7183 -0.2149
vn -0.2647 0.4192 0.8685
vn -0.6615 -0.7195 -0.2116
vn -0.6620 -0.7184 -0.2139
vn -0.1657 0.3275 0.9302
vn -0.0137 0.1798 0.9836
vn 0.0493 0.1165 0.9920
vn -0.3550 -0.4892 -0.7966
vn 0.1123 0.0515 0.9923
vn -0.3844 0.5247 0.7596
vn -0.2636 -0.4179 -0.8694
vn -0.2457 -0.3992 -0.8833
vn -0.2664 -0.4208 -0.8672
vn -0.2667 -0.4210 -0.8670
vn -0.1607 -0.3228 -0.9327
vn -0.0825 -0.2477 -0.9653
vn -0.0822 -0.2476 -0.9654
vn -0.9747 -0.0000 0.2236
vn 0.6617 0.7183 0.2148
vn 0.6622 0.7185 0.2128
vn 0.3869 0.5264 0.7571
vn 0.2613 0.4162 0.8709
vn 0.3862 0.5258 0.7579
vn 0.3882 0.5275 0.7557
vn 0.0822 0.2474 0.9654
vn 0.0113 0.1781 0.9840
vn -0.1122 0.0516 0.9923
vn -0.1753 -0.0148 0.9844
vn 0.6224 -0.5473 0.5595
vn 0.6987 -0.6864 0.2019
vn 0.6982 -0.6838 0.2118
vn -0.6623 -0.7209 -0.2042
vn 0.6618 -0.7184 -0.2144
vn 0.2439 -0.0885 0.9657
vn 0.3887 0.5279 0.7551
vn 0.2417 -0.0863 0.9665
vn 0.2418 -0.0863 0.9665
vn 0.2474 -0.0915 0.9646
vn 0.3174 -0.1700 0.9329
vn 0.6253 -0.5516 0.5520
vn -0.6575 -0.7182 -0.2279
vn -0.6617 -0.7184 -0.2144
vn 0.6979 -0.6831 0.2152
vn 0.6619 -0.7183 -0.2143
vn 0.6627 -0.7184 -0.2113
vn -0.6612 -0.7177 -0.2185
vn -0.3193 -0.1721 0.9319
vn -0.5119 -0.3994 0.7606
vn -0.6228 -0.5478 0.5586
vn -0.6627 -0.7184 -0.2116
vn -0.6671 -0.7203 -0.1899
vn -0.1656 -0.3275 -0.9302
vn -0.3960 0.0002 0.9182
vn -0.3962 -0.0000 0.9181
vn -0.3958 -0.0002 0.9183
vn -0.0000 -0.0000 -1.0000
vn -0.0333 -0.0000 -0.9994
vn -0.3957 -0.0000 0.9184
vn -0.4016 -0.0000 0.9158
vn -0.0005 -0.0000 -1.0000
vn -0.3944 -0.0000 0.9189
vn -0.6776 -0.2859 0.6776
vn -0.3918 0.0069 0.9200
vn 0.2411 0.4340 0.8680
vn -0.8087 -0.5882 -0.0000
vn -0.3960 0.0015 0.9182
vn -0.3982 -0.0000 0.9173
vn -0.0016 -0.0000 -1.0000
s 0
usemtl color_15277357
f 5//1 923//1 4//1
f 13//2 11//2 12//2
f 15//3 16//3 14//3
f 13//3 17//3 18//3
f 13//3 18//3 11//3
f 12//4 11//4 19//4
f 19//5 11//5 23//5
f 5//6 4//6 26//6
f 37//6 26//6 4//6
f 37//6 83//6 26//6
f 17//7 27//7 18//7
f 38//8 905//8 42//8
f 45//9 905//9 44//9
f 41//10 905//10 45//10
f 43//11 905//11 51//11
f 394//12 59//12 930//12
f 60//13 930//13 59//13
f 60//14 61//14 930//14
f 65//15 930//15 61//15
f 64//16 256//16 63//16
f 63//17 256//17 62//17
f 62//18 256//18 68//18
f 43//19 44//19 905//19
f 50//20 51//20 905//20
f 74//21 50//21 905//21
f 905//11 473//11 73//11
f 73//22 473//22 76//22
f 79//23 282//23 78//23
f 78//24 282//24 77//24
f 71//11 68//11 256//11
f 66//25 930//25 65//25
f 67//26 930//26 66//26
f 592//27 444//27 72//27
f 82//28 81//28 86//28
f 81//29 80//29 86//29
f 18//30 83//30 37//30
f 27//6 26//6 83//6
f 83//7 18//7 27//7
f 84//31 82//31 86//31
f 86//32 80//32 23//32
f 86//4 23//4 11//4
f 803//30 99//30 11//30
f 98//33 957//33 97//33
f 86//30 11//30 99//30
f 84//34 99//34 85//34
f 91//35 957//35 98//35
f 84//6 86//6 99//6
f 85//36 99//36 100//36
f 99//36 766//36 100//36
f 665//37 269//37 109//37
f 111//38 619//38 109//38
f 407//39 126//39 465//39
f 464//40 465//40 127//40
f 75//41 282//41 79//41
f 127//40 465//40 126//40
f 77//42 256//42 64//42
f 49//43 48//43 131//43
f 48//44 46//44 131//44
f 131//45 46//45 47//45
f 47//46 52//46 131//46
f 132//47 464//47 127//47
f 131//48 52//48 53//48
f 131//49 53//49 54//49
f 131//48 54//48 58//48
f 625//30 134//30 135//30
f 465//50 138//50 407//50
f 470//51 464//51 132//51
f 108//52 268//52 113//52
f 113//53 268//53 122//53
f 114//54 123//54 625//54
f 133//55 625//55 130//55
f 130//56 625//56 123//56
f 141//57 131//57 142//57
f 144//58 131//58 141//58
f 49//59 131//59 144//59
f 148//60 142//60 131//60
f 158//61 242//61 162//61
f 170//62 172//62 171//62
f 172//63 170//63 169//63
f 168//64 242//64 169//64
f 175//65 272//65 161//65
f 188//66 958//66 187//66
f 151//67 127//67 149//67
f 470//67 132//67 157//67
f 151//67 157//67 132//67
f 127//67 151//67 132//67
f 126//67 149//67 127//67
f 135//67 134//67 469//67
f 138//67 469//67 134//67
f 126//68 171//68 149//68
f 187//69 957//69 186//69
f 185//70 186//70 957//70
f 195//71 957//71 198//71
f 176//72 120//72 256//72
f 120//73 119//73 256//73
f 119//74 181//74 256//74
f 181//72 180//72 256//72
f 208//75 222//75 209//75
f 180//73 182//73 256//73
f 182//72 179//72 256//72
f 179//74 178//74 256//74
f 220//76 232//76 208//76
f 213//77 957//77 212//77
f 97//78 957//78 213//78
f 255//79 260//79 214//79
f 216//80 254//80 214//80
f 222//81 208//81 232//81
f 223//82 209//82 222//82
f 212//83 209//83 223//83
f 220//84 208//84 226//84
f 226//85 234//85 220//85
f 232//86 220//86 234//86
f 239//87 240//87 200//87
f 200//88 236//88 239//88
f 239//87 231//87 230//87
f 230//87 227//87 239//87
f 225//87 444//87 227//87
f 245//87 247//87 244//87
f 246//87 247//87 245//87
f 243//87 244//87 247//87
f 172//1 249//1 248//1
f 249//1 243//1 248//1
f 154//1 243//1 249//1
f 247//1 248//1 243//1
f 231//87 239//87 235//87
f 251//30 243//30 250//30
f 244//30 243//30 251//30
f 154//89 250//89 243//89
f 254//90 255//90 214//90
f 172//91 169//91 242//91
f 224//87 444//87 225//87
f 221//87 444//87 219//87
f 219//87 444//87 224//87
f 235//87 239//87 236//87
f 202//87 199//87 240//87
f 200//87 240//87 201//87
f 204//87 203//87 473//87
f 203//87 202//87 473//87
f 199//87 201//87 240//87
f 473//87 205//87 204//87
f 240//87 473//87 202//87
f 207//87 206//87 473//87
f 205//87 473//87 206//87
f 207//87 473//87 210//87
f 211//92 210//92 473//92
f 412//93 803//93 411//93
f 411//94 803//94 409//94
f 269//95 803//95 268//95
f 118//30 801//30 269//30
f 586//1 240//1 578//1
f 689//96 831//96 279//96
f 154//30 280//30 281//30
f 331//97 166//97 256//97
f 161//73 272//73 158//73
f 281//30 250//30 154//30
f 272//98 249//98 242//98
f 272//98 242//98 158//98
f 246//99 245//99 310//99
f 349//87 350//87 282//87
f 285//87 286//87 282//87
f 284//87 285//87 282//87
f 238//100 599//100 257//100
f 103//101 101//101 694//101
f 229//100 599//100 238//100
f 286//87 291//87 282//87
f 291//102 292//102 282//102
f 292//87 297//87 282//87
f 140//103 694//103 139//103
f 103//104 694//104 140//104
f 297//87 298//87 282//87
f 298//87 301//87 282//87
f 301//87 303//87 282//87
f 139//105 694//105 143//105
f 145//106 143//106 694//106
f 153//107 146//107 821//107
f 150//108 694//108 147//108
f 145//109 694//109 150//109
f 261//100 599//100 262//100
f 821//110 156//110 155//110
f 147//111 694//111 146//111
f 155//112 153//112 821//112
f 256//87 282//87 303//87
f 266//113 599//113 261//113
f 159//114 821//114 163//114
f 156//115 821//115 159//115
f 258//100 599//100 266//100
f 303//87 305//87 256//87
f 165//116 821//116 167//116
f 257//100 599//100 258//100
f 165//117 163//117 821//117
f 821//118 173//118 167//118
f 262//100 599//100 270//100
f 209//119 694//119 208//119
f 248//120 247//120 311//120
f 310//120 311//120 247//120
f 312//92 315//92 256//92
f 256//121 315//121 319//121
f 289//122 561//122 287//122
f 328//123 330//123 256//123
f 295//124 561//124 293//124
f 328//87 256//87 319//87
f 296//51 299//51 561//51
f 300//125 561//125 299//125
f 306//51 561//51 304//51
f 305//121 312//121 256//121
f 309//126 561//126 307//126
f 313//51 561//51 309//51
f 256//87 330//87 331//87
f 314//51 320//51 561//51
f 320//127 322//127 561//127
f 324//51 561//51 322//51
f 166//73 164//73 256//73
f 160//73 256//73 164//73
f 246//120 310//120 247//120
f 951//128 903//128 952//128
f 162//129 161//129 158//129
f 168//130 162//130 242//130
f 248//62 171//62 172//62
f 249//64 172//64 242//64
f 175//1 152//1 272//1
f 311//67 479//67 248//67
f 248//67 479//67 171//67
f 283//87 284//87 282//87
f 283//87 282//87 350//87
f 803//30 269//30 801//30
f 801//131 355//131 359//131
f 355//30 118//30 366//30
f 781//30 612//30 366//30
f 366//132 365//132 359//132
f 355//133 366//133 359//133
f 252//134 253//134 694//134
f 694//112 226//112 208//112
f 226//112 694//112 274//112
f 252//135 694//135 275//135
f 273//136 274//136 694//136
f 234//137 226//137 274//137
f 253//138 273//138 694//138
f 275//139 694//139 101//139
f 382//140 957//140 381//140
f 57//141 56//141 946//141
f 209//142 212//142 957//142
f 945//143 946//143 56//143
f 359//144 365//144 360//144
f 192//76 193//76 957//76
f 431//145 392//145 930//145
f 392//146 393//146 930//146
f 393//14 394//14 930//14
f 105//147 945//147 104//147
f 192//148 957//148 196//148
f 193//149 185//149 957//149
f 395//150 396//150 957//150
f 945//151 56//151 55//151
f 945//152 55//152 87//152
f 87//151 89//151 945//151
f 89//153 88//153 945//153
f 88//154 90//154 945//154
f 90//155 93//155 945//155
f 384//156 381//156 957//156
f 198//78 957//78 396//78
f 93//157 94//157 945//157
f 94//158 95//158 945//158
f 95//159 96//159 945//159
f 96//159 102//159 945//159
f 102//160 104//160 945//160
f 395//161 957//161 397//161
f 397//162 957//162 382//162
f 372//163 782//163 373//163
f 105//164 106//164 945//164
f 109//165 269//165 108//165
f 268//166 108//166 269//166
f 106//167 107//167 945//167
f 107//168 110//168 945//168
f 110//158 112//158 945//158
f 371//169 782//169 372//169
f 112//170 117//170 945//170
f 117//171 115//171 945//171
f 115//172 116//172 945//172
f 121//173 391//173 116//173
f 125//164 391//164 121//164
f 945//174 116//174 391//174
f 268//95 803//95 412//95
f 128//175 122//175 268//175
f 118//176 269//176 665//176
f 412//30 427//30 268//30
f 239//30 409//30 803//30
f 373//163 782//163 374//163
f 412//177 411//177 401//177
f 402//178 401//178 411//178
f 407//179 406//179 126//179
f 413//180 126//180 406//180
f 798//181 808//181 960//181
f 375//182 782//182 376//182
f 401//183 415//183 412//183
f 375//163 374//163 782//163
f 409//184 403//184 402//184
f 409//184 402//184 411//184
f 413//185 406//185 405//185
f 378//186 377//186 782//186
f 426//187 428//187 930//187
f 625//30 268//30 134//30
f 427//30 134//30 268//30
f 427//50 412//50 421//50
f 415//188 421//188 412//188
f 424//50 418//50 138//50
f 407//189 138//189 418//189
f 239//87 227//87 444//87
f 428//190 431//190 930//190
f 391//191 435//191 945//191
f 435//192 391//192 439//192
f 438//30 409//30 239//30
f 440//30 409//30 438//30
f 409//193 440//193 436//193
f 409//51 436//51 403//51
f 376//186 782//186 377//186
f 625//194 133//194 268//194
f 128//195 268//195 133//195
f 391//134 443//134 439//134
f 957//196 445//196 209//196
f 384//140 957//140 92//140
f 92//197 957//197 91//197
f 196//78 957//78 195//78
f 957//198 187//198 958//198
f 534//87 531//87 444//87
f 542//87 239//87 444//87
f 542//87 444//87 530//87
f 528//87 542//87 530//87
f 782//199 383//199 380//199
f 380//163 379//163 782//163
f 378//186 782//186 379//186
f 265//1 578//1 240//1
f 782//163 385//163 383//163
f 240//87 586//87 473//87
f 453//200 452//200 456//200
f 453//201 456//201 457//201
f 458//202 456//202 452//202
f 454//203 453//203 457//203
f 782//204 632//204 385//204
f 463//205 170//205 171//205
f 451//206 960//206 446//206
f 464//207 471//207 465//207
f 474//208 469//208 465//208
f 458//209 459//209 456//209
f 459//210 462//210 456//210
f 138//50 465//50 469//50
f 470//51 471//51 464//51
f 474//207 465//207 471//207
f 476//211 151//211 475//211
f 149//211 475//211 151//211
f 476//212 157//212 151//212
f 391//213 125//213 443//213
f 477//214 443//214 125//214
f 475//210 149//210 479//210
f 476//100 480//100 157//100
f 476//64 475//64 480//64
f 479//64 480//64 475//64
f 482//67 460//67 469//67
f 460//67 135//67 469//67
f 471//67 482//67 474//67
f 474//67 482//67 469//67
f 311//67 482//67 479//67
f 149//67 171//67 479//67
f 479//67 482//67 480//67
f 480//67 482//67 470//67
f 157//67 480//67 470//67
f 471//67 470//67 482//67
f 490//215 491//215 930//215
f 426//216 930//216 491//216
f 586//87 564//87 473//87
f 570//87 571//87 473//87
f 571//87 572//87 473//87
f 282//11 75//11 473//11
f 280//73 256//73 57//73
f 946//73 280//73 57//73
f 466//217 548//217 467//217
f 308//218 467//218 548//218
f 457//219 456//219 413//219
f 413//219 405//219 457//219
f 454//220 457//220 405//220
f 421//219 422//219 427//219
f 134//219 427//219 422//219
f 424//219 138//219 422//219
f 134//219 422//219 138//219
f 438//219 437//219 436//219
f 438//219 436//219 440//219
f 126//221 413//221 456//221
f 126//219 456//219 171//219
f 171//219 456//219 462//219
f 463//219 171//219 462//219
f 529//87 542//87 528//87
f 821//222 822//222 173//222
f 531//87 530//87 444//87
f 537//223 444//223 693//223
f 534//87 444//87 537//87
f 542//30 438//30 239//30
f 543//87 542//87 529//87
f 544//87 542//87 543//87
f 545//87 542//87 544//87
f 550//224 551//224 282//224
f 349//87 282//87 551//87
f 556//87 586//87 555//87
f 557//87 586//87 556//87
f 557//121 563//121 586//121
f 564//87 586//87 563//87
f 566//87 473//87 565//87
f 565//87 473//87 564//87
f 547//51 546//51 561//51
f 546//225 288//225 561//225
f 548//100 271//100 599//100
f 287//51 561//51 288//51
f 270//100 599//100 271//100
f 569//87 570//87 473//87
f 572//87 573//87 473//87
f 548//134 466//134 271//134
f 568//87 569//87 473//87
f 573//87 574//87 473//87
f 574//87 549//87 473//87
f 308//226 435//226 439//226
f 439//226 441//226 308//226
f 549//87 550//87 473//87
f 282//87 473//87 550//87
f 404//226 308//226 400//226
f 400//227 308//227 399//227
f 404//228 408//228 308//228
f 408//226 410//226 308//226
f 410//229 414//229 308//229
f 419//230 308//230 414//230
f 308//231 419//231 416//231
f 308//232 416//232 417//232
f 417//233 420//233 308//233
f 420//234 423//234 308//234
f 423//231 425//231 308//231
f 425//235 429//235 308//235
f 429//236 430//236 308//236
f 308//237 442//237 468//237
f 430//238 442//238 308//238
f 439//134 443//134 441//134
f 399//239 308//239 441//239
f 586//121 579//121 554//121
f 554//87 555//87 586//87
f 399//240 441//240 398//240
f 579//92 586//92 580//92
f 483//222 173//222 822//222
f 580//87 586//87 581//87
f 766//36 827//36 100//36
f 472//241 441//241 443//241
f 492//222 822//222 493//222
f 581//242 586//242 582//242
f 467//243 308//243 468//243
f 583//87 582//87 586//87
f 443//244 477//244 472//244
f 945//64 435//64 244//64
f 245//64 244//64 435//64
f 566//87 568//87 473//87
f 160//73 124//73 256//73
f 174//73 177//73 256//73
f 124//72 174//72 256//72
f 177//73 176//73 256//73
f 178//74 184//74 256//74
f 184//73 183//73 256//73
f 387//134 57//134 256//134
f 183//245 387//245 256//245
f 245//210 435//210 310//210
f 310//210 435//210 308//210
f 542//6 561//6 541//6
f 438//6 542//6 541//6
f 438//246 541//246 437//246
f 561//6 542//6 547//6
f 545//6 547//6 542//6
f 541//6 561//6 578//6
f 681//247 590//247 577//247
f 576//247 577//247 590//247
f 683//120 682//120 590//120
f 577//248 445//248 681//248
f 591//120 683//120 590//120
f 70//249 72//249 221//249
f 680//250 591//250 590//250
f 590//247 681//247 680//247
f 593//251 444//251 592//251
f 594//14 685//14 593//14
f 598//252 685//252 597//252
f 597//253 685//253 596//253
f 643//100 548//100 599//100
f 209//254 445//254 694//254
f 596//255 685//255 594//255
f 635//256 632//256 612//256
f 595//257 599//257 228//257
f 228//100 599//100 229//100
f 608//132 604//132 613//132
f 70//258 221//258 69//258
f 611//144 613//144 605//144
f 584//113 599//113 585//113
f 595//113 585//113 599//113
f 643//64 308//64 548//64
f 614//247 905//247 617//247
f 615//247 921//247 905//247
f 611//256 612//256 613//256
f 365//30 612//30 610//30
f 360//144 365//144 610//144
f 617//259 905//259 616//259
f 604//144 605//144 613//144
f 560//6 599//6 561//6
f 40//8 137//8 905//8
f 612//30 676//30 610//30
f 606//260 687//260 598//260
f 614//261 615//261 905//261
f 905//247 628//247 620//247
f 905//262 620//262 621//262
f 905//247 621//247 622//247
f 137//263 629//263 905//263
f 624//30 612//30 625//30
f 624//256 623//256 626//256
f 624//256 626//256 612//256
f 616//264 905//264 622//264
f 623//194 600//194 626//194
f 612//256 632//256 613//256
f 608//256 613//256 632//256
f 629//265 630//265 905//265
f 628//10 905//10 630//10
f 633//30 612//30 781//30
f 637//266 687//266 606//266
f 583//267 586//267 584//267
f 586//6 578//6 561//6
f 584//6 586//6 599//6
f 561//6 599//6 586//6
f 665//204 633//204 781//204
f 633//30 625//30 612//30
f 612//256 626//256 635//256
f 646//268 687//268 644//268
f 638//268 687//268 637//268
f 667//51 640//51 560//51
f 646//269 650//269 687//269
f 640//270 667//270 641//270
f 308//210 642//210 310//210
f 308//64 643//64 642//64
f 461//271 460//271 639//271
f 482//271 639//271 460//271
f 482//271 643//271 640//271
f 639//271 482//271 641//271
f 640//34 641//34 482//34
f 482//271 311//271 642//271
f 310//271 642//271 311//271
f 650//272 652//272 687//272
f 599//271 560//271 643//271
f 560//271 640//271 643//271
f 642//271 643//271 482//271
f 553//133 389//133 552//133
f 575//133 389//133 553//133
f 576//273 682//273 577//273
f 445//274 577//274 682//274
f 644//14 687//14 638//14
f 648//275 930//275 647//275
f 649//247 930//247 648//247
f 651//259 647//259 930//259
f 389//14 687//14 652//14
f 649//247 654//247 930//247
f 653//247 930//247 654//247
f 389//276 652//276 552//276
f 665//277 619//277 633//277
f 635//277 600//277 601//277
f 600//277 635//277 626//277
f 663//222 512//222 822//222
f 495//278 822//278 512//278
f 493//222 822//222 495//222
f 434//133 389//133 433//133
f 660//279 663//279 822//279
f 665//280 109//280 619//280
f 624//87 671//87 623//87
f 623//87 671//87 669//87
f 668//87 669//87 671//87
f 624//30 625//30 135//30
f 624//30 135//30 671//30
f 327//281 326//281 667//281
f 670//282 611//282 605//282
f 625//194 619//194 114//194
f 111//283 114//283 619//283
f 260//284 267//284 673//284
f 267//285 889//285 673//285
f 666//286 667//286 326//286
f 703//247 766//247 670//247
f 670//256 676//256 611//256
f 612//256 611//256 676//256
f 674//264 651//264 930//264
f 667//134 677//134 327//134
f 678//287 828//287 679//287
f 221//14 72//14 444//14
f 673//4 828//4 678//4
f 673//288 832//288 828//288
f 832//288 673//288 672//288
f 389//132 936//132 608//132
f 445//289 957//289 681//289
f 188//290 189//290 958//290
f 694//274 445//274 682//274
f 576//120 590//120 682//120
f 931//247 684//247 930//247
f 653//187 655//187 930//187
f 675//59 931//59 567//59
f 559//291 567//291 931//291
f 743//14 444//14 748//14
f 674//247 930//247 684//247
f 656//292 930//292 655//292
f 656//190 490//190 930//190
f 684//293 931//293 675//293
f 688//272 687//272 608//272
f 558//220 559//220 931//220
f 690//294 689//294 691//294
f 587//295 931//295 690//295
f 562//296 558//296 931//296
f 279//297 691//297 689//297
f 821//112 146//112 694//112
f 444//121 692//121 693//121
f 341//298 340//298 666//298
f 339//299 666//299 340//299
f 338//300 666//300 339//300
f 341//298 666//298 342//298
f 343//301 666//301 344//301
f 342//302 666//302 343//302
f 344//303 666//303 345//303
f 346//304 345//304 666//304
f 347//302 666//302 348//302
f 326//305 325//305 666//305
f 347//306 346//306 666//306
f 348//307 666//307 325//307
f 666//308 356//308 702//308
f 361//309 357//309 666//309
f 358//310 702//310 356//310
f 357//311 356//311 666//311
f 362//312 666//312 363//312
f 361//313 666//313 362//313
f 338//314 364//314 666//314
f 389//133 575//133 696//133
f 363//315 666//315 364//315
f 461//50 639//50 666//50
f 702//316 718//316 719//316
f 666//317 702//317 719//317
f 718//318 702//318 358//318
f 718//319 358//319 723//319
f 324//51 323//51 667//51
f 639//208 641//208 666//208
f 317//320 600//320 318//320
f 337//321 318//321 600//321
f 719//322 718//322 600//322
f 706//323 600//323 707//323
f 706//324 705//324 600//324
f 707//325 600//325 708//325
f 708//326 600//326 709//326
f 711//327 600//327 712//327
f 709//328 600//328 710//328
f 710//320 600//320 711//320
f 712//329 600//329 713//329
f 713//330 600//330 714//330
f 714//331 600//331 715//331
f 717//332 600//332 718//332
f 716//333 600//333 717//333
f 716//334 715//334 600//334
f 337//335 600//335 720//335
f 705//336 720//336 600//336
f 717//337 718//337 721//337
f 721//338 718//338 722//338
f 723//339 722//339 718//339
f 733//87 444//87 732//87
f 692//87 444//87 733//87
f 734//92 732//92 444//92
f 739//92 735//92 444//92
f 600//340 317//340 601//340
f 455//341 601//341 317//341
f 736//87 444//87 735//87
f 737//87 444//87 736//87
f 743//342 744//342 444//342
f 666//50 719//50 461//50
f 668//50 461//50 669//50
f 669//50 461//50 719//50
f 737//87 734//87 444//87
f 677//343 667//343 323//343
f 561//193 324//193 560//193
f 560//344 324//344 667//344
f 444//121 738//121 739//121
f 296//51 561//51 295//51
f 302//51 561//51 300//51
f 302//345 304//345 561//345
f 306//346 307//346 561//346
f 313//347 314//347 561//347
f 289//51 293//51 561//51
f 444//348 740//348 741//348
f 667//208 666//208 641//208
f 623//194 669//194 719//194
f 600//194 623//194 719//194
f 738//87 444//87 742//87
f 444//349 741//349 742//349
f 740//190 444//190 744//190
f 444//14 593//14 747//14
f 747//260 593//260 686//260
f 748//14 444//14 747//14
f 696//133 697//133 389//133
f 532//350 533//350 389//350
f 433//133 389//133 533//133
f 532//133 389//133 697//133
f 278//96 279//96 831//96
f 960//206 755//206 756//206
f 960//351 961//351 755//351
f 189//352 755//352 958//352
f 686//251 593//251 685//251
f 765//247 766//247 703//247
f 765//4 703//4 678//4
f 676//247 670//247 766//247
f 803//30 610//30 99//30
f 765//353 678//353 766//353
f 679//353 766//353 678//353
f 766//36 679//36 827//36
f 829//36 827//36 679//36
f 759//351 778//351 960//351
f 777//87 761//87 796//87
f 762//87 796//87 761//87
f 779//206 960//206 778//206
f 960//181 756//181 759//181
f 365//30 366//30 612//30
f 782//14 608//14 632//14
f 69//249 221//249 67//249
f 781//30 366//30 118//30
f 608//14 687//14 389//14
f 786//133 389//133 780//133
f 751//354 750//354 608//354
f 760//272 751//272 608//272
f 749//14 688//14 608//14
f 685//14 598//14 687//14
f 780//355 389//355 434//355
f 782//14 796//14 608//14
f 750//356 749//356 608//356
f 760//272 608//272 762//272
f 796//123 787//123 777//123
f 787//87 796//87 788//87
f 367//96 278//96 831//96
f 779//357 795//357 960//357
f 796//14 762//14 608//14
f 781//163 118//163 665//163
f 369//186 368//186 796//186
f 370//169 369//169 796//169
f 788//204 796//204 368//204
f 782//169 370//169 796//169
f 370//163 782//163 371//163
f 795//206 798//206 960//206
f 455//204 385//204 601//204
f 632//204 635//204 601//204
f 601//204 385//204 632//204
f 625//277 633//277 619//277
f 461//353 668//353 671//353
f 460//353 461//353 671//353
f 460//353 671//353 135//353
f 803//30 11//30 239//30
f 355//30 801//30 118//30
f 879//14 930//14 221//14
f 67//14 221//14 930//14
f 923//1 265//1 240//1
f 800//1 805//1 152//1
f 754//358 367//358 831//358
f 820//128 819//128 818//128
f 820//128 818//128 817//128
f 829//36 683//36 819//36
f 820//36 829//36 819//36
f 821//222 824//222 822//222
f 492//359 483//359 822//359
f 821//128 694//128 824//128
f 823//274 694//274 682//274
f 824//128 694//128 823//128
f 682//287 683//287 823//287
f 829//287 823//287 683//287
f 829//287 832//287 824//287
f 824//287 823//287 829//287
f 829//287 679//287 828//287
f 832//287 831//287 824//287
f 822//287 824//287 831//287
f 830//96 14//96 826//96
f 832//96 672//96 831//96
f 830//36 827//36 829//36
f 828//287 832//287 829//287
f 827//288 830//288 825//288
f 826//288 825//288 830//288
f 819//274 915//274 818//274
f 819//36 683//36 591//36
f 914//36 14//36 820//36
f 808//206 868//206 960//206
f 906//351 960//351 870//351
f 892//360 893//360 673//360
f 901//361 902//361 672//361
f 754//96 831//96 902//96
f 887//247 883//247 884//247
f 884//247 885//247 887//247
f 881//247 880//247 930//247
f 880//247 882//247 930//247
f 887//247 930//247 882//247
f 882//247 883//247 887//247
f 866//247 888//247 867//247
f 881//247 930//247 878//247
f 930//247 879//247 878//247
f 891//362 892//362 673//362
f 890//363 891//363 673//363
f 867//247 888//247 886//247
f 885//247 886//247 887//247
f 893//364 894//364 673//364
f 894//365 895//365 673//365
f 887//247 886//247 888//247
f 866//247 865//247 888//247
f 865//247 869//247 888//247
f 895//366 896//366 672//366
f 905//247 888//247 869//247
f 905//247 869//247 871//247
f 871//247 872//247 905//247
f 672//367 673//367 895//367
f 872//247 873//247 905//247
f 873//247 874//247 905//247
f 874//247 875//247 905//247
f 897//368 672//368 896//368
f 897//369 898//369 672//369
f 905//247 875//247 876//247
f 905//259 876//259 877//259
f 899//370 672//370 898//370
f 901//371 672//371 900//371
f 899//372 900//372 672//372
f 923//1 888//1 4//1
f 672//96 902//96 831//96
f 280//11 961//11 256//11
f 211//11 473//11 877//11
f 950//373 805//373 799//373
f 799//374 805//374 800//374
f 903//375 951//375 799//375
f 904//128 952//128 903//128
f 805//1 954//1 152//1
f 924//247 928//247 905//247
f 359//3 360//3 801//3
f 803//376 801//376 360//376
f 766//30 99//30 610//30
f 676//30 766//30 610//30
f 803//282 360//282 610//282
f 817//377 818//377 914//377
f 910//377 914//377 818//377
f 820//378 817//378 914//378
f 826//3 14//3 825//3
f 16//3 825//3 14//3
f 20//4 827//4 16//4
f 11//30 18//30 239//30
f 910//379 909//379 914//379
f 912//247 905//247 911//247
f 913//247 905//247 912//247
f 913//247 918//247 905//247
f 916//274 915//274 819//274
f 911//259 905//259 921//259
f 910//380 818//380 915//380
f 15//36 14//36 909//36
f 215//381 216//381 605//381
f 909//36 14//36 914//36
f 889//381 890//381 673//381
f 916//36 819//36 917//36
f 830//36 820//36 14//36
f 918//247 924//247 905//247
f 240//30 239//30 888//30
f 887//30 888//30 239//30
f 37//30 887//30 18//30
f 18//30 887//30 239//30
f 925//247 928//247 924//247
f 240//1 888//1 923//1
f 928//382 4//382 888//382
f 929//206 960//206 906//206
f 888//247 905//247 928//247
f 263//383 960//383 929//383
f 907//296 658//296 928//296
f 908//219 907//219 928//219
f 822//219 37//219 928//219
f 658//384 659//384 928//384
f 659//296 660//296 928//296
f 822//219 928//219 660//219
f 925//385 922//385 928//385
f 922//386 908//386 928//386
f 825//4 16//4 827//4
f 829//36 820//36 830//36
f 931//247 930//247 887//247
f 931//30 887//30 37//30
f 931//219 37//219 822//219
f 822//219 831//219 931//219
f 4//219 928//219 37//219
f 932//387 934//387 604//387
f 932//134 604//134 933//134
f 934//388 935//388 604//388
f 935//389 937//389 604//389
f 937//381 938//381 604//381
f 936//390 933//390 604//390
f 689//219 931//219 831//219
f 939//391 604//391 938//391
f 939//392 940//392 604//392
f 587//221 562//221 931//221
f 689//393 690//393 931//393
f 940//394 941//394 604//394
f 941//395 942//395 604//395
f 20//36 100//36 827//36
f 942//392 943//392 604//392
f 943//396 944//396 604//396
f 947//397 605//397 944//397
f 280//73 946//73 281//73
f 946//98 945//98 281//98
f 948//398 605//398 947//398
f 949//399 605//399 948//399
f 244//64 251//64 945//64
f 250//64 945//64 251//64
f 250//400 281//400 945//400
f 919//398 605//398 949//398
f 154//1 249//1 272//1
f 799//401 951//401 950//401
f 154//30 680//30 953//30
f 272//1 152//1 154//1
f 154//1 152//1 955//1
f 954//1 955//1 152//1
f 960//11 256//11 961//11
f 280//30 154//30 956//30
f 805//206 950//206 954//206
f 955//1 952//1 154//1
f 961//30 280//30 956//30
f 950//351 955//351 954//351
f 953//30 956//30 154//30
f 952//274 955//274 951//274
f 950//402 951//402 955//402
f 953//274 957//274 956//274
f 154//1 952//1 680//1
f 959//30 953//30 680//30
f 953//128 959//128 957//128
f 959//30 680//30 681//30
f 959//289 681//289 957//289
f 905//11 877//11 473//11
f 958//351 755//351 961//351
f 961//351 956//351 958//351
f 958//274 956//274 957//274
f 952//1 904//1 917//1
f 256//11 77//11 282//11
f 74//403 905//403 73//403
f 964//404 256//404 968//404
f 40//405 905//405 39//405
f 446//383 960//383 264//383
f 451//406 969//406 960//406
f 868//351 870//351 960//351
f 263//206 264//206 960//206
f 917//1 591//1 952//1
f 42//407 905//407 41//407
f 963//17 256//17 962//17
f 965//11 256//11 963//11
f 962//22 256//22 964//22
f 71//41 256//41 975//41
f 974//408 256//408 965//408
f 975//409 256//409 974//409
f 960//11 968//11 256//11
f 968//383 960//383 969//383
f 131//120 972//120 971//120
f 131//120 971//120 970//120
f 148//120 131//120 970//120
f 131//120 58//120 972//120
f 680//1 952//1 591//1
f 76//410 473//410 75//410
f 917//36 819//36 591//36
f 38//411 39//411 905//411
f 966//133 389//133 973//133
f 976//132 926//132 389//132
f 926//133 927//133 389//133
f 786//412 973//412 389//412
f 967//133 389//133 966//133
f 976//133 389//133 967//133
f 936//133 389//133 927//133
f 214//413 28//413 605//413
f 604//132 608//132 936//132
f 604//367 944//367 605//367
f 920//414 605//414 919//414
f 703//4 28//4 678//4
f 703//282 670//282 28//282
f 670//282 605//282 28//282
f 215//360 605//360 920//360
f 214//360 605//360 216//360
f 28//415 214//415 673//415
f 214//416 260//416 673//416
f 673//4 678//4 28//4
usemtl color_16089887
f 1//417 6//417 9//417
f 29//418 10//418 8//418
f 7//419 32//419 30//419
f 3//420 197//420 7//420
f 30//421 8//421 7//421
f 21//422 24//422 1//422
f 24//423 21//423 22//423
f 30//424 386//424 29//424
f 25//425 1//425 24//425
f 89//426 87//426 32//426
f 217//427 1//427 25//427
f 95//428 94//428 34//428
f 36//429 136//429 110//429
f 8//430 30//430 29//430
f 36//431 35//431 32//431
f 32//432 136//432 36//432
f 43//433 47//433 44//433
f 46//434 45//434 47//434
f 34//435 33//435 35//435
f 44//436 47//436 45//436
f 48//437 45//437 46//437
f 30//438 32//438 31//438
f 41//439 45//439 48//439
f 41//440 48//440 49//440
f 32//441 35//441 33//441
f 43//442 51//442 47//442
f 52//443 47//443 51//443
f 52//444 74//444 53//444
f 53//445 73//445 54//445
f 50//446 74//446 52//446
f 51//447 50//447 52//447
f 73//448 76//448 54//448
f 58//449 54//449 76//449
f 63//450 812//450 64//450
f 66//451 65//451 789//451
f 66//452 789//452 67//452
f 975//453 816//453 71//453
f 73//454 53//454 74//454
f 78//455 77//455 810//455
f 56//456 57//456 30//456
f 22//457 21//457 198//457
f 30//458 31//458 56//458
f 24//459 92//459 25//459
f 55//460 56//460 31//460
f 87//461 55//461 31//461
f 32//462 88//462 89//462
f 25//463 98//463 97//463
f 31//464 32//464 87//464
f 90//465 88//465 32//465
f 25//466 91//466 98//466
f 32//467 33//467 90//467
f 93//468 90//468 33//468
f 33//469 34//469 94//469
f 139//470 773//470 140//470
f 94//471 93//471 33//471
f 102//472 35//472 104//472
f 35//473 96//473 34//473
f 102//474 96//474 35//474
f 95//475 34//475 96//475
f 35//476 105//476 104//476
f 106//477 105//477 36//477
f 106//478 36//478 107//478
f 36//479 110//479 107//479
f 115//480 117//480 329//480
f 115//481 329//481 116//481
f 117//482 136//482 329//482
f 329//483 121//483 116//483
f 399//484 441//484 332//484
f 121//485 329//485 125//485
f 812//486 810//486 77//486
f 332//487 333//487 400//487
f 77//488 64//488 812//488
f 105//489 35//489 36//489
f 110//490 136//490 112//490
f 38//491 698//491 39//491
f 39//492 698//492 40//492
f 137//493 40//493 698//493
f 117//494 112//494 136//494
f 103//495 140//495 773//495
f 38//496 42//496 698//496
f 139//497 143//497 773//497
f 332//498 125//498 329//498
f 142//499 699//499 141//499
f 144//500 699//500 49//500
f 41//500 49//500 699//500
f 147//501 776//501 150//501
f 790//502 155//502 156//502
f 790//503 153//503 155//503
f 156//504 159//504 790//504
f 160//505 330//505 124//505
f 166//506 330//506 164//506
f 164//507 330//507 160//507
f 7//508 136//508 32//508
f 752//509 758//509 173//509
f 124//510 330//510 174//510
f 136//511 332//511 329//511
f 177//512 330//512 176//512
f 174//513 330//513 177//513
f 333//514 332//514 136//514
f 176//515 330//515 120//515
f 408//516 333//516 334//516
f 386//517 178//517 179//517
f 181//518 386//518 180//518
f 120//519 330//519 119//519
f 181//520 119//520 386//520
f 182//521 180//521 386//521
f 386//522 179//522 182//522
f 386//523 183//523 184//523
f 429//524 321//524 430//524
f 442//525 321//525 468//525
f 321//526 290//526 466//526
f 184//527 178//527 386//527
f 429//528 425//528 321//528
f 188//529 187//529 6//529
f 185//530 9//530 186//530
f 186//531 9//531 187//531
f 188//532 6//532 189//532
f 395//533 22//533 396//533
f 202//534 506//534 199//534
f 203//535 506//535 202//535
f 198//536 396//536 22//536
f 195//537 198//537 21//537
f 206//538 510//538 205//538
f 194//539 191//539 190//539
f 22//540 382//540 24//540
f 207//541 510//541 206//541
f 194//542 276//542 7//542
f 210//543 497//543 207//543
f 194//544 7//544 197//544
f 210//545 211//545 497//545
f 91//546 25//546 92//546
f 212//547 217//547 213//547
f 97//548 213//548 217//548
f 97//549 217//549 25//549
f 521//550 221//550 522//550
f 219//551 522//551 221//551
f 225//552 523//552 224//552
f 219//553 224//553 522//553
f 217//554 212//554 223//554
f 222//555 770//555 223//555
f 231//556 526//556 230//556
f 235//557 526//557 231//557
f 238//558 257//558 582//558
f 218//559 216//559 215//559
f 771//134 253//134 252//134
f 258//560 582//560 257//560
f 255//561 254//561 259//561
f 218//562 259//562 254//562
f 218//563 254//563 216//563
f 582//564 266//564 261//564
f 263//565 964//565 264//565
f 262//566 270//566 580//566
f 261//567 262//567 580//567
f 266//568 582//568 258//568
f 259//569 218//569 767//569
f 771//570 770//570 232//570
f 232//570 274//570 771//570
f 274//571 273//571 771//571
f 253//572 771//572 273//572
f 274//573 232//573 234//573
f 773//574 771//574 101//574
f 103//575 773//575 101//575
f 277//576 194//576 190//576
f 145//577 775//577 143//577
f 775//578 145//578 150//578
f 194//579 277//579 276//579
f 237//580 276//580 241//580
f 217//581 770//581 771//581
f 288//582 544//582 287//582
f 544//582 293//582 289//582
f 287//583 544//583 289//583
f 293//584 544//584 295//584
f 296//585 295//585 544//585
f 299//586 296//586 544//586
f 302//587 300//587 544//587
f 299//588 544//588 300//588
f 304//589 302//589 544//589
f 306//590 304//590 603//590
f 544//591 603//591 304//591
f 307//592 306//592 603//592
f 309//593 307//593 603//593
f 313//594 309//594 603//594
f 318//595 484//595 317//595
f 314//596 313//596 603//596
f 320//597 314//597 603//597
f 322//598 320//598 603//598
f 29//424 386//424 315//424
f 425//599 423//599 321//599
f 836//600 486//600 485//600
f 487//601 486//601 835//601
f 322//602 603//602 324//602
f 603//603 609//603 327//603
f 294//604 276//604 237//604
f 321//605 276//605 294//605
f 233//606 294//606 237//606
f 276//542 136//542 7//542
f 319//607 315//607 386//607
f 294//608 290//608 321//608
f 276//609 321//609 136//609
f 328//610 319//610 386//610
f 331//611 330//611 166//611
f 386//612 119//612 330//612
f 404//613 400//613 333//613
f 408//614 404//614 333//614
f 417//615 416//615 336//615
f 337//616 484//616 318//616
f 333//617 336//617 335//617
f 720//618 484//618 337//618
f 316//619 336//619 333//619
f 321//620 316//620 333//620
f 503//621 847//621 504//621
f 333//622 136//622 321//622
f 847//623 485//623 504//623
f 333//624 335//624 334//624
f 580//625 466//625 290//625
f 913//626 724//626 918//626
f 414//627 410//627 335//627
f 419//628 336//628 416//628
f 835//629 488//629 487//629
f 335//630 336//630 419//630
f 335//631 419//631 414//631
f 423//632 420//632 316//632
f 707//633 496//633 494//633
f 316//634 321//634 423//634
f 496//635 707//635 502//635
f 861//636 519//636 518//636
f 388//637 722//637 358//637
f 627//638 618//638 338//638
f 339//639 627//639 338//639
f 754//640 562//640 367//640
f 278//641 367//641 562//641
f 390//642 357//642 361//642
f 362//643 618//643 361//643
f 369//644 787//644 368//644
f 369//645 370//645 787//645
f 787//646 481//646 478//646
f 627//647 339//647 340//647
f 371//648 372//648 787//648
f 370//649 371//649 787//649
f 372//650 373//650 787//650
f 373//651 374//651 787//651
f 375//652 787//652 374//652
f 377//653 481//653 376//653
f 376//654 481//654 375//654
f 378//655 481//655 377//655
f 379//656 481//656 378//656
f 380//618 481//618 379//618
f 383//657 481//657 380//657
f 455//658 481//658 385//658
f 385//659 481//659 383//659
f 24//660 384//660 92//660
f 387//134 386//134 57//134
f 30//661 57//661 386//661
f 715//662 527//662 714//662
f 384//663 24//663 381//663
f 527//664 717//664 388//664
f 716//665 717//665 527//665
f 527//666 715//666 716//666
f 388//667 358//667 390//667
f 356//668 390//668 358//668
f 357//669 390//669 356//669
f 731//670 393//670 392//670
f 731//671 783//671 393//671
f 22//672 395//672 397//672
f 397//673 382//673 22//673
f 381//540 24//540 382//540
f 399//674 332//674 400//674
f 408//675 334//675 410//675
f 334//676 335//676 410//676
f 420//677 417//677 336//677
f 336//678 316//678 420//678
f 388//679 618//679 627//679
f 431//680 731//680 392//680
f 125//681 332//681 441//681
f 551//682 277//682 190//682
f 446//683 264//683 964//683
f 787//684 375//684 481//684
f 481//685 448//685 449//685
f 173//509 483//509 752//509
f 448//686 539//686 664//686
f 448//687 664//687 432//687
f 432//688 447//688 448//688
f 467//689 321//689 466//689
f 468//690 321//690 467//690
f 472//691 125//691 441//691
f 430//692 321//692 442//692
f 477//693 125//693 472//693
f 386//694 387//694 183//694
f 492//695 659//695 483//695
f 481//696 317//696 484//696
f 488//87 505//87 487//87
f 486//87 487//87 505//87
f 489//87 515//87 488//87
f 485//87 486//87 505//87
f 752//697 483//697 659//697
f 493//698 659//698 492//698
f 720//699 705//699 484//699
f 493//700 495//700 659//700
f 499//87 500//87 506//87
f 500//87 501//87 506//87
f 501//87 503//87 506//87
f 505//87 506//87 503//87
f 504//87 505//87 503//87
f 504//87 485//87 505//87
f 498//87 499//87 506//87
f 497//87 498//87 506//87
f 497//87 506//87 507//87
f 497//87 507//87 508//87
f 497//87 508//87 509//87
f 497//87 509//87 510//87
f 497//87 510//87 511//87
f 495//701 512//701 659//701
f 502//702 710//702 513//702
f 710//703 711//703 513//703
f 505//87 488//87 515//87
f 514//87 515//87 489//87
f 514//87 489//87 516//87
f 514//87 516//87 517//87
f 514//87 517//87 518//87
f 514//87 518//87 519//87
f 514//87 519//87 520//87
f 514//87 520//87 521//87
f 514//87 521//87 522//87
f 514//121 522//121 523//121
f 514//92 523//92 524//92
f 514//87 524//87 525//87
f 514//121 525//121 526//121
f 513//704 714//704 527//704
f 499//705 851//705 500//705
f 494//706 481//706 484//706
f 850//707 849//707 500//707
f 481//708 494//708 448//708
f 200//709 201//709 515//709
f 199//710 505//710 201//710
f 494//711 527//711 388//711
f 506//534 505//534 199//534
f 513//712 527//712 494//712
f 203//535 507//535 506//535
f 388//713 448//713 494//713
f 204//714 508//714 507//714
f 204//714 507//714 203//714
f 449//715 478//715 481//715
f 449//716 450//716 478//716
f 496//717 513//717 494//717
f 496//718 502//718 513//718
f 508//719 204//719 509//719
f 205//719 509//719 204//719
f 510//538 509//538 205//538
f 207//541 511//541 510//541
f 534//720 537//720 538//720
f 497//543 511//543 207//543
f 497//721 211//721 498//721
f 519//722 861//722 520//722
f 522//553 224//553 523//553
f 545//723 544//723 547//723
f 524//724 523//724 227//724
f 225//725 227//725 523//725
f 227//726 230//726 525//726
f 227//726 525//726 524//726
f 276//727 572//727 241//727
f 526//556 525//556 230//556
f 235//557 514//557 526//557
f 236//728 515//728 514//728
f 236//728 514//728 235//728
f 236//729 200//729 515//729
f 505//710 515//710 201//710
f 270//730 271//730 580//730
f 551//731 550//731 277//731
f 549//732 277//732 550//732
f 650//733 433//733 533//733
f 533//734 532//734 650//734
f 650//735 553//735 552//735
f 544//736 288//736 546//736
f 547//582 544//582 546//582
f 564//737 294//737 233//737
f 745//738 746//738 562//738
f 466//134 580//134 271//134
f 559//739 674//739 567//739
f 277//740 549//740 574//740
f 555//741 554//741 290//741
f 579//742 290//742 554//742
f 290//743 294//743 555//743
f 555//744 294//744 556//744
f 575//745 553//745 650//745
f 290//746 579//746 580//746
f 582//747 261//747 581//747
f 581//748 261//748 580//748
f 582//749 583//749 584//749
f 585//750 582//750 584//750
f 783//751 60//751 59//751
f 394//671 393//671 783//671
f 783//752 784//752 60//752
f 298//753 3//753 301//753
f 326//754 327//754 609//754
f 602//755 536//755 539//755
f 67//756 789//756 69//756
f 539//757 540//757 664//757
f 536//758 602//758 535//758
f 539//759 536//759 538//759
f 70//760 791//760 72//760
f 342//761 634//761 341//761
f 229//762 238//762 582//762
f 228//763 229//763 582//763
f 342//764 343//764 634//764
f 595//765 228//765 582//765
f 585//766 595//766 582//766
f 793//767 598//767 792//767
f 326//768 609//768 325//768
f 593//769 792//769 594//769
f 606//770 598//770 793//770
f 346//771 607//771 345//771
f 607//772 347//772 609//772
f 348//772 609//772 347//772
f 621//773 620//773 727//773
f 607//774 346//774 347//774
f 348//775 325//775 609//775
f 628//776 630//776 729//776
f 70//777 69//777 791//777
f 592//778 72//778 791//778
f 539//779 609//779 602//779
f 602//780 609//780 603//780
f 390//643 361//643 618//643
f 363//781 618//781 362//781
f 363//782 364//782 618//782
f 729//783 727//783 620//783
f 364//784 338//784 618//784
f 728//785 730//785 491//785
f 341//786 631//786 340//786
f 620//787 628//787 729//787
f 627//788 340//788 631//788
f 634//789 631//789 341//789
f 596//790 792//790 597//790
f 597//791 792//791 598//791
f 634//792 343//792 636//792
f 344//793 636//793 343//793
f 596//794 594//794 792//794
f 344//795 345//795 636//795
f 636//796 345//796 607//796
f 637//797 606//797 793//797
f 618//798 388//798 390//798
f 609//799 627//799 607//799
f 638//800 794//800 644//800
f 627//801 609//801 388//801
f 609//802 539//802 388//802
f 539//803 448//803 388//803
f 627//804 634//804 636//804
f 802//805 646//805 644//805
f 629//806 137//806 698//806
f 802//807 650//807 646//807
f 636//808 607//808 627//808
f 627//809 631//809 634//809
f 650//810 552//810 652//810
f 656//811 655//811 728//811
f 655//812 653//812 728//812
f 658//813 753//813 659//813
f 654//814 704//814 653//814
f 663//815 660//815 512//815
f 512//816 660//816 659//816
f 656//817 728//817 490//817
f 664//818 657//818 662//818
f 657//819 664//819 540//819
f 677//820 323//820 603//820
f 677//134 603//134 327//134
f 567//821 674//821 675//821
f 684//822 675//822 674//822
f 312//823 10//823 315//823
f 279//824 278//824 562//824
f 691//825 279//825 690//825
f 587//826 279//826 562//826
f 690//827 279//827 587//827
f 531//828 534//828 536//828
f 350//829 190//829 283//829
f 696//830 650//830 697//830
f 699//831 695//831 698//831
f 494//832 484//832 705//832
f 706//833 494//833 705//833
f 494//834 706//834 707//834
f 708//835 709//835 502//835
f 804//836 650//836 802//836
f 708//837 502//837 707//837
f 502//838 709//838 710//838
f 712//839 513//839 711//839
f 699//840 701//840 810//840
f 712//841 713//841 513//841
f 575//842 650//842 696//842
f 713//843 714//843 513//843
f 721//844 388//844 717//844
f 723//845 358//845 722//845
f 722//846 388//846 721//846
f 323//847 324//847 603//847
f 921//848 615//848 725//848
f 317//849 481//849 455//849
f 630//850 695//850 729//850
f 746//851 704//851 700//851
f 704//852 730//852 728//852
f 746//853 730//853 704//853
f 286//854 194//854 291//854
f 540//855 737//855 736//855
f 736//856 735//856 540//856
f 737//857 540//857 734//857
f 732//858 734//858 540//858
f 687//859 688//859 449//859
f 741//860 662//860 742//860
f 732//861 540//861 539//861
f 686//862 685//862 447//862
f 450//863 449//863 750//863
f 749//864 750//864 449//864
f 688//865 749//865 449//865
f 330//866 328//866 386//866
f 650//867 532//867 697//867
f 729//868 699//868 727//868
f 217//869 758//869 727//869
f 727//870 725//870 726//870
f 727//871 699//871 810//871
f 729//872 695//872 699//872
f 727//873 810//873 217//873
f 543//874 602//874 544//874
f 603//875 544//875 602//875
f 535//876 602//876 530//876
f 528//877 530//877 602//877
f 727//878 758//878 753//878
f 530//879 531//879 535//879
f 753//880 725//880 727//880
f 692//881 539//881 538//881
f 146//882 776//882 147//882
f 146//883 153//883 776//883
f 6//884 755//884 189//884
f 163//885 757//885 159//885
f 756//886 755//886 6//886
f 759//887 756//887 6//887
f 674//888 559//888 700//888
f 750//889 751//889 450//889
f 478//890 450//890 760//890
f 751//891 760//891 450//891
f 762//892 761//892 478//892
f 760//893 762//893 478//893
f 901//894 900//894 764//894
f 565//895 233//895 566//895
f 745//896 902//896 764//896
f 237//897 568//897 566//897
f 218//898 730//898 764//898
f 757//899 163//899 165//899
f 764//900 730//900 746//900
f 42//901 699//901 698//901
f 190//902 349//902 551//902
f 190//903 284//903 283//903
f 753//904 758//904 752//904
f 764//905 746//905 745//905
f 724//906 725//906 753//906
f 260//907 255//907 767//907
f 259//908 767//908 255//908
f 292//909 197//909 297//909
f 757//910 165//910 758//910
f 167//911 758//911 165//911
f 768//912 267//912 767//912
f 167//913 173//913 758//913
f 217//914 223//914 770//914
f 222//915 232//915 770//915
f 275//916 771//916 252//916
f 897//917 896//917 774//917
f 275//575 101//575 771//575
f 233//918 565//918 564//918
f 773//919 143//919 775//919
f 774//920 772//920 768//920
f 764//921 768//921 218//921
f 6//922 779//922 778//922
f 772//923 769//923 768//923
f 764//924 763//924 768//924
f 434//925 433//925 650//925
f 804//926 780//926 650//926
f 763//927 774//927 768//927
f 768//928 767//928 218//928
f 759//929 6//929 778//929
f 191//930 285//930 284//930
f 291//931 194//931 292//931
f 434//932 650//932 780//932
f 622//933 621//933 727//933
f 785//934 730//934 792//934
f 294//935 564//935 563//935
f 731//936 730//936 785//936
f 785//937 783//937 731//937
f 237//938 566//938 233//938
f 784//939 783//939 785//939
f 568//940 237//940 569//940
f 792//941 789//941 785//941
f 787//942 478//942 777//942
f 241//943 571//943 570//943
f 150//944 776//944 775//944
f 573//945 276//945 574//945
f 728//946 653//946 704//946
f 153//947 790//947 776//947
f 491//948 490//948 728//948
f 29//949 315//949 10//949
f 159//885 757//885 790//885
f 294//950 563//950 557//950
f 773//951 217//951 771//951
f 276//952 573//952 572//952
f 350//953 349//953 190//953
f 746//954 700//954 559//954
f 197//955 292//955 194//955
f 779//956 6//956 795//956
f 773//957 757//957 758//957
f 773//958 790//958 757//958
f 7//959 301//959 3//959
f 776//960 790//960 773//960
f 776//961 773//961 775//961
f 368//962 787//962 788//962
f 8//963 303//963 7//963
f 301//963 7//963 303//963
f 10//964 312//964 8//964
f 727//965 616//965 622//965
f 426//966 491//966 730//966
f 740//967 664//967 741//967
f 738//968 742//968 662//968
f 432//969 744//969 743//969
f 784//970 785//970 61//970
f 69//971 789//971 791//971
f 792//972 730//972 218//972
f 284//973 190//973 191//973
f 793//974 802//974 794//974
f 798//975 795//975 6//975
f 789//976 792//976 791//976
f 297//977 197//977 298//977
f 303//978 8//978 305//978
f 241//979 570//979 237//979
f 277//980 574//980 276//980
f 752//981 659//981 753//981
f 758//982 217//982 773//982
f 743//983 748//983 432//983
f 804//984 792//984 807//984
f 793//985 792//985 804//985
f 447//986 748//986 747//986
f 142//987 701//987 699//987
f 815//988 814//988 807//988
f 218//989 807//989 792//989
f 194//990 286//990 191//990
f 285//991 191//991 286//991
f 536//992 535//992 531//992
f 747//993 686//993 447//993
f 804//994 802//994 793//994
f 804//995 807//995 806//995
f 562//996 754//996 745//996
f 3//997 298//997 197//997
f 761//998 777//998 478//998
f 312//999 305//999 8//999
f 810//1000 809//1000 75//1000
f 538//1001 536//1001 534//1001
f 76//1002 75//1002 809//1002
f 557//1003 556//1003 294//1003
f 693//1004 692//1004 538//1004
f 920//1005 919//1005 815//1005
f 975//1006 974//1006 816//1006
f 569//1007 237//1007 570//1007
f 218//1008 215//1008 815//1008
f 920//1009 815//1009 215//1009
f 807//1010 218//1010 815//1010
f 6//1011 187//1011 9//1011
f 571//1012 241//1012 572//1012
f 428//1013 426//1013 730//1013
f 814//1014 813//1014 811//1014
f 812//1015 816//1015 2//1015
f 814//1016 811//1016 807//1016
f 431//1017 428//1017 730//1017
f 810//1018 1//1018 217//1018
f 61//1019 60//1019 784//1019
f 6//1020 810//1020 812//1020
f 810//1021 701//1021 809//1021
f 6//1022 1//1022 810//1022
f 2//1023 6//1023 812//1023
f 592//1024 791//1024 593//1024
f 528//1025 602//1025 529//1025
f 744//1026 432//1026 740//1026
f 963//1027 962//1027 2//1027
f 185//1028 193//1028 9//1028
f 192//1029 1//1029 193//1029
f 9//1029 193//1029 1//1029
f 195//1030 21//1030 196//1030
f 1//1031 196//1031 21//1031
f 835//247 836//247 834//247
f 833//247 834//247 836//247
f 833//264 836//264 837//264
f 1//1032 192//1032 196//1032
f 841//247 837//247 840//247
f 842//247 837//247 841//247
f 839//247 840//247 837//247
f 843//247 837//247 842//247
f 844//247 837//247 843//247
f 845//247 837//247 844//247
f 846//247 837//247 845//247
f 838//247 839//247 837//247
f 838//247 837//247 847//247
f 838//247 847//247 848//247
f 849//247 851//247 848//247
f 850//247 851//247 849//247
f 838//247 848//247 851//247
f 837//247 846//247 852//247
f 837//247 852//247 853//247
f 837//247 853//247 854//247
f 837//247 854//247 855//247
f 837//247 855//247 856//247
f 837//247 856//247 857//247
f 837//247 857//247 858//247
f 837//247 858//247 859//247
f 837//247 859//247 860//247
f 837//247 860//247 861//247
f 837//247 861//247 862//247
f 837//247 862//247 863//247
f 837//247 863//247 864//247
f 833//247 837//247 864//247
f 63//1033 62//1033 812//1033
f 848//1034 503//1034 849//1034
f 846//710 865//710 866//710
f 867//709 852//709 866//709
f 845//534 869//534 865//534
f 845//534 865//534 846//534
f 844//535 871//535 869//535
f 844//535 869//535 845//535
f 868//1035 808//1035 964//1035
f 843//714 872//714 871//714
f 843//714 871//714 844//714
f 842//719 873//719 872//719
f 842//719 872//719 843//719
f 841//1036 874//1036 873//1036
f 841//538 873//538 842//538
f 840//541 875//541 874//541
f 840//541 874//541 841//541
f 839//543 876//543 875//543
f 839//543 875//543 840//543
f 876//545 839//545 877//545
f 838//721 877//721 839//721
f 808//1037 798//1037 6//1037
f 6//1038 964//1038 808//1038
f 489//1039 833//1039 516//1039
f 863//1040 517//1040 864//1040
f 518//636 862//636 861//636
f 858//551 878//551 879//551
f 858//550 879//550 859//550
f 880//1041 881//1041 857//1041
f 858//553 857//553 881//553
f 858//553 881//553 878//553
f 485//623 847//623 837//623
f 857//724 856//724 882//724
f 857//724 882//724 880//724
f 485//600 837//600 836//600
f 856//726 855//726 883//726
f 856//1042 883//1042 882//1042
f 486//601 836//601 835//601
f 854//556 884//556 883//556
f 854//556 883//556 855//556
f 853//557 885//557 884//557
f 853//557 884//557 854//557
f 833//1043 489//1043 488//1043
f 852//728 886//728 885//728
f 852//728 885//728 853//728
f 516//1039 833//1039 864//1039
f 867//729 886//729 852//729
f 846//710 866//710 852//710
f 501//1034 849//1034 503//1034
f 503//621 848//621 847//621
f 648//1044 700//1044 649//1044
f 516//1040 864//1040 517//1040
f 518//1045 517//1045 862//1045
f 863//1045 862//1045 517//1045
f 499//1046 498//1046 851//1046
f 850//705 500//705 851//705
f 501//707 500//707 849//707
f 617//1047 616//1047 726//1047
f 768//1048 769//1048 892//1048
f 538//1049 537//1049 693//1049
f 221//1050 521//1050 879//1050
f 859//1050 879//1050 521//1050
f 735//1051 739//1051 657//1051
f 901//827 764//827 902//827
f 754//1052 902//1052 745//1052
f 838//1053 498//1053 877//1053
f 498//1046 838//1046 851//1046
f 543//1054 529//1054 602//1054
f 62//1055 68//1055 816//1055
f 769//1056 772//1056 894//1056
f 895//1057 894//1057 772//1057
f 732//1058 539//1058 733//1058
f 893//1059 769//1059 894//1059
f 733//1060 539//1060 692//1060
f 772//1061 774//1061 895//1061
f 735//1062 657//1062 540//1062
f 895//1063 774//1063 896//1063
f 898//1064 897//1064 774//1064
f 899//1065 898//1065 763//1065
f 774//1066 763//1066 898//1066
f 870//1067 868//1067 964//1067
f 763//1068 764//1068 900//1068
f 900//1069 899//1069 763//1069
f 739//1070 738//1070 657//1070
f 662//1071 657//1071 738//1071
f 662//1072 741//1072 664//1072
f 806//1073 935//1073 934//1073
f 934//1074 932//1074 806//1074
f 907//1075 908//1075 753//1075
f 922//1076 753//1076 908//1076
f 937//1077 935//1077 806//1077
f 925//1078 924//1078 922//1078
f 753//1078 922//1078 724//1078
f 938//1079 937//1079 807//1079
f 806//1080 807//1080 937//1080
f 940//1081 939//1081 811//1081
f 939//1082 807//1082 811//1082
f 913//1083 912//1083 724//1083
f 807//1084 939//1084 938//1084
f 740//1085 432//1085 664//1085
f 725//1086 724//1086 911//1086
f 748//1087 447//1087 432//1087
f 813//1088 814//1088 947//1088
f 685//1089 448//1089 447//1089
f 449//1090 448//1090 687//1090
f 685//1091 687//1091 448//1091
f 911//1092 921//1092 725//1092
f 814//1093 815//1093 919//1093
f 615//1094 614//1094 725//1094
f 891//1095 890//1095 768//1095
f 889//912 768//912 890//912
f 889//1096 267//1096 768//1096
f 260//1096 767//1096 267//1096
f 809//1097 58//1097 76//1097
f 891//1098 768//1098 892//1098
f 724//1078 922//1078 924//1078
f 893//1098 892//1098 769//1098
f 924//1099 918//1099 724//1099
f 816//1100 812//1100 62//1100
f 907//1101 753//1101 658//1101
f 804//1102 927//1102 926//1102
f 488//629 835//629 834//629
f 906//1103 870//1103 964//1103
f 727//1104 726//1104 616//1104
f 144//500 141//500 699//500
f 638//1105 793//1105 794//1105
f 79//1106 78//1106 810//1106
f 810//1107 75//1107 79//1107
f 6//1108 2//1108 964//1108
f 929//1109 906//1109 964//1109
f 263//1110 929//1110 964//1110
f 804//1111 806//1111 932//1111
f 933//134 804//134 932//134
f 726//1112 725//1112 614//1112
f 804//1113 933//1113 936//1113
f 936//1114 927//1114 804//1114
f 726//1115 614//1115 617//1115
f 629//1116 695//1116 630//1116
f 488//1043 834//1043 833//1043
f 695//1117 629//1117 698//1117
f 940//1118 811//1118 941//1118
f 41//1119 699//1119 42//1119
f 912//1120 911//1120 724//1120
f 942//1121 941//1121 811//1121
f 813//1122 944//1122 943//1122
f 811//1123 813//1123 942//1123
f 943//1124 942//1124 813//1124
f 813//1125 947//1125 944//1125
f 520//722 861//722 860//722
f 949//1126 814//1126 919//1126
f 949//1127 948//1127 814//1127
f 860//1128 859//1128 520//1128
f 521//1128 520//1128 859//1128
f 558//1129 562//1129 746//1129
f 559//1130 558//1130 746//1130
f 647//1131 700//1131 648//1131
f 654//1132 649//1132 704//1132
f 211//1053 877//1053 498//1053
f 704//1133 649//1133 700//1133
f 647//1134 651//1134 700//1134
f 431//1135 730//1135 731//1135
f 59//1136 394//1136 783//1136
f 65//1137 61//1137 785//1137
f 65//1138 785//1138 789//1138
f 2//1139 816//1139 974//1139
f 964//1140 2//1140 962//1140
f 974//1141 965//1141 2//1141
f 966//1142 804//1142 967//1142
f 964//1143 968//1143 969//1143
f 142//1144 148//1144 701//1144
f 970//442 701//442 148//442
f 674//1145 700//1145 651//1145
f 701//1146 970//1146 809//1146
f 971//1147 809//1147 970//1147
f 972//1148 809//1148 971//1148
f 972//1149 58//1149 809//1149
f 68//1150 71//1150 816//1150
f 804//1151 973//1151 786//1151
f 786//1152 780//1152 804//1152
f 963//1153 2//1153 965//1153
f 451//1154 446//1154 964//1154
f 969//1155 451//1155 964//1155
f 973//1156 804//1156 966//1156
f 792//1157 593//1157 791//1157
f 637//1158 793//1158 638//1158
f 802//1159 644//1159 794//1159
f 967//1160 804//1160 976//1160
f 926//1161 976//1161 804//1161
f 948//1162 947//1162 814//1162
usemtl color_16311991
f 26//14 27//14 17//14
f 80//1163 81//1163 82//1163
f 84//14 797//14 80//14
f 82//14 84//14 80//14
f 23//1164 80//1164 797//1164
f 19//1165 23//1165 797//1165
f 84//272 85//272 797//272
f 100//14 797//14 85//14
f 16//1166 797//1166 20//1166
f 114//1167 111//1167 129//1167
f 113//1168 122//1168 422//1168
f 128//1169 422//1169 122//1169
f 129//1170 130//1170 123//1170
f 123//1166 114//1166 129//1166
f 133//1171 422//1171 128//1171
f 133//1166 130//1166 129//1166
f 129//1166 424//1166 133//1166
f 161//1166 162//1166 16//1166
f 162//1166 168//1166 16//1166
f 797//1166 16//1166 168//1166
f 170//1166 462//1166 169//1166
f 175//1166 161//1166 152//1166
f 351//120 353//120 352//120
f 354//120 352//120 353//120
f 113//1172 403//1172 108//1172
f 436//14 437//14 403//14
f 405//1166 406//1166 454//1166
f 403//1173 113//1173 402//1173
f 401//1174 402//1174 113//1174
f 265//14 797//14 403//14
f 407//1166 454//1166 406//1166
f 407//1166 418//1166 129//1166
f 129//1166 454//1166 407//1166
f 401//1175 113//1175 415//1175
f 422//14 415//14 113//14
f 421//14 415//14 422//14
f 418//1166 424//1166 129//1166
f 422//1166 133//1166 424//1166
f 265//14 403//14 437//14
f 541//1176 265//1176 437//1176
f 452//1166 453//1166 797//1166
f 454//1166 797//1166 453//1166
f 797//1166 168//1166 452//1166
f 458//1166 452//1166 168//1166
f 462//1166 459//1166 168//1166
f 459//1166 458//1166 168//1166
f 168//1166 169//1166 462//1166
f 462//1166 170//1166 463//1166
f 578//87 265//87 541//87
f 351//134 588//134 589//134
f 351//134 589//134 353//134
f 589//87 354//87 353//87
f 354//87 589//87 645//87
f 589//353 588//353 661//353
f 589//353 661//353 645//353
f 108//14 403//14 797//14
f 109//1177 108//1177 797//1177
f 923//14 17//14 265//14
f 152//1166 161//1166 16//1166
f 800//1166 152//1166 799//1166
f 797//1166 454//1166 129//1166
f 797//1166 129//1166 111//1166
f 797//1170 111//1170 109//1170
f 799//1166 152//1166 903//1166
f 265//14 12//14 797//14
f 12//14 19//14 797//14
f 100//1166 20//1166 797//1166
f 12//272 265//272 13//272
f 903//1166 152//1166 16//1166
f 910//1166 16//1166 909//1166
f 15//1166 909//1166 16//1166
f 910//1178 915//1178 903//1178
f 16//1166 910//1166 903//1166
f 904//1166 903//1166 915//1166
f 915//1166 916//1166 904//1166
f 917//1166 904//1166 916//1166
f 26//247 923//247 5//247
f 13//14 265//14 17//14
f 26//14 17//14 923//14
f 588//247 351//247 661//247
f 351//247 352//247 661//247
f 661//1166 354//1166 645//1166
f 354//1166 661//1166 352//1166
