# Object Export From Tinkercad Server 2015

mtllib obj.mtl

o obj_0
v 42.6181 		7.9696 		4.2093
v 42.6015 		7.8346 		4.2154
v 46.774 		7.9554 		2.8319
v 46.7701 		7.8969 		2.8063
v 46.7339 		7.9791 		2.78
v 43.0684 		9 		4.0485
v 45.2586 		4.5743 		4.1925
v 46.7665 		7.8327 		2.7827
v 46.73 		7.9082 		2.754
v 45.2625 		4.4261 		4.1998
v 46.7632 		7.7647 		2.7613
v 46.7502 		9 		6.2364
v 46.7508 		9 		6.2361
v 42.3063 		-7.1925 		1.1509
v 42.6038 		8.2218 		4.1245
v 46.8033 		7.81 		2.8354
v 45.3055 		4.6981 		4.1811
v 42.6305 		8.2218 		4.1597
v 42.3102 		-7.1963 		1.1509
v 45.8327 		9 		4.7368
v 45.2941 		4.7075 		4.1811
v 42.579 		8.0981 		4.1283
v 42.3138 		-7.1991 		1.1509
v 45.2824 		4.7141 		4.1811
v 42.2134 		4.6914 		2.8976
v 42.6067 		8.0981 		4.1658
v 42.2036 		4.5904 		2.8976
v 46.659 		8.2038 		2.7685
v 42.318 		-7.2019 		1.1509
v 42.1965 		4.4874 		2.8976
v 45.2706 		4.7179 		4.1811
v 42.1922 		4.3836 		2.8976
v 46.2976 		9 		3.2261
v 45.2586 		4.7198 		4.1811
v 46.2983 		9 		3.2261
v 46.7046 		8.1925 		2.8197
v 42.6373 		8.0981 		4.2024
v 46.8874 		9 		2.2922
v 45.3055 		4.8463 		4.1646
v 46.6997 		8.1273 		2.7872
v 42.5568 		7.9696 		4.1322
v 46.8874 		9 		1.5283
v 46.6951 		8.0565 		2.7563
v 42.5858 		7.9696 		4.1711
v 42.2975 		4.7037 		2.8201
v 45.4704 		9 		2.5584
v 42.3219 		-7.2029 		1.1509
v 42.2874 		4.6216 		2.8201
v 42.2789 		4.5375 		2.8201
v 42.5379 		7.8346 		4.1352
v 42.273 		4.4525 		2.8201
v 42.5682 		7.8346 		4.1757
v 46.758 		7.6154 		2.725
v 45.2902 		4.8548 		4.1646
v 46.7557 		7.5371 		2.7105
v 45.2742 		4.8605 		4.1646
v 46.7538 		7.4549 		2.6986
v 46.7293 		7.4781 		2.6742
v 45.2586 		4.8624 		4.1646
v 46.7525 		7.3708 		2.6891
v 46.7378 		7.3814 		2.6742
v 44.4017 		9 		2.2922
v 46.7332 		7.434 		2.6742
v 46.7515 		7.2858 		2.6822
v 46.7421 		7.3143 		2.6742
v 42.4705 		7.6957 		4.0527
v 42.3011 		5.1457 		2.8976
v 42.4946 		7.6957 		4.0955
v 42.2786 		5.0636 		2.8976
v 46.7437 		7.2895 		2.6742
v 42.3125 		-7.1188 		1.1474
v 45.2977 		4.9927 		4.144
v 42.2587 		4.9767 		2.8976
v 42.3141 		-7.1217 		1.1474
v 42.316 		-7.1236 		1.1474
v 42.2411 		4.8851 		2.8976
v 45.2781 		4.9993 		4.144
v 42.7763 		9 		2.2922
v 42.3258 		9 		2.2922
v 42.4819 		7.5531 		4.0963
v 42.3258 		9 		1.5283
v 42 		-3.2787 		3.4377
v 42 		-3.2787 		3.4385
v 46.7877 		7.3425 		2.7311
v 42 		4.2787 		3.4385
v 42 		4.2787 		3.4377
v 42 		-7.0556 		2.2922
v 42.4724 		7.4077 		4.097
v 42 		-7.0556 		1.5283
v 42.2906 		4.9191 		2.8571
v 42 		8.0556 		2.2922
v 42 		8.0556 		1.5283
v 46.8331 		7.448 		0
v 46.6158 		7.448 		0
v 46.4529 		7.9038 		1.1463
v 46.8874 		7.9038 		1.1463
v 42.5598 		8.2218 		4.0523
v 42.7603 		7.9038 		1.1463
v 42.5973 		7.448 		0
v 42.3801 		7.448 		0
v 42.3258 		7.9038 		1.1463
v 46.835 		6.8126 		0
v 46.8874 		6.315 		1.1463
v 46.4481 		6.315 		1.1463
v 46.6139 		6.8126 		0
v 42.4291 		4.6064 		2.7322
v 42.7651 		6.315 		1.1463
v 42.5993 		6.8126 		0
v 42.3258 		6.315 		1.1463
v 42.3782 		6.8126 		0
v 46.8331 		-5.7743 		0
v 46.6158 		-5.7743 		0
v 46.4529 		-5.3184 		1.1463
v 42.5803 		8.2218 		4.0882
v 46.8874 		-5.3184 		1.1463
v 46.7232 		7.7524 		2.7089
v 42.7603 		-5.3184 		1.1463
v 42.5973 		-5.7743 		0
v 42.3801 		-5.7743 		0
v 42.3258 		-5.3184 		1.1463
v 46.835 		-6.4096 		0
v 46.7205 		7.6683 		2.6902
v 46.8874 		-6.9072 		1.1463
v 46.4481 		-6.9072 		1.1463
v 46.6139 		-6.4096 		0
v 42.7651 		-6.9072 		1.1463
v 42.5993 		-6.4096 		0
v 42.3258 		-6.9072 		1.1463
v 42.3782 		-6.4096 		0
v 46.8874 		-7.0556 		1.1463
v 42.4653 		4.5016 		2.7116
v 42.5539 		8.0981 		4.0905
v 46.7003 		7.6937 		2.6742
v 46.7179 		7.5814 		2.6742
v 42.4601 		4.4591 		2.7116
v 42.4555 		4.4147 		2.7116
v 42.5422 		8.2218 		4.016
v 46.6541 		8.1273 		2.7357
v 42.5138 		8.0981 		4.0141
v 42.4526 		4.3703 		2.7116
v 46.6492 		8.0442 		2.7051
v 42.3258 		-7.0556 		1.1463
v 42.5324 		8.0981 		4.0523
v 46.6453 		7.9554 		2.6776
v 42.318 		-7.1264 		1.1474
v 42.4891 		7.9696 		4.0126
v 46.6447 		7.9427 		2.6742
v 42.5083 		7.9696 		4.0527
v 46.6909 		7.9791 		2.728
v 46.687 		7.8969 		2.7021
v 46.8874 		8.0556 		1.1463
v 42.5308 		7.9696 		4.0924
v 46.1406 		8.0556 		1.1463
v 45.2586 		5.0012 		4.144
v 46.6834 		7.81 		2.6791
v 42.421 		4.5554 		2.7322
v 46.6756 		7.8196 		2.6742
v 46.6827 		7.7879 		2.6742
v 42.4874 		7.8346 		4.0527
v 45.3048 		5.1249 		4.1188
v 46.7264 		7.8327 		2.7303
v 42.4141 		4.5016 		2.7322
v 45.2817 		5.1334 		4.1188
v 42.4089 		4.4478 		2.7322
v 42.5109 		7.8346 		4.094
v 45.2586 		5.1363 		4.1188
v 42.405 		4.3921 		2.7322
v 42.3258 		8.0556 		1.1463
v 45.2842 		5.2222 		4.0985
v 45.291 		5.2222 		4.0979
v 46.6104 		8.1925 		2.7181
v 45.2586 		5.2222 		4.0991
v 45.2661 		5.2222 		4.0989
v 42.5171 		8.2218 		3.9442
v 46.6055 		8.1037 		2.6856
v 42.4617 		4.7481 		2.7322
v 42.5282 		8.2218 		3.9798
v 42.4496 		4.7037 		2.7322
v 43.0684 		-8 		4.0485
v 42.4389 		4.6565 		2.7322
v 42.4874 		8.0981 		3.9385
v 42.4988 		8.0981 		3.9763
v 46.7508 		-8 		6.2361
v 46.7502 		-8 		6.2364
v 46.6382 		7.9642 		2.6742
v 46.6078 		8.0556 		2.6742
v 45.8291 		4.3684 		2.696
v 45.8483 		4.3684 		2.6742
v 45.8327 		-8 		4.7368
v 42.4734 		7.9696 		3.9729
v 45.6916 		5.2761 		2.9465
v 45.6901 		5.2742 		2.9516
v 46.0283 		8.2237 		2.6973
v 46.0286 		8.2218 		2.6965
v 42.3877 		5.7776 		3.0909
v 46.0346 		8.1788 		2.6777
v 42.436 		6.6691 		4.0092
v 46.2976 		-8 		3.2261
v 42.4571 		6.6691 		4.0527
v 46.2983 		-8 		3.2261
v 45.6953 		5.2804 		2.9366
v 46.8874 		-8 		2.2922
v 42.45 		6.5265 		4.0103
v 42.4705 		6.5265 		4.0527
v 46.8874 		-8 		1.5283
v 42.4676 		6.3877 		4.0115
v 42.348 		5.7133 		3.0909
v 46.7453 		8.4428 		3.0905
v 42.3102 		5.6397 		3.0909
v 46.7391 		8.4305 		3.0493
v 42.406 		6.6691 		3.9232
v 46.7802 		8.3342 		3.0871
v 42.419 		6.6691 		3.966
v 45.4704 		-8 		2.5584
v 46.786 		8.3379 		3.1253
v 46.7743 		8.3228 		3.0489
v 42.3991 		5.7133 		3.039
v 42.4203 		6.5265 		3.9259
v 42.4339 		5.7747 		3.0487
v 42.4333 		6.5265 		3.9679
v 42.4367 		5.7633 		3.039
v 46.6681 		8.6345 		3.1005
v 42.4389 		6.3877 		3.9293
v 42.4513 		6.3877 		3.9702
v 46.6609 		8.6203 		3.0531
v 42.361 		5.651 		3.039
v 44.4017 		-8 		2.2922
v 46.7078 		8.5429 		3.0951
v 45.6746 		5.2608 		3.0031
v 45.6741 		5.2603 		3.0055
v 45.6714 		5.2591 		3.0013
v 42.3248 		5.5811 		3.039
v 45.6743 		5.2564 		3.0044
v 46.7013 		8.5297 		3.0504
v 42.4376 		5.76 		3.0365
v 45.6633 		5.2558 		2.9889
v 42.4415 		6.9619 		4.0531
v 42.4669 		6.9619 		4.0978
v 45.6746 		5.2517 		3.0031
v 42.4474 		6.8146 		4.0531
v 45.6789 		5.1985 		2.9889
v 46.7329 		8.4097 		3.0084
v 42.7763 		-8 		2.2922
v 46.7271 		8.3814 		2.9679
v 42.3258 		-8 		2.2922
v 46.7688 		8.3039 		3.0115
v 46.7632 		8.2784 		2.9744
v 42.3258 		-8 		1.5283
v 47.5472 		7.4983 		6.6902
v 47.5465 		7.4983 		6.6902
v 42.4545 		5.695 		2.9889
v 42.4527 		5.702 		2.994
v 42.4488 		5.7172 		3.0051
v 42.32 		-7.1273 		1.1474
v 42.4423 		5.7417 		3.0229
v 46.7577 		8.2444 		2.9385
v 42.4415 		7.2603 		4.0531
v 42.3219 		-7.1283 		1.1474
v 42.4669 		7.2603 		4.0978
v 42.4496 		5.6897 		2.9889
v 42.3239 		-7.1292 		1.1474
v 42.4395 		7.1121 		4.0531
v 42.465 		7.1121 		4.0978
v 45.6902 		5.0174 		2.9512
v 45.6888 		5.0428 		2.9558
v 45.6808 		5.0286 		2.9419
v 42.465 		7.1102 		4.0978
v 45.6916 		4.9912 		2.9465
v 45.6933 		4.9638 		2.9419
v 42.4122 		5.6397 		2.9889
v 42.4395 		7.1102 		4.0531
v 46.6538 		8.5977 		3.0061
v 45.6854 		5.0978 		2.9672
v 45.681 		5.1688 		2.9819
v 45.6593 		5.1221 		2.9419
v 46.6469 		8.5646 		2.9603
v 42.389 		6.9619 		3.9202
v 46.6948 		8.5079 		3.0065
v 42.4027 		6.9619 		3.9641
v 46.6883 		8.4777 		2.9633
v 45.652 		5.2509 		2.9742
v 42.42 		6.9619 		4.0084
v 42.304 		-7.0943 		1.1474
v 45.6513 		5.2506 		2.9733
v 42.4602 		5.6746 		2.9763
v 42.3053 		-7.099 		1.1474
v 42.3956 		6.8146 		3.9213
v 42.4701 		5.6448 		2.9568
v 42.3063 		-7.1037 		1.1474
v 42.4617 		5.6047 		2.9419
v 42.4086 		6.8146 		3.9649
v 42.3092 		-7.1122 		1.1474
v 42.3079 		-7.1075 		1.1474
v 42.4262 		6.8146 		4.0088
v 46.5583 		8.7119 		2.9587
v 47.5465 		-6.4983 		6.6902
v 47.5472 		-6.4983 		6.6902
v 45.6802 		5.18 		2.9846
v 46.6257 		8.7167 		3.1066
v 42.3108 		-7.1151 		1.1474
v 42.4265 		5.5575 		2.9419
v 46.6182 		8.7016 		3.0565
v 46.6107 		8.677 		3.0073
v 42.3926 		5.5027 		2.9419
v 46.6036 		8.643 		2.9587
v 42.389 		7.2603 		3.9202
v 42.4027 		7.2603 		3.9641
v 42.376 		5.5811 		2.9889
v 42.42 		7.2603 		4.0084
v 42.3415 		5.5141 		2.9889
v 42.3871 		7.1121 		3.9198
v 42.4004 		7.1121 		3.9637
v 42.3092 		5.4404 		2.9889
v 46.4794 		8.8857 		3.0733
v 45.6406 		5.2458 		2.9599
v 46.4879 		8.9018 		3.1291
v 46.5355 		8.8508 		3.1207
v 42.3604 		5.4404 		2.9419
v 46.5273 		8.8347 		3.0668
v 42.3297 		5.3705 		2.9419
v 45.6955 		4.9243 		2.9359
v 45.6949 		4.935 		2.9376
v 46.5192 		8.8083 		3.0134
v 42.2991 		-7.1812 		1.1509
v 42.3027 		-7.1868 		1.1509
v 46.5114 		8.7705 		2.9607
v 42.3799 		6.0004 		3.1291
v 46.5814 		8.7894 		3.1134
v 42.3795 		5.8843 		2.9335
v 47.5426 		-6.3104 		6.7662
v 47.5475 		-6.3104 		6.7662
v 46.5736 		8.7733 		3.0611
v 42.2844 		-7.1424 		1.1509
v 45.6352 		5.2109 		2.9419
v 42.4242 		5.8267 		3.0909
v 46.5658 		8.7478 		3.0095
v 42.2871 		-7.1519 		1.1509
v 45.6255 		5.2416 		2.9419
v 42.2897 		-7.1604 		1.1509
v 42.2926 		-7.1679 		1.1509
v 42.2958 		-7.1755 		1.1509
v 42.4256 		5.8193 		3.0848
v 46.6818 		8.4381 		2.9213
v 42.2743 		5.5575 		3.0909
v 42.418 		7.1121 		4.0084
v 42.4004 		7.1102 		3.9637
v 46.6756 		8.3908 		2.8804
v 42.2411 		5.4678 		3.0909
v 46.6697 		8.3361 		2.8411
v 42.3871 		7.1102 		3.9198
v 42.2102 		5.3714 		3.0909
v 42.418 		7.1102 		4.0084
v 46.6642 		8.2737 		2.804
v 46.7212 		8.3455 		2.929
v 45.7098 		4.5389 		2.8976
v 45.7088 		4.585 		2.9004
v 45.7087 		4.5921 		2.9008
v 42.2642 		-7.1849 		1.157
v 45.7063 		4.5904 		2.8976
v 42.2678 		-7.1991 		1.157
v 46.7153 		8.3011 		2.8911
v 42.2906 		5.5027 		3.039
v 42.2587 		5.4168 		3.039
v 42.2721 		-7.2114 		1.157
v 46.7098 		8.2501 		2.8545
v 42.45 		7.6957 		4.0103
v 45.7121 		4.3748 		2.8915
v 45.7121 		4.3823 		2.8916
v 42.2763 		-7.2237 		1.157
v 45.6802 		4.3751 		2.8571
v 42.2812 		-7.2341 		1.157
v 47.5426 		7.3104 		6.7662
v 42.436 		7.5531 		4.0092
v 47.5475 		7.3246 		6.7662
v 42.4571 		7.5531 		4.0527
v 47.5612 		-6.4209 		6.7494
v 42.2786 		5.3592 		2.9889
v 47.5615 		-6.4086 		6.7529
v 42.4474 		7.4077 		4.0531
v 45.7119 		4.3956 		2.892
v 45.7109 		4.4863 		2.8949
v 45.6763 		4.4704 		2.8571
v 46.4961 		8.6666 		2.8598
v 46.5508 		8.6666 		2.9095
v 45.7108 		4.4922 		2.8952
v 45.6698 		4.5649 		2.8571
v 46.5436 		8.6109 		2.8617
v 42.2805 		-7.1226 		1.1509
v 42.4203 		7.6957 		3.9259
v 42.2825 		-7.133 		1.1509
v 42.4333 		7.6957 		3.9679
v 46.5964 		8.5996 		2.9114
v 46.5896 		8.5467 		2.8659
v 42.4421 		5.4678 		2.8976
v 42.406 		7.5531 		3.9232
v 42.4105 		5.4168 		2.8976
v 42.419 		7.5531 		3.966
v 42.3806 		5.3592 		2.8976
v 46.6401 		8.5231 		2.9156
v 42.3004 		-7.0612 		1.1474
v 46.6335 		8.473 		2.872
v 42.3007 		-7.0669 		1.1474
v 45.7121 		4.852 		2.8915
v 45.7062 		4.6743 		2.9075
v 45.7054 		4.6998 		2.9095
v 42.3014 		-7.0782 		1.1474
v 45.6965 		4.6914 		2.8976
v 42.3956 		7.4077 		3.9213
v 42.3011 		-7.0726 		1.1474
v 42.4086 		7.4077 		3.9649
v 42.4594 		5.3714 		2.8571
v 46.583 		8.4843 		2.822
v 42.4262 		7.4077 		4.0088
v 45.703 		4.7619 		2.916
v 45.7011 		4.8102 		2.9212
v 42.3024 		-7.0839 		1.1474
v 45.6841 		4.7897 		2.8976
v 46.5765 		8.4144 		2.78
v 42.303 		-7.0896 		1.1474
v 46.5707 		8.3361 		2.7406
v 46.6274 		8.4144 		2.8304
v 46.6215 		8.3474 		2.7907
v 46.6156 		8.2737 		2.7532
v 45.6992 		4.8486 		2.9262
v 42.3258 		5.9223 		2.6742
v 42.3364 		5.8843 		2.6742
v 42.3716 		5.7747 		2.6742
v 42.3879 		5.7324 		2.6742
v 42.4099 		5.6746 		2.6742
v 42.4614 		7.9696 		3.9335
v 42.4389 		7.8346 		3.9293
v 42.4513 		7.8346 		3.9702
v 42.4269 		5.6363 		2.6742
v 42.4507 		5.583 		2.6742
v 42.4686 		5.549 		2.6742
v 45.661 		4.6574 		2.8571
v 42.4676 		7.8346 		4.0115
v 42.275 		-7.0669 		1.1509
v 46.4889 		8.5996 		2.8125
v 42.2753 		-7.0782 		1.1509
v 45.6492 		4.7481 		2.8571
v 46.4824 		8.5231 		2.767
v 42.2763 		-7.0905 		1.1509
v 42.2773 		-7.1009 		1.1509
v 46.5368 		8.5467 		2.8159
v 42.2786 		-7.1122 		1.1509
v 46.5303 		8.473 		2.772
v 42.7927 		8.5476 		4.2193
v 42.7386 		8.4475 		4.2059
v 46.5035 		8.7233 		2.9095
v 42.2444 		-7.2274 		1.165
v 42.7683 		8.4475 		4.2345
v 42.1245 		4.2787 		3.8873
v 42.2535 		-7.1236 		1.157
v 42.0961 		4.2787 		3.8373
v 42.7999 		8.4475 		4.262
v 42.2554 		-7.1396 		1.157
v 46.4759 		8.4381 		2.7242
v 42.071 		4.2787 		3.7853
v 42.7139 		8.3379 		4.2177
v 46.5241 		8.3908 		2.7307
v 42.2581 		-7.1557 		1.157
v 42.0495 		4.2787 		3.7307
v 42.7458 		8.3379 		4.2487
v 46.5182 		8.3011 		2.6921
v 42.261 		-7.1708 		1.157
v 42.0319 		4.2787 		3.6746
v 42.7797 		8.3379 		4.2781
v 46.5651 		8.2501 		2.7036
v 42.0179 		4.2787 		3.6169
v 42.0081 		4.2787 		3.5581
v 45.7121 		5.3001 		2.8915
v 46.3309 		8.9707 		3.0985
v 46.3221 		8.9424 		3.0409
v 45.7362 		5.3301 		2.8388
v 45.7255 		5.3148 		2.8623
v 42.002 		4.2787 		3.4985
v 46.381 		8.9537 		3.0894
v 42.75 		8.6392 		4.1295
v 46.3726 		8.9254 		3.0321
v 42.2281 		-7.1236 		1.165
v 42.002 		4.2787 		3.3778
v 42.23 		-7.1453 		1.165
v 42.7712 		8.6392 		4.1547
v 46.4306 		8.9254 		3.081
v 42.0081 		4.2787 		3.3182
v 42.233 		-7.167 		1.165
v 45.6688 		4.8851 		2.8976
v 42.0179 		4.2787 		3.2594
v 42.7944 		8.6392 		4.1791
v 42.2362 		-7.1878 		1.165
v 47.5621 		-6.3954 		6.7555
v 42.2401 		-7.2076 		1.165
v 47.5661 		-6.4199 		6.7479
v 47.5664 		-6.4077 		6.751
v 45.6512 		4.9767 		2.8976
v 42.7403 		8.5476 		4.1658
v 47.567 		-6.3944 		6.754
v 46.3136 		8.9018 		2.984
v 42.7657 		8.5476 		4.1929
v 46.3641 		8.8857 		2.9759
v 47.5716 		-6.3935 		6.7521
v 47.5713 		-6.4058 		6.749
v 45.6355 		4.835 		2.8571
v 46.4221 		8.8971 		3.0244
v 42.2251 		-7.0556 		1.165
v 47.5765 		-6.3916 		6.7494
v 42.2255 		-7.0782 		1.165
v 46.4139 		8.8583 		2.9691
v 42.6956 		8.5476 		4.1092
v 42.2264 		-7.1009 		1.165
v 42.7168 		8.5476 		4.1379
v 46.4713 		8.8583 		3.0183
v 42.0319 		4.2787 		3.2017
v 42.2499 		-7.0726 		1.157
v 42.6624 		8.4475 		4.1146
v 46.4631 		8.8196 		2.9641
v 42.0495 		4.2787 		3.1455
v 42.2506 		-7.0905 		1.157
v 47.581 		-6.3765 		6.749
v 42.6855 		8.4475 		4.1459
v 45.6369 		4.4525 		2.8201
v 42.2519 		-7.1066 		1.157
v 42.7109 		8.4475 		4.1761
v 47.5814 		-6.3642 		6.751
v 45.631 		4.5375 		2.8201
v 47.5817 		-6.351 		6.7525
v 47.5817 		-6.3378 		6.7532
v 45.5948 		4.4327 		2.7869
v 42.6565 		8.3379 		4.1532
v 47.5859 		-6.3491 		6.749
v 45.5896 		4.5092 		2.7869
v 47.5859 		-6.3368 		6.7502
v 42.6839 		8.3379 		4.186
v 45.5821 		4.5838 		2.7869
v 46.1712 		8.9254 		3.0737
v 42.2251 		-6.9153 		1.165
v 42.2499 		-6.9118 		1.157
v 42.275 		-6.9092 		1.1509
v 42.3004 		-6.9077 		1.1474
v 47.5856 		-6.3623 		6.7475
v 42.071 		4.2787 		3.0909
v 42.2086 		-6.9184 		1.1721
v 42.0961 		4.2787 		3.039
v 42.1245 		4.2787 		2.9889
v 42.7856 		8.7214 		4.1203
v 45.6225 		4.6216 		2.8201
v 47.582 		-6.3236 		6.754
v 42.6318 		8.3379 		4.1199
v 47.582 		-6.3104 		6.7544
v 45.6124 		4.7037 		2.8201
v 47.5859 		-6.3236 		6.7506
v 45.5997 		4.7821 		2.8201
v 47.5859 		-6.3104 		6.751
v 47.5902 		-6.3104 		6.7471
v 42.6862 		8.6392 		4.0248
v 42.6989 		8.6392 		4.0512
v 45.573 		4.6565 		2.7869
v 47.5625 		-6.3822 		6.7582
v 42.7139 		8.6392 		4.0775
v 45.5619 		4.7264 		2.7869
v 42.2138 		-5.309 		1.1699
v 42.2251 		-5.311 		1.165
v 47.5628 		-6.368 		6.7601
v 47.5631 		-6.3538 		6.7617
v 42.7308 		8.6392 		4.1035
v 42.2499 		-5.3142 		1.157
v 42.275 		-5.3166 		1.1509
v 42.3004 		-5.318 		1.1474
v 47.5631 		-6.3397 		6.7628
v 42.3258 		-4.9223 		2.6742
v 42.304 		-5.0004 		2.6732
v 45.5505 		4.4128 		2.7574
v 42.6461 		8.5476 		4.0222
v 42.3004 		-5.0159 		2.673
v 45.5459 		4.4789 		2.7574
v 42.6601 		8.5476 		4.0516
v 47.5674 		-6.3812 		6.7563
v 42.6764 		8.5476 		4.0806
v 42.3258 		-3.3684 		2.6742
v 45.5398 		4.5432 		2.7574
v 42.3004 		-4.8689 		2.673
v 47.568 		-6.3538 		6.7601
v 47.5677 		-6.368 		6.7582
v 45.5316 		4.6064 		2.7574
v 42.2913 		-5.0541 		2.6718
v 42.275 		-5.1221 		2.6696
v 47.568 		-6.3397 		6.7613
v 47.5729 		-6.3387 		6.759
v 42.6419 		8.4475 		4.0833
v 42.2745 		-5.1242 		2.6695
v 47.5719 		-6.3803 		6.7544
v 42.2499 		-5.2439 		2.6635
v 45.5489 		4.7944 		2.7869
v 47.5722 		-6.3671 		6.7563
v 47.5726 		-6.3529 		6.7578
v 45.5222 		4.6678 		2.7574
v 42.6624 		8.6392 		3.9473
v 47.5771 		-6.3652 		6.7536
v 45.5108 		4.7264 		2.7574
v 42.6679 		8.6392 		3.9729
v 42.2481 		-5.2526 		2.6629
v 45.4977 		4.7821 		2.7574
v 42.6758 		8.6392 		3.9985
v 47.5768 		-6.3784 		6.7517
v 45.4834 		4.835 		2.7574
v 47.5771 		-6.3519 		6.7552
v 42.201 		-5.3027 		2.6451
v 47.5775 		-6.3387 		6.7563
v 42.201 		-3.3684 		1.1753
v 42.131 		4.5177 		3.8873
v 42.1261 		4.3987 		3.8873
v 42.1232 		4.7764 		3.8373
v 42.765 		8.7941 		4.0099
v 45.6313 		5.0636 		2.8976
v 42.1114 		4.6546 		3.8373
v 42.7732 		8.7941 		4.0302
v 47.5631 		-6.3255 		6.7636
v 42.103 		4.5309 		3.8373
v 42.783 		8.7941 		4.0504
v 47.5635 		-6.3104 		6.7636
v 42.0977 		4.4053 		3.8373
v 45.6088 		5.1457 		2.8976
v 42.7944 		8.7941 		4.0707
v 45.5873 		5.2306 		2.9026
v 47.568 		-6.3246 		6.7617
v 45.5869 		5.2305 		2.9022
v 47.5729 		-6.3246 		6.7597
v 46.2295 		8.9707 		3.1196
v 42.1342 		-7.0556 		2.6012
v 45.5844 		5.2232 		2.8976
v 46.2207 		8.9424 		3.0615
v 42.1349 		-7.099 		2.6012
v 42.7285 		8.7214 		4.0275
v 42.1365 		-7.1424 		2.6012
v 47.568 		-6.3104 		6.762
v 42.7399 		8.7214 		4.0508
v 47.5729 		-6.3104 		6.7597
v 46.2797 		8.9764 		3.1085
v 42.7533 		8.7214 		4.0741
v 46.2719 		8.9481 		3.0504
v 47.5775 		-6.3246 		6.7571
v 46.2712 		8.9481 		3.0508
v 42.0994 		4.7982 		3.7853
v 45.5822 		5.2291 		2.8976
v 47.5775 		-6.3104 		6.7574
v 42.087 		4.6716 		3.7853
v 42.7683 		8.7214 		4.0974
v 46.2804 		8.9764 		3.1085
v 42.1144 		-7.0556 		2.5825
v 42.115 		-7.1037 		2.5825
v 47.6009 		-6.3963 		6.7147
v 42.0782 		4.5422 		3.7853
v 47.6003 		-6.4029 		6.7116
v 42.117 		-7.1519 		2.5825
v 42.0727 		4.4109 		3.7853
v 45.6193 		4.9191 		2.8571
v 42.1199 		-7.1991 		2.5825
v 42.0792 		4.818 		3.7307
v 42.0661 		4.6858 		3.7307
v 45.6007 		4.9993 		2.8571
v 42.8041 		8.8564 		3.9824
v 42.0955 		-7.0556 		2.5623
v 42.057 		4.5517 		3.7307
v 42.0961 		-7.1075 		2.5623
v 42.7549 		8.7941 		3.9702
v 42.7592 		8.7941 		3.9901
v 45.5802 		5.0749 		2.8571
v 42.0515 		4.4157 		3.7307
v 42.0984 		-7.1604 		2.5623
v 47.6016 		-6.4086 		6.6994
v 42.7077 		8.7214 		3.9584
v 42.7126 		8.7214 		3.9813
v 47.6022 		-6.4048 		6.7024
v 45.5577 		5.1457 		2.8571
v 42.1017 		-7.2114 		2.5623
v 42.7194 		8.7214 		4.0042
v 47.6026 		-6.4001 		6.7055
v 46.1627 		8.8857 		3.0176
v 45.5781 		5.2279 		2.8943
v 46.1546 		8.8347 		2.9629
v 47.6029 		-6.3944 		6.7082
v 46.2123 		8.9018 		3.005
v 46.2041 		8.8508 		2.95
v 47.6045 		-6.3944 		6.6994
v 42.6086 		8.4475 		4.0199
v 46.2624 		8.9074 		2.9939
v 42.624 		8.4475 		4.0516
v 46.2543 		8.8564 		2.9385
v 42.5738 		8.3379 		4.018
v 42.0782 		-7.0556 		2.5401
v 42.0788 		-7.1122 		2.5401
v 46.2549 		8.8564 		2.9385
v 42.0811 		-7.1679 		2.5401
v 42.5904 		8.3379 		4.0519
v 47.5801 		-6.4124 		6.741
v 45.5371 		5.224 		2.8635
v 42.085 		-7.2237 		2.5401
v 45.5332 		5.2109 		2.8571
v 47.5794 		-6.4228 		6.7376
v 46.2631 		8.9074 		2.9939
v 47.5804 		-6.4011 		6.7441
v 42.6096 		8.3379 		4.0859
v 42.0622 		-7.0556 		2.5168
v 42.0629 		-7.1151 		2.5168
v 42.0655 		-7.1755 		2.5168
v 45.5279 		5.2231 		2.8571
v 42.0694 		-7.2341 		2.5168
v 47.582 		-6.4454 		6.7235
v 47.5827 		-6.4379 		6.7277
v 45.527 		5.223 		2.8566
v 46.3403 		8.7016 		2.8174
v 46.3328 		8.6203 		2.7689
v 47.583 		-6.4284 		6.7315
v 42.62 		8.5476 		3.9366
v 46.3905 		8.677 		2.8132
v 42.6259 		8.5476 		3.9649
v 45.5192 		5.2222 		2.8519
v 46.3833 		8.5977 		2.7655
v 47.5837 		-6.419 		6.7349
v 45.4951 		5.2222 		2.8381
v 42.6347 		8.5476 		3.9935
v 47.5843 		-6.4086 		6.738
v 42.0479 		-7.0556 		2.4916
v 46.4475 		8.7119 		2.8606
v 42.58 		8.4475 		3.9267
v 42.0489 		-7.1188 		2.4916
v 46.4403 		8.643 		2.8113
v 42.0515 		-7.1812 		2.4916
v 42.5865 		8.4475 		3.9572
v 46.4332 		8.5646 		2.7647
v 45.585 		4.8586 		2.8201
v 42.0355 		-7.0556 		2.4656
v 45.5684 		4.9313 		2.8201
v 42.0365 		-7.1217 		2.4656
v 47.5846 		-6.3982 		6.741
v 42.0391 		-7.1868 		2.4656
v 42.5963 		8.4475 		3.9885
v 47.5866 		-6.4322 		6.7246
v 42.5431 		8.3379 		3.9175
v 47.5872 		-6.4237 		6.7284
v 47.5911 		-6.4181 		6.7254
v 42.5503 		8.3379 		3.9503
v 46.3556 		8.8347 		2.9213
v 45.5495 		4.9993 		2.8201
v 45.5293 		5.0636 		2.8201
v 47.5876 		-6.4143 		6.7319
v 46.3478 		8.7733 		2.8682
v 42.5604 		8.3379 		3.984
v 45.5339 		4.8586 		2.7869
v 42.0248 		-7.0556 		2.4385
v 42.0257 		-7.1236 		2.4385
v 45.5173 		4.9191 		2.7869
v 42.1342 		5.0428 		3.7853
v 47.5882 		-6.4048 		6.7349
v 42.0283 		-7.1925 		2.4385
v 45.4994 		4.9767 		2.7869
v 42.115 		4.9228 		3.7853
v 46.4058 		8.8083 		2.9152
v 42.016 		-7.0556 		2.4102
v 45.4795 		5.0286 		2.7869
v 42.0169 		-7.1264 		2.4102
v 47.5885 		-6.3944 		6.7376
v 46.398 		8.7478 		2.8633
v 42.0199 		-7.1963 		2.4102
v 42.115 		5.0702 		3.7307
v 42.0955 		4.9464 		3.7307
v 46.4553 		8.7705 		2.9114
v 42.4532 		6.2526 		3.8953
v 47.5915 		-6.4096 		6.7284
v 47.5918 		-6.4001 		6.7315
v 42.0091 		-7.0556 		2.3812
v 42.0101 		-7.1273 		2.3812
v 42.5096 		8.2218 		3.9091
v 42.013 		-7.1991 		2.3812
v 42.4796 		8.0981 		3.9018
v 46.1881 		8.7167 		2.8449
v 42.0622 		4.8331 		3.6746
v 42.0039 		-7.0556 		2.3518
v 42.0049 		-7.1283 		2.3518
v 42.3969 		6.6691 		3.8812
v 42.0489 		4.6981 		3.6746
v 42.0078 		-7.2019 		2.3518
v 42.0394 		4.5592 		3.6746
v 42.0339 		4.4194 		3.6746
v 46.181 		8.6345 		2.796
v 42.4115 		6.5265 		3.885
v 45.5072 		5.1221 		2.8201
v 46.1741 		8.5429 		2.7498
v 42.4304 		6.3877 		3.8896
v 47.5951 		-6.4029 		6.725
v 45.4837 		5.1769 		2.8201
v 47.5954 		-6.3944 		6.7277
v 42.3799 		7.2603 		3.877
v 46.2312 		8.6392 		2.7842
v 42.378 		7.1121 		3.8762
v 46.224 		8.5476 		2.738
v 46.2318 		8.6392 		2.7842
v 45.4896 		5.2222 		2.6742
v 46.2895 		8.7167 		2.8239
v 42.0489 		4.8463 		3.6169
v 46.2823 		8.6345 		2.775
v 45.6439 		5.2742 		2.6742
v 45.6456 		5.2756 		2.6742
v 42.0355 		4.7075 		3.6169
v 45.5951 		5.247 		2.6742
v 45.593 		5.2458 		2.6742
v 42.0257 		4.5658 		3.6169
v 45.5439 		5.2287 		2.6742
v 45.5415 		5.2279 		2.6742
v 42.001 		-7.0556 		2.322
v 45.4923 		5.2225 		2.6742
v 42.0199 		4.4232 		3.6169
v 46.2246 		8.5476 		2.738
v 42.002 		-7.1292 		2.322
v 42.0049 		-7.2029 		2.322
v 45.6942 		5.3148 		2.6742
v 46.1464 		8.7733 		2.9099
v 42.0257 		4.7141 		3.5581
v 47.5592 		-6.453 		6.7376
v 42.001 		-7.1292 		2.2922
v 47.5586 		-6.4615 		6.733
v 46.196 		8.7894 		2.8965
v 42.0039 		-7.2029 		2.2922
v 45.5049 		4.3921 		2.7322
v 47.5628 		-6.4691 		6.7269
v 42.378 		7.1102 		3.8762
v 46.2468 		8.7941 		2.8846
v 46.2461 		8.7941 		2.885
v 42.001 		-7.1292 		1.5283
v 42.3799 		6.9619 		3.877
v 42.0039 		-7.2029 		1.5283
v 45.501 		4.4478 		2.7322
v 47.5635 		-6.4606 		6.7315
v 42.001 		-7.0556 		1.4985
v 42.002 		-7.1292 		1.4985
v 42.0049 		-7.2029 		1.4985
v 42.0039 		-7.0556 		1.4687
v 45.4958 		4.5016 		2.7322
v 42.0049 		-7.1283 		1.4687
v 47.5644 		-6.4511 		6.7361
v 42.3864 		6.8146 		3.8785
v 47.5683 		-6.4587 		6.7299
v 45.4889 		4.5554 		2.7322
v 42.0078 		-7.2019 		1.4687
v 42.016 		4.5706 		3.5581
v 46.3054 		8.8508 		2.929
v 45.4808 		4.6064 		2.7322
v 46.2973 		8.7894 		2.8755
v 42.0101 		4.4251 		3.5581
v 47.5677 		-6.4662 		6.725
v 42.0091 		-7.0556 		1.4393
v 46.239 		8.7214 		2.8331
v 46.2383 		8.7214 		2.8335
v 42.0101 		-7.1273 		1.4393
v 42.013 		-7.1991 		1.4393
v 47.5722 		-6.4624 		6.7235
v 46.4267 		8.4777 		2.7208
v 47.5732 		-6.4549 		6.728
v 42.016 		-7.0556 		1.4102
v 46.4205 		8.3814 		2.6795
v 42.1232 		5.2166 		3.6746
v 42.0169 		-7.1264 		1.4102
v 45.8354 		5.5008 		2.6742
v 45.8359 		5.5018 		2.6742
v 42.0994 		5.0938 		3.6746
v 45.8291 		5.4849 		2.696
v 42.0792 		4.9663 		3.6746
v 42.0199 		-7.1963 		1.4102
v 47.5775 		-6.4511 		6.7257
v 46.4697 		8.3455 		2.6841
v 42.4532 		7.9696 		3.8953
v 45.838 		5.5022 		2.6858
v 45.8374 		5.5008 		2.6865
v 42.4304 		7.8346 		3.8896
v 45.8483 		5.5256 		2.6742
v 42.4115 		7.6957 		3.885
v 47.5599 		-6.4426 		6.7418
v 42.0248 		-7.0556 		1.382
v 42.0257 		-7.1236 		1.382
v 47.5605 		-6.4322 		6.746
v 46.326 		8.5297 		2.7231
v 42.1114 		5.2383 		3.6169
v 46.3195 		8.4305 		2.6803
v 42.087 		5.1117 		3.6169
v 42.0283 		-7.1925 		1.382
v 42.3969 		7.5531 		3.8812
v 42.0661 		4.9814 		3.6169
v 46.3765 		8.5079 		2.7204
v 45.7639 		5.3684 		2.7884
v 45.7624 		5.3658 		2.7912
v 46.3703 		8.4097 		2.678
v 42.103 		5.2534 		3.5581
v 42.3864 		7.4077 		3.8785
v 42.0782 		5.1249 		3.5581
v 45.7651 		5.3704 		2.7866
v 42.057 		4.9927 		3.5581
v 45.7949 		5.4198 		2.7406
v 42.0394 		4.8548 		3.5581
v 46.2751 		8.5429 		2.7288
v 46.2686 		8.4428 		2.6856
v 45.8017 		5.4313 		2.7318
v 45.7909 		5.4294 		2.6742
v 45.8 		5.4281 		2.7339
v 45.7901 		5.4281 		2.6742
v 45.7429 		5.3658 		2.6742
v 45.744 		5.3672 		2.6742
v 42.0622 		-7.0556 		1.3037
v 42.0629 		-7.1151 		1.3037
v 42.0655 		-7.1755 		1.3037
v 46.1676 		8.4428 		2.7066
v 42.0694 		-7.2341 		1.3037
v 42.0782 		-7.0556 		1.2804
v 46.2175 		8.4475 		2.6944
v 42.131 		5.3752 		3.5581
v 42.0788 		-7.1122 		1.2804
v 46.2181 		8.4475 		2.6944
v 45.4586 		5.0768 		2.7869
v 42.0811 		-7.1679 		1.2804
v 42.0199 		4.7179 		3.4985
v 45.4677 		4.8851 		2.7574
v 42.085 		-7.2237 		1.2804
v 45.4505 		4.9304 		2.7574
v 42.0101 		4.5734 		3.4985
v 45.9751 		8.7119 		3.0794
v 45.4322 		4.9719 		2.7574
v 42.0039 		4.4261 		3.4985
v 46.0047 		8.6666 		2.9618
v 45.413 		5.0097 		2.7574
v 42.0179 		4.7198 		3.4385
v 45.3928 		5.0428 		2.7574
v 42.0081 		4.5743 		3.4385
v 42.0179 		4.7198 		3.4377
v 46.0503 		8.7119 		2.9427
v 42.0355 		-7.0556 		1.3549
v 42.0365 		-7.1217 		1.3549
v 42.0391 		-7.1868 		1.3549
v 45.4601 		5.2222 		2.8201
v 42.0479 		-7.0556 		1.3289
v 46.0275 		8.8083 		3.115
v 47.5648 		-6.4417 		6.7403
v 47.5654 		-6.4313 		6.7445
v 42.0489 		-7.1188 		1.3289
v 46.0197 		8.7705 		3.0623
v 47.569 		-6.4492 		6.7341
v 42.0515 		-7.1812 		1.3289
v 45.458 		5.2222 		2.8192
v 45.4365 		5.1202 		2.7869
v 46.0741 		8.8583 		3.1005
v 47.5696 		-6.4398 		6.7383
v 45.4243 		5.2222 		2.8063
v 47.5703 		-6.4294 		6.7426
v 46.066 		8.8196 		3.0462
v 45.413 		5.158 		2.7869
v 47.5709 		-6.4181 		6.746
v 45.4069 		5.2222 		2.8006
v 45.3935 		5.2222 		2.7962
v 47.5739 		-6.4464 		6.7322
v 46.122 		8.8971 		3.0867
v 47.5742 		-6.4369 		6.7364
v 46.1139 		8.8583 		3.0313
v 42.002 		4.427 		3.4385
v 47.5749 		-6.4266 		6.7403
v 42.0081 		4.5743 		3.4377
v 45.3716 		5.0702 		2.7574
v 46.0122 		8.7233 		3.0111
v 42.002 		4.427 		3.4377
v 45.3498 		5.0938 		2.7574
v 46.0581 		8.7705 		2.9935
v 47.5755 		-6.4152 		6.7437
v 47.5758 		-6.4039 		6.7468
v 42.0199 		4.7179 		3.3778
v 47.5781 		-6.4426 		6.7299
v 46.1057 		8.8083 		2.9775
v 42.0101 		4.5734 		3.3778
v 47.5788 		-6.4332 		6.7341
v 42.0039 		4.4261 		3.3778
v 45.3889 		5.1901 		2.7869
v 45.3665 		5.2222 		2.789
v 45.3644 		5.2222 		2.7885
v 45.3638 		5.2166 		2.7869
v 42.0515 		4.9993 		3.4985
v 45.3571 		5.2222 		2.7869
v 42.0339 		4.8605 		3.4985
v 42.0495 		5.0012 		3.4385
v 42.0319 		4.8624 		3.4385
v 42.0495 		5.0012 		3.4377
v 42.0319 		4.8624 		3.4377
v 47.5797 		-6.4653 		6.7097
v 47.5807 		-6.4596 		6.7143
v 42.0977 		5.2619 		3.4985
v 47.5814 		-6.453 		6.7189
v 42.0727 		5.1334 		3.4985
v 45.3367 		5.2222 		2.7831
v 45.3276 		5.1117 		2.7574
v 42.0961 		5.2647 		3.4385
v 47.5827 		-6.4662 		6.6982
v 47.5833 		-6.4624 		6.7028
v 45.3334 		5.2222 		2.7827
v 45.31 		5.2222 		2.7797
v 47.5876 		-6.4549 		6.7009
v 42.071 		5.1363 		3.4385
v 45.94 		8.6558 		3.0962
v 42.0961 		5.2647 		3.4377
v 45.9401 		8.6551 		3.0943
v 42.071 		5.1363 		3.4377
v 47.584 		-6.4587 		6.7078
v 47.5846 		-6.453 		6.7124
v 47.5882 		-6.4511 		6.7055
v 42.0977 		5.2619 		3.3778
v 42.0727 		5.1334 		3.3778
v 42.0515 		4.9993 		3.3778
v 45.3048 		5.1249 		2.7574
v 45.3039 		5.2222 		2.7792
v 45.2842 		5.2222 		2.7778
v 42.0339 		4.8605 		3.3778
v 45.2817 		5.1334 		2.7574
v 45.2769 		5.2222 		2.7776
v 45.2586 		5.2222 		2.7771
v 45.9412 		8.6487 		3.0811
v 45.9429 		8.6392 		3.0611
v 45.2586 		5.1363 		2.7574
v 45.9441 		8.629 		3.0413
v 42.0955 		-7.0556 		1.2582
v 42.0961 		-7.1075 		1.2582
v 45.4573 		4.3703 		2.7116
v 45.4544 		4.4147 		2.7116
v 42.0984 		-7.1604 		1.2582
v 45.4498 		4.4591 		2.7116
v 42.1017 		-7.2114 		1.2582
v 47.5853 		-6.4473 		6.7166
v 42.1144 		-7.0556 		1.238
v 45.4446 		4.5016 		2.7116
v 47.5859 		-6.4398 		6.7208
v 42.115 		-7.1037 		1.238
v 45.4378 		4.5432 		2.7116
v 42.117 		-7.1519 		1.238
v 42.1199 		-7.1991 		1.238
v 47.5889 		-6.4454 		6.7097
v 47.5892 		-6.4398 		6.7139
v 47.5925 		-6.4379 		6.7074
v 47.5931 		-6.4322 		6.7112
v 45.9679 		8.6666 		3.0302
v 47.5898 		-6.4332 		6.7181
v 45.9482 		8.6069 		3.0064
v 45.9504 		8.5951 		2.9879
v 45.4303 		4.5838 		2.7116
v 45.9607 		8.6109 		2.9824
v 45.4065 		4.3817 		2.6952
v 47.5905 		-6.4256 		6.7215
v 45.4032 		4.4147 		2.6952
v 42.1342 		-7.0556 		1.2193
v 42.1349 		-7.099 		1.2193
v 45.399 		4.4478 		2.6952
v 47.5911 		-6.4464 		6.699
v 42.1365 		-7.1424 		1.2193
v 45.3941 		4.4789 		2.6952
v 45.9561 		8.5692 		2.9524
v 47.5918 		-6.4426 		6.7032
v 47.5934 		-6.4256 		6.715
v 47.597 		-6.4181 		6.712
v 47.5947 		-6.4114 		6.7219
v 47.5941 		-6.419 		6.7185
v 45.471 		4.6565 		2.7322
v 45.4603 		4.7037 		2.7322
v 47.5954 		-6.4332 		6.7009
v 45.9975 		8.5996 		2.9141
v 45.4482 		4.7481 		2.7322
v 47.5957 		-6.4284 		6.7047
v 45.4348 		4.7897 		2.7322
v 45.9907 		8.5231 		2.8686
v 47.599 		-6.419 		6.7021
v 47.5964 		-6.4237 		6.7086
v 42.0257 		4.7141 		3.3182
v 46.0432 		8.643 		2.8934
v 42.016 		4.5706 		3.3182
v 47.5973 		-6.4114 		6.715
v 46.036 		8.5646 		2.8468
v 42.0101 		4.4251 		3.3182
v 46.0904 		8.677 		2.8751
v 42.0489 		4.8463 		3.2594
v 47.598 		-6.4039 		6.7181
v 47.2181 		-7.2737 		6.4862
v 42.0355 		4.7075 		3.2594
v 46.1389 		8.7016 		2.8591
v 42.0257 		4.5658 		3.2594
v 42.0199 		4.4232 		3.2594
v 47.5983 		-6.3963 		6.7212
v 47.5983 		-6.4228 		6.6986
v 47.2409 		-7.3011 		6.3839
v 46.0832 		8.5977 		2.8273
v 47.5993 		-6.4143 		6.7055
v 47.2461 		-7.2501 		6.4202
v 46.0764 		8.5079 		2.7823
v 42.0622 		4.8331 		3.2017
v 42.0489 		4.6981 		3.2017
v 46.0699 		8.4097 		2.7403
v 47.5999 		-6.4096 		6.7086
v 46.1315 		8.6203 		2.8105
v 42.0394 		4.5592 		3.2017
v 46.1246 		8.5297 		2.7647
v 47.2233 		-7.4097 		6.2666
v 42.0339 		4.4194 		3.2017
v 47.1428 		7.1121 		6.8461
v 47.2292 		-7.3814 		6.3067
v 42.0792 		4.818 		3.1455
v 47.235 		-7.3455 		6.3461
v 42.0661 		4.6858 		3.1455
v 47.1425 		7.2443 		6.8442
v 47.2614 		-7.2784 		6.2865
v 45.9838 		8.4475 		2.832
v 47.1826 		7.1121 		6.8083
v 45.9846 		8.4431 		2.8284
v 47.2666 		-7.2444 		6.3224
v 47.1822 		7.2386 		6.806
v 47.5589 		-6.4936 		6.6998
v 47.5595 		-6.4908 		6.7055
v 42.057 		4.5517 		3.1455
v 45.9853 		8.4391 		2.8252
v 46.0295 		8.4777 		2.8029
v 47.0105 		7.1121 		6.9366
v 42.0515 		4.4157 		3.1455
v 47.0102 		7.2566 		6.9343
v 47.5605 		-6.487 		6.7108
v 47.2441 		-6.7637 		6.6597
v 47.5612 		-6.4823 		6.7162
v 47.0568 		7.1121 		6.9102
v 47.0565 		7.2528 		6.9083
v 47.5621 		-6.4757 		6.7215
v 47.5661 		-6.4794 		6.715
v 47.1008 		7.1121 		6.8801
v 45.9862 		8.4352 		2.8226
v 46.001 		8.3636 		2.7736
v 47.1005 		7.249 		6.8782
v 42.103 		5.2534 		3.3182
v 47.2168 		-6.4691 		6.7498
v 46.0233 		8.3814 		2.7617
v 42.0782 		5.1249 		3.3182
v 47.5638 		-6.4908 		6.6986
v 47.2184 		-6.351 		6.759
v 42.057 		4.9927 		3.3182
v 47.5644 		-6.4879 		6.704
v 42.0394 		4.8548 		3.3182
v 42.1114 		5.2383 		3.2594
v 46.0067 		8.3379 		2.7578
v 42.087 		5.1117 		3.2594
v 45.4205 		4.8284 		2.7322
v 42.0661 		4.9814 		3.2594
v 46.9141 		7.1121 		6.9756
v 47.2471 		-6.6617 		6.6784
v 45.4215 		4.6216 		2.7116
v 46.9138 		7.2594 		6.9733
v 47.2494 		-6.5559 		6.694
v 45.4117 		4.6574 		2.7116
v 46.963 		7.1121 		6.9584
v 47.251 		-6.4473 		6.7063
v 46.9626 		7.2584 		6.9561
v 46.0979 		8.7478 		2.9251
v 45.401 		4.6914 		2.7116
v 47.2523 		-6.3368 		6.715
v 42.1232 		5.2166 		3.2017
v 42.0994 		5.0938 		3.2017
v 46.8128 		7.1121 		6.9966
v 46.8124 		7.2594 		6.9943
v 42.0792 		4.9663 		3.2017
v 47.2823 		-6.4237 		6.6597
v 46.8639 		7.1121 		6.9882
v 46.8633 		7.1121 		6.9882
v 47.2836 		-6.3208 		6.6677
v 46.8636 		7.2603 		6.9859
v 46.8629 		7.2603 		6.9859
v 45.3553 		4.3703 		2.6837
v 45.3527 		4.3921 		2.6837
v 42.115 		5.0702 		3.1455
v 45.3495 		4.4128 		2.6837
v 45.9596 		8.554 		2.9331
v 42.0955 		4.9464 		3.1455
v 45.9628 		8.5408 		2.9194
v 45.9713 		8.5008 		2.8793
v 47.2148 		-6.5843 		6.7368
v 45.9613 		8.5476 		2.9263
v 45.3882 		4.5092 		2.6952
v 42.1261 		5.3847 		3.4985
v 45.3817 		4.5375 		2.6952
v 47.1415 		7.3756 		6.8377
v 47.1813 		7.3642 		6.8002
v 45.3742 		4.5649 		2.6952
v 47.18 		7.4879 		6.7903
v 47.3204 		-6.8327 		6.4652
v 45.3661 		4.5904 		2.6952
v 47.3236 		-6.7647 		6.4866
v 47.1777 		7.6098 		6.7765
v 47.1751 		7.7278 		6.7594
v 47.2282 		-7.1273 		6.5546
v 47.2327 		-7.0442 		6.5848
v 45.3456 		4.4327 		2.6837
v 47.237 		-6.9554 		6.6127
v 45.9953 		8.3379 		2.6891
v 47.2409 		-6.8619 		6.6375
v 47.5654 		-6.4842 		6.7097
v 47.2125 		7.6967 		6.7204
v 47.567 		-6.4728 		6.72
v 47.2692 		-6.8969 		6.5726
v 45.9584 		8.4475 		2.6799
v 47.2728 		-6.81 		6.5959
v 47.5716 		-6.47 		6.7185
v 47.1721 		7.8431 		6.7383
v 47.1682 		7.9536 		6.7135
v 47.5693 		-6.4842 		6.7028
v 47.164 		8.0584 		6.6856
v 47.57 		-6.4804 		6.7082
v 47.1594 		8.1576 		6.6543
v 46.0174 		8.2786 		2.7235
v 47.2233 		-7.2038 		6.5214
v 46.0174 		8.2785 		2.7234
v 46.064 		8.3039 		2.7013
v 47.5709 		-6.4757 		6.7131
v 47.2096 		7.8053 		6.7002
v 47.2516 		-7.1925 		6.4549
v 47.206 		7.9101 		6.6769
v 47.2565 		-7.1273 		6.4878
v 46.0175 		8.2783 		2.7234
v 47.2021 		8.0102 		6.6505
v 47.2611 		-7.0556 		6.5183
v 46.1181 		8.4305 		2.7219
v 46.1122 		8.3228 		2.6822
v 47.5739 		-6.4794 		6.7013
v 47.2653 		-6.9791 		6.547
v 47.5749 		-6.4757 		6.7066
v 47.2907 		-6.9791 		6.4809
v 47.5755 		-6.4709 		6.7116
v 47.0995 		7.385 		6.8717
v 47.2946 		-6.9082 		6.5069
v 47.5762 		-6.4653 		6.7166
v 47.0978 		7.5191 		6.861
v 47.2982 		-6.8327 		6.5306
v 47.0959 		7.6513 		6.8461
v 42.1245 		5.3884 		3.4385
v 47.5768 		-6.4587 		6.7212
v 42.1245 		5.3884 		3.4377
v 47.5784 		-6.4728 		6.6998
v 42.1261 		5.3847 		3.3778
v 47.5791 		-6.47 		6.7047
v 47.3087 		-6.4908 		6.5997
v 42.131 		5.3752 		3.3182
v 47.31 		-6.3982 		6.6104
v 47.3113 		-6.3038 		6.6176
v 47.0092 		7.3992 		6.9274
v 47.0076 		7.5408 		6.9163
v 47.0053 		7.6797 		6.9007
v 47.6022 		-6.3661 		6.7235
v 47.3344 		-6.3708 		6.5588
v 47.0555 		7.3926 		6.9015
v 47.3354 		-6.2858 		6.5657
v 47.6026 		-6.3482 		6.7265
v 47.0539 		7.5314 		6.8908
v 45.341 		4.4525 		2.6837
v 45.3361 		4.4704 		2.6837
v 47.0516 		7.6664 		6.8755
v 42.0994 		4.7982 		3.0909
v 45.3306 		4.4874 		2.6837
v 42.087 		4.6716 		3.0909
v 42.0782 		4.5422 		3.0909
v 47.3266 		-6.6919 		6.5057
v 42.0727 		4.4109 		3.0909
v 47.3292 		-6.6154 		6.5229
v 47.1402 		7.5049 		6.8273
v 47.3311 		-6.5371 		6.5374
v 42.1232 		4.7764 		3.039
v 47.1379 		7.6315 		6.8132
v 42.1114 		4.6546 		3.039
v 47.3481 		-6.6277 		6.4584
v 42.103 		4.5309 		3.039
v 45.3247 		4.5035 		2.6837
v 47.3504 		-6.5597 		6.4733
v 42.0977 		4.4053 		3.039
v 47.0024 		7.8147 		6.8808
v 45.3185 		4.5177 		2.6837
v 46.9988 		7.9451 		6.8568
v 45.3117 		4.5309 		2.6837
v 47.0486 		7.7996 		6.856
v 47.3331 		-6.4549 		6.5493
v 47.3523 		-6.4898 		6.4862
v 45.3892 		4.7226 		2.7116
v 47.3539 		-6.4171 		6.4969
v 47.6022 		-6.3567 		6.725
v 47.093 		7.7798 		6.8273
v 47.3553 		-6.3425 		6.5053
v 47.0894 		7.9035 		6.8044
v 47.0855 		8.0234 		6.7777
v 47.6029 		-6.3387 		6.7273
v 47.0809 		8.1377 		6.7475
v 47.1353 		7.7562 		6.7949
v 42.131 		4.5177 		2.9889
v 47.1321 		7.8761 		6.7731
v 42.1261 		4.3987 		2.9889
v 47.2757 		-6.7184 		6.6161
v 47.1282 		7.9913 		6.7471
v 47.2784 		-6.623 		6.6337
v 47.6003 		-6.3208 		6.7338
v 47.6029 		-6.3293 		6.728
v 42.1342 		5.0428 		3.0909
v 47.6029 		-6.3198 		6.7284
v 47.6052 		-6.3274 		6.7231
v 42.115 		4.9228 		3.0909
v 47.2806 		-6.5248 		6.6482
v 46.9946 		8.0716 		6.8289
v 47.3012 		-6.7524 		6.5519
v 47.6029 		-6.3104 		6.7288
v 47.6055 		-6.3104 		6.7235
v 46.9897 		8.1916 		6.7968
v 47.3041 		-6.6683 		6.5707
v 47.6052 		-6.3189 		6.7235
v 47.3064 		-6.5814 		6.5867
v 47.0451 		7.9271 		6.8323
v 46.8874 		-7.0556 		2.6742
v 45.3768 		4.7509 		2.7116
v 47.0408 		8.0499 		6.8052
v 46.8765 		-6.3138 		2.6742
v 46.8768 		-6.3255 		2.6742
v 47.0363 		8.167 		6.7739
v 46.8772 		-6.3397 		2.6742
v 46.877 		-6.3287 		2.6742
v 46.8774 		-6.3428 		2.6742
v 47.6012 		-6.3897 		6.717
v 46.8782 		-6.3538 		2.6742
v 46.8785 		-6.357 		2.6742
v 46.8798 		-6.368 		2.6742
v 46.8816 		-6.3822 		2.6742
v 46.8803 		-6.3712 		2.6742
v 46.8836 		-6.3954 		2.6742
v 46.8842 		-6.3984 		2.6742
v 46.8863 		-6.4086 		2.6742
v 46.8874 		-6.4136 		2.6742
v 46.8869 		-6.4114 		2.6742
v 47.1236 		8.1009 		6.7181
v 47.309 		-7.0102 		6.3888
v 46.6447 		-6.9427 		2.6742
v 46.6418 		-6.9522 		2.6742
v 47.3129 		-6.9554 		6.416
v 47.1187 		8.2048 		6.6856
v 46.6827 		-6.7879 		2.6742
v 46.6788 		-6.8053 		2.6742
v 46.6756 		-6.8196 		2.6742
v 47.3168 		-6.8969 		6.4416
v 46.6614 		-6.8773 		2.6742
v 46.7444 		-6.2717 		2.6742
v 46.7437 		-6.2895 		2.6742
v 47.3364 		-6.8619 		6.3785
v 46.7399 		-6.3492 		2.6742
v 46.7378 		-6.3814 		2.6742
v 46.9125 		7.4067 		6.9664
v 47.3396 		-6.81 		6.4011
v 46.7338 		-6.4261 		2.6742
v 46.7293 		-6.4781 		2.6742
v 46.7267 		-6.5032 		2.6742
v 46.9108 		7.5512 		6.9549
v 46.9085 		7.6938 		6.9389
v 46.7179 		-6.5814 		2.6742
v 46.9617 		7.4039 		6.9492
v 46.7065 		-6.6535 		2.6742
v 46.7003 		-6.6937 		2.6742
v 46.6937 		-6.7289 		2.6742
v 46.96 		7.5474 		6.9377
v 46.9574 		7.6882 		6.9217
v 47.3204 		-7.0234 		6.2735
v 47.3246 		-6.9913 		6.3014
v 47.3289 		-6.9536 		6.3285
v 46.6382 		-6.9642 		2.6742
v 46.6189 		-7.0227 		2.6742
v 46.6078 		-7.0556 		2.6742
v 47.3324 		-6.9101 		6.3541
v 46.748 		-6.1121 		2.6742
v 46.7469 		-6.1901 		2.6742
v 46.7469 		-6.1999 		2.6742
v 47.3458 		-6.8761 		6.2731
v 46.8114 		7.4067 		6.987
v 46.8095 		7.5512 		6.9756
v 47.3494 		-6.8431 		6.2964
v 46.8626 		7.4077 		6.979
v 46.862 		7.4077 		6.979
v 47.3526 		-6.8053 		6.3189
v 45.3638 		4.7764 		2.7116
v 47.3559 		-6.7637 		6.34
v 47.6016 		-6.3822 		6.7193
v 47.6019 		-6.3746 		6.7215
v 46.861 		7.5531 		6.9675
v 45.3498 		4.7982 		2.7116
v 46.8603 		7.5531 		6.9675
v 45.8348 		-4.5 		2.6742
v 45.8354 		-4.5008 		2.6742
v 47.6035 		-6.3888 		6.7105
v 47.6042 		-6.3756 		6.715
v 45.8483 		-4.5256 		2.6742
v 45.7429 		-4.3658 		2.6742
v 47.6039 		-6.3822 		6.7128
v 45.3573 		4.614 		2.6952
v 45.7893 		-4.427 		2.6742
v 45.7901 		-4.4281 		2.6742
v 47.6045 		-6.368 		6.717
v 46.8584 		7.6957 		6.9515
v 46.8577 		7.6957 		6.9515
v 45.4896 		-4.2222 		2.6742
v 47.6045 		-6.3604 		6.7185
v 45.6421 		-4.2732 		2.6742
v 45.6439 		-4.2742 		2.6742
v 47.6068 		-6.3548 		6.7139
v 47.6065 		-6.3614 		6.7124
v 45.539 		-4.2276 		2.6742
v 45.5415 		-4.2279 		2.6742
v 47.2722 		-7.2048 		6.3571
v 45.5909 		-4.2451 		2.6742
v 45.593 		-4.2458 		2.6742
v 47.2771 		-7.1576 		6.3908
v 47.0122 		5.3356 		1.1753
v 45.3355 		4.818 		2.7116
v 47.2819 		-7.1037 		6.4225
v 45.6927 		-4.3136 		2.6742
v 45.6942 		-4.3148 		2.6742
v 45.3208 		4.8331 		2.7116
v 47.2865 		-7.0442 		6.4526
v 47.3044 		-7.0584 		6.3598
v 45.3478 		4.6357 		2.6952
v 45.3381 		4.6546 		2.6952
v 47.6048 		-6.3529 		6.72
v 47.6052 		-6.3444 		6.7212
v 45.3276 		4.6716 		2.6952
v 47.6052 		-6.3359 		6.7223
v 45.3169 		4.6858 		2.6952
v 47.2904 		-7.167 		6.2655
v 46.9053 		7.8327 		6.9183
v 47.2953 		-7.1377 		6.2979
v 46.9017 		7.9668 		6.8938
v 47.2999 		-7.1009 		6.3296
v 46.8975 		8.0952 		6.8652
v 45.4052 		4.8633 		2.7322
v 46.9545 		7.8261 		6.9018
v 45.3889 		4.8945 		2.7322
v 47.6055 		-6.385 		6.7044
v 47.6058 		-6.3803 		6.7066
v 46.9509 		7.9583 		6.8774
v 45.3716 		4.9228 		2.7322
v 46.9467 		8.0867 		6.8487
v 45.354 		4.9464 		2.7322
v 47.151 		8.0556 		2.5168
v 47.3429 		-6.7524 		6.4221
v 47.1503 		8.1151 		2.5168
v 47.3455 		-6.6919 		6.4412
v 47.6048 		-6.3897 		6.7021
v 47.1477 		8.1755 		2.5168
v 47.3588 		-6.7184 		6.3594
v 47.1438 		8.2341 		2.5168
v 46.8548 		7.8346 		6.9312
v 47.3614 		-6.6683 		6.3778
v 46.8519 		7.9696 		6.9064
v 46.8512 		7.9696 		6.9064
v 47.364 		-6.6154 		6.3942
v 47.3663 		-6.5597 		6.4091
v 47.1653 		8.0556 		2.4916
v 47.1643 		8.1188 		2.4916
v 46.8473 		8.0981 		6.8774
v 46.8466 		8.0981 		6.8774
v 47.1617 		8.1812 		2.4916
v 45.3355 		4.9663 		2.7322
v 47.1777 		8.0556 		2.4656
v 47.1767 		8.1217 		2.4656
v 47.1741 		8.1868 		2.4656
v 47.3683 		-6.5012 		6.4225
v 45.3169 		4.9814 		2.7322
v 47.3699 		-6.4398 		6.4335
v 47.3712 		-6.3765 		6.4427
v 47.3725 		-6.3123 		6.45
v 46.8554 		7.8346 		6.9309
v 47.1884 		8.0556 		2.4385
v 47.1875 		8.1236 		2.4385
v 47.1848 		8.1925 		2.4385
v 47.1972 		8.0556 		2.4102
v 47.1962 		8.1264 		2.4102
v 47.3803 		-6.4898 		6.3591
v 47.1933 		8.1963 		2.4102
v 47.382 		-6.4398 		6.3701
v 46.8424 		8.2218 		6.8445
v 46.8418 		8.2218 		6.8445
v 47.3836 		-6.3888 		6.3797
v 47.3846 		-6.3349 		6.3873
v 47.2041 		8.0556 		2.3812
v 47.2031 		8.1273 		2.3812
v 47.3856 		-6.2811 		6.3934
v 47.2002 		8.1991 		2.3812
v 46.8926 		8.218 		6.8323
v 47.2093 		8.0556 		2.3518
v 47.2083 		8.1283 		2.3518
v 46.9418 		8.2086 		6.8163
v 47.2054 		8.2019 		2.3518
v 45.2973 		4.3751 		2.6765
v 45.2947 		4.3836 		2.6765
v 45.2918 		4.3911 		2.6765
v 45.2885 		4.3987 		2.6765
v 47.6061 		-6.3746 		6.7086
v 47.6061 		-6.368 		6.7105
v 47.3741 		-6.623 		6.317
v 47.6078 		-6.3661 		6.7044
v 47.3764 		-6.5814 		6.3327
v 47.6081 		-6.3604 		6.7059
v 47.3784 		-6.5371 		6.3464
v 46.9752 		7.4709 		2.6596
v 46.9793 		7.4624 		2.6583
v 46.9784 		7.4644 		2.6586
v 46.9861 		7.4457 		2.6561
v 46.9869 		7.4436 		2.6558
v 45.2853 		4.4053 		2.6765
v 47.6084 		-6.3548 		6.7074
v 45.2817 		4.4109 		2.6765
v 46.988 		7.4396 		2.6555
v 47.366 		-6.7278 		6.2639
v 45.2781 		4.4157 		2.6765
v 47.3689 		-6.6967 		6.283
v 45.2706 		4.4232 		2.6765
v 45.2742 		4.4194 		2.6765
v 47.6068 		-6.3482 		6.715
v 47.3715 		-6.6617 		6.3006
v 47.0002 		7.3822 		2.6502
v 46.9997 		7.3851 		2.6505
v 47.3836 		-6.5559 		6.2609
v 47.0031 		7.357 		2.649
v 47.3856 		-6.5248 		6.2743
v 47.0033 		7.3538 		2.6489
v 47.6071 		-6.3406 		6.7162
v 47.0041 		7.3428 		2.6486
v 47.0043 		7.3397 		2.6485
v 47.0047 		7.3255 		2.6483
v 47.0045 		7.3287 		2.6484
v 47.005 		7.3104 		2.6482
v 46.9902 		7.4322 		2.6546
v 46.9894 		7.4348 		2.6549
v 46.9926 		7.4234 		2.6535
v 46.9932 		7.4209 		2.6533
v 46.9958 		7.4086 		2.6521
v 46.9952 		7.4114 		2.6524
v 47.6071 		-6.3331 		6.717
v 47.3921 		-6.3765 		6.317
v 46.9978 		7.3984 		2.6513
v 47.3934 		-6.3349 		6.3247
v 46.9983 		7.3954 		2.6511
v 47.6091 		-6.3302 		6.7116
v 47.3943 		-6.2924 		6.3312
v 47.6071 		-6.3793 		6.6982
v 47.6071 		-6.3756 		6.7005
v 45.2586 		-3.2787 		2.6742
v 47.6074 		-6.3708 		6.7024
v 47.6091 		-6.3614 		6.6982
v 47.3983 		-6.3123 		6.2636
v 47.3989 		-6.2811 		6.2697
v 47.6087 		-6.3434 		6.7097
v 47.6084 		-6.3491 		6.7086
v 47.079 		8.0556 		2.6012
v 47.0783 		8.099 		2.6012
v 47.61 		-6.3434 		6.7036
v 47.0767 		8.1424 		2.6012
v 47.3875 		-6.4908 		6.2869
v 47.0737 		8.1849 		2.6012
v 47.3891 		-6.4549 		6.2979
v 47.0695 		8.2274 		2.6012
v 47.3908 		-6.4171 		6.3083
v 47.6087 		-6.3368 		6.7108
v 47.1976 		8.1037 		6.6207
v 47.2191 		-6.232 		6.7647
v 47.1927 		8.1925 		6.5886
v 47.2194 		-6.1121 		6.7666
v 47.6094 		-6.3567 		6.6998
v 47.6097 		-6.3482 		6.7024
v 47.2533 		-6.2244 		6.72
v 47.2536 		-6.1121 		6.7219
v 46.6596 		7.1121 		6.9924
v 46.6593 		7.2528 		6.9905
v 47.6094 		-6.3529 		6.7013
v 47.2842 		-6.2169 		6.6727
v 46.7104 		7.1121 		6.9985
v 46.7101 		7.2566 		6.9962
v 42.8398 		-4.2222 		2.6742
v 47.2845 		-6.1121 		6.6742
v 42.8206 		-4.2243 		2.6742
v 46.7616 		7.1121 		7
v 46.7613 		7.2584 		6.9977
v 47.3119 		-6.2084 		6.6222
v 47.3122 		-6.1121 		6.6238
v 42.5863 		-4.3658 		2.6742
v 42.5392 		-4.4281 		2.6742
v 46.5117 		7.1121 		6.9469
v 42.4939 		-4.5008 		2.6742
v 42.476 		-4.5347 		2.6742
v 46.5114 		7.2386 		6.945
v 42.7878 		-4.2279 		2.6742
v 45.2667 		4.4251 		2.6765
v 42.7363 		-4.2458 		2.6742
v 42.7166 		-4.2567 		2.6742
v 42.6852 		-4.2742 		2.6742
v 46.5599 		7.1121 		6.9664
v 46.5596 		7.2443 		6.9645
v 47.336 		-6.1989 		6.5695
v 47.3364 		-6.1121 		6.571
v 47.61 		-6.3378 		6.7044
v 47.3562 		-6.266 		6.5111
v 47.0988 		8.0556 		2.5825
v 47.0982 		8.1037 		2.5825
v 47.3569 		-6.1895 		6.5149
v 45.3048 		4.5422 		2.6837
v 47.0962 		8.1519 		2.5825
v 45.2977 		4.5517 		2.6837
v 47.3569 		-6.1121 		6.516
v 45.2902 		4.5592 		2.6837
v 47.0933 		8.1991 		2.5825
v 47.3732 		-6.2462 		6.4553
v 45.2824 		4.5658 		2.6837
v 47.3735 		-6.1791 		6.4584
v 45.2745 		4.5706 		2.6837
v 47.1177 		8.0556 		2.5623
v 45.2667 		4.5734 		2.6837
v 47.1171 		8.1075 		2.5623
v 47.3738 		-6.1121 		6.4595
v 47.1148 		8.1604 		2.5623
v 47.1115 		8.2114 		2.5623
v 47.3862 		-6.2254 		6.398
v 42.6352 		-4.3148 		2.6742
v 47.3865 		-6.1687 		6.4007
v 42.616 		-4.335 		2.6742
v 47.3869 		-6.1121 		6.4015
v 45.2586 		4.5743 		2.6837
v 45.2625 		4.4261 		2.6765
v 45.2586 		4.427 		2.6765
v 47.395 		-6.2481 		6.3361
v 47.3953 		-6.2037 		6.3396
v 45.3055 		4.8463 		2.7116
v 47.3957 		-6.1574 		6.3419
v 45.3055 		4.6981 		2.6952
v 47.396 		-6.1121 		6.3426
v 45.2941 		4.7075 		2.6952
v 45.2824 		4.7141 		2.6952
v 45.2706 		4.7179 		2.6952
v 46.988 		8.0556 		2.6555
v 46.9877 		8.0782 		2.6555
v 45.2586 		4.7198 		2.6952
v 47.3999 		-6.2481 		6.2743
v 42.4507 		-4.583 		2.6742
v 42.4099 		-4.6746 		2.6742
v 42.4337 		-4.6213 		2.6742
v 47.4002 		-6.215 		6.2781
v 42.3937 		-4.7169 		2.6742
v 42.3716 		-4.7747 		2.6742
v 42.3364 		-4.8843 		2.6742
v 47.4005 		-6.181 		6.2807
v 47.4009 		-6.147 		6.2823
v 47.4009 		-6.1121 		6.2827
v 45.2977 		4.9927 		2.7322
v 42.6513 		-3.2787 		2.6742
v 47.61 		-6.3331 		6.7051
v 45.2781 		4.9993 		2.7322
v 45.2586 		5.0012 		2.7322
v 46.6094 		7.1121 		6.9817
v 46.6091 		7.249 		6.9798
v 47.611 		-6.3368 		6.6982
v 46.7603 		7.4039 		6.9908
v 46.7587 		7.5474 		6.9794
v 47.611 		-6.3331 		6.699
v 46.7561 		7.6882 		6.9633
v 46.9867 		8.1009 		2.6555
v 46.8072 		7.6938 		6.9599
v 47.0122 		8.0556 		2.6451
v 47.0118 		8.0839 		2.6451
v 47.6074 		-6.3255 		6.7173
v 47.6074 		-6.3179 		6.7177
v 47.0105 		8.1122 		2.6451
v 47.6074 		-6.3104 		6.7181
v 46.6583 		7.3926 		6.9836
v 46.6567 		7.5314 		6.9729
v 46.6544 		7.6664 		6.9576
v 46.7091 		7.3992 		6.9897
v 47.6091 		-6.3236 		6.712
v 46.7075 		7.5408 		6.9782
v 47.0086 		8.1396 		2.6451
v 46.7052 		7.6797 		6.9626
v 47.006 		8.167 		2.6451
v 47.0027 		8.1934 		2.6451
v 46.9985 		8.2199 		2.6451
v 46.7531 		7.8261 		6.9431
v 46.7495 		7.9583 		6.919
v 47.6091 		-6.317 		6.7124
v 46.7453 		8.0867 		6.8904
v 47.6091 		-6.3104 		6.7124
v 46.7404 		8.2086 		6.8579
v 46.804 		7.8327 		6.9393
v 46.9851 		8.1236 		2.6555
v 47.2171 		-7.4305 		6.2257
v 46.8004 		7.9668 		6.9148
v 46.9832 		8.1453 		2.6555
v 46.9802 		8.167 		2.6555
v 46.7961 		8.0952 		6.8858
v 47.2445 		-7.3342 		6.1738
v 46.977 		8.1878 		2.6555
v 46.7912 		8.218 		6.8533
v 47.25 		-7.3228 		6.212
v 47.2559 		-7.3039 		6.2494
v 47.6104 		-6.3274 		6.7059
v 46.6515 		7.7996 		6.9381
v 47.2386 		-7.3379 		6.1356
v 46.6479 		7.9271 		6.9144
v 47.6104 		-6.3161 		6.7066
v 47.0353 		8.0556 		2.6325
v 47.6104 		-6.3217 		6.7063
v 47.035 		8.0896 		2.6325
v 46.6437 		8.0499 		6.8869
v 46.7023 		7.8147 		6.9427
v 47.0574 		8.0556 		2.618
v 47.3116 		-7.0716 		6.215
v 47.6113 		-6.3198 		6.7005
v 47.0571 		8.0943 		2.618
v 46.6984 		7.9451 		6.9186
v 46.6942 		8.0716 		6.8908
v 47.3162 		-7.0499 		6.2445
v 46.6896 		8.1916 		6.8587
v 47.6113 		-6.3151 		6.7005
v 47.0333 		8.1226 		2.6325
v 47.0311 		8.1557 		2.6325
v 47.0281 		8.1878 		2.6325
v 47.611 		-6.3283 		6.6998
v 47.611 		-6.3236 		6.7002
v 47.3305 		-6.9583 		6.1715
v 47.0239 		8.2199 		2.6325
v 47.3344 		-6.9451 		6.1979
v 47.0555 		8.133 		2.618
v 47.3383 		-6.9271 		6.2235
v 47.0529 		8.1708 		2.618
v 46.5586 		7.3756 		6.9584
v 47.3422 		-6.9035 		6.2487
v 47.0493 		8.2076 		2.618
v 43.0303 		-7.7214 		4.304
v 46.6081 		7.385 		6.9733
v 46.6065 		7.5191 		6.9626
v 47.3536 		-6.8147 		6.1811
v 47.3569 		-6.7996 		6.2028
v 46.6042 		7.6513 		6.9477
v 45.2902 		4.8548 		2.7116
v 47.3601 		-6.7798 		6.2238
v 45.2742 		4.8605 		2.7116
v 45.2586 		4.8624 		2.7116
v 47.3631 		-6.7562 		6.2445
v 46.5104 		7.3642 		6.9389
v 47.5807 		-6.3888 		6.7468
v 46.5088 		7.4879 		6.929
v 46.5068 		7.6098 		6.9156
v 47.585 		-6.3859 		6.7437
v 47.5853 		-6.3746 		6.7456
v 46.5042 		7.7278 		6.898
v 47.5889 		-6.3831 		6.7403
v 47.3223 		-6.9696 		6.118
v 47.5892 		-6.3718 		6.7422
v 47.5895 		-6.3595 		6.7441
v 47.3266 		-6.9668 		6.1448
v 46.557 		7.5049 		6.9481
v 47.5898 		-6.3482 		6.7452
v 46.555 		7.6315 		6.9339
v 47.3435 		-6.8346 		6.1138
v 47.5898 		-6.3359 		6.7464
v 47.3468 		-6.8327 		6.1364
v 47.5925 		-6.3897 		6.7341
v 47.3504 		-6.8261 		6.1589
v 47.5928 		-6.3793 		6.7364
v 46.6013 		7.7798 		6.929
v 47.5931 		-6.3689 		6.7383
v 46.598 		7.9035 		6.906
v 47.2699 		-7.2218 		6.1291
v 47.5931 		-6.3576 		6.7399
v 46.5938 		8.0234 		6.8793
v 47.2751 		-7.218 		6.1635
v 46.5892 		8.1377 		6.8491
v 47.2803 		-7.2086 		6.1982
v 47.2852 		-7.1916 		6.2322
v 47.5934 		-6.3463 		6.7414
v 46.6391 		8.167 		6.856
v 47.5934 		-6.334 		6.7422
v 47.2979 		-7.0981 		6.123
v 47.3025 		-7.0952 		6.1539
v 46.5009 		7.8431 		6.877
v 47.597 		-6.3331 		6.738
v 46.4974 		7.9536 		6.8522
v 47.307 		-7.0867 		6.1845
v 46.5521 		7.7562 		6.9156
v 46.5488 		7.8761 		6.8934
v 47.5957 		-6.385 		6.7299
v 47.5986 		-6.3888 		6.7235
v 46.5449 		7.9913 		6.8678
v 47.599 		-6.3803 		6.7261
v 42.9599 		-4.3658 		4.1917
v 42.896 		-4.4281 		4.1856
v 47.596 		-6.3756 		6.7322
v 47.5993 		-6.3708 		6.728
v 47.3768 		-6.6315 		6.2158
v 46.4931 		8.0584 		6.8243
v 47.3794 		-6.6098 		6.2315
v 46.4886 		8.1576 		6.7934
v 47.5964 		-6.3652 		6.7341
v 47.5967 		-6.3548 		6.7357
v 47.597 		-6.3434 		6.7368
v 47.3816 		-6.5843 		6.2468
v 46.5407 		8.1009 		6.8384
v 46.5358 		8.2048 		6.806
v 42.8468 		-4.5008 		4.186
v 47.5999 		-6.351 		6.7311
v 47.3693 		-6.6797 		6.1642
v 47.5999 		-6.3416 		6.7322
v 46.3361 		7.1121 		6.8254
v 46.3357 		7.2084 		6.8239
v 47.3719 		-6.6664 		6.1818
v 47.3745 		-6.6513 		6.199
v 46.3768 		7.1121 		6.8617
v 46.3765 		7.2169 		6.8602
v 47.3826 		-6.5314 		6.1616
v 43.029 		-4.3148 		4.1921
v 47.3846 		-6.5191 		6.1746
v 46.4198 		7.1121 		6.8942
v 46.4195 		7.2244 		6.8927
v 43.0459 		-4.3148 		4.1994
v 47.5996 		-6.3614 		6.7296
v 46.4648 		7.1121 		6.9225
v 46.4644 		7.232 		6.9209
v 47.3934 		-6.4237 		6.2315
v 47.3917 		-6.4473 		6.2212
v 47.3947 		-6.3982 		6.2406
v 47.5999 		-6.3312 		6.733
v 47.396 		-6.3708 		6.2494
v 46.2302 		7.1121 		6.696
v 46.2299 		7.1791 		6.6948
v 47.3973 		-6.3425 		6.2571
v 46.2295 		7.2462 		6.6917
v 46.2624 		7.1121 		6.7422
v 46.2624 		7.1895 		6.741
v 42.9231 		-4.3658 		4.1639
v 42.941 		-4.3658 		4.1784
v 46.2618 		7.266 		6.7376
v 46.298 		7.1121 		6.7857
v 46.2976 		7.1989 		6.7842
v 47.5938 		-6.3227 		6.7429
v 47.5898 		-6.3227 		6.7468
v 47.3937 		-6.3642 		6.1669
v 47.5938 		-6.3104 		6.7429
v 47.395 		-6.351 		6.1746
v 42.8758 		-4.4281 		4.1681
v 47.597 		-6.3217 		6.7383
v 46.1751 		7.1121 		6.5947
v 47.396 		-6.3368 		6.1818
v 42.8247 		-4.5008 		4.1646
v 46.1751 		7.1574 		6.594
v 46.1748 		7.2037 		6.5921
v 47.397 		-6.3208 		6.1883
v 46.1741 		7.2481 		6.5882
v 47.6003 		-6.4181 		6.6898
v 47.6009 		-6.4152 		6.6929
v 47.6012 		-6.4124 		6.6963
v 46.2009 		7.1121 		6.6467
v 46.2009 		7.1687 		6.6459
v 47.6016 		-6.4086 		6.6788
v 46.2005 		7.2254 		6.6432
v 47.6019 		-6.4086 		6.6818
v 47.135 		8.0556 		2.5401
v 47.1343 		8.1122 		2.5401
v 47.1321 		8.1679 		2.5401
v 47.1282 		8.2237 		2.5401
v 47.6026 		-6.4077 		6.6849
v 45.2586 		4.2787 		2.6742
v 47.6029 		-6.4058 		6.6879
v 46.153 		7.1121 		6.5409
v 46.153 		7.147 		6.5401
v 47.3989 		-6.2858 		6.2005
v 47.3979 		-6.3038 		6.1948
v 46.1526 		7.181 		6.5386
v 43.0586 		-7.7214 		4.3151
v 46.1523 		7.215 		6.5359
v 46.1517 		7.2481 		6.5321
v 43.0873 		-7.7214 		4.3247
v 43.1156 		-7.7214 		4.3327
v 46.8956 		7.4436 		2.6738
v 46.8949 		7.441 		2.6738
v 46.8765 		7.3104 		2.6742
v 46.8768 		7.3221 		2.6742
v 46.8768 		7.3255 		2.6742
v 46.877 		7.3365 		2.6742
v 46.8996 		7.453 		2.6736
v 46.8987 		7.4509 		2.6737
v 46.9027 		7.4603 		2.6735
v 46.8772 		7.3397 		2.6742
v 46.878 		7.3507 		2.6742
v 46.8782 		7.3538 		2.6742
v 43.0957 		-7.3379 		4.4507
v 46.9036 		7.4624 		2.6734
v 46.9079 		7.4709 		2.6733
v 46.907 		7.469 		2.6733
v 46.8795 		7.3648 		2.6742
v 46.8798 		7.368 		2.6742
v 43.0544 		-7.3379 		4.4366
v 46.8811 		7.379 		2.6742
v 46.9112 		7.4761 		2.6731
v 43.1371 		-7.3379 		4.4622
v 46.9123 		7.4776 		2.6731
v 46.8816 		7.3822 		2.6742
v 46.9128 		7.4783 		2.673
v 46.8836 		7.3954 		2.6742
v 46.4185 		7.3368 		6.8873
v 46.8857 		7.4056 		2.6742
v 46.8863 		7.4086 		2.6742
v 46.8874 		7.4136 		2.6742
v 43.0553 		-7.4475 		4.4095
v 46.4172 		7.4473 		6.8785
v 43.0938 		-7.4475 		4.4225
v 46.8874 		8.0556 		2.6742
v 46.8883 		7.4181 		2.6741
v 46.8889 		7.4209 		2.6741
v 46.4156 		7.5559 		6.8663
v 43.1326 		-7.4475 		4.4332
v 46.7464 		7.2113 		2.6742
v 46.7469 		7.1999 		2.6742
v 46.7479 		7.1187 		2.6742
v 46.748 		7.1121 		2.6742
v 46.4133 		7.6617 		6.8506
v 47.3865 		-6.5049 		6.1872
v 47.3885 		-6.4879 		6.199
v 46.4635 		7.351 		6.9152
v 43.1274 		-7.5476 		4.4018
v 46.4622 		7.4691 		6.9057
v 47.3901 		-6.4691 		6.2105
v 46.4602 		7.5843 		6.893
v 42.9716 		-7.3379 		4.4015
v 43.0127 		-7.3379 		4.4202
v 46.4579 		7.6967 		6.8762
v 46.9382 		7.4977 		2.6696
v 46.9355 		7.4972 		2.67
v 47.6032 		-6.4039 		6.691
v 43.0563 		-7.5476 		4.3801
v 43.0918 		-7.5476 		4.3919
v 47.3608 		-6.6957 		6.11
v 47.6039 		-6.4011 		6.694
v 47.3637 		-6.6938 		6.1283
v 46.3758 		7.3208 		6.8552
v 43.0576 		-7.6392 		4.3487
v 47.3663 		-6.6882 		6.1463
v 43.0896 		-7.6392 		4.3594
v 46.3745 		7.4237 		6.8472
v 43.1215 		-7.6392 		4.3682
v 47.3768 		-6.5512 		6.1211
v 47.3745 		-6.5531 		6.1073
v 46.9169 		7.4842 		2.6725
v 46.9215 		7.4889 		2.6719
v 46.9265 		7.4936 		2.6712
v 46.9314 		7.4964 		2.6705
v 46.9303 		7.4958 		2.6707
v 42.9785 		-7.4475 		4.377
v 46.3351 		7.3038 		6.8197
v 46.3338 		7.3982 		6.8121
v 43.0166 		-7.4475 		4.3942
v 46.3325 		7.4908 		6.8018
v 42.9856 		-7.5476 		4.3499
v 43.0208 		-7.5476 		4.3659
v 46.9416 		7.4983 		2.6688
v 42.9938 		-7.6392 		4.3212
v 46.9422 		7.4983 		2.6686
v 46.9404 		7.4981 		2.6691
v 46.9511 		7.4967 		2.6665
v 46.9471 		7.4974 		2.6674
v 43.0254 		-7.6392 		4.3358
v 46.9522 		7.4964 		2.6662
v 46.946 		7.4976 		2.6677
v 46.956 		7.4943 		2.6653
v 46.9571 		7.4936 		2.665
v 46.9619 		7.4889 		2.6638
v 46.9608 		7.49 		2.6641
v 46.9633 		7.4875 		2.6635
v 42.8915 		-7.3379 		4.3579
v 42.9312 		-7.3379 		4.3808
v 47.6042 		-6.3982 		6.6967
v 42.9038 		-7.4475 		4.3361
v 47.6045 		-6.3954 		6.6811
v 47.6039 		-6.3954 		6.6784
v 42.9407 		-7.4475 		4.3575
v 42.9172 		-7.5476 		4.3125
v 42.9511 		-7.5476 		4.3323
v 46.9665 		7.4842 		2.6624
v 46.9654 		7.4852 		2.6628
v 46.3305 		7.5814 		6.7884
v 46.971 		7.4776 		2.661
v 46.9699 		7.479 		2.6613
v 46.3279 		7.6683 		6.7723
v 42.9622 		-7.6392 		4.3052
v 46.9742 		7.4724 		2.6599
v 46.3253 		7.7524 		6.7536
v 46.3729 		7.5248 		6.8358
v 46.3706 		7.623 		6.8212
v 46.368 		7.7184 		6.804
v 42.8155 		-7.3379 		4.3063
v 46.9633 		8.0726 		2.6635
v 46.9633 		8.0556 		2.6635
v 42.8527 		-7.3379 		4.3331
v 46.9626 		8.0905 		2.6635
v 46.9613 		8.1066 		2.6635
v 46.4547 		7.8053 		6.8564
v 46.4104 		7.7637 		6.8319
v 42.868 		-7.4475 		4.3128
v 46.4071 		7.8619 		6.8102
v 46.4032 		7.9554 		6.785
v 46.399 		8.0442 		6.7574
v 46.4514 		7.9101 		6.8331
v 46.9382 		8.0669 		2.6696
v 46.9379 		8.0782 		2.6696
v 46.4472 		8.0102 		6.8063
v 46.9369 		8.0905 		2.6696
v 46.4429 		8.1037 		6.7769
v 47.3787 		-6.5474 		6.1348
v 46.9359 		8.1009 		2.6696
v 43.0599 		-7.7941 		4.2804
v 47.3807 		-6.5408 		6.1482
v 43.0847 		-7.7941 		4.2888
v 43.1094 		-7.7941 		4.2956
v 46.9346 		8.1122 		2.6696
v 43.0612 		-7.8564 		4.2437
v 43.0821 		-7.8564 		4.251
v 43.1029 		-7.8564 		4.2567
v 46.9597 		8.1236 		2.6635
v 43.0625 		-7.9074 		4.2063
v 46.9577 		8.1396 		2.6635
v 46.3647 		7.81 		6.7834
v 43.0795 		-7.9074 		4.212
v 46.9551 		8.1557 		2.6635
v 42.6513 		4.2787 		2.6742
v 46.3615 		7.8969 		6.7601
v 43.0964 		-7.9074 		4.2166
v 46.9731 		8.2076 		2.6555
v 47.6048 		-6.3944 		6.6837
v 46.3944 		8.1273 		6.7269
v 46.9688 		8.2274 		2.6555
v 46.4381 		8.1925 		6.7445
v 42.9739 		-7.7214 		4.2769
v 43.0019 		-7.7214 		4.2911
v 46.3221 		7.8327 		6.7322
v 42.9863 		-7.7941 		4.2468
v 46.3185 		7.9082 		6.7086
v 43.0107 		-7.7941 		4.2594
v 46.3146 		7.9791 		6.6826
v 46.3103 		8.0442 		6.6543
v 46.3576 		7.9791 		6.7345
v 47.6052 		-6.3935 		6.6864
v 46.3533 		8.0565 		6.7063
v 46.3488 		8.1273 		6.6753
v 46.9522 		8.1708 		2.6635
v 47.6055 		-6.3916 		6.6891
v 46.9489 		8.1849 		2.6635
v 46.3895 		8.2038 		6.6937
v 46.9454 		8.1991 		2.6635
v 46.9411 		8.2114 		2.6635
v 46.9369 		8.2237 		2.6635
v 46.297 		7.2858 		6.7804
v 46.296 		7.3708 		6.7735
v 46.2947 		7.4549 		6.7639
v 46.2927 		7.5371 		6.7521
v 47.5804 		-6.4709 		6.6833
v 43.0351 		-7.7941 		4.2704
v 47.581 		-6.47 		6.6883
v 47.582 		-6.4691 		6.6933
v 42.9993 		-7.8564 		4.2158
v 46.2285 		7.3123 		6.6864
v 46.2276 		7.3765 		6.6791
v 47.5846 		-6.4624 		6.6822
v 43.0198 		-7.8564 		4.2261
v 46.2263 		7.4398 		6.67
v 47.5853 		-6.4615 		6.6872
v 47.5859 		-6.4606 		6.6917
v 43.0404 		-7.8564 		4.2357
v 46.2246 		7.5012 		6.6585
v 46.2608 		7.3425 		6.7315
v 46.2595 		7.4171 		6.7231
v 47.5866 		-6.4587 		6.6967
v 46.2579 		7.4898 		6.7124
v 47.5885 		-6.453 		6.6814
v 47.5892 		-6.453 		6.686
v 47.5898 		-6.4511 		6.6906
v 43.0641 		-7.9481 		4.1677
v 43.0768 		-7.9481 		4.1719
v 46.9128 		8.0612 		2.673
v 46.2559 		7.5597 		6.6994
v 46.9125 		8.0669 		2.673
v 46.9121 		8.0726 		2.673
v 46.2536 		7.6277 		6.6845
v 46.251 		7.6919 		6.6673
v 47.5905 		-6.4492 		6.6948
v 46.2905 		7.6154 		6.7376
v 47.5921 		-6.4436 		6.6807
v 46.2882 		7.6919 		6.7204
v 47.5928 		-6.4426 		6.6849
v 43.0896 		-7.9481 		4.1753
v 43.057 		-7.9764 		4.1249
v 43.0654 		-7.9764 		4.1283
v 47.5934 		-6.4417 		6.6891
v 47.5941 		-6.4398 		6.6933
v 47.5947 		-6.4369 		6.6971
v 43.0739 		-7.9764 		4.131
v 47.5957 		-6.4322 		6.6803
v 47.5967 		-6.4313 		6.6875
v 47.596 		-6.4322 		6.6841
v 46.2852 		7.7647 		6.7013
v 46.282 		7.8327 		6.6799
v 46.9118 		8.0782 		2.673
v 47.5973 		-6.4294 		6.6914
v 46.2784 		7.8969 		6.6562
v 46.9108 		8.0839 		2.673
v 46.9102 		8.0896 		2.673
v 46.9092 		8.0943 		2.673
v 43.0641 		-4.2742 		4.1677
v 46.3436 		8.1925 		6.6425
v 43.0768 		-4.2742 		4.1719
v 43.0896 		-4.2742 		4.1753
v 46.9079 		8.099 		2.673
v 46.9069 		8.1037 		2.673
v 46.9053 		8.1075 		2.673
v 46.904 		8.1122 		2.673
v 46.9024 		8.1151 		2.673
v 47.3924 		-6.3756 		6.1585
v 46.2484 		7.7524 		6.6482
v 43.0514 		-4.2742 		4.1627
v 42.9807 		-4.3148 		4.1639
v 42.9964 		-4.3148 		4.1742
v 46.1999 		7.2811 		6.6387
v 43.0127 		-4.3148 		4.1833
v 46.1989 		7.3349 		6.6325
v 46.1976 		7.3888 		6.6249
v 46.1963 		7.4398 		6.6154
v 46.1947 		7.4898 		6.6043
v 46.9327 		8.1226 		2.6696
v 46.9307 		8.133 		2.6696
v 46.9287 		8.1424 		2.6696
v 47.3846 		-6.4077 		6.1054
v 46.9261 		8.1519 		2.6696
v 46.7391 		-7.4305 		3.0493
v 47.3859 		-6.4067 		6.1146
v 46.7453 		-7.4428 		3.0905
v 46.9235 		8.1604 		2.6696
v 46.9206 		8.1679 		2.6696
v 42.8398 		5.2222 		2.6742
v 46.1735 		7.2924 		6.5837
v 42.8071 		5.2258 		2.6742
v 46.9173 		8.1755 		2.6696
v 46.7743 		-7.3228 		3.0489
v 47.3872 		-6.4039 		6.1238
v 46.7802 		-7.3342 		3.0871
v 46.1725 		7.3349 		6.5772
v 42.8898 		-4.3658 		4.1337
v 46.786 		-7.3379 		3.1253
v 42.9061 		-4.3658 		4.149
v 46.1715 		7.3765 		6.5695
v 43.0827 		-7.9764 		4.1337
v 46.1699 		7.4171 		6.5607
v 47.598 		-6.4266 		6.6952
v 42.839 		-4.4281 		4.1306
v 46.6609 		-7.6203 		3.0531
v 46.6681 		-7.6345 		3.1005
v 42.8566 		-4.4281 		4.1494
v 47.5993 		-6.4209 		6.683
v 47.5986 		-6.4209 		6.6795
v 46.7013 		-7.5297 		3.0504
v 46.7078 		-7.5429 		3.0951
v 46.9141 		8.1812 		2.6696
v 42.8045 		-4.5008 		4.1429
v 43.0241 		-7.9764 		4.107
v 43.0319 		-7.9764 		4.1119
v 46.1927 		7.5371 		6.5917
v 46.1904 		7.5814 		6.5775
v 43.04 		-7.9764 		4.1169
v 46.7271 		-7.3814 		2.9679
v 46.1881 		7.623 		6.5623
v 43.0485 		-7.9764 		4.1211
v 46.932 		8.2341 		2.6635
v 42.6852 		5.2742 		2.6742
v 46.7329 		-7.4097 		3.0084
v 42.7363 		5.2458 		2.6742
v 42.705 		5.2632 		2.6742
v 42.7878 		5.2279 		2.6742
v 46.2227 		7.5597 		6.6455
v 46.7577 		-7.2444 		2.9385
v 47.5996 		-6.4199 		6.6864
v 46.7632 		-7.2784 		2.9744
v 46.2204 		7.6154 		6.6306
v 46.7688 		-7.3039 		3.0115
v 42.9794 		-7.8564 		4.204
v 46.2178 		7.6683 		6.6142
v 43.0387 		-4.2742 		4.157
v 46.9007 		8.1188 		2.673
v 42.9807 		-7.9074 		4.1639
v 46.2152 		7.7184 		6.5959
v 42.9964 		-7.9074 		4.1742
v 46.8991 		8.1217 		2.673
v 46.8971 		8.1236 		2.673
v 46.8952 		8.1264 		2.673
v 46.8932 		8.1273 		2.673
v 43.0127 		-7.9074 		4.1833
v 46.6469 		-7.5646 		2.9603
v 46.8913 		8.1283 		2.673
v 46.6538 		-7.5977 		3.0061
v 43.029 		-7.9074 		4.1921
v 46.6883 		-7.4777 		2.9633
v 43.0459 		-7.9074 		4.1994
v 43.014 		-4.2742 		4.1432
v 46.6948 		-7.5079 		3.0065
v 47.5618 		-6.4936 		6.6872
v 43.0263 		-4.2742 		4.1505
v 42.6352 		5.3148 		2.6742
v 47.5628 		-6.4927 		6.6929
v 46.151 		7.2811 		6.5275
v 46.15 		7.3123 		6.5218
v 46.149 		7.3425 		6.5149
v 42.4939 		5.5008 		2.6742
v 42.5392 		5.4281 		2.6742
v 42.5863 		5.3658 		2.6742
v 47.5677 		-6.4889 		6.6917
v 42.6057 		5.3455 		2.6742
v 47.5667 		-6.4889 		6.686
v 46.4794 		-7.8857 		3.0733
v 43.0387 		-7.9481 		4.157
v 46.1481 		7.3708 		6.5073
v 46.4879 		-7.9018 		3.1291
v 47.3885 		-6.3992 		6.1329
v 46.5114 		-7.7705 		2.9607
v 47.5716 		-6.4842 		6.6853
v 46.9105 		8.1868 		2.6696
v 47.3898 		-6.3926 		6.1417
v 46.5192 		-7.8083 		3.0134
v 46.903 		8.1963 		2.6696
v 47.5683 		-6.487 		6.6971
v 46.5273 		-7.8347 		3.0668
v 46.9069 		8.1925 		2.6696
v 47.3911 		-6.385 		6.1501
v 42.9511 		-4.3148 		4.1417
v 46.5355 		-7.8508 		3.1207
v 46.1686 		7.4549 		6.5504
v 46.8952 		8.2019 		2.6696
v 46.8994 		8.1991 		2.6696
v 42.9657 		-4.3148 		4.1532
v 46.167 		7.4908 		6.5393
v 47.5722 		-6.4832 		6.6906
v 46.5658 		-7.7478 		3.0095
v 47.5762 		-6.4776 		6.6841
v 47.1441 		-7.3634 		2.4916
v 47.5768 		-6.4776 		6.6895
v 46.8913 		8.2029 		2.6696
v 46.5736 		-7.7733 		3.0611
v 43.0514 		-7.9481 		4.1627
v 47.1516 		-7.3039 		2.4916
v 46.5814 		-7.7894 		3.1134
v 47.5732 		-6.4823 		6.696
v 47.1575 		-7.2435 		2.4916
v 47.1461 		-7.4381 		2.4656
v 47.5775 		-6.4757 		6.6944
v 47.1555 		-7.3776 		2.4656
v 42.8748 		-4.3658 		4.1176
v 46.5583 		-7.7119 		2.9587
v 47.1633 		-7.3153 		2.4656
v 42.8227 		-4.4281 		4.1108
v 46.6036 		-7.643 		2.9587
v 46.1468 		7.3982 		6.4989
v 47.1695 		-7.252 		2.4656
v 46.6107 		-7.677 		3.0073
v 46.1451 		7.4237 		6.4893
v 46.8893 		8.1292 		2.673
v 46.1438 		7.4473 		6.4794
v 46.6182 		-7.7016 		3.0565
v 46.1422 		7.4691 		6.4683
v 46.6257 		-7.7167 		3.1066
v 47.2122 		8.0556 		2.322
v 47.2112 		8.1292 		2.322
v 47.2083 		8.2029 		2.322
v 47.2132 		8.0556 		2.2922
v 47.2122 		8.1292 		2.2922
v 47.2093 		8.2029 		2.2922
v 47.1441 		-7.5117 		2.4385
v 47.1516 		-7.5249 		2.4102
v 46.6039 		8.0667 		2.674
v 46.577 		8.1292 		2.673
v 42.9798 		-7.9481 		4.1188
v 46.6642 		-7.2737 		2.804
v 47.1438 		-7.5958 		2.3812
v 42.9908 		-7.9481 		4.1276
v 47.1575 		-7.5353 		2.3812
v 46.6697 		-7.3361 		2.8411
v 46.165 		7.5248 		6.5267
v 43.0022 		-7.9481 		4.1356
v 46.6756 		-7.3908 		2.8804
v 46.5564 		8.1697 		2.6711
v 46.5353 		8.2029 		2.6696
v 47.1477 		-7.6043 		2.3518
v 46.1631 		7.5559 		6.5134
v 46.5602 		8.1635 		2.6714
v 46.6818 		-7.4381 		2.9213
v 47.1617 		-7.5429 		2.3518
v 47.1741 		-7.4787 		2.3518
v 46.5681 		8.1479 		2.6722
v 43.014 		-7.9481 		4.1432
v 46.7098 		-7.2501 		2.8545
v 43.0263 		-7.9481 		4.1505
v 47.1555 		-7.4513 		2.4385
v 46.1859 		7.6617 		6.5458
v 46.7153 		-7.3011 		2.8911
v 46.5143 		8.2331 		2.6671
v 47.6058 		-6.3888 		6.6914
v 47.1656 		-7.3899 		2.4385
v 46.7212 		-7.3455 		2.929
v 47.6065 		-6.3822 		6.6803
v 46.1833 		7.6967 		6.5279
v 47.1738 		-7.3247 		2.4385
v 47.6071 		-6.3803 		6.6845
v 47.6068 		-6.3812 		6.6826
v 46.1803 		7.7278 		6.5092
v 47.18 		-7.2596 		2.4385
v 47.1633 		-7.4636 		2.4102
v 47.6074 		-6.3784 		6.6868
v 47.1738 		-7.3993 		2.4102
v 46.1608 		7.5843 		6.4992
v 46.5035 		-7.7233 		2.9095
v 47.0045 		6.3039 		1.1721
v 47.1822 		-7.3332 		2.4102
v 46.988 		6.3069 		1.165
v 47.1888 		-7.2652 		2.4102
v 46.9633 		6.3104 		1.157
v 46.1585 		7.6098 		6.484
v 46.9382 		6.3131 		1.1509
v 46.9128 		6.3145 		1.1474
v 46.1562 		7.6315 		6.4679
v 46.4961 		-7.6666 		2.8598
v 42.87 		-7.7214 		4.2063
v 42.8947 		-7.7214 		4.2257
v 47.6068 		-6.3831 		6.6963
v 47.2132 		8.0556 		1.5283
v 47.2122 		8.1292 		1.5283
v 47.6081 		-6.3746 		6.691
v 47.6061 		-6.3859 		6.6937
v 47.2093 		8.2029 		1.5283
v 42.9201 		-7.7214 		4.2441
v 47.6078 		-6.3765 		6.6891
v 47.2122 		8.0556 		1.4985
v 46.5436 		-7.6109 		2.8617
v 47.2112 		8.1292 		1.4985
v 42.9468 		-7.7214 		4.2609
v 47.2083 		8.2029 		1.4985
v 47.2093 		8.0556 		1.4687
v 46.5508 		-7.6666 		2.9095
v 47.1695 		-7.4721 		2.3812
v 47.2083 		8.1283 		1.4687
v 47.18 		-7.4069 		2.3812
v 47.2054 		8.2019 		1.4687
v 46.2452 		7.81 		6.6272
v 47.6084 		-6.3718 		6.6929
v 42.9397 		-7.7941 		4.2181
v 47.1888 		-7.3389 		2.3812
v 46.5896 		-7.5467 		2.8659
v 47.6087 		-6.3689 		6.6948
v 46.2419 		7.8619 		6.6047
v 47.1956 		-7.2699 		2.3812
v 42.9628 		-7.7941 		4.233
v 46.5964 		-7.5996 		2.9114
v 46.238 		7.9101 		6.5802
v 47.1848 		-7.4126 		2.3518
v 46.2341 		7.9536 		6.5546
v 47.1933 		-7.3436 		2.3518
v 43.057 		-4.2458 		4.1249
v 47.2041 		8.0556 		1.4393
v 43.0654 		-4.2458 		4.1283
v 47.2002 		-7.2737 		2.3518
v 47.2031 		8.1273 		1.4393
v 46.2745 		7.9554 		6.6306
v 46.6335 		-7.473 		2.872
v 42.896 		-7.7941 		4.1856
v 46.6401 		-7.5231 		2.9156
v 47.2002 		8.1991 		1.4393
v 42.9175 		-7.7941 		4.2024
v 47.1972 		8.0556 		1.4102
v 47.6061 		-6.3822 		6.678
v 47.1962 		8.1264 		1.4102
v 42.9231 		-7.8564 		4.1639
v 47.0627 		-7.4891 		2.5623
v 42.941 		-7.8564 		4.1784
v 46.5707 		-7.3361 		2.7406
v 46.2706 		8.0102 		6.6035
v 42.9599 		-7.8564 		4.1917
v 47.1933 		8.1963 		1.4102
v 43.0739 		-4.2458 		4.131
v 43.0827 		-4.2458 		4.1337
v 46.5765 		-7.4144 		2.78
v 47.6087 		-6.3652 		6.6967
v 46.583 		-7.4843 		2.822
v 47.0581 		-7.3077 		2.6012
v 47.0643 		-7.2681 		2.6012
v 47.1884 		8.0556 		1.382
v 47.1875 		8.1236 		1.382
v 46.6156 		-7.2737 		2.7532
v 46.266 		8.0584 		6.5745
v 47.1848 		8.1925 		1.382
v 46.6215 		-7.3474 		2.7907
v 47.6084 		-6.368 		6.6811
v 47.6087 		-6.3671 		6.683
v 46.6274 		-7.4144 		2.8304
v 47.1001 		-7.3115 		2.5623
v 47.1063 		-7.2624 		2.5623
v 46.3058 		8.1037 		6.6241
v 47.6081 		-6.368 		6.6795
v 46.3009 		8.1576 		6.5924
v 46.296 		8.2048 		6.5588
v 47.6078 		-6.368 		6.6776
v 47.0584 		-7.4163 		2.5825
v 46.4824 		-7.5231 		2.767
v 47.0679 		-7.3757 		2.5825
v 47.1777 		8.0556 		1.3549
v 46.4889 		-7.5996 		2.8125
v 47.1767 		8.1217 		1.3549
v 46.2123 		7.7637 		6.5764
v 47.0737 		-7.4484 		2.5623
v 46.209 		7.8053 		6.555
v 46.5303 		-7.473 		2.772
v 47.0838 		-7.4041 		2.5623
v 47.1741 		8.1868 		1.3549
v 46.5368 		-7.5467 		2.8159
v 47.0926 		-7.3587 		2.5623
v 47.1653 		8.0556 		1.3289
v 46.2302 		7.9913 		6.5279
v 47.1643 		8.1188 		1.3289
v 46.2259 		8.0234 		6.4996
v 47.6094 		-6.3623 		6.6879
v 47.1617 		8.1812 		1.3289
v 46.4759 		-7.4381 		2.7242
v 47.6091 		-6.3642 		6.6864
v 46.2615 		8.1009 		6.5443
v 46.5182 		-7.3011 		2.6921
v 47.076 		-7.3342 		2.5825
v 46.5241 		-7.3908 		2.7307
v 47.0829 		-7.2907 		2.5825
v 46.2569 		8.1377 		6.5126
v 47.0887 		-7.2454 		2.5825
v 47.6087 		-6.3652 		6.6849
v 46.5651 		-7.2501 		2.7036
v 47.6097 		-6.3595 		6.6898
v 46.252 		8.167 		6.4801
v 47.151 		8.0556 		1.3037
v 47.1503 		8.1151 		1.3037
v 47.1477 		8.1755 		1.3037
v 47.1438 		8.2341 		1.3037
v 46.9874 		-7.5287 		2.6012
v 46.3221 		-7.9424 		3.0409
v 47.6097 		-6.3538 		6.6799
v 46.9998 		-7.5051 		2.6012
v 47.61 		-6.3519 		6.6826
v 46.3309 		-7.9707 		3.0985
v 46.1774 		7.7562 		6.4897
v 46.1741 		7.7798 		6.4691
v 46.3726 		-7.9254 		3.0321
v 46.381 		-7.9537 		3.0894
v 43.0485 		-4.2458 		4.1211
v 47.0249 		-7.5221 		2.5825
v 46.4306 		-7.9254 		3.081
v 42.8898 		-7.8564 		4.1337
v 47.135 		8.0556 		1.2804
v 47.0369 		-7.4891 		2.5825
v 47.1343 		8.1122 		1.2804
v 42.9061 		-7.8564 		4.149
v 47.61 		-6.3548 		6.6925
v 47.1321 		8.1679 		1.2804
v 47.0229 		-7.5958 		2.5623
v 47.6097 		-6.3576 		6.6914
v 47.0369 		-7.5637 		2.5623
v 47.1282 		8.2237 		1.2804
v 46.3136 		-7.9018 		2.984
v 42.9798 		-4.2742 		4.1188
v 47.0503 		-7.5278 		2.5623
v 42.9908 		-4.2742 		4.1276
v 43.0022 		-4.2742 		4.1356
v 46.3641 		-7.8857 		2.9759
v 47.6104 		-6.3491 		6.6853
v 42.9244 		-7.9074 		4.1173
v 47.6107 		-6.3463 		6.6875
v 46.4139 		-7.8583 		2.9691
v 42.9374 		-7.9074 		4.1299
v 42.9244 		-4.3148 		4.1173
v 46.9835 		-7.6024 		2.5825
v 46.4221 		-7.8971 		3.0244
v 42.9374 		-4.3148 		4.1299
v 42.9511 		-7.9074 		4.1417
v 46.9978 		-7.5788 		2.5825
v 46.4631 		-7.8196 		2.9641
v 47.0118 		-7.5514 		2.5825
v 46.4713 		-7.8583 		3.0183
v 42.9657 		-7.9074 		4.1532
v 46.9757 		-7.6723 		2.5623
v 46.992 		-7.6506 		2.5623
v 42.9693 		-7.9481 		4.11
v 47.0076 		-7.6251 		2.5623
v 46.1712 		-7.9254 		3.0737
v 42.8612 		-4.3658 		4.1012
v 46.2207 		-7.9424 		3.0615
v 46.2295 		-7.9707 		3.1196
v 42.8077 		-4.4281 		4.0909
v 46.2719 		-7.9481 		3.0504
v 46.2712 		-7.9481 		3.0508
v 46.9757 		-7.3115 		2.6451
v 46.9822 		-7.2907 		2.6451
v 46.9884 		-7.2681 		2.6451
v 46.9936 		-7.2444 		2.6451
v 46.2797 		-7.9764 		3.1085
v 47.0167 		-7.3757 		2.618
v 46.2804 		-7.9764 		3.1085
v 47.0229 		-7.4484 		2.6012
v 47.033 		-7.4163 		2.6012
v 43.0319 		-4.2458 		4.1119
v 43.04 		-4.2458 		4.1169
v 47.0425 		-7.3814 		2.6012
v 47.4002 		-6.2462 		6.2101
v 46.1546 		-7.8347 		2.9629
v 46.1627 		-7.8857 		3.0176
v 47.4009 		-6.2254 		6.2139
v 46.2041 		-7.8508 		2.95
v 46.2123 		-7.9018 		3.005
v 42.8045 		-7.7214 		4.1429
v 46.2543 		-7.8564 		2.9385
v 42.8247 		-7.7214 		4.1646
v 47.0193 		-7.2501 		2.6325
v 47.0252 		-7.3455 		2.618
v 46.2624 		-7.9074 		2.9939
v 42.8468 		-7.7214 		4.186
v 46.2549 		-7.8564 		2.9385
v 47.0327 		-7.3134 		2.618
v 42.8227 		-7.7941 		4.1108
v 47.0392 		-7.2794 		2.618
v 46.2057 		7.8431 		6.5328
v 42.839 		-7.7941 		4.1306
v 47.0447 		-7.2444 		2.618
v 46.2631 		-7.9074 		2.9939
v 46.2022 		7.8761 		6.5095
v 42.8566 		-7.7941 		4.1494
v 47.0506 		-7.3455 		2.6012
v 46.1982 		7.9035 		6.4851
v 42.8758 		-7.7941 		4.1681
v 46.1947 		7.9271 		6.4599
v 46.3478 		-7.7733 		2.8682
v 46.9835 		-7.3814 		2.6325
v 46.3556 		-7.8347 		2.9213
v 42.8748 		-7.8564 		4.1176
v 46.2217 		8.0499 		6.471
v 46.992 		-7.3587 		2.6325
v 46.398 		-7.7478 		2.8633
v 46.4058 		-7.8083 		2.9152
v 46.9763 		-7.4768 		2.618
v 46.1536 		7.6513 		6.4515
v 46.9874 		-7.4551 		2.618
v 46.4553 		-7.7705 		2.9114
v 46.151 		7.6664 		6.4343
v 46.9978 		-7.4305 		2.618
v 42.9016 		-7.6392 		4.2685
v 42.9315 		-7.6392 		4.2876
v 46.1484 		7.6797 		6.4167
v 47.0076 		-7.4041 		2.618
v 46.3328 		-7.6203 		2.7689
v 46.1429 		7.6938 		6.3808
v 46.1458 		7.6882 		6.3988
v 46.3403 		-7.7016 		2.8174
v 46.3833 		-7.5977 		2.7655
v 47.0118 		-7.4777 		2.6012
v 46.3905 		-7.677 		2.8132
v 46.4332 		-7.5646 		2.7647
v 46.4403 		-7.643 		2.8113
v 42.8331 		-7.4475 		4.2884
v 46.4475 		-7.7119 		2.8606
v 42.8217 		-7.5476 		4.2445
v 46.2468 		8.1916 		6.4469
v 46.9998 		-7.3342 		2.6325
v 42.8524 		-7.5476 		4.2685
v 47.0069 		-7.3077 		2.6325
v 42.8843 		-7.5476 		4.2914
v 47.0135 		-7.2794 		2.6325
v 42.9693 		-4.2742 		4.11
v 42.8452 		-7.6392 		4.2261
v 46.1464 		-7.7733 		2.9099
v 42.8729 		-7.6392 		4.2479
v 46.196 		-7.7894 		2.8965
v 47.0483 		-7.4541 		2.5825
v 46.2468 		-7.7941 		2.8846
v 46.2461 		-7.7941 		2.885
v 42.8191 		-7.6392 		4.2032
v 46.2973 		-7.7894 		2.8755
v 47.0581 		-7.7365 		2.4656
v 46.3054 		-7.8508 		2.929
v 46.9884 		-7.7611 		2.5168
v 43.0544 		-7.9943 		4.0829
v 43.0583 		-7.9943 		4.0848
v 47.0069 		-7.7365 		2.5168
v 42.9123 		-4.3148 		4.1043
v 43.0625 		-7.9943 		4.0867
v 43.0671 		-7.9943 		4.0886
v 43.0755 		-7.9943 		4.0913
v 46.239 		-7.7214 		2.8331
v 46.2383 		-7.7214 		2.8335
v 43.0713 		-7.9943 		4.0898
v 46.9936 		-7.7998 		2.4916
v 47.0135 		-7.7733 		2.4916
v 47.0327 		-7.7422 		2.4916
v 46.1881 		-7.7167 		2.8449
v 46.977 		-7.8555 		2.4656
v 46.9985 		-7.8328 		2.4656
v 42.8488 		-4.3658 		4.0844
v 46.1741 		-7.5429 		2.7498
v 47.0193 		-7.8054 		2.4656
v 46.181 		-7.6345 		2.796
v 47.0392 		-7.7733 		2.4656
v 47.4012 		-6.2037 		6.2173
v 46.224 		-7.5476 		2.738
v 46.2312 		-7.6392 		2.7842
v 47.4022 		-6.1357 		6.2227
v 47.4018 		-6.1583 		6.2215
v 46.2318 		-7.6392 		2.7842
v 46.2246 		-7.5476 		2.738
v 47.4015 		-6.181 		6.2196
v 46.2823 		-7.6345 		2.775
v 47.0643 		-7.7611 		2.4385
v 47.0695 		-7.7818 		2.4102
v 43.0241 		-4.2458 		4.107
v 46.2895 		-7.7167 		2.8239
v 47.0887 		-7.7384 		2.4102
v 46.4205 		-7.3814 		2.6795
v 47.1177 		8.0556 		1.2582
v 47.0737 		-7.7988 		2.3812
v 47.4022 		-6.1121 		6.2231
v 46.4267 		-7.4777 		2.7208
v 47.1171 		8.1075 		1.2582
v 47.0933 		-7.7535 		2.3812
v 47.1148 		8.1604 		1.2582
v 46.4697 		-7.3455 		2.6841
v 47.0767 		-7.8102 		2.3518
v 47.1115 		8.2114 		1.2582
v 47.0962 		-7.7648 		2.3518
v 47.6104 		-6.351 		6.694
v 47.0988 		8.0556 		1.238
v 43.0162 		-4.2458 		4.1016
v 47.0982 		8.1037 		1.238
v 47.6107 		-6.3444 		6.6963
v 47.6104 		-6.3482 		6.6952
v 46.2419 		8.2086 		6.4129
v 46.3195 		-7.4305 		2.6803
v 47.0962 		8.1519 		1.238
v 47.0933 		8.1991 		1.238
v 46.2367 		8.218 		6.3782
v 46.326 		-7.5297 		2.7231
v 46.9802 		-7.8857 		2.4385
v 47.0027 		-7.8621 		2.4385
v 46.3703 		-7.4097 		2.678
v 47.0239 		-7.8328 		2.4385
v 46.3765 		-7.5079 		2.7204
v 46.1712 		7.7996 		6.4477
v 47.3996 		-6.266 		6.2055
v 47.0447 		-7.7998 		2.4385
v 47.6107 		-6.3406 		6.6975
v 46.1676 		7.8147 		6.4259
v 46.9832 		-7.9103 		2.4102
v 46.1644 		7.8261 		6.4037
v 47.079 		8.0556 		1.2193
v 46.1611 		7.8327 		6.3816
v 47.006 		-7.8857 		2.4102
v 46.2686 		-7.4428 		2.6856
v 47.0783 		8.099 		1.2193
v 46.2751 		-7.5429 		2.7288
v 47.0281 		-7.8555 		2.4102
v 47.0767 		8.1424 		1.2193
v 46.1575 		7.8346 		6.3591
v 47.0737 		8.1849 		1.2193
v 47.0493 		-7.8215 		2.4102
v 46.1908 		7.9451 		6.4343
v 47.0695 		8.2274 		1.2193
v 46.1676 		-7.4428 		2.7066
v 46.1868 		7.9583 		6.4079
v 46.2175 		-7.4475 		2.6944
v 46.2181 		-7.4475 		2.6944
v 46.9851 		-7.9292 		2.3812
v 47.6094 		-6.3538 		6.6788
v 47.0086 		-7.9037 		2.3812
v 47.0311 		-7.8734 		2.3812
v 47.0574 		8.0556 		1.2024
v 46.0197 		-7.7705 		3.0623
v 47.0571 		8.0943 		1.2024
v 47.0529 		-7.8385 		2.3812
v 46.0275 		-7.8083 		3.115
v 47.0353 		8.0556 		1.1879
v 46.9867 		-7.9424 		2.3518
v 47.6091 		-6.3538 		6.6772
v 47.035 		8.0896 		1.1879
v 46.066 		-7.8196 		3.0462
v 47.3992 		-6.1357 		6.1623
v 47.0105 		-7.9178 		2.3518
v 47.3989 		-6.147 		6.1616
v 47.3992 		-6.1234 		6.1627
v 46.0741 		-7.8583 		3.1005
v 47.0333 		-7.8867 		2.3518
v 46.1829 		7.9668 		6.3812
v 43.0162 		-7.9764 		4.1016
v 47.0555 		-7.8508 		2.3518
v 46.1139 		-7.8583 		3.0313
v 46.122 		-7.8971 		3.0867
v 42.9596 		-4.2742 		4.1005
v 47.3992 		-6.1121 		6.1631
v 47.0555 		8.133 		1.2024
v 42.9012 		-4.3148 		4.0909
v 47.0529 		8.1708 		1.2024
v 47.0493 		8.2076 		1.2024
v 46.0122 		-7.7233 		3.0111
v 46.2171 		8.0716 		6.4412
v 46.0581 		-7.7705 		2.9935
v 47.0333 		8.1226 		1.1879
v 47.0627 		-7.5637 		2.5401
v 46.2126 		8.0867 		6.411
v 47.0311 		8.1557 		1.1879
v 47.0757 		-7.5221 		2.5401
v 47.0281 		8.1878 		1.1879
v 46.208 		8.0952 		6.3801
v 47.0239 		8.2199 		1.1879
v 43.0286 		-7.9943 		4.0626
v 47.3957 		-6.232 		6.1387
v 43.0319 		-7.9943 		4.0661
v 47.0584 		-7.6364 		2.5168
v 43.0351 		-7.9943 		4.0691
v 47.0737 		-7.5958 		2.5168
v 43.2716 		-4.2222 		4.0991
v 42.8374 		-4.3658 		4.0672
v 43.0387 		-7.9943 		4.0722
v 47.3966 		-6.2169 		6.1459
v 43.0423 		-7.9943 		4.0749
v 47.396 		-6.2244 		6.1425
v 47.0877 		-7.5514 		2.5168
v 46.1787 		7.9696 		6.3545
v 43.0462 		-7.9943 		4.0779
v 47.1008 		-7.5051 		2.5168
v 47.6097 		-6.3529 		6.6814
v 47.0122 		8.0556 		1.1753
v 46.2035 		8.0981 		6.3495
v 43.1017 		-4.2279 		4.0978
v 43.0501 		-7.9943 		4.0802
v 47.0118 		8.0839 		1.1753
v 43.0551 		-4.2337 		4.0965
v 43.0611 		-4.2326 		4.0967
v 46.2315 		8.2218 		6.3438
v 43.0632 		-4.2322 		4.0968
v 47.6104 		-6.3397 		6.678
v 47.0105 		8.1122 		1.1753
v 43.0667 		-4.2317 		4.097
v 43.0732 		-4.2309 		4.0971
v 43.0718 		-4.2311 		4.0971
v 43.0766 		-4.2304 		4.0972
v 47.6107 		-6.3387 		6.6799
v 47.0086 		8.1396 		1.1753
v 43.0684 		-4.2314 		4.097
v 47.61 		-6.351 		6.6841
v 47.1122 		-7.5287 		2.4916
v 43.0215 		-4.2416 		4.0947
v 47.3976 		-6.1989 		6.1516
v 43.0229 		-4.2412 		4.0948
v 43.0307 		-4.2393 		4.0952
v 47.006 		8.167 		1.1753
v 47.6104 		-6.3397 		6.6788
v 47.397 		-6.2084 		6.149
v 42.9785 		-7.9764 		4.063
v 43.0329 		-4.2387 		4.0953
v 43.0458 		-4.2356 		4.096
v 43.0412 		-4.2367 		4.0958
v 42.9837 		-7.9764 		4.0699
v 47.0027 		8.1934 		1.1753
v 47.3979 		-6.1895 		6.1543
v 43.0488 		-4.2349 		4.0962
v 47.1083 		-7.6024 		2.4656
v 43.0387 		-4.2373 		4.0957
v 42.9892 		-7.9764 		4.0768
v 46.9985 		8.2199 		1.1753
v 47.1223 		-7.5504 		2.4656
v 43.0523 		-4.2342 		4.0964
v 46.1344 		7.1121 		6.4851
v 42.9954 		-7.9764 		4.0833
v 46.1344 		7.1357 		6.4847
v 43.0065 		-4.2458 		4.0937
v 43.0091 		-4.2458 		4.0959
v 43.0114 		-4.2444 		4.094
v 47.135 		-7.4957 		2.4656
v 42.9796 		-4.2583 		4.0908
v 43.0019 		-7.9764 		4.0898
v 47.3989 		-6.1574 		6.16
v 42.9726 		-4.2617 		4.0901
v 43.0091 		-7.9764 		4.0959
v 47.3986 		-6.1687 		6.1585
v 42.9872 		-4.2547 		4.0917
v 42.9971 		-4.25 		4.0928
v 47.3983 		-6.1791 		6.1566
v 42.9995 		-4.249 		4.093
v 46.1334 		7.2037 		6.4794
v 46.1331 		7.2254 		6.4759
v 47.0679 		-7.6676 		2.4916
v 42.9504 		-4.2742 		4.0905
v 47.6104 		-6.3482 		6.6864
v 46.1057 		-7.8083 		2.9775
v 46.1324 		7.2462 		6.4721
v 47.0838 		-7.6251 		2.4916
v 42.9665 		-4.2647 		4.0894
v 47.0985 		-7.5788 		2.4916
v 46.988 		7.9113 		1.165
v 46.9994 		7.9132 		1.1699
v 47.611 		-6.3368 		6.6826
v 43.0143 		-7.9943 		4.0348
v 47.076 		-7.6959 		2.4656
v 43.0149 		-7.9943 		4.0382
v 43.0159 		-7.9943 		4.0416
v 43.0172 		-7.9943 		4.0455
v 46.988 		8.0556 		1.165
v 45.9751 		-7.7119 		3.0794
v 47.0926 		-7.6506 		2.4656
v 46.9877 		8.0782 		1.165
v 43.0192 		-7.9943 		4.0489
v 46.0047 		-7.6666 		2.9618
v 46.9867 		8.1009 		1.165
v 46.1341 		7.1583 		6.4836
v 43.0211 		-7.9943 		4.0523
v 46.1341 		7.181 		6.4817
v 43.0234 		-7.9943 		4.0558
v 47.611 		-6.3416 		6.6898
v 47.6107 		-6.3434 		6.6887
v 46.1318 		7.266 		6.4675
v 46.0503 		-7.7119 		2.9427
v 46.9851 		8.1236 		1.165
v 47.6107 		-6.3387 		6.6807
v 46.9832 		8.1453 		1.165
v 42.9739 		-7.9764 		4.0561
v 46.9802 		8.167 		1.165
v 47.1083 		-7.3814 		2.5401
v 46.977 		8.1878 		1.165
v 47.1164 		-7.3304 		2.5401
v 47.1229 		-7.2775 		2.5401
v 47.1122 		-7.4551 		2.5168
v 47.1223 		-7.4022 		2.5168
v 47.6107 		-6.3378 		6.6814
v 47.6113 		-6.3331 		6.6849
v 47.3924 		-6.2566 		6.1176
v 47.1308 		-7.3483 		2.5168
v 46.9633 		7.9081 		1.157
v 46.9382 		7.9056 		1.1509
v 46.1194 		7.147 		6.4259
v 47.3917 		-6.2584 		6.1134
v 46.9128 		7.9043 		1.1474
v 42.9605 		-7.9764 		4.0214
v 45.9441 		-7.629 		3.0413
v 47.1379 		-7.2917 		2.5168
v 47.393 		-6.2528 		6.1222
v 46.1197 		7.1121 		6.4274
v 46.1197 		7.1234 		6.4274
v 42.9618 		-7.9764 		4.0283
v 46.9633 		8.0726 		1.157
v 46.1197 		7.1357 		6.4267
v 46.9626 		8.0905 		1.157
v 42.9638 		-7.9764 		4.0351
v 45.9429 		-7.6389 		3.0603
v 45.9429 		-7.6392 		3.0609
v 45.9401 		-7.6551 		3.0943
v 46.9613 		8.1066 		1.157
v 47.3937 		-6.249 		6.1268
v 42.9667 		-7.9764 		4.042
v 42.97 		-7.9764 		4.0493
v 42.8504 		-4.3509 		4.0662
v 42.8432 		-4.3576 		4.0644
v 42.8346 		-4.3658 		4.0622
v 47.0877 		-7.4777 		2.5401
v 47.611 		-6.3359 		6.6833
v 42.817 		-4.3861 		4.0568
v 42.8149 		-4.3884 		4.0561
v 47.0985 		-7.4305 		2.5401
v 46.9382 		8.0669 		1.1509
v 46.9379 		8.0782 		1.1509
v 42.9548 		-4.2705 		4.0878
v 42.9473 		-4.2742 		4.0868
v 46.9369 		8.0905 		1.1509
v 42.9571 		-4.2693 		4.0882
v 46.9359 		8.1009 		1.1509
v 45.9399 		-7.658 		3.102
v 42.8901 		-4.3148 		4.0759
v 42.8911 		-4.3148 		4.0775
v 42.895 		-4.3112 		4.0769
v 47.1242 		-7.4768 		2.4916
v 42.917 		-4.2955 		4.0811
v 46.9346 		8.1122 		1.1509
v 47.135 		-7.4211 		2.4916
v 42.93 		-4.2861 		4.0836
v 42.9366 		-4.2815 		4.0849
v 47.395 		-6.2386 		6.1348
v 47.3943 		-6.2443 		6.131
v 46.9822 		-7.7195 		2.5401
v 42.8911 		-7.9074 		4.0775
v 42.9012 		-7.9074 		4.0909
v 46.9731 		8.2076 		1.165
v 46.9998 		-7.6959 		2.5401
v 46.9688 		8.2274 		1.165
v 47.0167 		-7.6676 		2.5401
v 42.9123 		-7.9074 		4.1043
v 46.9597 		8.1236 		1.157
v 42.9276 		-7.9481 		4.06
v 47.033 		-7.6364 		2.5401
v 46.9577 		8.1396 		1.157
v 45.9561 		-7.5692 		2.9524
v 45.9519 		-7.5882 		2.9785
v 45.9504 		-7.5951 		2.9879
v 42.9345 		-7.9481 		4.0703
v 45.9607 		-7.6109 		2.9824
v 42.942 		-7.9481 		4.0806
v 47.0483 		-7.6014 		2.5401
v 46.9551 		8.1557 		1.157
v 42.9504 		-7.9481 		4.0905
v 42.9596 		-7.9481 		4.1005
v 47.0252 		-7.7072 		2.5168
v 45.9467 		-7.615 		3.0192
v 45.9679 		-7.6666 		3.0302
v 46.1191 		7.1687 		6.4232
v 47.0425 		-7.6742 		2.5168
v 46.1194 		7.1574 		6.4248
v 46.1187 		7.1791 		6.4209
v 46.1184 		7.1895 		6.419
v 46.1174 		7.2084 		6.4133
v 46.1171 		7.2169 		6.4102
v 46.1165 		7.2244 		6.4068
v 45.9586 		-7.5585 		2.9387
v 42.9094 		-7.9481 		4.0183
v 42.9126 		-7.9481 		4.0286
v 47.0506 		-7.7072 		2.4916
v 42.9165 		-7.9481 		4.039
v 46.9522 		8.1708 		1.157
v 46.1181 		7.1989 		6.4163
v 42.9218 		-7.9481 		4.0497
v 47.0829 		-7.7195 		2.4385
v 42.857 		-4.2222 		2.7771
v 42.8051 		-4.2279 		2.7784
v 42.8353 		-4.2246 		2.7777
v 47.1001 		-7.6723 		2.4385
v 46.0979 		-7.7478 		2.9251
v 47.1164 		-7.6222 		2.4385
v 47.1308 		-7.5684 		2.4385
v 47.3924 		-6.1128 		6.1035
v 47.3924 		-6.1127 		6.1036
v 47.3924 		-6.1128 		6.1036
v 47.3924 		-6.1128 		6.1035
v 42.8077 		-7.7941 		4.0909
v 47.3924 		-6.1127 		6.1037
v 42.6565 		-4.8843 		4.1532
v 47.3924 		-6.1127 		6.1037
v 42.6839 		-4.8843 		4.186
v 46.9489 		8.1849 		1.157
v 47.1063 		-7.6902 		2.4102
v 46.9454 		8.1991 		1.157
v 47.1229 		-7.6392 		2.4102
v 47.3924 		-6.1127 		6.1036
v 47.3924 		-6.1127 		6.1036
v 42.8374 		-7.8564 		4.0672
v 47.1379 		-7.5835 		2.4102
v 46.9411 		8.2114 		1.157
v 47.3924 		-6.1126 		6.1037
v 42.8488 		-7.8564 		4.0844
v 42.6595 		-5.0004 		4.1948
v 46.9369 		8.2237 		1.157
v 45.9755 		-7.4828 		2.8634
v 42.8612 		-7.8564 		4.1012
v 45.9907 		-7.5231 		2.8686
v 46.109 		7.1121 		6.369
v 47.6113 		-6.3359 		6.6914
v 42.882 		-7.9074 		4.0638
v 42.7856 		-4.5008 		4.1203
v 47.611 		-6.3387 		6.6906
v 42.75 		-4.583 		4.1295
v 47.6113 		-6.3331 		6.6921
v 47.1115 		-7.7053 		2.3812
v 42.7712 		-4.583 		4.1547
v 45.9975 		-7.5996 		2.9141
v 47.6113 		-6.3302 		6.6929
v 47.1282 		-7.6524 		2.3812
v 42.8129 		-7.8564 		4.016
v 46.9128 		8.0612 		1.1474
v 46.036 		-7.5646 		2.8468
v 42.8194 		-7.8564 		4.0332
v 46.9125 		8.0669 		1.1474
v 42.7944 		-4.583 		4.1791
v 47.1148 		-7.7148 		2.3518
v 46.0432 		-7.643 		2.8934
v 46.9121 		8.0726 		1.1474
v 42.8279 		-7.8564 		4.05
v 47.1321 		-7.6609 		2.3518
v 42.7403 		-4.6746 		4.1658
v 46.0904 		-7.677 		2.8751
v 42.8621 		-7.9074 		4.0222
v 42.7657 		-4.6746 		4.1929
v 46.8874 		-7.7233 		2.5623
v 46.9053 		-7.7214 		2.5623
v 42.8673 		-7.9074 		4.0359
v 46.1389 		-7.7016 		2.8591
v 47.61 		-6.3397 		6.6772
v 42.8742 		-7.9074 		4.0497
v 46.1161 		7.232 		6.4034
v 46.1155 		7.2386 		6.3995
v 46.1148 		7.2443 		6.3953
v 46.1142 		7.249 		6.3911
v 46.1135 		7.2528 		6.3869
v 46.1129 		7.2566 		6.3824
v 46.9118 		8.0782 		1.1474
v 46.9108 		8.0839 		1.1474
v 42.6956 		-4.6746 		4.1092
v 46.0699 		-7.4097 		2.7403
v 46.9102 		8.0896 		1.1474
v 46.9398 		-7.5249 		2.618
v 42.7168 		-4.6746 		4.1379
v 46.9525 		-7.5117 		2.618
v 46.0764 		-7.5079 		2.7823
v 46.9092 		8.0943 		1.1474
v 42.6624 		-4.7747 		4.1146
v 42.6855 		-4.7747 		4.1459
v 46.9646 		-7.4957 		2.618
v 42.8041 		-7.8564 		3.9824
v 42.8077 		-7.8564 		3.9992
v 46.9079 		8.099 		1.1474
v 46.0832 		-7.5977 		2.8273
v 42.855 		-7.9074 		3.9954
v 47.3924 		-6.1126 		6.1037
v 42.7109 		-4.7747 		4.1761
v 46.9069 		8.1037 		1.1474
v 47.3924 		-6.1125 		6.1038
v 47.3924 		-6.1125 		6.1037
v 46.9467 		-7.5835 		2.6012
v 47.611 		-6.334 		6.6841
v 42.8579 		-7.9074 		4.0088
v 46.1246 		-7.5297 		2.7647
v 47.3924 		-6.1124 		6.1038
v 46.904 		8.1122 		1.1474
v 46.9053 		8.1075 		1.1474
v 46.9607 		-7.5684 		2.6012
v 46.1315 		-7.6203 		2.8105
v 47.3924 		-6.1123 		6.1038
v 47.3924 		-6.1123 		6.1038
v 47.3924 		-6.1124 		6.1038
v 46.9744 		-7.5504 		2.6012
v 46.9024 		8.1151 		1.1474
v 42.9071 		-7.9481 		4.0084
v 47.3924 		-6.1122 		6.1038
v 42.7308 		-4.583 		4.1035
v 47.3924 		-6.1122 		6.1038
v 47.3924 		-6.1121 		6.1038
v 42.783 		-4.4281 		4.0504
v 47.3924 		-6.1121 		6.1038
v 45.9846 		-7.4431 		2.8284
v 42.7944 		-4.4281 		4.0707
v 45.9838 		-7.4475 		2.832
v 46.8991 		-7.4834 		2.6325
v 47.3904 		-6.2603 		6.1039
v 43.158 		-6.4077 		4.5859
v 46.9105 		-7.4787 		2.6325
v 46.9007 		-7.5476 		2.618
v 46.0074 		-7.3344 		2.7559
v 46.9141 		-7.5429 		2.618
v 46.0069 		-7.3372 		2.7575
v 46.0067 		-7.3379 		2.7579
v 42.7399 		-4.5008 		4.0508
v 47.3911 		-6.2594 		6.1089
v 46.9271 		-7.5353 		2.618
v 46.001 		-7.3636 		2.7736
v 46.0233 		-7.3814 		2.7617
v 43.1564 		-6.5531 		4.5775
v 45.9955 		-7.39 		2.7915
v 42.7533 		-4.5008 		4.0741
v 45.9853 		-7.4391 		2.8252
v 46.0295 		-7.4777 		2.8029
v 46.9327 		8.1226 		1.1509
v 46.9024 		-7.609 		2.6012
v 43.1544 		-6.6957 		4.5661
v 46.9307 		8.133 		1.1509
v 46.9173 		-7.6043 		2.6012
v 42.7683 		-4.5008 		4.0974
v 46.9287 		8.1424 		1.1509
v 46.932 		-7.5958 		2.6012
v 46.9261 		8.1519 		1.1509
v 47.6113 		-6.3312 		6.6853
v 45.9851 		-7.4403 		2.8262
v 43.1521 		-6.8346 		4.5512
v 46.9235 		8.1604 		1.1509
v 46.9206 		8.1679 		1.1509
v 43.1492 		-6.9696 		4.5332
v 46.9173 		8.1755 		1.1509
v 43.1456 		-7.0981 		4.5126
v 46.9369 		-7.6524 		2.5825
v 47.6117 		-6.3274 		6.6933
v 47.6117 		-6.3236 		6.694
v 42.6862 		-4.583 		4.0248
v 47.6117 		-6.3274 		6.6864
v 46.9529 		-7.6392 		2.5825
v 47.6113 		-6.3293 		6.686
v 42.6989 		-4.583 		4.0512
v 47.6117 		-6.3255 		6.6872
v 46.9685 		-7.6222 		2.5825
v 42.7139 		-4.583 		4.0775
v 47.6117 		-6.3236 		6.6875
v 42.6461 		-4.6746 		4.0222
v 42.6601 		-4.6746 		4.0516
v 43.1417 		-7.2218 		4.4885
v 42.6764 		-4.6746 		4.0806
v 46.9411 		-7.7053 		2.5623
v 47.611 		-6.3246 		6.6784
v 46.9587 		-7.6902 		2.5623
v 46.932 		8.2341 		1.157
v 47.3598 		-6.1121 		5.8866
v 46.1122 		7.2584 		6.3778
v 46.1109 		7.2603 		6.3686
v 42.6419 		-4.7747 		4.0833
v 46.1116 		7.2594 		6.3732
v 47.6113 		-6.3227 		6.6803
v 46.904 		-7.6666 		2.5825
v 46.9141 		8.1812 		1.1509
v 46.9206 		-7.6609 		2.5825
v 45.9713 		-7.5008 		2.8793
v 43.158 		-5.8146 		4.5859
v 45.9614 		-7.5476 		2.9263
v 45.9667 		-7.5224 		2.901
v 45.9596 		-7.554 		2.9331
v 43.1586 		-5.9619 		4.5909
v 46.9235 		-7.7148 		2.5623
v 47.611 		-6.3246 		6.6788
v 43.159 		-6.1102 		4.5928
v 42.6513 		-4.3884 		4.0561
v 43.159 		-6.1121 		4.5928
v 46.9007 		8.1188 		1.1474
v 46.9349 		-7.3899 		2.6451
v 46.8991 		8.1217 		1.1474
v 43.1586 		-6.2603 		4.5909
v 46.9441 		-7.3776 		2.6451
v 46.8971 		8.1236 		1.1474
v 46.9525 		-7.3634 		2.6451
v 46.8952 		8.1264 		1.1474
v 47.6117 		-6.3208 		6.6944
v 42.7285 		-4.5008 		4.0275
v 43.1521 		-5.3877 		4.5512
v 47.6117 		-6.317 		6.6944
v 47.6117 		-6.3217 		6.6879
v 43.1544 		-5.5265 		4.5661
v 46.8932 		8.1273 		1.1474
v 46.1311 		7.2858 		6.4626
v 46.1302 		7.3038 		6.4568
v 45.9953 		-7.3379 		2.6891
v 46.8913 		8.1283 		1.1474
v 43.1564 		-5.6691 		4.5775
v 47.612 		-6.3151 		6.6887
v 46.9587 		-7.2624 		2.6555
v 47.612 		-6.317 		6.6883
v 46.9639 		-7.2454 		2.6555
v 45.9584 		-7.4475 		2.6799
v 47.6117 		-6.3198 		6.6883
v 43.0009 		-6.8346 		4.5004
v 46.9607 		-7.3483 		2.6451
v 46.9105 		8.1868 		1.1509
v 46.9685 		-7.3304 		2.6451
v 46.9069 		8.1925 		1.1509
v 43.0511 		-6.8346 		4.5202
v 46.903 		8.1963 		1.1509
v 46.1403 		7.4879 		6.4568
v 43.1016 		-6.8346 		4.5371
v 47.6117 		-6.3142 		6.6948
v 42.6758 		-4.583 		3.9985
v 46.8994 		8.1991 		1.1509
v 47.612 		-6.3123 		6.6887
v 46.0174 		-7.2786 		2.7235
v 46.0174 		-7.2785 		2.7234
v 46.064 		-7.3039 		2.7013
v 46.8952 		8.2019 		1.1509
v 46.0174 		-7.2785 		2.7235
v 46.1292 		7.3208 		6.4503
v 46.1282 		7.3368 		6.4439
v 43.0518 		-6.9696 		4.5034
v 46.1122 		-7.3228 		2.6822
v 46.1272 		7.351 		6.4366
v 46.1259 		7.3642 		6.429
v 46.8913 		8.2029 		1.1509
v 46.1236 		7.385 		6.4125
v 43.1006 		-6.9696 		4.5199
v 46.933 		-7.3153 		2.6555
v 46.9398 		-7.3039 		2.6555
v 46.1181 		-7.4305 		2.7219
v 46.1249 		7.3756 		6.4205
v 47.6107 		-6.3255 		6.6769
v 42.6513 		-4.5046 		4.0191
v 46.9467 		-7.2917 		2.6555
v 42.7898 		-4.4165 		4.0472
v 42.7983 		-4.4068 		4.0503
v 46.9529 		-7.2775 		2.6555
v 42.7796 		-4.4281 		4.0435
v 47.6107 		-6.3255 		6.6776
v 43.0993 		-7.0981 		4.4996
v 42.7442 		-4.4753 		4.0284
v 47.611 		-6.3104 		6.6769
v 42.735 		-4.488 		4.0244
v 42.7257 		-4.5008 		4.0203
v 42.7631 		-4.4502 		4.0364
v 42.7234 		-4.5046 		4.0191
v 43.1042 		-6.4077 		4.571
v 43.1036 		-6.5531 		4.563
v 46.8971 		-7.4163 		2.6451
v 46.9069 		-7.4126 		2.6451
v 43.1026 		-6.6957 		4.5516
v 47.6107 		-6.3246 		6.678
v 46.9164 		-7.4069 		2.6451
v 46.8893 		8.1292 		1.1474
v 46.9258 		-7.3993 		2.6451
v 42.996 		-6.4077 		4.5313
v 43.0501 		-6.4077 		4.5527
v 47.611 		-6.3236 		6.6791
v 47.611 		-6.3236 		6.6795
v 47.611 		-6.3227 		6.6799
v 42.9973 		-6.5531 		4.5241
v 47.6113 		-6.3217 		6.6807
v 43.0505 		-6.5531 		4.5451
v 46.9164 		-7.2596 		2.6635
v 47.6113 		-6.3189 		6.6818
v 47.6117 		-6.3142 		6.6826
v 46.0273 		8.2029 		2.6696
v 46.9219 		-7.252 		2.6635
v 47.6117 		-6.3123 		6.683
v 46.0495 		8.1867 		2.6704
v 46.0559 		8.1977 		2.6698
v 46.059 		8.2029 		2.6696
v 42.6513 		-4.6142 		3.9786
v 46.9271 		-7.2435 		2.6635
v 42.999 		-6.6957 		4.5134
v 46.037 		8.1629 		2.6715
v 43.0508 		-6.6957 		4.534
v 46.9183 		-7.3332 		2.6555
v 46.9258 		-7.3247 		2.6555
v 42.7088 		-4.5271 		4.0108
v 42.9426 		-6.4077 		4.5073
v 42.6822 		-4.5686 		3.9955
v 42.6732 		-4.583 		3.9901
v 42.6905 		-4.5552 		4.0004
v 46.0225 		8.2218 		2.668
v 46.0593 		8.2035 		2.6695
v 42.9446 		-6.5531 		4.5
v 42.6574 		-4.612 		3.9794
v 42.6562 		-4.6142 		3.9786
v 46.1386 		7.5049 		6.445
v 46.8932 		-7.2756 		2.6635
v 47.6117 		-6.3161 		6.6826
v 47.6113 		-6.317 		6.6822
v 46.8994 		-7.2737 		2.6635
v 43.0032 		-6.9696 		4.4843
v 43.0061 		-7.0981 		4.4652
v 47.6113 		-6.3179 		6.6818
v 46.905 		-7.2699 		2.6635
v 43.0524 		-7.0981 		4.484
v 43.0091 		-7.2218 		4.4442
v 46.9108 		-7.2652 		2.6635
v 46.1223 		7.3926 		6.4037
v 43.0534 		-7.2218 		4.4614
v 42.6433 		-4.6367 		3.9682
v 46.1194 		7.4039 		6.3858
v 46.121 		7.3992 		6.395
v 46.1181 		7.4067 		6.3766
v 42.6513 		-4.6228 		3.9748
v 43.0977 		-7.2218 		4.4763
v 46.8952 		-7.3464 		2.6555
v 46.903 		-7.3436 		2.6555
v 46.9108 		-7.3389 		2.6555
v 46.1168 		7.4077 		6.3675
v 42.6318 		-4.8843 		4.1199
v 42.9016 		-6.8346 		4.4523
v 42.6038 		-5.0004 		4.1245
v 42.9508 		-6.8346 		4.4775
v 42.6305 		-5.0004 		4.1597
v 46.933 		-7.4636 		2.6325
v 46.9441 		-7.4513 		2.6325
v 42.9074 		-6.9696 		4.4377
v 42.579 		-5.1242 		4.1283
v 46.9545 		-7.4381 		2.6325
v 42.955 		-6.9696 		4.4622
v 42.6067 		-5.1242 		4.1658
v 46.1367 		7.5191 		6.4324
v 46.9646 		-7.4211 		2.6325
v 46.1347 		7.5314 		6.4194
v 42.9143 		-7.0981 		4.4209
v 46.1328 		7.5408 		6.4064
v 42.9599 		-7.0981 		4.4446
v 46.9744 		-7.4022 		2.6325
v 42.9224 		-7.2218 		4.4018
v 47.1575 		8.2435 		2.4916
v 42.5738 		-4.8843 		4.018
v 47.54 		-6.4294 		6.7487
v 42.9654 		-7.2218 		4.424
v 46.1308 		7.5474 		6.3927
v 47.5403 		-6.4181 		6.7521
v 42.5904 		-4.8843 		4.0519
v 46.1285 		7.5512 		6.3789
v 47.541 		-6.4058 		6.7555
v 46.1266 		7.5531 		6.3652
v 47.5413 		-6.3935 		6.7582
v 42.6096 		-4.8843 		4.0859
v 47.5449 		-6.4313 		6.7487
v 47.5455 		-6.4199 		6.7521
v 42.5598 		-5.0004 		4.0523
v 46.9219 		-7.4721 		2.6325
v 42.8533 		-6.8346 		4.4244
v 46.1403 		7.6957 		6.3625
v 47.5459 		-6.4077 		6.7555
v 42.5803 		-5.0004 		4.0882
v 47.5462 		-6.3944 		6.7582
v 46.8874 		-7.4843 		2.6325
v 42.8608 		-6.9696 		4.411
v 42.5539 		-5.1242 		4.0905
v 46.8874 		-7.5486 		2.618
v 46.8874 		-7.6109 		2.6012
v 46.9841 		8.3039 		6.7613
v 47.1516 		8.3039 		2.4916
v 46.8874 		-7.6685 		2.5825
v 47.5501 		-6.4322 		6.7479
v 46.9783 		8.4097 		6.7223
v 47.1441 		8.3634 		2.4916
v 47.0311 		8.2784 		6.7391
v 47.5504 		-6.4209 		6.7517
v 42.8064 		-6.8346 		4.3942
v 47.1695 		8.252 		2.4656
v 46.8874 		-7.2756 		2.6635
v 47.0252 		8.3814 		6.7009
v 46.8874 		-7.3474 		2.6555
v 42.8159 		-6.9696 		4.382
v 47.1633 		8.3153 		2.4656
v 47.5511 		-6.4086 		6.7548
v 47.5556 		-6.4209 		6.751
v 47.019 		8.4777 		6.6597
v 46.8874 		-7.4173 		2.6451
v 47.1555 		8.3776 		2.4656
v 42.8266 		-7.0981 		4.3675
v 47.1461 		8.4381 		2.4656
v 42.87 		-7.0981 		4.3953
v 42.5422 		-5.0004 		4.016
v 47.0757 		8.2444 		6.7139
v 42.5138 		-5.1242 		4.0141
v 42.839 		-7.2218 		4.351
v 47.5514 		-6.3954 		6.7578
v 47.0702 		8.3455 		6.6769
v 42.5324 		-5.1242 		4.0523
v 42.8801 		-7.2218 		4.3774
v 47.18 		8.2596 		2.4385
v 47.1738 		8.3247 		2.4385
v 47.555 		-6.4322 		6.7471
v 47.5556 		-6.4322 		6.7471
v 47.1656 		8.3899 		2.4385
v 47.1135 		8.3011 		6.6497
v 42.5431 		-4.8843 		3.9175
v 47.1555 		8.4513 		2.4385
v 42.5503 		-4.8843 		3.9503
v 47.1888 		8.2652 		2.4102
v 42.5604 		-4.8843 		3.984
v 46.8362 		8.3379 		6.8083
v 47.5566 		-6.4086 		6.754
v 47.556 		-6.4086 		6.754
v 46.9069 		-7.7714 		2.5401
v 47.1822 		8.3332 		2.4102
v 46.8303 		8.4475 		6.7681
v 46.9261 		-7.7648 		2.5401
v 42.5171 		-5.0004 		3.9442
v 46.9454 		-7.7535 		2.5401
v 47.1738 		8.3993 		2.4102
v 46.8369 		8.3379 		6.8079
v 46.887 		8.3342 		6.796
v 42.8383 		-6.4077 		4.4503
v 42.5282 		-5.0004 		3.9798
v 46.9639 		-7.7384 		2.5401
v 42.8902 		-6.4077 		4.4801
v 46.8809 		8.4428 		6.7559
v 47.1633 		8.4636 		2.4102
v 46.9079 		-7.8177 		2.5168
v 46.9362 		8.3228 		6.7804
v 42.4874 		-5.1242 		3.9385
v 47.5566 		-6.3954 		6.7571
v 42.4988 		-5.1242 		3.9763
v 46.9287 		-7.8102 		2.5168
v 42.8419 		-6.5531 		4.4439
v 46.9489 		-7.7988 		2.5168
v 42.8928 		-6.5531 		4.4733
v 46.9688 		-7.7818 		2.5168
v 47.5563 		-6.4209 		6.7506
v 46.831 		8.4475 		6.7678
v 46.9304 		8.4305 		6.7406
v 42.6086 		-4.7747 		4.0199
v 42.8471 		-6.6957 		4.4354
v 46.9239 		8.5297 		6.6979
v 42.8967 		-6.6957 		4.4641
v 42.624 		-4.7747 		4.0516
v 47.5569 		-6.3954 		6.7567
v 47.1956 		8.2699 		2.3812
v 46.917 		8.6203 		6.652
v 47.1888 		8.3389 		2.3812
v 42.9475 		-6.6957 		4.4901
v 46.9721 		8.5079 		6.6803
v 46.9092 		-7.8583 		2.4916
v 47.18 		8.4069 		2.3812
v 47.5208 		-6.4048 		6.7487
v 47.5211 		-6.3944 		6.7517
v 46.9307 		-7.8508 		2.4916
v 47.1695 		8.4721 		2.3812
v 42.562 		-4.3582 		4.0561
v 47.525 		-6.419 		6.7471
v 47.5257 		-6.4086 		6.7502
v 42.5914 		-4.3752 		4.0561
v 46.9522 		-7.8385 		2.4916
v 46.8245 		8.5476 		6.7246
v 46.8238 		8.5476 		6.7246
v 47.526 		-6.3982 		6.7532
v 42.6213 		-4.3847 		4.0561
v 46.9731 		-7.8215 		2.4916
v 43.1042 		-5.8146 		4.571
v 46.9102 		-7.8942 		2.4656
v 46.9327 		-7.8867 		2.4656
v 42.4894 		-4.4111 		4.0191
v 43.1045 		-5.9619 		4.576
v 47.5299 		-6.4228 		6.7479
v 47.5348 		-6.4266 		6.7487
v 42.5207 		-4.4451 		4.0191
v 46.8173 		8.6392 		6.6784
v 46.8167 		8.6392 		6.6784
v 46.9551 		-7.8734 		2.4656
v 42.5526 		-4.4706 		4.0191
v 47.2002 		8.2737 		2.3518
v 43.1045 		-6.1102 		4.5775
v 47.1933 		8.3436 		2.3518
v 42.5852 		-4.4895 		4.0191
v 46.8743 		8.5429 		6.7128
v 42.6181 		-4.5008 		4.0191
v 47.1848 		8.4126 		2.3518
v 46.8675 		8.6345 		6.6665
v 43.1045 		-6.1121 		4.5775
v 47.1741 		8.4787 		2.3518
v 43.1045 		-6.2603 		4.576
v 47.1542 		8.2501 		6.6203
v 47.1487 		8.3361 		6.5833
v 47.1428 		8.4144 		6.5439
v 46.8874 		-7.7733 		2.5401
v 46.8874 		-7.8196 		2.5168
v 42.9954 		-6.1102 		4.5374
v 47.1875 		8.2737 		6.5535
v 47.1441 		8.5117 		2.4385
v 46.8874 		-7.8612 		2.4916
v 46.8118 		-7.218 		3.084
v 43.0498 		-6.1102 		4.5592
v 47.1816 		8.3474 		6.516
v 47.1516 		8.5249 		2.4102
v 42.6259 		-4.6746 		3.9649
v 42.9954 		-6.1121 		4.5374
v 47.1757 		8.4144 		6.4763
v 46.8874 		-7.8971 		2.4656
v 43.0498 		-6.1121 		4.5592
v 47.1575 		8.5353 		2.3812
v 42.9954 		-6.2603 		4.5359
v 46.817 		-7.2218 		3.1188
v 47.1438 		8.5958 		2.3812
v 42.6347 		-4.6746 		3.9935
v 46.9121 		-7.9707 		2.3812
v 47.1617 		8.5429 		2.3518
v 43.0498 		-6.2603 		4.5573
v 46.9369 		-7.9622 		2.3812
v 47.5305 		-6.4124 		6.7513
v 46.8359 		-7.0867 		3.0516
v 46.9125 		-7.9858 		2.3518
v 47.5309 		-6.4011 		6.7544
v 46.9379 		-7.9773 		2.3518
v 42.58 		-4.7747 		3.9267
v 47.1477 		8.6043 		2.3518
v 46.9626 		-7.9622 		2.3518
v 46.8404 		-7.0952 		3.0821
v 42.5865 		-4.7747 		3.9572
v 47.5354 		-6.4152 		6.7521
v 47.1695 		8.473 		6.4343
v 46.845 		-7.0981 		3.1131
v 46.9108 		-7.9254 		2.4385
v 42.996 		-5.8146 		4.5313
v 47.163 		8.5231 		6.3911
v 47.0643 		8.2681 		2.6012
v 46.9346 		-7.9178 		2.4385
v 42.5963 		-4.7747 		3.9885
v 47.5358 		-6.4039 		6.7552
v 47.0581 		8.3077 		2.6012
v 43.0501 		-5.8146 		4.5527
v 47.5361 		-6.3916 		6.7578
v 47.2125 		8.3361 		6.4488
v 46.9577 		-7.9037 		2.4385
v 47.2067 		8.3908 		6.4099
v 42.9954 		-5.9619 		4.5359
v 47.2005 		8.4381 		6.369
v 46.9118 		-7.9509 		2.4102
v 47.1063 		8.2624 		2.5623
v 43.0498 		-5.9619 		4.5573
v 47.1001 		8.3115 		2.5623
v 46.8616 		-6.9583 		3.0546
v 46.9359 		-7.9424 		2.4102
v 47.5416 		-6.3803 		6.7605
v 42.5793 		-4.5972 		3.9786
v 46.8655 		-6.9668 		3.0814
v 46.9597 		-7.9292 		2.4102
v 46.8698 		-6.9696 		3.1081
v 47.5419 		-6.3671 		6.7624
v 46.8805 		-6.8147 		3.0363
v 47.1562 		8.5646 		6.3464
v 46.8841 		-6.8261 		3.0584
v 47.1493 		8.5977 		6.3002
v 47.0887 		8.2454 		2.5825
v 43.1016 		-5.3877 		4.5371
v 47.5423 		-6.3529 		6.7643
v 47.194 		8.4777 		6.327
v 46.8874 		-6.8327 		3.081
v 47.0829 		8.2907 		2.5825
v 43.1026 		-5.5265 		4.5516
v 47.1875 		8.5079 		6.2834
v 46.9613 		-7.949 		2.3812
v 46.8906 		-6.8346 		3.1035
v 47.076 		8.3342 		2.5825
v 43.1036 		-5.6691 		4.563
v 42.6152 		-4.6094 		3.9786
v 47.0679 		8.3757 		2.5825
v 47.0584 		8.4163 		2.5825
v 47.0125 		8.5646 		6.6157
v 47.0053 		8.643 		6.5688
v 43.0009 		-5.3877 		4.5004
v 46.8874 		-7.9282 		2.4385
v 43.0511 		-5.3877 		4.5202
v 46.8874 		-7.9537 		2.4102
v 46.8225 		-7.0234 		2.9626
v 46.8874 		-7.9736 		2.3812
v 47.0643 		8.4381 		6.6367
v 47.0926 		8.3587 		2.5623
v 42.999 		-5.5265 		4.5134
v 46.8874 		-7.9887 		2.3518
v 46.8268 		-7.0499 		2.9916
v 47.0838 		8.4041 		2.5623
v 47.0578 		8.5231 		6.594
v 43.0508 		-5.5265 		4.534
v 47.0737 		8.4484 		2.5623
v 42.9973 		-5.6691 		4.5241
v 46.8313 		-7.0716 		3.0214
v 47.1503 		-7.609 		2.322
v 47.1643 		-7.5476 		2.322
v 47.1767 		-7.4834 		2.322
v 47.1076 		8.3908 		6.6112
v 43.0505 		-5.6691 		4.5451
v 42.5738 		-4.6963 		3.9343
v 47.1014 		8.473 		6.5699
v 47.151 		-7.6109 		2.2922
v 47.1653 		-7.5486 		2.2922
v 47.1777 		-7.4843 		2.2922
v 47.1875 		-7.4163 		2.322
v 42.6129 		-4.6956 		3.9405
v 42.6101 		-4.7013 		3.9375
v 42.607 		-4.7077 		3.9343
v 47.1962 		-7.3464 		2.322
v 46.8538 		-6.9271 		3.0027
v 47.0627 		8.4891 		2.5623
v 47.2031 		-7.2756 		2.322
v 46.8577 		-6.9451 		3.0283
v 46.9978 		8.7119 		6.5199
v 46.8743 		-6.7798 		2.9935
v 46.9936 		8.2444 		2.6451
v 42.9446 		-5.6691 		4.5
v 46.8773 		-6.7996 		3.0149
v 46.9884 		8.2681 		2.6451
v 47.0509 		8.5996 		6.5485
v 47.1884 		-7.4173 		2.2922
v 47.1972 		-7.3474 		2.2922
v 47.2041 		-7.2756 		2.2922
v 47.0438 		8.6666 		6.5008
v 42.9426 		-5.8146 		4.5073
v 47.5423 		-6.3387 		6.7651
v 47.5472 		-6.3538 		6.7643
v 47.5475 		-6.3397 		6.7655
v 47.0949 		8.5467 		6.526
v 42.6347 		-4.6526 		3.9606
v 46.9822 		8.2907 		2.6451
v 42.6319 		-4.6579 		3.9581
v 46.8183 		-6.9913 		2.9347
v 42.6229 		-4.6746 		3.9503
v 42.6132 		-4.6949 		3.9408
v 47.0877 		8.6109 		6.4801
v 46.8463 		-6.8761 		2.953
v 46.9757 		8.3115 		2.6451
v 47.5468 		-6.3812 		6.7605
v 47.0783 		-7.8177 		2.322
v 46.8499 		-6.9035 		2.9775
v 47.5472 		-6.368 		6.7628
v 47.0982 		-7.7714 		2.322
v 47.1171 		-7.7214 		2.322
v 47.1363 		8.4843 		6.5019
v 47.079 		-7.8196 		2.2922
v 42.606 		-4.7097 		3.9331
v 46.8711 		-6.7562 		2.9729
v 47.0988 		-7.7733 		2.2922
v 42.5899 		-4.7431 		3.9134
v 47.1177 		-7.7233 		2.2922
v 47.1298 		8.5467 		6.458
v 46.9877 		-7.9509 		2.322
v 47.0193 		8.2501 		2.6325
v 47.5517 		-6.3822 		6.7601
v 47.0447 		8.2444 		2.618
v 47.0118 		-7.9254 		2.322
v 42.4751 		-4.5122 		3.9786
v 47.552 		-6.368 		6.7624
v 47.0392 		8.2794 		2.618
v 47.035 		-7.8942 		2.322
v 46.9056 		-6.6938 		3.0817
v 42.5089 		-4.5481 		3.9786
v 47.0571 		-7.8583 		2.322
v 46.9082 		-6.6957 		3.1001
v 47.5524 		-6.3538 		6.7639
v 47.0327 		8.3134 		2.618
v 46.988 		-7.9537 		2.2922
v 42.5438 		-4.5764 		3.9786
v 46.9903 		8.7705 		6.4691
v 46.9199 		-6.5512 		3.0833
v 47.0122 		-7.9282 		2.2922
v 46.9219 		-6.5531 		3.097
v 47.0353 		-7.8971 		2.2922
v 47.5524 		-6.3397 		6.7651
v 47.0252 		8.3455 		2.618
v 47.0574 		-7.8612 		2.2922
v 42.4982 		-4.6444 		3.9343
v 42.5357 		-4.6746 		3.9343
v 47.5576 		-6.3822 		6.7594
v 47.5569 		-6.3822 		6.7594
v 46.86 		8.7167 		6.6176
v 47.0506 		8.3455 		2.6012
v 46.9095 		8.7016 		6.6035
v 46.9001 		-6.6797 		3.0458
v 46.9027 		-6.6882 		3.0638
v 46.9652 		8.5977 		6.6352
v 47.1343 		-7.6666 		2.322
v 47.5573 		-6.368 		6.7617
v 46.9581 		8.677 		6.5875
v 47.5573 		-6.3538 		6.7632
v 47.135 		-7.6685 		2.2922
v 47.0167 		8.3757 		2.618
v 46.9138 		-6.5314 		3.0428
v 47.5576 		-6.3397 		6.7643
v 42.6513 		-3.8624 		4.1646
v 47.0425 		8.3814 		2.6012
v 46.8874 		-7.9972 		2.322
v 46.9128 		-7.9943 		2.322
v 47.033 		8.4163 		2.6012
v 46.9157 		-6.5408 		3.0561
v 42.6513 		-4.0012 		4.144
v 46.9382 		-7.9858 		2.322
v 47.0229 		8.4484 		2.6012
v 46.9633 		-7.9707 		2.322
v 42.6513 		-4.1363 		4.1188
v 46.9177 		-6.5474 		3.0699
v 42.6513 		-4.2647 		4.0894
v 46.9128 		-7.9972 		2.2922
v 46.8101 		8.7214 		6.6291
v 46.8095 		8.7214 		6.6291
v 46.9382 		-7.9887 		2.2922
v 46.9633 		-7.9736 		2.2922
v 47.5579 		-6.368 		6.7613
v 42.9416 		-5.9619 		4.5115
v 42.6393 		-3.4232 		4.1998
v 46.8525 		8.7894 		6.5661
v 47.0135 		8.2794 		2.6325
v 47.5579 		-6.3538 		6.7628
v 42.941 		-6.1102 		4.513
v 47.0069 		8.3077 		2.6325
v 42.6432 		-3.4251 		4.1998
v 42.941 		-6.1121 		4.513
v 42.6474 		-3.4261 		4.1998
v 42.6513 		-3.427 		4.1998
v 46.9998 		8.3342 		2.6325
v 46.902 		8.7733 		6.5527
v 42.9416 		-6.2603 		4.5115
v 46.8444 		8.8508 		6.5126
v 42.6432 		-3.5734 		4.1925
v 42.6513 		-3.5743 		4.1925
v 46.8362 		8.9018 		6.4576
v 46.8939 		8.8347 		6.4996
v 42.6393 		-3.7179 		4.1811
v 42.8902 		-5.8146 		4.4801
v 42.6513 		-3.7198 		4.1811
v 46.992 		8.3587 		2.6325
v 46.9506 		8.7478 		6.5371
v 42.8885 		-5.9619 		4.484
v 46.9835 		8.3814 		2.6325
v 46.9428 		8.8083 		6.4851
v 42.5601 		-4.0938 		4.1188
v 42.5822 		-4.1117 		4.1188
v 46.4848 		-7.2661 		2.6643
v 42.8879 		-6.1102 		4.4855
v 47.0076 		8.4041 		2.618
v 46.4763 		-7.2756 		2.6635
v 42.8879 		-6.1121 		4.4855
v 46.9978 		8.4305 		2.618
v 42.6051 		-4.1249 		4.1188
v 42.8885 		-6.2603 		4.484
v 46.9874 		8.4551 		2.618
v 46.9763 		8.4768 		2.618
v 42.6282 		-4.1334 		4.1188
v 47.0806 		8.6666 		6.4324
v 47.0734 		8.7119 		6.3831
v 47.0118 		8.4777 		2.6012
v 42.8383 		-5.8146 		4.4503
v 47.1229 		8.5996 		6.4121
v 47.5582 		-6.3397 		6.7639
v 47.1158 		8.643 		6.3652
v 42.8364 		-5.9619 		4.4542
v 42.6197 		-3.8548 		4.1646
v 47.1086 		8.677 		6.3167
v 42.6357 		-3.8605 		4.1646
v 46.9304 		-6.4067 		3.0859
v 47.5423 		-6.3246 		6.7659
v 47.1011 		8.7016 		6.2674
v 47.5475 		-6.3246 		6.7662
v 42.5559 		-3.9464 		4.144
v 47.0483 		8.4541 		2.5825
v 42.8357 		-6.1102 		4.4553
v 46.4172 		-7.3237 		2.6581
v 42.5744 		-3.9663 		4.144
v 47.5527 		-6.3255 		6.7659
v 46.4385 		-7.3076 		2.6599
v 46.4664 		-7.2861 		2.6623
v 42.8357 		-6.1121 		4.4553
v 46.9317 		-6.4077 		3.0951
v 42.8364 		-6.2603 		4.4542
v 42.593 		-3.9814 		4.144
v 46.3887 		-7.3375 		2.6566
v 46.3687 		-7.3474 		2.6555
v 47.5576 		-6.3255 		6.7651
v 42.6122 		-3.9927 		4.144
v 47.5582 		-6.3104 		6.7651
v 46.9998 		8.5051 		2.6012
v 46.9825 		8.8196 		6.4163
v 42.6318 		-3.9993 		4.144
v 42.8533 		-5.3877 		4.4244
v 47.0363 		8.7233 		6.4515
v 47.5582 		-6.3255 		6.7647
v 46.9874 		8.5287 		2.6012
v 42.9016 		-5.3877 		4.4523
v 47.0288 		8.7705 		6.4003
v 46.3155 		-7.3587 		2.6538
v 46.3345 		-7.3549 		2.6544
v 46.3669 		-7.3482 		2.6553
v 42.9508 		-5.3877 		4.4775
v 47.0206 		8.8083 		6.3476
v 47.0128 		8.8347 		6.2941
v 42.8471 		-5.5265 		4.4354
v 42.8967 		-5.5265 		4.4641
v 47.0369 		8.4891 		2.5825
v 42.9475 		-5.5265 		4.4901
v 47.0249 		8.5221 		2.5825
v 47.0656 		8.7478 		6.3323
v 47.0503 		8.5278 		2.5623
v 47.0578 		8.7733 		6.2807
v 42.5047 		-3.8633 		4.144
v 47.0369 		8.5637 		2.5623
v 42.521 		-3.8945 		4.144
v 42.8419 		-5.6691 		4.4439
v 46.1614 		-7.3342 		2.6665
v 42.5383 		-3.9228 		4.144
v 42.8928 		-5.6691 		4.4733
v 47.5169 		-6.3793 		6.7521
v 47.5172 		-6.3689 		6.754
v 47.5175 		-6.3576 		6.7555
v 46.8274 		8.9424 		6.4007
v 42.4777 		-3.9719 		4.1188
v 47.5178 		-6.3463 		6.7571
v 42.4969 		-4.0097 		4.1188
v 46.8857 		8.8857 		6.445
v 47.5178 		-6.334 		6.7578
v 47.5221 		-6.3718 		6.7563
v 42.5171 		-4.0428 		4.1188
v 46.8773 		8.9254 		6.3888
v 46.2288 		-7.3474 		2.6555
v 47.5221 		-6.3595 		6.7578
v 47.5224 		-6.3482 		6.7594
v 46.1461 		-7.299 		2.6609
v 46.1604 		-7.3115 		2.6595
v 42.8064 		-5.3877 		4.3942
v 46.2022 		-7.3372 		2.6566
v 46.2119 		-7.3426 		2.656
v 42.5383 		-4.0702 		4.1188
v 46.2151 		-7.3433 		2.6559
v 46.9346 		8.8583 		6.4312
v 46.2125 		-7.3426 		2.656
v 47.0229 		8.5958 		2.5623
v 46.9265 		8.8971 		6.3759
v 46.9744 		8.8583 		6.3621
v 46.264 		-7.3572 		2.654
v 46.2765 		-7.3575 		2.654
v 47.0118 		8.5514 		2.5825
v 47.5217 		-6.3831 		6.754
v 46.224 		-7.4173 		2.6451
v 46.9978 		8.5788 		2.5825
v 42.5718 		-4.2383 		4.0894
v 46.9835 		8.6024 		2.5825
v 46.8189 		8.9707 		6.343
v 46.8101 		8.9887 		6.2846
v 42.5982 		-4.2534 		4.0894
v 47.5224 		-6.3359 		6.7601
v 46.8688 		8.9537 		6.3316
v 47.5273 		-6.3491 		6.7613
v 47.0076 		8.6251 		2.5623
v 46.9261 		-6.3926 		3.0588
v 42.6246 		-4.2619 		4.0894
v 46.86 		8.9707 		6.2739
v 46.992 		8.6506 		2.5623
v 46.9291 		-6.4039 		3.0768
v 46.9274 		-6.3992 		3.0676
v 46.9757 		8.6723 		2.5623
v 47.151 		-7.6109 		1.5283
v 46.918 		8.9254 		6.3197
v 47.1653 		-7.5486 		1.5283
v 47.1777 		-7.4843 		1.5283
v 46.9092 		8.9424 		6.2628
v 47.1503 		-7.609 		1.4985
v 47.1643 		-7.5476 		1.4985
v 46.9659 		8.8857 		6.3071
v 43.1492 		-5.2526 		4.5332
v 47.1767 		-7.4834 		1.4985
v 47.1477 		-7.6043 		1.4687
v 42.4734 		-4.1202 		4.0894
v 47.1617 		-7.5429 		1.4687
v 47.1741 		-7.4787 		1.4687
v 47.1229 		8.2775 		2.5401
v 42.4969 		-4.158 		4.0894
v 43.0518 		-5.2526 		4.5034
v 47.1164 		8.3304 		2.5401
v 43.1006 		-5.2526 		4.5199
v 42.521 		-4.1901 		4.0894
v 47.1083 		8.3814 		2.5401
v 47.1884 		-7.4173 		1.5283
v 42.5461 		-4.2166 		4.0894
v 47.1972 		-7.3474 		1.5283
v 47.5263 		-6.3859 		6.7555
v 47.2041 		-7.2756 		1.5283
v 47.5266 		-6.3746 		6.7578
v 46.6841 		8.3039 		6.8231
v 42.4777 		-4.2676 		4.0561
v 47.1875 		-7.4163 		1.4985
v 47.1962 		-7.3464 		1.4985
v 42.5047 		-4.3044 		4.0561
v 46.6782 		8.4097 		6.7842
v 47.2031 		-7.2756 		1.4985
v 47.527 		-6.3623 		6.7597
v 47.1848 		-7.4126 		1.4687
v 42.533 		-4.3337 		4.0561
v 46.7349 		8.3228 		6.822
v 43.0032 		-5.2526 		4.4843
v 47.1933 		-7.3436 		1.4687
v 46.729 		8.4305 		6.7823
v 47.5273 		-6.3368 		6.762
v 47.2002 		-7.2737 		1.4687
v 46.9226 		-6.3642 		3.0336
v 47.5315 		-6.3765 		6.7594
v 46.9235 		-6.3756 		3.0416
v 46.9248 		-6.385 		3.05
v 47.5312 		-6.3888 		6.7571
v 46.7857 		8.3342 		6.8167
v 47.5318 		-6.3642 		6.7613
v 46.7795 		8.4428 		6.7769
v 42.6044 		-3.6981 		4.1811
v 47.5322 		-6.351 		6.7624
v 47.1379 		8.2917 		2.5168
v 47.1438 		-7.5958 		1.4393
v 47.1308 		8.3483 		2.5168
v 42.6158 		-3.7075 		4.1811
v 47.1575 		-7.5353 		1.4393
v 47.5322 		-6.3378 		6.7636
v 47.1223 		8.4022 		2.5168
v 46.672 		8.5079 		6.7422
v 47.1122 		8.4551 		2.5168
v 46.6652 		8.5977 		6.6971
v 42.6275 		-3.7141 		4.1811
v 46.658 		8.677 		6.6494
v 42.8608 		-5.2526 		4.411
v 46.7225 		8.5297 		6.7395
v 47.5367 		-6.3784 		6.7601
v 46.7157 		8.6203 		6.6937
v 47.1516 		-7.5249 		1.4102
v 42.6044 		-3.8463 		4.1646
v 47.5367 		-6.3652 		6.762
v 47.1441 		-7.5117 		1.382
v 46.7733 		8.5429 		6.7338
v 46.7662 		8.6345 		6.6875
v 47.0985 		8.4305 		2.5401
v 47.5374 		-6.3387 		6.7647
v 47.0877 		8.4777 		2.5401
v 47.5371 		-6.3519 		6.7636
v 47.1695 		-7.4721 		1.4393
v 42.562 		-3.6357 		4.1811
v 47.18 		-7.4069 		1.4393
v 46.4833 		8.2501 		6.759
v 46.8923 		-6.6315 		2.9947
v 42.5718 		-3.6546 		4.1811
v 47.1888 		-7.3389 		1.4393
v 47.135 		8.4211 		2.4916
v 46.5303 		8.3011 		6.7704
v 42.5822 		-3.6716 		4.1811
v 47.1956 		-7.2699 		1.4393
v 46.8949 		-6.6513 		3.0111
v 47.1242 		8.4768 		2.4916
v 46.5844 		8.2444 		6.8155
v 42.593 		-3.6858 		4.1811
v 46.8975 		-6.6664 		3.0283
v 46.5788 		8.3455 		6.7785
v 47.5178 		-6.3227 		6.7586
v 47.5178 		-6.3104 		6.7586
v 47.0757 		8.5221 		2.5401
v 42.5601 		-3.7982 		4.1646
v 47.0627 		8.5637 		2.5401
v 46.6339 		8.2784 		6.8212
v 42.5744 		-3.818 		4.1646
v 47.5227 		-6.3227 		6.7609
v 47.1008 		8.5051 		2.5168
v 46.628 		8.3814 		6.783
v 42.5891 		-3.8331 		4.1646
v 47.0877 		8.5514 		2.5168
v 47.1633 		-7.4636 		1.4102
v 42.9074 		-5.2526 		4.4377
v 47.1738 		-7.3993 		1.4102
v 47.0737 		8.5958 		2.5168
v 47.1822 		-7.3332 		1.4102
v 47.0584 		8.6364 		2.5168
v 46.9118 		-6.5191 		3.0302
v 42.955 		-5.2526 		4.4622
v 46.4778 		8.3361 		6.7219
v 47.1888 		-7.2652 		1.4102
v 46.5244 		8.3908 		6.7319
v 42.5982 		-3.5309 		4.1925
v 47.1555 		-7.4513 		1.382
v 46.5182 		8.473 		6.6902
v 42.6051 		-3.5422 		4.1925
v 47.1656 		-7.3899 		1.382
v 47.1738 		-7.3247 		1.382
v 42.6122 		-3.5517 		4.1925
v 46.5726 		8.4381 		6.7383
v 47.1122 		8.5287 		2.4916
v 42.6197 		-3.5592 		4.1925
v 42.8159 		-5.2526 		4.382
v 46.5661 		8.5231 		6.6956
v 47.135 		8.4957 		2.4656
v 47.18 		-7.2596 		1.382
v 42.6275 		-3.5658 		4.1925
v 47.5273 		-6.3236 		6.7628
v 47.1223 		8.5504 		2.4656
v 46.5593 		8.5996 		6.6501
v 47.1083 		8.6024 		2.4656
v 47.5276 		-6.3104 		6.7628
v 46.6218 		8.4777 		6.7418
v 42.6354 		-3.5706 		4.1925
v 47.5325 		-6.3236 		6.7643
v 46.6153 		8.5646 		6.6979
v 47.5325 		-6.3104 		6.7643
v 47.0985 		8.5788 		2.4916
v 47.0838 		8.6251 		2.4916
v 46.6081 		8.643 		6.6509
v 47.5374 		-6.3246 		6.7655
v 47.1461 		-7.4381 		1.3549
v 47.0679 		8.6676 		2.4916
v 47.1555 		-7.3776 		1.3549
v 47.5162 		-6.4001 		6.7471
v 47.0926 		8.6506 		2.4656
v 47.1633 		-7.3153 		1.3549
v 47.076 		8.6959 		2.4656
v 47.1695 		-7.252 		1.3549
v 47.5051 		-6.3387 		6.7475
v 46.9046 		-6.4473 		2.9832
v 42.6181 		-3.3911 		4.1998
v 47.1441 		-7.3634 		1.3289
v 42.6213 		-3.3987 		4.1998
v 46.9063 		-6.4691 		2.9939
v 42.6246 		-3.4053 		4.1998
v 47.1516 		-7.3039 		1.3289
v 46.7082 		8.7016 		6.6451
v 42.6282 		-3.4109 		4.1998
v 42.6318 		-3.4157 		4.1998
v 47.1575 		-7.2435 		1.3289
v 47.5087 		-6.3614 		6.7487
v 42.6357 		-3.4194 		4.1998
v 47.5087 		-6.351 		6.7498
v 46.9082 		-6.4879 		3.0053
v 46.759 		8.7167 		6.6383
v 47.0483 		8.6014 		2.5401
v 47.509 		-6.3416 		6.751
v 47.033 		8.6364 		2.5401
v 46.9098 		-6.5049 		3.0176
v 47.509 		-6.3312 		6.7517
v 46.6505 		8.7478 		6.5993
v 47.0167 		8.6676 		2.5401
v 46.7007 		8.7733 		6.5943
v 46.9998 		8.6959 		2.5401
v 47.5123 		-6.385 		6.7475
v 46.9822 		8.7195 		2.5401
v 46.7512 		8.7894 		6.5871
v 47.5126 		-6.3756 		6.7494
v 47.5129 		-6.3652 		6.7513
v 47.079 		-7.8196 		1.5283
v 47.0425 		8.6742 		2.5168
v 47.0988 		-7.7733 		1.5283
v 47.1177 		-7.7233 		1.5283
v 47.0252 		8.7072 		2.5168
v 47.0783 		-7.8177 		1.4985
v 42.6126 		-3.3751 		4.1998
v 46.8017 		8.7941 		6.5779
v 47.0982 		-7.7714 		1.4985
v 42.6152 		-3.3836 		4.1998
v 47.5129 		-6.3548 		6.7529
v 47.1171 		-7.7214 		1.4985
v 47.0767 		-7.8102 		1.4687
v 47.0962 		-7.7648 		1.4687
v 46.8023 		8.7941 		6.5775
v 47.5133 		-6.3331 		6.7552
v 47.5133 		-6.3434 		6.754
v 46.743 		8.8508 		6.5336
v 46.7349 		8.9018 		6.4786
v 47.0506 		8.7072 		2.4916
v 46.988 		-7.9537 		1.5283
v 46.7942 		8.8564 		6.5241
v 46.7935 		8.8564 		6.5241
v 47.0122 		-7.9282 		1.5283
v 47.0353 		-7.8971 		1.5283
v 47.0574 		-7.8612 		1.5283
v 47.1308 		8.5684 		2.4385
v 42.5852 		-3.5035 		4.1925
v 47.1164 		8.6222 		2.4385
v 46.9877 		-7.9509 		1.4985
v 42.7856 		-7.7214 		4.1203
v 46.9183 		-6.3038 		3.0057
v 42.5914 		-3.5177 		4.1925
v 47.1001 		8.6723 		2.4385
v 47.0118 		-7.9254 		1.4985
v 47.035 		-7.8942 		1.4985
v 46.9173 		-6.2858 		3
v 47.0571 		-7.8583 		1.4985
v 46.7857 		8.9074 		6.4687
v 46.9193 		-6.3208 		3.0118
v 46.7854 		8.9074 		6.4687
v 46.9867 		-7.9424 		1.4687
v 47.0829 		8.7195 		2.4385
v 47.0105 		-7.9178 		1.4687
v 42.7139 		-7.3379 		4.2177
v 47.1379 		8.5835 		2.4102
v 47.0333 		-7.8867 		1.4687
v 42.7458 		-7.3379 		4.2487
v 47.1229 		8.6392 		2.4102
v 47.0555 		-7.8508 		1.4687
v 42.7797 		-7.3379 		4.2781
v 47.1063 		8.6902 		2.4102
v 46.9203 		-6.3368 		3.0187
v 46.9213 		-6.351 		3.026
v 42.7386 		-7.4475 		4.2059
v 47.0737 		-7.7988 		1.4393
v 47.0933 		-7.7535 		1.4393
v 46.6427 		8.8083 		6.547
v 47.0695 		-7.7818 		1.4102
v 46.6925 		8.8347 		6.5413
v 47.0887 		-7.7384 		1.4102
v 47.5165 		-6.3897 		6.7498
v 46.6844 		8.8857 		6.4866
v 42.5793 		-3.4874 		4.1925
v 47.1282 		8.6524 		2.3812
v 47.1115 		8.7053 		2.3812
v 47.1321 		8.6609 		2.3518
v 47.0643 		-7.7611 		1.382
v 47.1148 		8.7148 		2.3518
v 46.5117 		8.5467 		6.6467
v 42.5546 		-3.3703 		4.1925
v 42.5572 		-3.3921 		4.1925
v 46.5048 		8.6109 		6.6008
v 46.9851 		-7.9292 		1.4393
v 46.4977 		8.6666 		6.5531
v 42.5604 		-3.4128 		4.1925
v 47.0581 		8.7365 		2.4656
v 47.5051 		-6.3293 		6.7483
v 47.0086 		-7.9037 		1.4393
v 42.5643 		-3.4327 		4.1925
v 46.4902 		8.7119 		6.5034
v 47.0311 		-7.8734 		1.4393
v 42.7683 		-7.4475 		4.2345
v 42.5689 		-3.4525 		4.1925
v 47.0529 		-7.8385 		1.4393
v 47.0069 		8.7365 		2.5168
v 46.5521 		8.6666 		6.6024
v 42.5738 		-3.4704 		4.1925
v 42.7999 		-7.4475 		4.262
v 46.9884 		8.7611 		2.5168
v 42.7927 		-7.5476 		4.2193
v 46.601 		8.7119 		6.602
v 47.0327 		8.7422 		2.4916
v 47.5051 		-6.3198 		6.7487
v 46.9832 		-7.9103 		1.4102
v 47.0135 		8.7733 		2.4916
v 42.5526 		-3.614 		4.1811
v 47.006 		-7.8857 		1.4102
v 46.9936 		8.7998 		2.4916
v 47.5051 		-6.3104 		6.749
v 47.0281 		-7.8555 		1.4102
v 42.7403 		-7.5476 		4.1658
v 47.0392 		8.7733 		2.4656
v 47.5094 		-6.3208 		6.7525
v 47.5094 		-6.3104 		6.7525
v 42.5207 		-3.7226 		4.1646
v 47.5136 		-6.3217 		6.7555
v 47.0193 		8.8054 		2.4656
v 42.7657 		-7.5476 		4.1929
v 47.0493 		-7.8215 		1.4102
v 42.533 		-3.7509 		4.1646
v 47.5136 		-6.3104 		6.7559
v 46.9985 		8.8328 		2.4656
v 46.9802 		-7.8857 		1.382
v 42.75 		-7.6392 		4.1295
v 42.5461 		-3.7764 		4.1646
v 47.0027 		-7.8621 		1.382
v 46.977 		8.8555 		2.4656
v 42.7712 		-7.6392 		4.1547
v 47.0239 		-7.8328 		1.382
v 42.7944 		-7.6392 		4.1791
v 47.0447 		-7.7998 		1.382
v 47.538 		-6.4587 		6.7361
v 46.8975 		-6.2811 		2.9351
v 47.5416 		-6.4757 		6.7257
v 46.8984 		-6.3123 		2.9408
v 42.4884 		-3.6216 		4.1646
v 47.5423 		-6.4691 		6.7311
v 46.8994 		-6.3425 		2.9477
v 42.4982 		-3.6574 		4.1646
v 42.5089 		-3.6914 		4.1646
v 47.0643 		8.7611 		2.4385
v 47.5429 		-6.4606 		6.7357
v 46.9017 		-6.3982 		2.9637
v 46.9004 		-6.3708 		2.9553
v 47.5436 		-6.4511 		6.7403
v 47.0887 		8.7384 		2.4102
v 47.5465 		-6.4776 		6.7254
v 47.0695 		8.7818 		2.4102
v 42.6565 		-7.3379 		4.1532
v 42.4751 		-3.7897 		4.144
v 47.135 		-7.6685 		1.5283
v 47.5472 		-6.47 		6.7303
v 47.5514 		-6.4776 		6.7242
v 47.1343 		-7.6666 		1.4985
v 42.4894 		-3.8284 		4.144
v 46.9033 		-6.4237 		2.9733
v 42.6839 		-7.3379 		4.186
v 47.5524 		-6.4709 		6.7296
v 47.1148 		-7.7148 		1.4687
v 47.1321 		-7.6609 		1.4687
v 47.552 		-6.4776 		6.7242
v 47.0933 		8.7535 		2.3812
v 47.5481 		-6.4615 		6.7353
v 47.5488 		-6.453 		6.7399
v 47.0737 		8.7988 		2.3812
v 42.6624 		-7.4475 		4.1146
v 46.5449 		8.7233 		6.5531
v 47.1115 		-7.7053 		1.4393
v 47.5537 		-6.4624 		6.7341
v 47.553 		-6.4624 		6.7341
v 46.5371 		8.7705 		6.5019
v 42.6855 		-7.4475 		4.1459
v 47.0962 		8.7648 		2.3518
v 47.1282 		-7.6524 		1.4393
v 47.0767 		8.8102 		2.3518
v 42.7109 		-7.4475 		4.1761
v 42.5216 		-3.5092 		4.1811
v 46.5931 		8.7705 		6.5512
v 47.553 		-6.4709 		6.7292
v 46.5853 		8.8196 		6.4985
v 42.5282 		-3.5375 		4.1811
v 42.5357 		-3.5649 		4.1811
v 42.6956 		-7.5476 		4.1092
v 42.5438 		-3.5904 		4.1811
v 47.0447 		8.7998 		2.4385
v 47.1063 		-7.6902 		1.4102
v 42.7168 		-7.5476 		4.1379
v 47.0239 		8.8328 		2.4385
v 47.1229 		-7.6392 		1.4102
v 47.5543 		-6.453 		6.7387
v 47.5537 		-6.453 		6.7387
v 47.1379 		-7.5835 		1.4102
v 47.0027 		8.8621 		2.4385
v 46.6345 		8.8583 		6.4931
v 46.8652 		-6.6967 		2.9347
v 46.9802 		8.8857 		2.4385
v 47.0829 		-7.7195 		1.382
v 46.8681 		-6.7278 		2.9534
v 47.1001 		-7.6723 		1.382
v 46.8835 		-6.5248 		2.9358
v 47.0493 		8.8215 		2.4102
v 47.1164 		-7.6222 		1.382
v 46.8854 		-6.5559 		2.9492
v 47.0281 		8.8555 		2.4102
v 46.6759 		8.9254 		6.4305
v 46.8877 		-6.5843 		2.9633
v 47.006 		8.8857 		2.4102
v 46.6674 		8.9537 		6.3732
v 47.1308 		-7.5684 		1.382
v 46.89 		-6.6098 		2.9786
v 46.7264 		8.9424 		6.4217
v 46.9832 		8.9103 		2.4102
v 42.5158 		-3.4789 		4.1811
v 46.7176 		8.9707 		6.364
v 46.7772 		8.9481 		6.4118
v 46.7766 		8.9481 		6.4118
v 47.5573 		-6.4776 		6.7231
v 42.5034 		-3.3817 		4.1811
v 42.5067 		-3.4147 		4.1811
v 47.5579 		-6.47 		6.728
v 46.9128 		-7.9972 		1.5283
v 47.0529 		8.8385 		2.3812
v 46.9382 		-7.9887 		1.5283
v 42.5109 		-3.4478 		4.1811
v 46.9633 		-7.9736 		1.5283
v 47.0311 		8.8734 		2.3812
v 46.9128 		-7.9943 		1.4985
v 46.9382 		-7.9858 		1.4985
v 46.9633 		-7.9707 		1.4985
v 47.0086 		8.9037 		2.3812
v 46.9125 		-7.9858 		1.4687
v 46.9851 		8.9292 		2.3812
v 46.9379 		-7.9773 		1.4687
v 46.9626 		-7.9622 		1.4687
v 47.0555 		8.8508 		2.3518
v 47.5387 		-6.4492 		6.7406
v 46.6586 		8.9707 		6.3155
v 42.4721 		-3.5432 		4.1646
v 47.0333 		8.8867 		2.3518
v 47.0105 		8.9178 		2.3518
v 42.4796 		-3.5838 		4.1646
v 47.5393 		-6.4398 		6.7448
v 46.9867 		8.9424 		2.3518
v 46.7088 		8.9887 		6.3056
v 47.5442 		-6.4417 		6.7445
v 47.5494 		-6.4426 		6.7441
v 46.7681 		8.9764 		6.3541
v 46.8874 		-7.9972 		1.4985
v 47.5543 		-6.4436 		6.7433
v 46.8874 		-7.9887 		1.4687
v 42.6318 		-7.3379 		4.1199
v 46.759 		8.9943 		6.2953
v 47.555 		-6.4436 		6.7429
v 46.7688 		8.9764 		6.3537
v 46.9121 		-7.9707 		1.4393
v 42.7533 		-7.7214 		4.0741
v 46.7596 		8.9943 		6.2953
v 46.9369 		-7.9622 		1.4393
v 42.7683 		-7.7214 		4.0974
v 42.7944 		-7.7941 		4.0707
v 46.9613 		-7.949 		1.4393
v 46.4827 		8.7478 		6.453
v 46.4749 		8.7733 		6.4015
v 46.9118 		-7.9509 		1.4102
v 46.5293 		8.8083 		6.4492
v 42.7285 		-7.7214 		4.0275
v 46.5211 		8.8347 		6.3957
v 46.9359 		-7.9424 		1.4102
v 42.7399 		-7.7214 		4.0508
v 46.9597 		-7.9292 		1.4102
v 42.765 		-7.7941 		4.0099
v 46.5772 		8.8583 		6.4442
v 42.7732 		-7.7941 		4.0302
v 46.9108 		-7.9254 		1.382
v 46.569 		8.8857 		6.3892
v 47.5175 		-6.453 		6.7261
v 46.9346 		-7.9178 		1.382
v 42.783 		-7.7941 		4.0504
v 47.5221 		-6.4596 		6.7265
v 47.5227 		-6.453 		6.7311
v 46.9577 		-7.9037 		1.382
v 47.5266 		-6.4653 		6.7269
v 47.5273 		-6.4587 		6.7315
v 46.6261 		8.8971 		6.4381
v 46.6176 		8.9254 		6.3816
v 47.5279 		-6.4511 		6.7361
v 42.7077 		-7.7214 		3.9584
v 47.5315 		-6.47 		6.7265
v 42.7126 		-7.7214 		3.9813
v 47.5322 		-6.4624 		6.7315
v 42.7194 		-7.7214 		4.0042
v 46.513 		8.8508 		6.3415
v 46.8874 		-7.9736 		1.4393
v 46.9639 		8.2454 		2.6555
v 42.7549 		-7.7941 		3.9702
v 47.5328 		-6.4549 		6.7361
v 46.5048 		8.8564 		6.2872
v 42.7592 		-7.7941 		3.9901
v 46.9587 		8.2624 		2.6555
v 47.5364 		-6.4728 		6.7265
v 46.8874 		-7.9537 		1.4102
v 46.5606 		8.9018 		6.3335
v 47.5374 		-6.4662 		6.7315
v 46.8874 		-7.9282 		1.382
v 46.9685 		8.3304 		2.6451
v 42.7308 		-7.6392 		4.1035
v 46.9607 		8.3483 		2.6451
v 47.5182 		-6.4473 		6.7307
v 47.0581 		-7.7365 		1.3549
v 47.5188 		-6.4398 		6.7345
v 46.977 		-7.8555 		1.3549
v 46.9529 		8.2775 		2.6555
v 46.9467 		8.2917 		2.6555
v 47.5191 		-6.4322 		6.7387
v 46.9985 		-7.8328 		1.3549
v 46.9398 		8.3039 		2.6555
v 42.6419 		-7.4475 		4.0833
v 47.0193 		-7.8054 		1.3549
v 47.5198 		-6.4237 		6.7422
v 47.5234 		-6.4454 		6.7353
v 47.524 		-6.4379 		6.7395
v 46.933 		8.3153 		2.6555
v 47.0392 		-7.7733 		1.3549
v 42.6461 		-7.5476 		4.0222
v 42.4594 		-4.3714 		4.0191
v 42.6601 		-7.5476 		4.0516
v 46.9525 		8.3634 		2.6451
v 46.9936 		-7.7998 		1.3289
v 42.6764 		-7.5476 		4.0806
v 46.9441 		8.3776 		2.6451
v 46.9349 		8.3899 		2.6451
v 47.0135 		-7.7733 		1.3289
v 47.5204 		-6.4143 		6.7456
v 42.4105 		-4.4168 		3.9786
v 47.0327 		-7.7422 		1.3289
v 42.6862 		-7.6392 		4.0248
v 46.5521 		8.9074 		6.2773
v 42.4421 		-4.4678 		3.9786
v 47.5247 		-6.4284 		6.7433
v 42.6989 		-7.6392 		4.0512
v 46.6091 		8.9424 		6.3247
v 46.9271 		8.2435 		2.6635
v 42.3926 		-4.5027 		3.9343
v 42.4265 		-4.5575 		3.9343
v 46.9219 		8.252 		2.6635
v 46.6006 		8.9481 		6.2674
v 46.9164 		8.2596 		2.6635
v 42.4617 		-4.6047 		3.9343
v 47.5286 		-6.4426 		6.7403
v 47.5292 		-6.4332 		6.7441
v 47.5338 		-6.4464 		6.7406
v 47.5341 		-6.4369 		6.7448
v 46.3843 		8.2737 		6.6585
v 42.3806 		-4.3592 		3.9786
v 46.9258 		8.3247 		2.6555
v 46.9884 		-7.7611 		1.3037
v 46.4325 		8.2737 		6.7093
v 42.3297 		-4.3705 		3.9343
v 46.9183 		8.3332 		2.6555
v 47.0069 		-7.7365 		1.3037
v 46.427 		8.3474 		6.6719
v 42.3604 		-4.4404 		3.9343
v 46.9108 		8.2652 		2.6635
v 46.4719 		8.4144 		6.6826
v 46.905 		8.2699 		2.6635
v 47.538 		-6.4936 		6.704
v 47.539 		-6.4908 		6.7097
v 46.8994 		8.2737 		2.6635
v 47.1083 		-7.6024 		1.3549
v 47.54 		-6.487 		6.715
v 46.8932 		8.2756 		2.6635
v 47.1223 		-7.5504 		1.3549
v 42.4421 		-3.8851 		4.1188
v 47.135 		-7.4957 		1.3549
v 47.5406 		-6.4823 		6.7208
v 46.3384 		8.2501 		6.6081
v 42.4594 		-3.9304 		4.1188
v 46.9108 		8.3389 		2.6555
v 42.7139 		-7.6392 		4.0775
v 46.3331 		8.3011 		6.5714
v 46.903 		8.3436 		2.6555
v 47.1122 		-7.5287 		1.3289
v 46.8952 		8.3464 		2.6555
v 46.3788 		8.3361 		6.6211
v 46.3729 		8.3908 		6.5821
v 47.076 		-7.6959 		1.3549
v 42.4027 		-4.1221 		4.0561
v 47.0926 		-7.6506 		1.3549
v 42.4262 		-4.1769 		4.0561
v 46.4211 		8.4144 		6.6322
v 47.0679 		-7.6676 		1.3289
v 42.4513 		-4.2251 		4.0561
v 46.9258 		8.3993 		2.6451
v 47.0838 		-7.6251 		1.3289
v 46.4149 		8.473 		6.5905
v 42.6624 		-7.6392 		3.9473
v 46.9164 		8.4069 		2.6451
v 47.0985 		-7.5788 		1.3289
v 46.9069 		8.4126 		2.6451
v 42.6679 		-7.6392 		3.9729
v 42.4027 		-4.2704 		4.0191
v 42.6758 		-7.6392 		3.9985
v 42.4304 		-4.3242 		4.0191
v 46.4654 		8.4843 		6.6406
v 46.8971 		8.4163 		2.6451
v 46.8105 		-6.9101 		2.882
v 46.4589 		8.5467 		6.5966
v 46.8141 		-6.9536 		2.9079
v 47.0584 		-7.6364 		1.3037
v 47.0737 		-7.5958 		1.3037
v 47.5433 		-6.4955 		6.7028
v 42.3926 		-3.9191 		4.0894
v 47.0877 		-7.5514 		1.3037
v 42.5738 		-7.3379 		4.018
v 47.5439 		-6.4927 		6.7086
v 46.8362 		-6.7637 		2.8862
v 46.4084 		8.5231 		6.547
v 42.4105 		-3.9767 		4.0894
v 47.1008 		-7.5051 		1.3037
v 42.5904 		-7.3379 		4.0519
v 46.4016 		8.5646 		6.5023
v 47.5449 		-6.4889 		6.7143
v 42.4304 		-4.0286 		4.0894
v 46.8395 		-6.8053 		2.9072
v 42.6096 		-7.3379 		4.0859
v 42.4513 		-4.0768 		4.0894
v 46.3947 		8.5977 		6.4565
v 46.9744 		8.4022 		2.6325
v 47.5459 		-6.4832 		6.72
v 46.8427 		-6.8431 		2.9297
v 47.5491 		-6.4936 		6.7078
v 46.9646 		8.4211 		2.6325
v 46.4521 		8.5996 		6.5512
v 47.0627 		-7.5637 		1.2804
v 46.9545 		8.4381 		2.6325
v 47.5498 		-6.4889 		6.7135
v 46.4449 		8.643 		6.5038
v 47.5498 		-6.4936 		6.7078
v 46.9441 		8.4513 		2.6325
v 42.6086 		-7.4475 		4.0199
v 47.0757 		-7.5221 		1.2804
v 46.4377 		8.677 		6.4553
v 42.624 		-7.4475 		4.0516
v 46.933 		8.4636 		2.6325
v 47.5481 		-6.4964 		6.7021
v 46.3273 		8.3455 		6.5336
v 47.1242 		-7.4768 		1.3289
v 46.9219 		8.4721 		2.6325
v 46.3214 		8.3814 		6.4943
v 47.135 		-7.4211 		1.3289
v 42.5431 		-7.3379 		3.9175
v 46.3155 		8.4097 		6.4542
v 47.5514 		-6.4842 		6.7189
v 47.5507 		-6.4842 		6.7189
v 42.5503 		-7.3379 		3.9503
v 46.3667 		8.4381 		6.5413
v 46.3602 		8.4777 		6.4992
v 42.5604 		-7.3379 		3.984
v 42.376 		-3.8586 		4.0894
v 47.1122 		-7.4551 		1.3037
v 46.3537 		8.5079 		6.4561
v 42.3248 		-3.8586 		4.0561
v 47.1223 		-7.4022 		1.3037
v 42.3415 		-3.9313 		4.0561
v 46.9105 		8.4787 		2.6325
v 42.3604 		-3.9993 		4.0561
v 47.1308 		-7.3483 		1.3037
v 42.58 		-7.4475 		3.9267
v 42.5865 		-7.4475 		3.9572
v 47.1379 		-7.2917 		1.3037
v 42.3806 		-4.0636 		4.0561
v 42.5963 		-7.4475 		3.9885
v 46.9646 		8.4957 		2.618
v 47.5563 		-6.4832 		6.7177
v 47.1083 		-7.3814 		1.2804
v 46.9525 		8.5117 		2.618
v 47.1164 		-7.3304 		1.2804
v 46.9398 		8.5249 		2.618
v 47.1229 		-7.2775 		1.2804
v 42.62 		-7.5476 		3.9366
v 46.9744 		8.5504 		2.6012
v 42.6259 		-7.5476 		3.9649
v 46.9607 		8.5684 		2.6012
v 42.6347 		-7.5476 		3.9935
v 47.5488 		-6.4964 		6.7017
v 46.9467 		8.5835 		2.6012
v 46.2908 		8.2444 		6.5241
v 46.2852 		8.2784 		6.4882
v 47.5504 		-6.4889 		6.7131
v 47.0877 		-7.4777 		1.2804
v 47.5547 		-6.4927 		6.7066
v 47.0985 		-7.4305 		1.2804
v 46.8991 		8.4834 		2.6325
v 47.5556 		-6.4889 		6.712
v 42.7178 		-6.8346 		4.3277
v 46.9271 		8.5353 		2.618
v 42.3092 		-3.9993 		4.0191
v 46.9141 		8.5429 		2.618
v 42.3297 		-4.0749 		4.0191
v 42.7611 		-6.8346 		4.3617
v 46.9007 		8.5476 		2.618
v 47.0506 		-7.7072 		1.3289
v 42.3522 		-4.1457 		4.0191
v 47.0252 		-7.7072 		1.3037
v 42.7302 		-6.9696 		4.3178
v 46.932 		8.5958 		2.6012
v 42.3767 		-4.2109 		4.0191
v 47.0425 		-7.6742 		1.3037
v 46.9173 		8.6043 		2.6012
v 42.7719 		-6.9696 		4.3506
v 46.9024 		8.609 		2.6012
v 47.5537 		-6.4955 		6.7009
v 46.9822 		-7.7195 		1.2804
v 46.9998 		-7.6959 		1.2804
v 42.7448 		-7.0981 		4.306
v 42.7849 		-7.0981 		4.3377
v 47.0167 		-7.6676 		1.2804
v 46.9685 		8.6222 		2.5825
v 42.3255 		-4.2222 		3.9786
v 47.033 		-7.6364 		1.2804
v 46.9529 		8.6392 		2.5825
v 42.7992 		-7.2218 		4.3228
v 42.3522 		-4.294 		3.9786
v 47.0483 		-7.6014 		1.2804
v 46.9369 		8.6524 		2.5825
v 46.9587 		8.6902 		2.5623
v 47.5169 		-6.4587 		6.7215
v 46.9411 		8.7053 		2.5623
v 47.5182 		-6.4776 		6.7017
v 46.3094 		8.4305 		6.4133
v 42.7882 		-6.4077 		4.4179
v 47.5191 		-6.4757 		6.7066
v 47.5227 		-6.4832 		6.7009
v 46.3471 		8.5297 		6.4118
v 42.4389 		-3.6565 		4.144
v 42.7927 		-6.5531 		4.4121
v 47.5237 		-6.4823 		6.7063
v 47.0627 		-7.4891 		1.2582
v 46.3403 		8.5429 		6.3675
v 42.4496 		-3.7037 		4.144
v 46.9206 		8.6609 		2.5825
v 42.4617 		-3.7481 		4.144
v 46.904 		8.6666 		2.5825
v 47.5204 		-6.47 		6.717
v 42.3877 		-3.6678 		4.1188
v 42.7986 		-6.6957 		4.4041
v 47.5198 		-6.4728 		6.712
v 47.5244 		-6.4794 		6.7116
v 47.1001 		-7.3115 		1.2582
v 42.3991 		-3.7264 		4.1188
v 46.3876 		8.6203 		6.4095
v 47.1063 		-7.2624 		1.2582
v 46.9235 		8.7148 		2.5623
v 42.4122 		-3.7821 		4.1188
v 46.3804 		8.6345 		6.3621
v 47.5214 		-6.4653 		6.7219
v 42.6494 		-6.4077 		4.3083
v 42.4265 		-3.835 		4.1188
v 42.6934 		-6.4077 		4.3468
v 47.0737 		-7.4484 		1.2582
v 47.5253 		-6.4757 		6.7166
v 47.5283 		-6.487 		6.7055
v 47.0838 		-7.4041 		1.2582
v 42.7399 		-6.4077 		4.3835
v 46.8874 		8.3474 		2.6555
v 47.5292 		-6.4842 		6.7108
v 46.8874 		8.4173 		2.6451
v 47.0926 		-7.3587 		1.2582
v 46.4302 		8.7016 		6.406
v 42.6559 		-6.5531 		4.3044
v 46.8874 		8.4843 		2.6325
v 46.8307 		-6.6683 		2.8484
v 46.4227 		8.7167 		6.356
v 46.8874 		8.5486 		2.618
v 47.526 		-6.4709 		6.7219
v 42.6992 		-6.5531 		4.3422
v 42.4526 		-3.3703 		4.1646
v 46.8333 		-6.7184 		2.8667
v 46.8874 		8.6109 		2.6012
v 42.4555 		-3.4147 		4.1646
v 42.7448 		-6.5531 		4.3782
v 47.5276 		-6.4889 		6.6998
v 46.8874 		8.6685 		2.5825
v 46.8558 		-6.5371 		2.8709
v 42.4601 		-3.4591 		4.1646
v 46.3338 		8.5476 		6.3224
v 46.9053 		8.7214 		2.5623
v 42.4653 		-3.5016 		4.1646
v 46.3732 		8.6392 		6.3144
v 46.8874 		8.7233 		2.5623
v 46.8577 		-6.5814 		2.8846
v 47.5299 		-6.4804 		6.7162
v 42.7074 		-6.6957 		4.3358
v 47.5309 		-6.4757 		6.7215
v 42.752 		-6.6957 		4.3709
v 46.8603 		-6.623 		2.9003
v 46.8626 		-6.6617 		2.9167
v 47.5325 		-6.4927 		6.699
v 42.4291 		-3.6064 		4.144
v 47.5332 		-6.4908 		6.7047
v 47.0584 		-7.4163 		1.238
v 47.5341 		-6.4879 		6.7105
v 46.4152 		8.7214 		6.3056
v 47.0679 		-7.3757 		1.238
v 47.5348 		-6.4842 		6.7158
v 46.9639 		8.7384 		2.5401
v 42.7882 		-5.8146 		4.4179
v 47.076 		-7.3342 		1.238
v 47.5358 		-6.4794 		6.7212
v 46.9454 		8.7535 		2.5401
v 46.4671 		8.7894 		6.3491
v 42.7856 		-5.9619 		4.4213
v 47.0829 		-7.2907 		1.238
v 46.9261 		8.7648 		2.5401
v 42.405 		-3.3921 		4.144
v 46.4592 		8.7941 		6.2964
v 46.9069 		8.7714 		2.5401
v 42.4089 		-3.4478 		4.144
v 47.0887 		-7.2454 		1.238
v 42.7849 		-6.1102 		4.4225
v 47.5374 		-6.4955 		6.6982
v 46.9688 		8.7818 		2.5168
v 42.4141 		-3.5016 		4.144
v 46.9489 		8.7988 		2.5168
v 46.2797 		8.3039 		6.4511
v 42.7849 		-6.1121 		4.4225
v 42.421 		-3.5554 		4.144
v 46.876 		-6.3349 		2.8854
v 46.9287 		8.8102 		2.5168
v 42.7856 		-6.2603 		4.4213
v 46.2742 		8.3228 		6.4137
v 46.2683 		8.3342 		6.3755
v 46.8786 		-6.4171 		2.9018
v 46.8769 		-6.3765 		2.893
v 46.9079 		8.8177 		2.5168
v 46.2624 		8.3379 		6.3373
v 42.7399 		-5.8146 		4.3835
v 47.0581 		-7.3077 		1.2193
v 42.7367 		-5.9619 		4.3866
v 46.8799 		-6.4549 		2.9121
v 47.0643 		-7.2681 		1.2193
v 46.3028 		8.4428 		6.3717
v 47.4983 		-6.4048 		6.7238
v 46.8815 		-6.4908 		2.9232
v 46.2966 		8.4475 		6.33
v 47.4986 		-6.4001 		6.7269
v 42.3594 		-3.4128 		4.1188
v 42.7357 		-6.1102 		4.3877
v 42.3639 		-3.4789 		4.1188
v 47.4989 		-6.3944 		6.7296
v 46.9731 		8.8215 		2.4916
v 47.0229 		-7.5958 		1.2582
v 42.7357 		-6.1121 		4.3877
v 46.9522 		8.8385 		2.4916
v 47.0369 		-7.5637 		1.2582
v 46.9307 		8.8508 		2.4916
v 47.5015 		-6.4143 		6.7257
v 42.7367 		-6.2603 		4.3866
v 47.5022 		-6.4096 		6.7288
v 46.9092 		8.8583 		2.4916
v 47.0503 		-7.5278 		1.2582
v 46.9551 		8.8734 		2.4656
v 46.8509 		-6.3888 		2.8377
v 47.0249 		-7.5221 		1.238
v 42.6442 		-6.1102 		4.3117
v 42.6888 		-6.1102 		4.3506
v 46.9327 		8.8867 		2.4656
v 47.5025 		-6.4029 		6.7319
v 46.8522 		-6.4398 		2.8472
v 47.0369 		-7.4891 		1.238
v 46.9102 		8.8942 		2.4656
v 42.6888 		-6.1121 		4.3506
v 46.8538 		-6.4898 		2.8583
v 47.5068 		-6.4039 		6.7372
v 47.5032 		-6.3963 		6.7345
v 42.6442 		-6.1121 		4.3117
v 46.875 		-6.2924 		2.8789
v 42.6455 		-6.2603 		4.3109
v 46.9757 		-7.6723 		1.2582
v 42.6901 		-6.2603 		4.3495
v 46.992 		-7.6506 		1.2582
v 47.5064 		-6.4114 		6.7341
v 47.0076 		-7.6251 		1.2582
v 42.3701 		-3.5432 		4.1188
v 46.9835 		-7.6024 		1.238
v 42.3783 		-3.6064 		4.1188
v 46.8874 		8.7733 		2.5401
v 46.9978 		-7.5788 		1.238
v 42.6494 		-5.8146 		4.3083
v 46.8874 		8.8196 		2.5168
v 42.6934 		-5.8146 		4.3468
v 46.8874 		8.8612 		2.4916
v 47.0118 		-7.5514 		1.238
v 42.6455 		-5.9619 		4.3109
v 46.8874 		8.8971 		2.4656
v 42.6901 		-5.9619 		4.3495
v 46.9577 		8.9037 		2.4385
v 47.5048 		-6.4284 		6.7235
v 46.9346 		8.9178 		2.4385
v 47.5055 		-6.4237 		6.7273
v 46.9108 		8.9254 		2.4385
v 42.7986 		-5.5265 		4.4041
v 46.9874 		-7.5287 		1.2193
v 46.9998 		-7.5051 		1.2193
v 42.7927 		-5.6691 		4.4121
v 46.9597 		8.9292 		2.4102
v 47.5061 		-6.4181 		6.7307
v 46.9359 		8.9424 		2.4102
v 46.9118 		8.9509 		2.4102
v 42.7178 		-5.3877 		4.3277
v 47.5074 		-6.3963 		6.7399
v 47.0483 		-7.4541 		1.238
v 42.7611 		-5.3877 		4.3617
v 42.7074 		-5.5265 		4.3358
v 42.752 		-5.5265 		4.3709
v 47.5087 		-6.4379 		6.7246
v 47.0229 		-7.4484 		1.2193
v 47.5094 		-6.4322 		6.7284
v 47.033 		-7.4163 		1.2193
v 42.3369 		-3.6565 		4.0894
v 42.6559 		-5.6691 		4.3044
v 47.0425 		-7.3814 		1.2193
v 42.348 		-3.7264 		4.0894
v 47.0167 		-7.3757 		1.2024
v 42.6992 		-5.6691 		4.3422
v 47.51 		-6.4256 		6.7322
v 42.361 		-3.7944 		4.0894
v 42.7448 		-5.6691 		4.3782
v 47.5107 		-6.419 		6.7357
v 47.0506 		-7.3455 		1.2193
v 47.5136 		-6.4398 		6.7296
v 47.5143 		-6.4332 		6.7338
v 47.0252 		-7.3455 		1.2024
v 47.0327 		-7.3134 		1.2024
v 42.3102 		-3.7821 		4.0561
v 47.0392 		-7.2794 		1.2024
v 47.0447 		-7.2444 		1.2024
v 42.3151 		-3.4327 		4.0894
v 42.3203 		-3.5092 		4.0894
v 47.511 		-6.4114 		6.7391
v 42.3278 		-3.5838 		4.0894
v 47.0193 		-7.2501 		1.1879
v 42.7253 		-7.2218 		4.2613
v 47.5113 		-6.4029 		6.7422
v 42.7611 		-7.2218 		4.293
v 47.512 		-6.3944 		6.7448
v 47.5152 		-6.4181 		6.741
v 47.5159 		-6.4096 		6.7441
v 42.2906 		-3.9191 		4.0191
v 42.6376 		-6.8346 		4.254
v 47.0118 		-7.4777 		1.2193
v 42.6764 		-6.8346 		4.2914
v 46.9763 		-7.4768 		1.2024
v 46.9874 		-7.4551 		1.2024
v 42.653 		-6.9696 		4.2468
v 42.2411 		-3.8851 		3.9786
v 42.6904 		-6.9696 		4.283
v 46.9613 		8.949 		2.3812
v 42.2587 		-3.9767 		3.9786
v 42.2786 		-4.0636 		3.9786
v 46.9369 		8.9622 		2.3812
v 47.5129 		-6.4454 		6.7254
v 42.3011 		-4.1457 		3.9786
v 42.6709 		-7.0981 		4.2383
v 42.7067 		-7.0981 		4.2727
v 42.2291 		-4.0286 		3.9343
v 46.9626 		8.9622 		2.3518
v 47.5149 		-6.4256 		6.7372
v 42.2506 		-4.1221 		3.9343
v 46.8258 		-6.5597 		2.817
v 42.2747 		-4.2109 		3.9343
v 46.9121 		8.9707 		2.3812
v 46.8281 		-6.6154 		2.8319
v 42.3011 		-4.294 		3.9343
v 46.9978 		-7.4305 		1.2024
v 46.9379 		8.9773 		2.3518
v 47.0076 		-7.4041 		1.2024
v 46.9125 		8.9858 		2.3518
v 42.6911 		-7.2218 		4.2284
v 42.2102 		-3.9304 		3.9343
v 46.9835 		-7.3814 		1.1879
v 46.992 		-7.3587 		1.1879
v 46.8874 		8.9282 		2.4385
v 46.8199 		-6.3123 		2.7762
v 42.2874 		-3.6216 		4.0561
v 42.6373 		-7.0981 		4.2024
v 42.6595 		-7.2218 		4.1948
v 46.8874 		8.9537 		2.4102
v 42.2975 		-3.7037 		4.0561
v 46.8209 		-6.3765 		2.7834
v 46.8874 		8.9736 		2.3812
v 42.2489 		-3.6574 		4.0191
v 46.8874 		8.9887 		2.3518
v 42.2607 		-3.7481 		4.0191
v 47.5048 		-6.453 		6.699
v 46.8222 		-6.4398 		2.7926
v 47.5058 		-6.453 		6.7032
v 42.2743 		-3.835 		4.0191
v 46.8238 		-6.5012 		2.8037
v 47.2031 		8.2756 		2.322
v 47.5064 		-6.4511 		6.7078
v 46.9998 		-7.3342 		1.1879
v 47.1962 		8.3464 		2.322
v 47.5097 		-6.4615 		6.7028
v 46.8486 		-6.2811 		2.8239
v 47.1875 		8.4163 		2.322
v 47.5103 		-6.4606 		6.7074
v 47.511 		-6.4587 		6.712
v 47.0069 		-7.3077 		1.1879
v 46.8496 		-6.3349 		2.83
v 42.665 		-6.6957 		4.2987
v 47.2041 		8.2756 		2.2922
v 47.1972 		8.3474 		2.2922
v 47.5116 		-6.4549 		6.7166
v 47.0135 		-7.2794 		1.1879
v 47.1884 		8.4173 		2.2922
v 47.5123 		-6.4511 		6.7212
v 42.6015 		-6.8346 		4.2154
v 47.5139 		-6.47 		6.7021
v 42.273 		-3.4525 		4.0561
v 47.1767 		8.4834 		2.322
v 46.9757 		-7.3115 		1.1753
v 47.1643 		8.5476 		2.322
v 47.5146 		-6.4691 		6.707
v 47.1503 		8.609 		2.322
v 42.2789 		-3.5375 		4.0561
v 42.6181 		-6.9696 		4.2093
v 47.1777 		8.4843 		2.2922
v 47.1653 		8.5486 		2.2922
v 47.5152 		-6.4662 		6.712
v 47.151 		8.6109 		2.2922
v 45.9135 		6.2526 		5.2219
v 42.2297 		-3.3751 		4.0191
v 47.5159 		-6.4624 		6.717
v 42.5379 		-6.8346 		4.1352
v 42.2336 		-3.4704 		4.0191
v 45.9206 		6.6691 		5.2662
v 42.5682 		-6.8346 		4.1757
v 42.2401 		-3.5649 		4.0191
v 46.9822 		-7.2907 		1.1753
v 46.9884 		-7.2681 		1.1753
v 45.919 		6.5265 		5.2544
v 42.5568 		-6.9696 		4.1322
v 46.9936 		-7.2444 		1.1753
v 42.5858 		-6.9696 		4.1711
v 45.9164 		6.3877 		5.2399
v 47.4967 		-6.4152 		6.7147
v 47.4963 		-6.4181 		6.7112
v 47.4973 		-6.4124 		6.7177
v 42.579 		-7.0981 		4.1283
v 47.1343 		8.6666 		2.322
v 42.6067 		-7.0981 		4.1658
v 42.2258 		-3.7897 		3.9786
v 47.135 		8.6685 		2.2922
v 42.6038 		-7.2218 		4.1245
v 47.1171 		8.7214 		2.322
v 47.4976 		-6.4086 		6.7208
v 47.0982 		8.7714 		2.322
v 42.6305 		-7.2218 		4.1597
v 47.0783 		8.8177 		2.322
v 42.2134 		-3.6914 		3.9786
v 47.1177 		8.7233 		2.2922
v 47.0988 		8.7733 		2.2922
v 47.079 		8.8196 		2.2922
v 46.9102 		-7.8942 		1.3549
v 42.1698 		-3.614 		3.9343
v 42.1802 		-3.7226 		3.9343
v 46.9327 		-7.8867 		1.3549
v 47.0571 		8.8583 		2.322
v 42.1939 		-3.8284 		3.9343
v 42.5692 		-6.4077 		4.2269
v 45.9229 		7.2603 		5.2796
v 47.035 		8.8942 		2.322
v 46.9551 		-7.8734 		1.3549
v 42.608 		-6.4077 		4.2685
v 47.0118 		8.9254 		2.322
v 45.9479 		7.2603 		5.2849
v 46.9877 		8.9509 		2.322
v 45.9233 		7.1121 		5.2811
v 46.9092 		-7.8583 		1.3289
v 45.9471 		7.1945 		5.2855
v 42.577 		-6.5531 		4.2242
v 45.946 		7.1121 		5.2861
v 45.9467 		7.1654 		5.2857
v 45.9233 		7.1102 		5.2811
v 46.9307 		-7.8508 		1.3289
v 42.6152 		-6.5531 		4.2651
v 45.9229 		6.9619 		5.2796
v 42.1922 		-3.3836 		3.9786
v 47.0574 		8.8612 		2.2922
v 47.0353 		8.8971 		2.2922
v 46.9522 		-7.8385 		1.3289
v 42.1965 		-3.4874 		3.9786
v 47.0122 		8.9282 		2.2922
v 46.988 		8.9537 		2.2922
v 46.9731 		-7.8215 		1.3289
v 42.5878 		-6.6957 		4.2204
v 42.2036 		-3.5904 		3.9786
v 45.9223 		6.8146 		5.2743
v 42.6249 		-6.6957 		4.2601
v 42.1577 		-3.3911 		3.9343
v 42.1623 		-3.5035 		3.9343
v 45.919 		7.6957 		5.2544
v 46.9079 		-7.8177 		1.3037
v 45.9206 		7.5531 		5.2662
v 46.9633 		8.9707 		2.322
v 46.9287 		-7.8102 		1.3037
v 46.9382 		8.9858 		2.322
v 46.9489 		-7.7988 		1.3037
v 42.5014 		-6.4077 		4.1409
v 45.9223 		7.4077 		5.2743
v 46.9128 		8.9943 		2.322
v 42.5096 		-5.0004 		3.9091
v 46.8874 		8.9972 		2.322
v 46.9688 		-7.7818 		1.3037
v 42.4796 		-5.1242 		3.9018
v 42.5337 		-6.4077 		4.1845
v 46.9633 		8.9736 		2.2922
v 46.9069 		-7.7714 		1.2804
v 46.9382 		8.9887 		2.2922
v 45.906 		8.2218 		5.1772
v 42.5102 		-6.5531 		4.1398
v 46.9128 		8.9972 		2.2922
v 46.9261 		-7.7648 		1.2804
v 42.5216 		-4.8437 		3.8373
v 45.9099 		8.0981 		5.2009
v 46.9454 		-7.7535 		1.2804
v 42.5418 		-6.5531 		4.1822
v 46.9639 		-7.7384 		1.2804
v 42.5223 		-6.6957 		4.1375
v 42.5507 		-4.8291 		3.8561
v 45.9135 		7.9696 		5.2219
v 42.5536 		-6.6957 		4.1795
v 42.5396 		-4.854 		3.8373
v 45.9164 		7.8346 		5.2399
v 46.8874 		-7.8971 		1.3549
v 46.8874 		-7.8612 		1.3289
v 42.5539 		-7.0981 		4.0905
v 42.5598 		-7.2218 		4.0523
v 42.5803 		-7.2218 		4.0882
v 42.5321 		-4.8698 		3.8232
v 47.4983 		-6.4322 		6.704
v 47.5012 		-6.4436 		6.6998
v 47.498 		-6.4322 		6.7002
v 42.4874 		-6.8346 		4.0527
v 42.4721 		-4.8786 		3.7853
v 42.5109 		-6.8346 		4.094
v 46.4986 		8.2507 		2.6656
v 46.4764 		8.2756 		2.6635
v 42.4891 		-6.9696 		4.0126
v 42.5166 		-4.9051 		3.7922
v 42.5143 		-4.9103 		3.7874
v 42.5083 		-6.9696 		4.0527
v 42.5308 		-6.9696 		4.0924
v 47.4989 		-6.4313 		6.7078
v 42.5134 		-4.9125 		3.7853
v 47.4996 		-6.4294 		6.7116
v 42.5138 		-7.0981 		4.0141
v 47.5002 		-6.4266 		6.7154
v 42.5324 		-7.0981 		4.0523
v 42.5253 		-4.8843 		3.8103
v 47.5006 		-6.4228 		6.7189
v 47.5012 		-6.419 		6.7223
v 42.4985 		-4.944 		3.7482
v 42.5422 		-7.2218 		4.016
v 46.3957 		8.3343 		2.6569
v 47.5019 		-6.4426 		6.7036
v 42.4914 		-4.9588 		3.7307
v 46.4172 		8.3237 		2.6581
v 46.4664 		8.2861 		2.6623
v 46.4459 		8.3015 		2.6606
v 47.5025 		-6.4417 		6.7078
v 42.4734 		-6.9696 		3.9729
v 46.3687 		8.3474 		2.6555
v 46.9356 		-6.2566 		3.0802
v 46.9362 		-6.2584 		3.0848
v 47.5032 		-6.4398 		6.712
v 42.4874 		-7.0981 		3.9385
v 42.4988 		-7.0981 		3.9763
v 47.5042 		-6.4332 		6.72
v 47.5038 		-6.4369 		6.7158
v 46.9369 		-6.2594 		3.0894
v 42.4884 		-4.7313 		3.8873
v 46.3155 		8.3587 		2.6538
v 42.5171 		-7.2218 		3.9442
v 46.3669 		8.3482 		2.6553
v 46.9375 		-6.2603 		3.094
v 46.3473 		8.3522 		2.6548
v 42.5282 		-7.2218 		3.9798
v 42.5282 		-4.7643 		3.8873
v 45.9534 		7.4077 		5.2812
v 45.9505 		7.3312 		5.283
v 45.9496 		8.2218 		5.1868
v 45.9558 		8.0981 		5.2108
v 47.5081 		-6.4426 		6.7208
v 42.4724 		-6.4077 		4.097
v 45.9614 		7.9696 		5.2322
v 46.8874 		-7.8196 		1.3037
v 42.5689 		-4.787 		3.8873
v 46.8874 		-7.7733 		1.2804
v 42.4819 		-6.5531 		4.0963
v 46.9395 		-6.1121 		3.0936
v 47.5071 		-6.4492 		6.712
v 46.1614 		8.3342 		2.6665
v 46.8874 		-7.7233 		1.2582
v 47.5077 		-6.4464 		6.7166
v 46.9053 		-7.7214 		1.2582
v 42.4946 		-6.6957 		4.0955
v 42.4705 		-6.6957 		4.0527
v 42.5753 		-4.7733 		3.8954
v 42.5746 		-4.7747 		3.8946
v 42.5694 		-4.7872 		3.8873
v 46.2286 		8.3474 		2.6555
v 45.9927 		8.2218 		5.1937
v 46.1604 		8.3115 		2.6595
v 42.6376 		-5.3877 		4.254
v 46.2119 		8.3426 		2.656
v 42.4796 		-4.8097 		3.8373
v 46.2101 		8.3416 		2.6561
v 46.2022 		8.3372 		2.6566
v 42.6764 		-5.3877 		4.2914
v 46.2125 		8.3426 		2.656
v 47.4898 		-6.3954 		6.7047
v 42.5688 		-4.7886 		3.8864
v 47.4895 		-6.3954 		6.7021
v 42.665 		-5.5265 		4.2987
v 47.4908 		-6.3935 		6.7101
v 46.264 		8.3572 		2.654
v 45.9702 		7.6957 		5.2659
v 47.4905 		-6.3944 		6.7074
v 46.3003 		8.3582 		2.6539
v 46.9336 		-6.2443 		3.0672
v 46.9343 		-6.249 		3.0714
v 46.2547 		8.3547 		2.6544
v 46.9349 		-6.2528 		3.0756
v 42.5692 		-4.7877 		3.8869
v 46.9411 		-7.7053 		1.2582
v 47.4927 		-6.4077 		6.7078
v 45.9565 		7.4577 		5.2793
v 45.9567 		7.4602 		5.2792
v 46.9587 		-7.6902 		1.2582
v 42.483 		-4.9748 		3.7066
v 47.4911 		-6.3916 		6.7124
v 42.563 		-6.1102 		4.2292
v 42.6021 		-6.1102 		4.2712
v 42.4718 		-4.996 		3.6746
v 46.933 		-6.2386 		3.063
v 42.563 		-6.1121 		4.2292
v 47.4924 		-6.4086 		6.7047
v 42.6021 		-6.1121 		4.2712
v 47.4921 		-6.4086 		6.7017
v 42.5647 		-6.2603 		4.2288
v 45.9663 		7.8346 		5.2506
v 42.6034 		-6.2603 		4.2704
v 42.4291 		-4.8333 		3.7853
v 47.2041 		8.2756 		1.5283
v 47.1972 		8.3474 		1.5283
v 47.1884 		8.4173 		1.5283
v 47.2031 		8.2756 		1.4985
v 47.1962 		8.3464 		1.4985
v 42.5692 		-5.8146 		4.2269
v 42.3783 		-4.8333 		3.7307
v 42.608 		-5.8146 		4.2685
v 47.1875 		8.4163 		1.4985
v 47.2002 		8.2737 		1.4687
v 42.5647 		-5.9619 		4.2288
v 47.4934 		-6.4058 		6.7108
v 42.421 		-4.8899 		3.7307
v 46.9369 		-7.6524 		1.238
v 42.6034 		-5.9619 		4.2704
v 46.9529 		-7.6392 		1.238
v 47.1933 		8.3436 		1.4687
v 42.4653 		-4.9372 		3.7307
v 46.9685 		-7.6222 		1.238
v 47.1848 		8.4126 		1.4687
v 46.9323 		-6.232 		3.0592
v 47.1741 		8.4787 		1.4687
v 47.4937 		-6.4039 		6.7135
v 46.932 		-6.2244 		3.0558
v 42.4122 		-4.6397 		3.8873
v 42.4943 		-6.1102 		4.1421
v 46.9235 		-7.7148 		1.2582
v 42.4496 		-4.6897 		3.8873
v 47.4944 		-6.4011 		6.7166
v 42.5269 		-6.1102 		4.186
v 47.1777 		8.4843 		1.5283
v 47.1653 		8.5486 		1.5283
v 47.4947 		-6.3982 		6.7193
v 42.4943 		-6.1121 		4.1421
v 47.151 		8.6109 		1.5283
v 42.5269 		-6.1121 		4.186
v 47.1767 		8.4834 		1.4985
v 42.4959 		-6.2603 		4.1421
v 46.904 		-7.6666 		1.238
v 47.1643 		8.5476 		1.4985
v 47.495 		-6.3944 		6.7219
v 47.1503 		8.609 		1.4985
v 46.9206 		-7.6609 		1.238
v 42.5285 		-6.2603 		4.1856
v 47.1617 		8.5429 		1.4687
v 47.1477 		8.6043 		1.4687
v 47.4947 		-6.4209 		6.7009
v 46.9314 		-6.2169 		3.0523
v 42.3991 		-4.7133 		3.8373
v 47.1956 		8.2699 		1.4393
v 47.4954 		-6.4209 		6.7044
v 46.9467 		-7.5835 		1.2193
v 42.5014 		-5.8146 		4.1409
v 42.4389 		-4.7662 		3.8373
v 47.1888 		8.3389 		1.4393
v 46.9607 		-7.5684 		1.2193
v 42.5337 		-5.8146 		4.1845
v 47.4957 		-6.4199 		6.7078
v 46.9744 		-7.5504 		1.2193
v 47.18 		8.4069 		1.4393
v 42.4959 		-5.9619 		4.1421
v 45.9626 		7.5531 		5.2754
v 46.9398 		-7.5249 		1.2024
v 47.1695 		8.4721 		1.4393
v 46.9525 		-7.5117 		1.2024
v 42.5285 		-5.9619 		4.1856
v 46.9646 		-7.4957 		1.2024
v 42.3092 		-4.4404 		3.8873
v 42.3415 		-4.5141 		3.8873
v 42.376 		-4.5811 		3.8873
v 47.1888 		8.2652 		1.4102
v 42.6015 		-5.3877 		4.2154
v 45.9754 		7.6957 		5.2667
v 47.1822 		8.3332 		1.4102
v 45.9744 		7.6847 		5.2674
v 42.3248 		-4.5811 		3.8373
v 47.1738 		8.3993 		1.4102
v 46.9024 		-7.609 		1.2193
v 46.0011 		8.0981 		5.2181
v 42.361 		-4.651 		3.8373
v 46.9173 		-7.6043 		1.2193
v 47.1633 		8.4636 		1.4102
v 47.496 		-6.3803 		6.7292
v 47.4963 		-6.3746 		6.7311
v 46.932 		-7.5958 		1.2193
v 42.5878 		-5.5265 		4.2204
v 47.18 		8.2596 		1.382
v 42.6249 		-5.5265 		4.2601
v 47.4967 		-6.368 		6.733
v 47.497 		-6.3614 		6.7349
v 46.9007 		-7.5476 		1.2024
v 47.1738 		8.3247 		1.382
v 42.577 		-5.6691 		4.2242
v 46.9141 		-7.5429 		1.2024
v 47.4973 		-6.3482 		6.7376
v 47.1656 		8.3899 		1.382
v 47.4973 		-6.3548 		6.7364
v 42.6152 		-5.6691 		4.2651
v 42.3102 		-4.6397 		3.7853
v 47.1555 		8.4513 		1.382
v 42.348 		-4.7133 		3.7853
v 46.9271 		-7.5353 		1.2024
v 45.9646 		7.5755 		5.274
v 45.9711 		7.6483 		5.2698
v 46.8991 		-7.4834 		1.1879
v 42.3877 		-4.7776 		3.7853
v 46.9105 		-7.4787 		1.1879
v 42.5379 		-5.3877 		4.1352
v 42.5682 		-5.3877 		4.1757
v 42.3369 		-4.7662 		3.7307
v 47.4976 		-6.3406 		6.7387
v 47.1575 		8.5353 		1.4393
v 45.9813 		7.7464 		5.2623
v 46.933 		-7.4636 		1.1879
v 47.5002 		-6.368 		6.7383
v 47.1438 		8.5958 		1.4393
v 46.9441 		-7.4513 		1.1879
v 42.5223 		-5.5265 		4.1375
v 47.5006 		-6.3604 		6.7403
v 47.1516 		8.5249 		1.4102
v 46.9545 		-7.4381 		1.1879
v 42.5536 		-5.5265 		4.1795
v 46.9646 		-7.4211 		1.1879
v 42.2786 		-4.3592 		3.8873
v 42.2587 		-4.4168 		3.8373
v 46.9744 		-7.4022 		1.1879
v 47.1441 		8.5117 		1.382
v 42.5102 		-5.6691 		4.1398
v 42.2906 		-4.5027 		3.8373
v 45.9915 		7.8346 		5.2545
v 46.9349 		-7.3899 		1.1753
v 47.5009 		-6.3529 		6.7418
v 42.5418 		-5.6691 		4.1822
v 45.9858 		7.7848 		5.2589
v 46.9441 		-7.3776 		1.1753
v 47.5009 		-6.3444 		6.7429
v 47.1695 		8.252 		1.3549
v 46.9525 		-7.3634 		1.1753
v 47.1633 		8.3153 		1.3549
v 47.1555 		8.3776 		1.3549
v 47.4976 		-6.3331 		6.7395
v 47.1461 		8.4381 		1.3549
v 46.9607 		-7.3483 		1.1753
v 42.4874 		-5.3877 		4.0527
v 46.9685 		-7.3304 		1.1753
v 47.4996 		-6.3888 		6.7322
v 47.1575 		8.2435 		1.3289
v 42.5109 		-5.3877 		4.094
v 47.1516 		8.3039 		1.3289
v 46.9294 		-6.1687 		3.0393
v 47.4999 		-6.3822 		6.7345
v 46.9291 		-6.1574 		3.0378
v 47.1441 		8.3634 		1.3289
v 46.9297 		-6.1791 		3.0413
v 47.5002 		-6.3756 		6.7364
v 42.4705 		-5.5265 		4.0527
v 42.4946 		-5.5265 		4.0955
v 47.5012 		-6.3359 		6.7437
v 46.9219 		-7.4721 		1.1879
v 46.931 		-6.2084 		3.0493
v 46.0344 		8.2218 		5.1975
v 42.4819 		-5.6691 		4.0963
v 46.8971 		-7.4163 		1.1753
v 46.9069 		-7.4126 		1.1753
v 46.93 		-6.1895 		3.0435
v 42.4724 		-5.8146 		4.097
v 46.9164 		-7.4069 		1.1753
v 46.9304 		-6.1989 		3.0462
v 46.0086 		7.9696 		5.2399
v 42.2102 		-4.3714 		3.7853
v 46.9258 		-7.3993 		1.1753
v 47.5035 		-6.3897 		6.7372
v 47.135 		8.6685 		1.5283
v 42.2411 		-4.4678 		3.7853
v 47.1343 		8.6666 		1.4985
v 47.1321 		8.6609 		1.4687
v 42.2743 		-4.5575 		3.7853
v 47.1148 		8.7148 		1.4687
v 47.5038 		-6.3822 		6.7395
v 47.5042 		-6.3746 		6.7418
v 42.1939 		-4.4111 		3.7307
v 42.2258 		-4.5122 		3.7307
v 42.4389 		-6.8346 		3.9293
v 46.8874 		-7.6685 		1.238
v 46.9287 		-6.1234 		3.0351
v 46.9291 		-6.147 		3.0367
v 42.4513 		-6.8346 		3.9702
v 47.1282 		8.6524 		1.4393
v 42.2607 		-4.6047 		3.7307
v 47.1115 		8.7053 		1.4393
v 42.4676 		-6.8346 		4.0115
v 46.8874 		-7.6109 		1.2193
v 46.9287 		-6.1357 		3.0355
v 42.2975 		-4.6897 		3.7307
v 47.5045 		-6.3661 		6.7437
v 46.8874 		-7.5486 		1.2024
v 42.4614 		-6.9696 		3.9335
v 46.8874 		-7.4843 		1.1879
v 47.1379 		8.5835 		1.4102
v 47.5045 		-6.3567 		6.7452
v 46.8874 		-7.4173 		1.1753
v 47.1229 		8.6392 		1.4102
v 47.5048 		-6.3482 		6.7464
v 47.1063 		8.6902 		1.4102
v 46.9147 		-6.2037 		2.9832
v 42.4474 		-6.4077 		4.0531
v 42.3701 		-4.8786 		3.6746
v 47.1308 		8.5684 		1.382
v 42.4141 		-4.9372 		3.6746
v 46.9154 		-6.2254 		2.9866
v 46.916 		-6.2462 		2.9905
v 47.1164 		8.6222 		1.382
v 47.1001 		8.6723 		1.382
v 42.4601 		-4.9863 		3.6746
v 47.0829 		8.7195 		1.382
v 47.5077 		-6.3888 		6.7426
v 46.933 		-7.3153 		1.165
v 42.436 		-6.5531 		4.0092
v 42.4571 		-6.5531 		4.0527
v 46.9398 		-7.3039 		1.165
v 47.5081 		-6.3803 		6.7448
v 45.9978 		7.8781 		5.2498
v 45.9987 		7.8843 		5.2492
v 46.9467 		-7.2917 		1.165
v 46.9167 		-6.266 		2.995
v 46.9529 		-7.2775 		1.165
v 46.9587 		-7.2624 		1.165
v 42.45 		-6.6957 		4.0103
v 47.5084 		-6.3708 		6.7468
v 46.9639 		-7.2454 		1.165
v 42.469 		-5.0004 		3.6652
v 42.4685 		-5.0014 		3.6633
v 42.3956 		-6.4077 		3.9213
v 47.1177 		8.7233 		1.5283
v 47.0988 		8.7733 		1.5283
v 47.079 		8.8196 		1.5283
v 42.4086 		-6.4077 		3.9649
v 46.0111 		7.9696 		5.2401
v 47.1171 		8.7214 		1.4985
v 46.0105 		7.965 		5.2407
v 47.0982 		8.7714 		1.4985
v 42.3203 		-4.8437 		3.6169
v 47.0783 		8.8177 		1.4985
v 42.4262 		-6.4077 		4.0088
v 46.0093 		7.9565 		5.2417
v 42.3639 		-4.9145 		3.6169
v 47.0962 		8.7648 		1.4687
v 42.406 		-6.5531 		3.9232
v 47.0767 		8.8102 		1.4687
v 42.419 		-6.5531 		3.966
v 42.4089 		-4.9749 		3.6169
v 47.4976 		-6.3255 		6.7403
v 47.498 		-6.3179 		6.7406
v 42.4556 		-5.0244 		3.6178
v 42.4554 		-5.0247 		3.6171
v 47.0574 		8.8612 		1.5283
v 42.4553 		-5.0248 		3.6169
v 47.0353 		8.8971 		1.5283
v 47.0122 		8.9282 		1.5283
v 46.988 		8.9537 		1.5283
v 47.5012 		-6.3274 		6.7445
v 42.4203 		-6.6957 		3.9259
v 47.5012 		-6.3189 		6.7448
v 42.3151 		-4.8682 		3.5581
v 47.0571 		8.8583 		1.4985
v 42.4333 		-6.6957 		3.9679
v 42.3594 		-4.94 		3.5581
v 46.0195 		8.0174 		5.233
v 47.035 		8.8942 		1.4985
v 46.9141 		-6.1121 		2.9775
v 47.0118 		8.9254 		1.4985
v 46.9877 		8.9509 		1.4985
v 47.4885 		-6.3406 		6.7227
v 42.405 		-5.0014 		3.5581
v 47.4888 		-6.3368 		6.7235
v 46.9141 		-6.1357 		2.9778
v 47.4905 		-6.3614 		6.7227
v 47.4908 		-6.3567 		6.7242
v 47.4927 		-6.3756 		6.7242
v 47.0555 		8.8508 		1.4687
v 47.0333 		8.8867 		1.4687
v 42.4444 		-5.0378 		3.5691
v 42.4418 		-5.0408 		3.5581
v 47.0105 		8.9178 		1.4687
v 46.9141 		-6.1583 		2.979
v 47.4931 		-6.3708 		6.7261
v 46.9867 		8.9424 		1.4687
v 42.4395 		-6.1102 		4.0531
v 42.465 		-6.1102 		4.0978
v 42.4395 		-6.1121 		4.0531
v 46.0337 		8.0981 		5.2212
v 46.9144 		-6.181 		2.9809
v 42.465 		-6.1121 		4.0978
v 42.4415 		-6.2603 		4.0531
v 46.024 		8.0433 		5.2292
v 42.4669 		-6.2603 		4.0978
v 47.4908 		-6.3529 		6.7257
v 47.4911 		-6.3434 		6.728
v 47.4911 		-6.3482 		6.7269
v 47.0933 		8.7535 		1.4393
v 46.0591 		8.2218 		5.1982
v 42.3278 		-4.8097 		3.6746
v 42.4474 		-5.8146 		4.0531
v 46.0417 		8.1368 		5.2145
v 46.0375 		8.1161 		5.2181
v 46.0512 		8.183 		5.2056
v 47.4888 		-6.3331 		6.7242
v 42.4415 		-5.9619 		4.0531
v 47.0737 		8.7988 		1.4393
v 42.4669 		-5.9619 		4.0978
v 42.1802 		-4.4451 		3.6746
v 47.0887 		8.7384 		1.4102
v 42.2134 		-4.5481 		3.6746
v 47.0695 		8.7818 		1.4102
v 42.3871 		-6.1102 		3.9198
v 42.2489 		-4.6444 		3.6746
v 42.4004 		-6.1102 		3.9637
v 45.9371 		6.2526 		5.227
v 45.9355 		6.1858 		5.2162
v 46.9183 		-7.3332 		1.165
v 42.2874 		-4.7313 		3.6746
v 42.418 		-6.1102 		4.0084
v 45.9438 		6.6691 		5.2713
v 45.9445 		6.751 		5.2758
v 42.4004 		-6.1121 		3.9637
v 47.0643 		8.7611 		1.382
v 46.9258 		-7.3247 		1.165
v 45.943 		6.6047 		5.2661
v 45.942 		6.5265 		5.2595
v 46.8734 		-6.1121 		2.8678
v 45.9398 		6.3877 		5.2449
v 45.941 		6.4619 		5.2526
v 46.8734 		-6.1574 		2.8682
v 42.3871 		-6.1121 		3.9198
v 46.9164 		-7.2596 		1.157
v 42.418 		-6.1121 		4.0084
v 46.8737 		-6.2037 		2.8705
v 45.9385 		6.3213 		5.2361
v 47.0529 		8.8385 		1.4393
v 42.389 		-6.2603 		3.9202
v 46.8743 		-6.2481 		2.8739
v 45.946 		7.1102 		5.2861
v 46.9219 		-7.252 		1.157
v 45.9458 		6.9619 		5.2845
v 45.9459 		7.0473 		5.2853
v 47.0311 		8.8734 		1.4393
v 46.8955 		-6.1121 		2.9217
v 42.4027 		-6.2603 		3.9641
v 46.9271 		-7.2435 		1.157
v 46.8955 		-6.147 		2.9221
v 47.0086 		8.9037 		1.4393
v 42.42 		-6.2603 		4.0084
v 47.4914 		-6.3378 		6.7288
v 42.2401 		-4.6746 		3.6169
v 46.9851 		8.9292 		1.4393
v 46.8958 		-6.181 		2.924
v 42.2789 		-4.7643 		3.6169
v 47.4937 		-6.3548 		6.7311
v 42.2336 		-4.6963 		3.5581
v 42.273 		-4.787 		3.5581
v 45.9455 		6.8986 		5.2824
v 42.3956 		-5.8146 		3.9213
v 45.945 		6.8146 		5.2793
v 47.4934 		-6.3661 		6.728
v 42.4086 		-5.8146 		3.9649
v 47.4937 		-6.3604 		6.7296
v 46.8952 		-7.3464 		1.165
v 42.4262 		-5.8146 		4.0088
v 46.903 		-7.3436 		1.165
v 47.0493 		8.8215 		1.4102
v 42.1388 		-4.3582 		3.6169
v 47.0281 		8.8555 		1.4102
v 46.9108 		-7.3389 		1.165
v 42.1698 		-4.4706 		3.6169
v 42.389 		-5.9619 		3.9202
v 47.006 		8.8857 		1.4102
v 42.2036 		-4.5764 		3.6169
v 47.4941 		-6.3491 		6.7322
v 46.8932 		-7.2756 		1.157
v 46.9832 		8.9103 		1.4102
v 42.4027 		-5.9619 		3.9641
v 46.8994 		-7.2737 		1.157
v 42.1623 		-4.4895 		3.5581
v 42.42 		-5.9619 		4.0084
v 46.905 		-7.2699 		1.157
v 42.1965 		-4.5972 		3.5581
v 47.0447 		8.7998 		1.382
v 46.9108 		-7.2652 		1.157
v 47.0239 		8.8328 		1.382
v 47.4914 		-6.3331 		6.7296
v 47.0027 		8.8621 		1.382
v 47.4944 		-6.3368 		6.7345
v 47.4944 		-6.3434 		6.7334
v 46.9802 		8.8857 		1.382
v 47.4944 		-6.3302 		6.7349
v 42.2251 		-4.1769 		3.8873
v 42.2506 		-4.2704 		3.8873
v 46.8874 		-7.3474 		1.165
v 42.4676 		-5.3877 		4.0115
v 47.4954 		-6.3897 		6.7246
v 42.45 		-5.5265 		4.0103
v 47.4957 		-6.385 		6.7269
v 42.2291 		-4.3242 		3.8373
v 42.436 		-5.6691 		4.0092
v 42.4571 		-5.6691 		4.0527
v 46.9633 		8.9736 		1.5283
v 46.9382 		8.9887 		1.5283
v 46.9128 		8.9972 		1.5283
v 42.1645 		-3.8633 		3.8873
v 46.9633 		8.9707 		1.4985
v 42.1818 		-3.9719 		3.8873
v 46.9382 		8.9858 		1.4985
v 42.4389 		-5.3877 		3.9293
v 46.9128 		8.9943 		1.4985
v 42.4513 		-5.3877 		3.9702
v 46.9626 		8.9622 		1.4687
v 42.202 		-4.0768 		3.8873
v 46.9379 		8.9773 		1.4687
v 46.9125 		8.9858 		1.4687
v 42.1381 		-3.8945 		3.8373
v 42.4203 		-5.5265 		3.9259
v 47.4888 		-6.3283 		6.725
v 42.1564 		-4.0097 		3.8373
v 47.4892 		-6.3236 		6.7254
v 42.4333 		-5.5265 		3.9679
v 42.1779 		-4.1202 		3.8373
v 46.0069 		-7.2756 		2.6635
v 47.4892 		-6.3198 		6.7257
v 46.8874 		8.9972 		1.4985
v 47.4892 		-6.3151 		6.7257
v 47.4892 		-6.3104 		6.7261
v 46.8874 		8.9887 		1.4687
v 42.202 		-4.2251 		3.8373
v 42.406 		-5.6691 		3.9232
v 42.419 		-5.6691 		3.966
v 46.1095 		-7.2659 		2.6643
v 46.9613 		8.949 		1.4393
v 46.1198 		-7.2756 		2.6635
v 46.9369 		8.9622 		1.4393
v 47.4918 		-6.3274 		6.7303
v 47.4918 		-6.3217 		6.7307
v 46.8962 		-6.215 		2.9267
v 46.9597 		8.9292 		1.4102
v 47.4918 		-6.3104 		6.7311
v 46.9359 		8.9424 		1.4102
v 47.4918 		-6.3161 		6.7311
v 46.9118 		8.9509 		1.4102
v 47.4947 		-6.3236 		6.7357
v 46.8968 		-6.2481 		2.9301
v 47.4947 		-6.317 		6.7361
v 46.9577 		8.9037 		1.382
v 45.9888 		-7.3367 		2.6567
v 45.9885 		-7.3379 		2.6565
v 46.9346 		8.9178 		1.382
v 45.9864 		-7.3439 		2.6559
v 45.9852 		-7.3474 		2.6555
v 46.9108 		8.9254 		1.382
v 42.7302 		-5.2526 		4.3178
v 42.7719 		-5.2526 		4.3506
v 46.1298 		-7.3474 		2.6555
v 47.4836 		-6.3387 		6.7059
v 46.9121 		8.9707 		1.4393
v 47.4833 		-6.3397 		6.7032
v 46.8183 		-6.1121 		2.7666
v 46.8186 		-6.1791 		2.7678
v 46.8874 		8.9736 		1.4393
v 46.8189 		-6.2462 		2.7708
v 47.4836 		-6.3397 		6.7051
v 42.653 		-5.2526 		4.2468
v 46.8874 		8.9537 		1.4102
v 42.6904 		-5.2526 		4.283
v 46.8874 		8.9282 		1.382
v 46.8476 		-6.1121 		2.8159
v 47.4836 		-6.3397 		6.7044
v 46.8476 		-6.1687 		2.8167
v 47.484 		-6.3387 		6.707
v 47.4846 		-6.3538 		6.7059
v 47.135 		8.4211 		1.3289
v 47.4849 		-6.3529 		6.707
v 45.831 		-7.7214 		2.6482
v 46.8479 		-6.2254 		2.8193
v 47.1242 		8.4768 		1.3289
v 42.5568 		-5.2526 		4.1322
v 47.484 		-6.3378 		6.7078
v 45.9519 		-7.4475 		2.6494
v 42.1564 		-4.158 		3.7853
v 42.5858 		-5.2526 		4.1711
v 47.4843 		-6.334 		6.7101
v 45.9187 		-7.5476 		2.67
v 45.9128 		-7.5476 		2.6421
v 47.4843 		-6.3359 		6.7093
v 42.1818 		-4.2676 		3.7853
v 47.4843 		-6.3368 		6.7086
v 42.6181 		-5.2526 		4.2093
v 47.4846 		-6.3331 		6.7108
v 47.4856 		-6.3482 		6.7124
v 45.876 		-7.6392 		2.6593
v 47.4859 		-6.3463 		6.7135
v 42.1381 		-4.1901 		3.7307
v 47.1379 		8.2917 		1.3037
v 42.1645 		-4.3044 		3.7307
v 47.4846 		-6.3312 		6.7116
v 46.7916 		-7.1377 		2.9496
v 47.1308 		8.3483 		1.3037
v 47.4866 		-6.3331 		6.7181
v 45.8708 		-7.6392 		2.6341
v 47.4866 		-6.3302 		6.7189
v 46.7965 		-7.167 		2.9824
v 47.1223 		8.4022 		1.3037
v 47.1122 		8.4551 		1.3037
v 46.8017 		-7.1916 		3.0157
v 42.4891 		-5.2526 		4.0126
v 47.1229 		8.2775 		1.2804
v 46.8066 		-7.2086 		3.0497
v 42.5083 		-5.2526 		4.0527
v 47.1164 		8.3304 		1.2804
v 45.8262 		-7.7214 		2.6257
v 42.5308 		-5.2526 		4.0924
v 47.1083 		8.3814 		1.2804
v 42.1388 		-3.6357 		3.8873
v 47.4859 		-6.3434 		6.7143
v 47.4862 		-6.3416 		6.7154
v 47.4862 		-6.3387 		6.7166
v 42.1502 		-3.7509 		3.8873
v 47.4866 		-6.3359 		6.7173
v 46.7427 		-7.1037 		2.8384
v 42.1502 		-4.3337 		3.6746
v 45.8193 		-7.7214 		2.6028
v 46.7476 		-7.1576 		2.8701
v 42.4734 		-5.2526 		3.9729
v 47.4882 		-6.3482 		6.7204
v 47.0985 		8.4305 		1.2804
v 46.7525 		-7.2048 		2.9037
v 47.0877 		8.4777 		1.2804
v 47.4885 		-6.3444 		6.7215
v 45.9602 		-7.4173 		2.6451
v 46.7779 		-7.0102 		2.8591
v 42.4614 		-5.2526 		3.9335
v 42.4027 		-5.0174 		3.4985
v 46.7825 		-7.0584 		2.8881
v 47.135 		8.4957 		1.3549
v 47.1223 		8.5504 		1.3549
v 46.787 		-7.1009 		2.9183
v 42.4345 		-5.0447 		3.5195
v 42.4305 		-5.047 		3.4985
v 47.1083 		8.6024 		1.3549
v 47.4879 		-6.3548 		6.7177
v 46.8066 		-6.8619 		2.8579
v 47.4882 		-6.351 		6.7193
v 47.1122 		8.5287 		1.3289
v 45.9489 		-7.4475 		2.6395
v 45.9332 		-7.4843 		2.6325
v 45.8626 		-7.6392 		2.6081
v 42.4796 		-7.0981 		3.9018
v 47.0926 		8.6506 		1.3549
v 42.5096 		-7.2218 		3.9091
v 47.4853 		-6.351 		6.7097
v 47.076 		8.6959 		1.3549
v 42.3864 		-6.4077 		3.8785
v 45.8102 		-7.7214 		2.5794
v 47.0985 		8.5788 		1.3289
v 47.0838 		8.6251 		1.3289
v 47.4853 		-6.3519 		6.7086
v 46.7381 		-7.0442 		2.8083
v 47.4856 		-6.3491 		6.7112
v 47.0679 		8.6676 		1.3289
v 42.3969 		-6.5531 		3.8812
v 42.4021 		-5.0231 		3.4385
v 47.4879 		-6.3576 		6.7166
v 42.4213 		-5.0436 		3.4385
v 42.4115 		-6.6957 		3.885
v 46.73 		-6.9082 		2.754
v 42.4021 		-5.0231 		3.4377
v 42.4212 		-5.0435 		3.4377
v 47.4869 		-6.3642 		6.7116
v 46.7339 		-6.9791 		2.78
v 42.4304 		-6.8346 		3.8896
v 46.7632 		-6.7647 		2.7613
v 47.1008 		8.5051 		1.3037
v 47.4872 		-6.3623 		6.7135
v 47.4875 		-6.3595 		6.715
v 42.4532 		-6.9696 		3.8953
v 47.0877 		8.5514 		1.3037
v 46.7665 		-6.8327 		2.7827
v 47.0737 		8.5958 		1.3037
v 42.3121 		-4.8833 		3.4985
v 42.3864 		-5.8146 		3.8785
v 46.7701 		-6.8969 		2.8063
v 47.0584 		8.6364 		1.3037
v 42.3565 		-4.9561 		3.4985
v 42.3799 		-5.9619 		3.877
v 46.774 		-6.9554 		2.8319
v 47.0757 		8.5221 		1.2804
v 42.378 		-6.1102 		3.8762
v 42.3112 		-4.8881 		3.4385
v 47.0627 		8.5637 		1.2804
v 45.9055 		-7.5476 		2.6182
v 45.9213 		-7.5114 		2.6264
v 45.905 		-7.5486 		2.618
v 46.8033 		-6.81 		2.8354
v 42.3555 		-4.9608 		3.4385
v 42.3112 		-4.8881 		3.4377
v 47.4869 		-6.3652 		6.7101
v 42.3555 		-4.9608 		3.4377
v 47.0506 		8.7072 		1.3289
v 46.659 		-7.2038 		2.7685
v 45.8937 		-7.5705 		2.6121
v 42.378 		-6.1121 		3.8762
v 45.8722 		-7.6109 		2.6012
v 42.3799 		-6.2603 		3.877
v 47.4866 		-6.3671 		6.7082
v 46.6951 		-7.0556 		2.7563
v 47.0425 		8.6742 		1.3037
v 47.4892 		-6.3765 		6.7135
v 42.3121 		-4.8833 		3.3778
v 47.4898 		-6.3689 		6.7193
v 46.6997 		-7.1273 		2.7872
v 47.0252 		8.7072 		1.3037
v 42.3565 		-4.9561 		3.3778
v 46.7046 		-7.1925 		2.8197
v 47.4895 		-6.3746 		6.7154
v 47.0483 		8.6014 		1.2804
v 42.4304 		-5.3877 		3.8896
v 47.033 		8.6364 		1.2804
v 42.4115 		-5.5265 		3.885
v 42.4027 		-5.0174 		3.3778
v 45.8565 		-7.6392 		2.592
v 45.8381 		-7.6685 		2.5825
v 47.0167 		8.6676 		1.2804
v 42.3969 		-5.6691 		3.8812
v 46.9998 		8.6959 		1.2804
v 46.7603 		-6.6919 		2.7422
v 46.9822 		8.7195 		1.2804
v 47.4898 		-6.3718 		6.7173
v 46.7926 		-6.5597 		2.7632
v 45.8351 		-7.6731 		2.5808
v 47.4901 		-6.3652 		6.7212
v 46.7948 		-6.6277 		2.7781
v 42.4144 		-5.0299 		3.3778
v 46.7971 		-6.6919 		2.7953
v 47.4924 		-6.3793 		6.7219
v 46.8 		-6.7524 		2.8144
v 47.1063 		8.2624 		1.2582
v 47.1001 		8.3115 		1.2582
v 42.4134 		-5.0249 		3.365
v 46.789 		-6.4171 		2.7395
v 46.7906 		-6.4898 		2.7502
v 45.7838 		-7.7941 		2.6364
v 47.4885 		-6.3803 		6.7093
v 47.4888 		-6.3784 		6.7112
v 47.0887 		8.2454 		1.238
v 45.7346 		-7.8564 		2.6241
v 47.0829 		8.2907 		1.238
v 42.2297 		-4.7096 		3.4985
v 47.4914 		-6.3888 		6.715
v 47.076 		8.3342 		1.238
v 42.2698 		-4.8012 		3.4985
v 47.4918 		-6.3859 		6.7173
v 46.6453 		-6.9554 		2.6776
v 45.6838 		-7.9074 		2.6115
v 47.4921 		-6.3831 		6.7196
v 46.6492 		-7.0442 		2.7051
v 46.6541 		-7.1273 		2.7357
v 47.0926 		8.3587 		1.2582
v 47.0838 		8.4041 		1.2582
v 45.7796 		-7.7941 		2.6169
v 46.6834 		-6.81 		2.6791
v 47.0737 		8.4484 		1.2582
v 46.687 		-6.8969 		2.7021
v 47.0679 		8.3757 		1.238
v 46.6909 		-6.9791 		2.728
v 45.731 		-7.8564 		2.6077
v 47.0584 		8.4163 		1.238
v 42.4532 		-5.2526 		3.8953
v 42.2284 		-4.7143 		3.4385
v 45.6808 		-7.9074 		2.5982
v 42.2685 		-4.8059 		3.4385
v 46.7264 		-6.8327 		2.7303
v 47.0643 		8.2681 		1.2193
v 42.2685 		-4.8059 		3.4377
v 47.0581 		8.3077 		1.2193
v 47.4843 		-6.3538 		6.7032
v 42.2284 		-4.7143 		3.4377
v 47.4846 		-6.3538 		6.7044
v 47.0627 		8.4891 		1.2582
v 45.7734 		-7.7941 		2.5966
v 47.4856 		-6.368 		6.7028
v 42.1577 		-4.5008 		3.4985
v 46.7515 		-6.2858 		2.6822
v 47.4859 		-6.368 		6.7047
v 47.4862 		-6.368 		6.7063
v 46.7525 		-6.3708 		2.6891
v 42.1922 		-4.6094 		3.4985
v 46.7538 		-6.4549 		2.6986
v 47.4879 		-6.3822 		6.7047
v 45.7258 		-7.8564 		2.5909
v 47.4875 		-6.3822 		6.7024
v 46.7557 		-6.5371 		2.7105
v 42.1561 		-4.5046 		3.4385
v 42.1906 		-4.6142 		3.4385
v 46.758 		-6.6154 		2.725
v 42.1906 		-4.6142 		3.4377
v 42.1561 		-4.5046 		3.4377
v 47.4882 		-6.3812 		6.707
v 45.6766 		-7.9074 		2.5844
v 46.7877 		-6.3425 		2.7311
v 42.1577 		-4.5008 		3.3778
v 42.1922 		-4.6094 		3.3778
v 42.2297 		-4.7096 		3.3778
v 42.2698 		-4.8012 		3.3778
v 45.7656 		-7.7941 		2.5764
v 47.4826 		-6.3255 		6.7036
v 47.4826 		-6.3104 		6.7036
v 47.483 		-6.3246 		6.7044
v 47.483 		-6.3246 		6.7047
v 47.483 		-6.3246 		6.7051
v 47.483 		-6.3236 		6.7055
v 46.7205 		-6.6683 		2.6902
v 45.719 		-7.8564 		2.5737
v 47.0483 		8.4541 		1.238
v 45.6711 		-7.9074 		2.5707
v 46.7232 		-6.7524 		2.7089
v 47.483 		-6.3255 		6.704
v 47.4833 		-6.3227 		6.7066
v 47.4833 		-6.3227 		6.707
v 45.6645 		-7.9074 		2.5569
v 47.4833 		-6.3217 		6.7074
v 47.4833 		-6.3208 		6.7074
v 42.3151 		-4.8682 		3.3182
v 47.4833 		-6.3198 		6.7078
v 47.4833 		-6.3236 		6.7063
v 47.4836 		-6.3189 		6.7082
v 47.4836 		-6.3179 		6.7086
v 47.4836 		-6.317 		6.7086
v 47.4836 		-6.3161 		6.7089
v 47.0506 		8.3455 		1.2193
v 47.4836 		-6.3151 		6.7089
v 47.4836 		-6.3142 		6.7093
v 42.3594 		-4.94 		3.3182
v 47.4836 		-6.3123 		6.7093
v 46.6055 		-7.1037 		2.6856
v 47.0447 		8.2444 		1.2024
v 46.9783 		-7.4097 		6.7223
v 46.6104 		-7.1925 		2.7181
v 45.7108 		-7.8564 		2.5565
v 47.0392 		8.2794 		1.2024
v 46.9841 		-7.3039 		6.7613
v 42.405 		-5.0014 		3.3182
v 45.6567 		-7.9074 		2.5432
v 47.0327 		8.3134 		1.2024
v 47.019 		-7.4777 		6.6597
v 47.0252 		-7.3814 		6.7009
v 47.0252 		8.3455 		1.2024
v 45.7558 		-7.7941 		2.5561
v 47.0311 		-7.2784 		6.7391
v 47.4849 		-6.3255 		6.7131
v 47.4849 		-6.3236 		6.7139
v 47.4849 		-6.3217 		6.7143
v 47.0193 		8.2501 		1.1879
v 46.7505 		-6.1121 		2.6769
v 42.4099 		-5.0066 		3.3182
v 46.7508 		-6.1989 		2.6784
v 47.0702 		-7.3455 		6.6769
v 47.4849 		-6.3198 		6.7143
v 47.4849 		-6.317 		6.7147
v 42.3203 		-4.8437 		3.2594
v 47.0757 		-7.2444 		6.7139
v 47.4849 		-6.3151 		6.715
v 46.786 		-6.1121 		2.72
v 42.3639 		-4.9145 		3.2594
v 46.786 		-6.1895 		2.7215
v 47.1135 		-7.3011 		6.6497
v 46.7867 		-6.266 		2.725
v 42.4087 		-4.9763 		3.2624
v 42.4087 		-4.9748 		3.2596
v 42.4087 		-4.9746 		3.2594
v 45.8023 		-7.7214 		2.563
v 47.0425 		8.3814 		1.2193
v 45.8008 		-7.7233 		2.5623
v 47.033 		8.4163 		1.2193
v 45.7891 		-7.7378 		2.5559
v 47.0229 		8.4484 		1.2193
v 45.7662 		-7.7646 		2.544
v 47.0167 		8.3757 		1.2024
v 45.744 		-7.7941 		2.5359
v 45.7588 		-7.7733 		2.5401
v 45.701 		-7.8564 		2.5393
v 47.4853 		-6.3123 		6.715
v 45.69 		-7.8564 		2.5225
v 42.4097 		-5.0036 		3.3127
v 46.8303 		-7.4475 		6.7681
v 45.6776 		-7.8564 		2.5057
v 46.8362 		-7.3379 		6.8083
v 42.4095 		-5.0004 		3.3071
v 47.4869 		-6.3104 		6.7208
v 46.8369 		-7.3379 		6.8079
v 45.6476 		-7.9074 		2.5294
v 46.831 		-7.4475 		6.7678
v 46.8809 		-7.4428 		6.7559
v 46.887 		-7.3342 		6.796
v 47.4869 		-6.3274 		6.7193
v 46.9362 		-7.3228 		6.7804
v 47.4869 		-6.3236 		6.7196
v 47.4869 		-6.3208 		6.72
v 46.0347 		-7.1781 		2.6774
v 46.0346 		-7.1788 		2.6777
v 47.4869 		-6.317 		6.7204
v 42.3799 		-5.0004 		3.1291
v 47.4869 		-6.3142 		6.7204
v 47.0135 		8.2794 		1.1879
v 47.0069 		8.3077 		1.1879
v 42.3701 		-4.8786 		3.2017
v 46.9998 		8.3342 		1.1879
v 46.917 		-7.6203 		6.652
v 46.9239 		-7.5297 		6.6979
v 46.9936 		8.2444 		1.1753
v 46.9304 		-7.4305 		6.7406
v 46.0286 		-7.2218 		2.6966
v 46.0298 		-7.2135 		2.693
v 46.9884 		8.2681 		1.1753
v 46.0283 		-7.2235 		2.6974
v 46.0284 		-7.2229 		2.6971
v 46.9721 		-7.5079 		6.6803
v 42.4106 		-4.9356 		3.2058
v 42.4107 		-4.9326 		3.2017
v 46.9822 		8.2907 		1.1753
v 46.9757 		8.3115 		1.1753
v 45.7505 		-7.7827 		2.5354
v 45.74 		-7.7941 		2.5296
v 45.716 		-7.8169 		2.5182
v 46.8173 		-7.6392 		6.6784
v 46.8167 		-7.6392 		6.6784
v 45.713 		-7.8196 		2.5168
v 46.8245 		-7.5476 		6.7246
v 46.8238 		-7.5476 		6.7246
v 47.4846 		-6.3293 		6.7124
v 47.4849 		-6.3274 		6.7128
v 46.8675 		-7.6345 		6.6665
v 46.8743 		-7.5429 		6.7128
v 42.3783 		-4.8333 		3.1455
v 47.0118 		8.4777 		1.2193
v 45.6867 		-7.8417 		2.5034
v 45.6992 		-7.8313 		2.5097
v 47.0076 		8.4041 		1.2024
v 45.668 		-7.8564 		2.4945
v 42.4151 		-4.8843 		3.1476
v 42.4153 		-4.8825 		3.1455
v 42.4147 		-4.8885 		3.1524
v 45.6611 		-7.8612 		2.4916
v 46.9978 		8.4305 		1.2024
v 46.9874 		8.4551 		1.2024
v 46.9763 		8.4768 		1.2024
v 47.1428 		-7.4144 		6.5439
v 46.992 		8.3587 		1.1879
v 47.1487 		-7.3361 		6.5833
v 46.9835 		8.3814 		1.1879
v 47.1542 		-7.2501 		6.6203
v 45.6593 		-7.8623 		2.4908
v 45.656 		-7.8643 		2.4893
v 47.1757 		-7.4144 		6.4763
v 47.1816 		-7.3474 		6.516
v 47.5413 		-6.4974 		6.6914
v 47.5423 		-6.4974 		6.6971
v 47.1875 		-7.2737 		6.5535
v 47.5472 		-6.4974 		6.6963
v 47.5478 		-6.4974 		6.696
v 47.553 		-6.4974 		6.6948
v 42.3278 		-4.8097 		3.2017
v 47.552 		-6.4974 		6.6891
v 42.3369 		-4.7662 		3.1455
v 47.0503 		8.5278 		1.2582
v 47.0369 		8.5637 		1.2582
v 47.0229 		8.5958 		1.2582
v 47.163 		-7.5231 		6.3911
v 47.1695 		-7.473 		6.4343
v 47.0369 		8.4891 		1.238
v 47.5579 		-6.4955 		6.694
v 47.2005 		-7.4381 		6.369
v 47.0249 		8.5221 		1.238
v 47.2067 		-7.3908 		6.4099
v 42.2336 		-4.6963 		3.3182
v 47.2125 		-7.3361 		6.4488
v 42.273 		-4.787 		3.3182
v 45.5782 		-7.9764 		2.5852
v 47.5569 		-6.4964 		6.6879
v 42.2401 		-4.6746 		3.2594
v 45.6313 		-7.9481 		2.5985
v 42.2789 		-4.7643 		3.2594
v 47.0076 		8.6251 		1.2582
v 47.1493 		-7.5977 		6.3002
v 46.992 		8.6506 		1.2582
v 47.5175 		-6.4776 		6.6963
v 47.1562 		-7.5646 		6.3464
v 46.9757 		8.6723 		1.2582
v 45.5769 		-7.9764 		2.5783
v 42.1623 		-4.4895 		3.3182
v 47.1875 		-7.5079 		6.2834
v 45.5746 		-7.9764 		2.5714
v 47.5221 		-6.4842 		6.6952
v 42.1965 		-4.5972 		3.3182
v 47.194 		-7.4777 		6.327
v 47.0118 		8.5514 		1.238
v 45.572 		-7.9764 		2.5646
v 42.1388 		-4.3582 		3.2594
v 46.9978 		8.5788 		1.238
v 47.5266 		-6.4889 		6.6944
v 46.9835 		8.6024 		1.238
v 42.1698 		-4.4706 		3.2594
v 47.5315 		-6.4936 		6.6933
v 42.2036 		-4.5764 		3.2594
v 46.9903 		-7.7705 		6.4691
v 47.5364 		-6.4964 		6.6925
v 45.6294 		-7.9481 		2.5882
v 45.6261 		-7.9481 		2.5779
v 45.6222 		-7.9481 		2.5676
v 47.0053 		-7.643 		6.5688
v 47.0125 		-7.5646 		6.6157
v 42.1802 		-4.4451 		3.2017
v 47.0578 		-7.5231 		6.594
v 45.5244 		-7.9943 		2.5718
v 42.2134 		-4.5481 		3.2017
v 47.0643 		-7.4381 		6.6367
v 42.2489 		-4.6444 		3.2017
v 47.1014 		-7.473 		6.5699
v 42.2874 		-4.7313 		3.2017
v 47.1076 		-7.3908 		6.6112
v 42.1939 		-4.4111 		3.1455
v 46.9998 		8.5051 		1.2193
v 42.2258 		-4.5122 		3.1455
v 46.9874 		8.5287 		1.2193
v 45.5238 		-7.9943 		2.5684
v 42.2607 		-4.6047 		3.1455
v 47.509 		-6.4624 		6.6979
v 47.5129 		-6.4709 		6.6971
v 42.2975 		-4.6897 		3.1455
v 46.9978 		-7.7119 		6.5199
v 47.0581 		8.7365 		1.3549
v 47.0438 		-7.6666 		6.5008
v 47.0392 		8.7733 		1.3549
v 47.0509 		-7.5996 		6.5485
v 47.0877 		-7.6109 		6.4801
v 47.0193 		8.8054 		1.3549
v 46.109 		0.5 		6.369
v 47.0949 		-7.5467 		6.526
v 46.9985 		8.8328 		1.3549
v 42.1502 		-4.3337 		3.2017
v 47.1298 		-7.5467 		6.458
v 46.977 		8.8555 		1.3549
v 45.5225 		-7.9943 		2.5649
v 45.9099 		-5.1242 		5.2009
v 42.1381 		-4.1901 		3.1455
v 47.1363 		-7.4843 		6.5019
v 45.5212 		-7.9943 		2.5615
v 42.1645 		-4.3044 		3.1455
v 45.9265 		-4.8843 		5.1562
v 45.9248 		-4.8418 		5.145
v 45.9287 		-4.9497 		5.1711
v 45.9305 		-5.0004 		5.1826
v 45.934 		-5.1242 		5.2061
v 45.9323 		-5.0658 		5.195
v 45.5684 		-7.9764 		2.5577
v 45.5645 		-7.9764 		2.5504
v 46.8101 		-7.7214 		6.6291
v 46.8095 		-7.7214 		6.6291
v 45.9162 		-4.6512 		5.0876
v 47.0327 		8.7422 		1.3289
v 45.56 		-7.9764 		2.5435
v 45.9175 		-4.6746 		5.0962
v 45.9206 		-4.7415 		5.1171
v 47.0135 		8.7733 		1.3289
v 45.9222 		-4.7747 		5.1274
v 46.9936 		8.7998 		1.3289
v 45.9124 		-4.583 		5.0626
v 42.4743 		-4.6329 		2.9489
v 42.4778 		-4.6222 		2.9419
v 45.9115 		-4.5696 		5.0569
v 45.617 		-7.9481 		2.5573
v 45.6111 		-7.9481 		2.5466
v 47.0069 		8.7365 		1.3037
v 46.9884 		8.7611 		1.3037
v 42.5542 		-4.4511 		2.8507
v 45.5176 		-7.9943 		2.5542
v 45.5196 		-7.9943 		2.5581
v 46.8525 		-7.7894 		6.5661
v 45.5153 		-7.9943 		2.5508
v 46.9685 		8.3304 		1.1753
v 46.9607 		8.3483 		1.1753
v 46.902 		-7.7733 		6.5527
v 46.9744 		8.4022 		1.1879
v 46.9646 		8.4211 		1.1879
v 45.5127 		-7.9943 		2.5474
v 42.567 		-4.4281 		2.8412
v 45.5098 		-7.9943 		2.5443
v 46.9545 		8.4381 		1.1879
v 46.8362 		-7.9018 		6.4576
v 46.9441 		8.4513 		1.1879
v 46.8444 		-7.8508 		6.5126
v 42.4751 		-4.5122 		2.8976
v 46.933 		8.4636 		1.1879
v 42.4915 		-4.583 		2.9197
v 42.5037 		-4.5544 		2.9026
v 42.5071 		-4.5462 		2.8976
v 46.8939 		-7.8347 		6.4996
v 46.9525 		8.3634 		1.1753
v 46.9428 		-7.8083 		6.4851
v 46.9441 		8.3776 		1.1753
v 46.9506 		-7.7478 		6.5371
v 46.9349 		8.3899 		1.1753
v 46.86 		-7.7167 		6.6176
v 45.6375 		-7.9074 		2.5157
v 45.6264 		-7.9074 		2.5023
v 42.4894 		-4.4111 		2.8571
v 45.6043 		-7.9481 		2.5363
v 45.5968 		-7.9481 		2.526
v 46.9095 		-7.7016 		6.6035
v 46.9219 		8.4721 		1.1879
v 45.5883 		-7.9481 		2.516
v 46.9105 		8.4787 		1.1879
v 46.9581 		-7.677 		6.5875
v 42.5085 		-4.5431 		2.8961
v 42.5099 		-4.54 		2.8945
v 46.9258 		8.3993 		1.1753
v 46.9652 		-7.5977 		6.6352
v 42.5207 		-4.4451 		2.8571
v 46.9164 		8.4069 		1.1753
v 46.9069 		8.4126 		1.1753
v 45.5792 		-7.9481 		2.5065
v 46.8971 		8.4163 		1.1753
v 45.5694 		-7.9481 		2.4969
v 46.9825 		-7.8196 		6.4163
v 42.5274 		-4.5008 		2.8753
v 42.5463 		-4.4656 		2.8571
v 47.0128 		-7.8347 		6.2941
v 47.0206 		-7.8083 		6.3476
v 47.0288 		-7.7705 		6.4003
v 46.9587 		8.6902 		1.2582
v 45.6144 		-7.9074 		2.4893
v 47.0363 		-7.7233 		6.4515
v 46.9411 		8.7053 		1.2582
v 47.0578 		-7.7733 		6.2807
v 46.9685 		8.6222 		1.238
v 47.0656 		-7.7478 		6.3323
v 46.9529 		8.6392 		1.238
v 46.9369 		8.6524 		1.238
v 45.559 		-7.9481 		2.4878
v 47.0734 		-7.7119 		6.3831
v 45.5551 		-7.9764 		2.5367
v 47.0806 		-7.6666 		6.4324
v 45.5492 		-7.9764 		2.5302
v 45.543 		-7.9764 		2.5233
v 46.9235 		8.7148 		1.2582
v 47.1011 		-7.7016 		6.2674
v 46.9206 		8.6609 		1.238
v 46.904 		8.6666 		1.238
v 47.1086 		-7.677 		6.3167
v 45.5365 		-7.9764 		2.5172
v 47.1158 		-7.643 		6.3652
v 42.562 		-4.3582 		2.8201
v 45.5297 		-7.9764 		2.5111
v 47.1229 		-7.5996 		6.4121
v 45.5222 		-7.9764 		2.5053
v 46.9744 		8.5504 		1.2193
v 42.5904 		-4.3939 		2.8261
v 46.9607 		8.5684 		1.2193
v 42.5914 		-4.3752 		2.8201
v 46.9467 		8.5835 		1.2193
v 42.6012 		-4.3783 		2.8201
v 46.9646 		8.4957 		1.2024
v 46.8274 		-7.9424 		6.4007
v 46.9525 		8.5117 		1.2024
v 46.8773 		-7.9254 		6.3888
v 46.9398 		8.5249 		1.2024
v 46.8857 		-7.8857 		6.445
v 45.5068 		-7.9943 		2.5409
v 46.9265 		-7.8971 		6.3759
v 45.5036 		-7.9943 		2.5378
v 46.9346 		-7.8583 		6.4312
v 45.5 		-7.9943 		2.5348
v 46.9744 		-7.8583 		6.3621
v 45.4964 		-7.9943 		2.5317
v 45.4925 		-7.9943 		2.529
v 42.61 		-4.3658 		2.816
v 42.6222 		-4.3522 		2.8113
v 45.4886 		-7.9943 		2.5264
v 46.932 		8.5958 		1.2193
v 45.4844 		-7.9943 		2.5241
v 46.9173 		8.6043 		1.2193
v 45.4801 		-7.9943 		2.5218
v 46.9024 		8.609 		1.2193
v 42.6322 		-4.3413 		2.8081
v 42.6351 		-4.3381 		2.8071
v 45.4759 		-7.9943 		2.5199
v 46.9271 		8.5353 		1.2024
v 46.9141 		8.5429 		1.2024
v 46.9007 		8.5476 		1.2024
v 45.5147 		-7.9764 		2.4996
v 45.5065 		-7.9764 		2.4947
v 42.6513 		-4.3202 		2.8018
v 42.6513 		-4.2647 		2.7869
v 46.8991 		8.4834 		1.1879
v 46.8874 		8.6685 		1.238
v 46.8874 		8.6109 		1.2193
v 42.7044 		-4.2742 		2.7894
v 42.7209 		-4.2647 		2.7869
v 42.6562 		-4.3148 		2.8003
v 46.8874 		8.5486 		1.2024
v 46.8874 		8.4843 		1.1879
v 42.6513 		-4.1363 		2.7574
v 46.8874 		8.4173 		1.1753
v 42.7543 		-4.2458 		2.7825
v 45.4984 		-7.9764 		2.4901
v 42.7325 		-4.2582 		2.7854
v 45.4902 		-7.9764 		2.4855
v 46.9551 		8.8734 		1.3549
v 45.4818 		-7.9764 		2.4817
v 45.4733 		-7.9764 		2.4786
v 46.9327 		8.8867 		1.3549
v 46.9102 		8.8942 		1.3549
v 45.5479 		-7.9481 		2.479
v 46.8101 		-7.9887 		6.2846
v 46.9731 		8.8215 		1.3289
v 45.9099 		6.1242 		5.2009
v 45.5365 		-7.9481 		2.471
v 46.8189 		-7.9707 		6.343
v 46.9522 		8.8385 		1.3289
v 45.5244 		-7.9481 		2.4633
v 46.86 		-7.9707 		6.2739
v 45.9236 		5.8121 		5.1373
v 45.9222 		5.7747 		5.1274
v 46.9307 		8.8508 		1.3289
v 46.8688 		-7.9537 		6.3316
v 45.9175 		5.6746 		5.0962
v 45.9187 		5.701 		5.1044
v 45.934 		6.1242 		5.2061
v 46.9092 		8.8583 		1.3289
v 45.932 		6.0553 		5.193
v 45.9305 		6.0004 		5.1826
v 45.9265 		5.8843 		5.1562
v 45.9281 		5.9302 		5.1666
v 46.9092 		-7.9424 		6.2628
v 46.918 		-7.9254 		6.3197
v 45.9124 		5.583 		5.0626
v 45.9133 		5.5986 		5.0683
v 42.5718 		-4.2383 		2.7869
v 46.9659 		-7.8857 		6.3071
v 46.9688 		8.7818 		1.3037
v 46.9489 		8.7988 		1.3037
v 46.9287 		8.8102 		1.3037
v 46.9079 		8.8177 		1.3037
v 45.6013 		-7.9074 		2.4771
v 42.5982 		-4.2534 		2.7869
v 46.6782 		-7.4097 		6.7842
v 46.6841 		-7.3039 		6.8231
v 46.9639 		8.7384 		1.2804
v 42.6246 		-4.2619 		2.7869
v 46.9454 		8.7535 		1.2804
v 46.729 		-7.4305 		6.7823
v 46.7349 		-7.3228 		6.822
v 46.9261 		8.7648 		1.2804
v 45.5124 		-7.9481 		2.4565
v 46.9069 		8.7714 		1.2804
v 46.7795 		-7.4428 		6.7769
v 46.7857 		-7.3342 		6.8167
v 42.5601 		-4.0938 		2.7574
v 45.5877 		-7.9074 		2.4649
v 46.8874 		8.8971 		1.3549
v 42.5822 		-4.1117 		2.7574
v 46.8874 		8.8612 		1.3289
v 46.658 		-7.677 		6.6494
v 42.6051 		-4.1249 		2.7574
v 46.6652 		-7.5977 		6.6971
v 46.8874 		8.8196 		1.3037
v 42.6282 		-4.1334 		2.7574
v 46.8874 		8.7733 		1.2804
v 46.672 		-7.5079 		6.7422
v 46.7157 		-7.6203 		6.6937
v 46.7225 		-7.5297 		6.7395
v 45.5 		-7.9481 		2.45
v 46.9053 		8.7214 		1.2582
v 46.7662 		-7.6345 		6.6875
v 46.8874 		8.7233 		1.2582
v 46.7733 		-7.5429 		6.7338
v 42.4777 		-4.2676 		2.8201
v 42.5047 		-4.3044 		2.8201
v 45.4873 		-7.9481 		2.4442
v 42.533 		-4.3337 		2.8201
v 46.9639 		8.2454 		1.165
v 45.4746 		-7.9481 		2.4393
v 46.9587 		8.2624 		1.165
v 46.4833 		-7.2501 		6.759
v 42.4734 		-4.1202 		2.7869
v 46.5303 		-7.3011 		6.7704
v 42.4969 		-4.158 		2.7869
v 46.9529 		8.2775 		1.165
v 42.521 		-4.1901 		2.7869
v 45.6345 		-7.8774 		2.4799
v 46.9467 		8.2917 		1.165
v 45.6234 		-7.8837 		2.4753
v 42.5461 		-4.2166 		2.7869
v 45.6119 		-7.8903 		2.4705
v 46.5788 		-7.3455 		6.7785
v 46.9398 		8.3039 		1.165
v 46.5844 		-7.2444 		6.8155
v 46.933 		8.3153 		1.165
v 46.628 		-7.3814 		6.783
v 46.6339 		-7.2784 		6.8212
v 47.2194 		7.1121 		6.7666
v 47.2191 		7.232 		6.7647
v 42.4777 		-3.9719 		2.7574
v 42.4969 		-4.0097 		2.7574
v 46.5593 		-7.5996 		6.6501
v 47.2536 		7.1121 		6.7219
v 42.5171 		-4.0428 		2.7574
v 46.5661 		-7.5231 		6.6956
v 47.2533 		7.2244 		6.72
v 45.5993 		-7.8971 		2.4656
v 42.5383 		-4.0702 		2.7574
v 46.5726 		-7.4381 		6.7383
v 46.9258 		8.3247 		1.165
v 46.6081 		-7.643 		6.6509
v 47.2845 		7.1121 		6.6742
v 46.9183 		8.3332 		1.165
v 47.2842 		7.2169 		6.6727
v 46.6153 		-7.5646 		6.6979
v 46.6218 		-7.4777 		6.7418
v 46.9271 		8.2435 		1.157
v 47.3122 		7.1121 		6.6238
v 46.9219 		8.252 		1.157
v 47.3119 		7.2084 		6.6222
v 46.9164 		8.2596 		1.157
v 47.3364 		7.1121 		6.571
v 46.4778 		-7.3361 		6.7219
v 47.336 		7.1989 		6.5695
v 42.6513 		-4.0012 		2.7322
v 46.5182 		-7.473 		6.6902
v 42.6513 		-3.8624 		2.7116
v 46.5244 		-7.3908 		6.7319
v 45.5911 		-7.9011 		2.4621
v 45.5949 		-7.8993 		2.4637
v 42.6393 		-3.7179 		2.6952
v 45.5771 		-7.9074 		2.4566
v 47.3569 		7.1121 		6.516
v 47.3569 		7.1895 		6.5149
v 42.6513 		-3.7198 		2.6952
v 45.5717 		-7.9096 		2.4547
v 45.5708 		-7.9099 		2.4545
v 47.3562 		7.266 		6.5111
v 42.6432 		-3.5734 		2.6837
v 45.5533 		-7.9163 		2.4489
v 45.5497 		-7.9175 		2.4478
v 46.9108 		8.3389 		1.165
v 47.3738 		7.1121 		6.4595
v 42.6513 		-3.5743 		2.6837
v 45.5357 		-7.9221 		2.4438
v 46.6505 		-7.7478 		6.5993
v 47.3735 		7.1791 		6.4584
v 46.903 		8.3436 		1.165
v 45.5301 		-7.9238 		2.4423
v 45.5194 		-7.9272 		2.4394
v 46.7007 		-7.7733 		6.5943
v 42.6393 		-3.4232 		2.6765
v 46.8952 		8.3464 		1.165
v 47.3732 		7.2462 		6.4553
v 45.5158 		-7.9282 		2.4385
v 46.7512 		-7.7894 		6.5871
v 42.6432 		-3.4251 		2.6765
v 46.9108 		8.2652 		1.157
v 46.905 		8.2699 		1.157
v 46.8017 		-7.7941 		6.5779
v 42.6474 		-3.4261 		2.6765
v 46.8994 		8.2737 		1.157
v 42.6513 		-3.427 		2.6765
v 46.8932 		8.2756 		1.157
v 46.8023 		-7.7941 		6.5775
v 47.3869 		7.1121 		6.4015
v 46.7349 		-7.9018 		6.4786
v 47.3865 		7.1687 		6.4007
v 46.743 		-7.8508 		6.5336
v 46.7857 		-7.9074 		6.4687
v 46.7854 		-7.9074 		6.4687
v 47.3862 		7.2254 		6.398
v 42.5559 		-3.9464 		2.7322
v 45.5039 		-7.9311 		2.4353
v 45.5122 		-7.9291 		2.4375
v 42.5744 		-3.9663 		2.7322
v 45.4955 		-7.9329 		2.4333
v 45.4892 		-7.9343 		2.4317
v 45.48 		-7.9361 		2.4298
v 45.4749 		-7.937 		2.4288
v 46.7942 		-7.8564 		6.5241
v 46.7935 		-7.8564 		6.5241
v 42.593 		-3.9814 		2.7322
v 42.6122 		-3.9927 		2.7322
v 42.6318 		-3.9993 		2.7322
v 46.8874 		8.3474 		1.165
v 47.396 		7.1121 		6.3426
v 46.8874 		8.2756 		1.157
v 47.3957 		7.1574 		6.3419
v 47.3953 		7.2037 		6.3396
v 47.395 		7.2481 		6.3361
v 42.6197 		-3.8548 		2.7116
v 42.6357 		-3.8605 		2.7116
v 46.6427 		-7.8083 		6.547
v 46.6844 		-7.8857 		6.4866
v 47.4009 		7.1121 		6.2827
v 47.4009 		7.147 		6.2823
v 42.5047 		-3.8633 		2.7322
v 46.6925 		-7.8347 		6.5413
v 47.4005 		7.181 		6.2807
v 42.521 		-3.8945 		2.7322
v 47.4002 		7.215 		6.2781
v 42.5383 		-3.9228 		2.7322
v 47.3999 		7.2481 		6.2743
v 46.0173 		8.2398 		2.6665
v 46.0069 		8.2756 		2.6635
v 46.7082 		-7.7016 		6.6451
v 46.1095 		8.2659 		2.6643
v 46.0912 		8.2431 		2.6662
v 46.759 		-7.7167 		6.6383
v 42.6044 		-3.8463 		2.7116
v 46.1199 		8.2756 		2.6635
v 42.6044 		-3.6981 		2.6952
v 46.5371 		-7.7705 		6.5019
v 42.6158 		-3.7075 		2.6952
v 46.5449 		-7.7233 		6.5531
v 46.0888 		8.2756 		2.6635
v 47.2184 		7.351 		6.759
v 42.6275 		-3.7141 		2.6952
v 46.5853 		-7.8196 		6.4985
v 45.4645 		-7.9764 		2.4756
v 47.2168 		7.4691 		6.7498
v 46.5931 		-7.7705 		6.5512
v 45.456 		-7.9764 		2.4733
v 45.9882 		8.3388 		2.6564
v 45.9864 		8.3439 		2.6559
v 45.9885 		8.3379 		2.6565
v 45.9852 		8.3474 		2.6555
v 45.4674 		-7.9943 		2.5168
v 45.4632 		-7.9943 		2.5157
v 46.1287 		8.2833 		2.6626
v 45.9866 		8.3474 		2.6555
v 46.6345 		-7.8583 		6.4931
v 47.2523 		7.3368 		6.715
v 47.251 		7.4473 		6.7063
v 47.2494 		7.5559 		6.694
v 47.2471 		7.6617 		6.6784
v 46.4902 		-7.7119 		6.5034
v 42.5601 		-3.7982 		2.7116
v 46.4977 		-7.6666 		6.5531
v 42.5744 		-3.818 		2.7116
v 45.4619 		-7.9481 		2.4347
v 47.2836 		7.3208 		6.6677
v 46.5048 		-7.6109 		6.6008
v 47.2823 		7.4237 		6.6597
v 42.5891 		-3.8331 		2.7116
v 45.4492 		-7.9481 		2.4312
v 46.5117 		-7.5467 		6.6467
v 42.562 		-3.6357 		2.6952
v 42.5718 		-3.6546 		2.6952
v 42.5822 		-3.6716 		2.6952
v 46.5521 		-7.6666 		6.6024
v 45.876 		8.6392 		2.6593
v 45.9187 		8.5476 		2.67
v 42.593 		-3.6858 		2.6952
v 45.9128 		8.5476 		2.6421
v 45.4613 		-7.9393 		2.4262
v 45.4651 		-7.9387 		2.4269
v 47.2148 		7.5843 		6.7368
v 45.4509 		-7.9407 		2.4247
v 45.448 		-7.9411 		2.4242
v 46.601 		-7.7119 		6.602
v 45.39 		-7.9481 		2.4165
v 45.3832 		-7.9487 		2.4158
v 45.9519 		8.4475 		2.6494
v 45.3325 		-7.9537 		2.4102
v 45.8708 		8.6392 		2.6341
v 42.5982 		-3.5309 		2.6837
v 42.6051 		-3.5422 		2.6837
v 46.6674 		-7.9537 		6.3732
v 42.6122 		-3.5517 		2.6837
v 46.6759 		-7.9254 		6.4305
v 42.6197 		-3.5592 		2.6837
v 43.1417 		-5.0004 		4.4885
v 45.831 		8.7214 		2.6482
v 42.6275 		-3.5658 		2.6837
v 43.1456 		-5.1242 		4.5126
v 46.7176 		-7.9707 		6.364
v 42.6354 		-3.5706 		2.6837
v 46.7264 		-7.9424 		6.4217
v 46.7766 		-7.9481 		6.4118
v 46.7772 		-7.9481 		6.4118
v 43.0993 		-5.1242 		4.4996
v 47.2441 		7.7637 		6.6597
v 43.0544 		-4.8843 		4.4366
v 43.0957 		-4.8843 		4.4507
v 43.1371 		-4.8843 		4.4622
v 42.6181 		-3.3911 		2.6765
v 42.6213 		-3.3987 		2.6765
v 43.0977 		-5.0004 		4.4763
v 42.6246 		-3.4053 		2.6765
v 42.6282 		-3.4109 		2.6765
v 45.1027 		-7.9736 		2.3812
v 47.3113 		7.3038 		6.6176
v 46.6586 		-7.9707 		6.3155
v 42.6318 		-3.4157 		2.6765
v 45.0644 		-7.9764 		2.3757
v 47.31 		7.3982 		6.6104
v 46.7088 		-7.9887 		6.3056
v 42.6357 		-3.4194 		2.6765
v 47.3087 		7.4908 		6.5997
v 45.8262 		8.7214 		2.6257
v 47.3354 		7.2858 		6.5657
v 46.759 		-7.9943 		6.2953
v 46.7681 		-7.9764 		6.3541
v 47.3344 		7.3708 		6.5588
v 44.8569 		-7.9887 		2.3518
v 46.7596 		-7.9943 		6.2953
v 45.9601 		8.4173 		2.6451
v 46.7688 		-7.9764 		6.3537
v 45.8193 		8.7214 		2.6028
v 42.6126 		-3.3751 		2.6765
v 47.3331 		7.4549 		6.5493
v 42.6152 		-3.3836 		2.6765
v 47.3553 		7.3425 		6.5053
v 46.4749 		-7.7733 		6.4015
v 46.4827 		-7.7478 		6.453
v 47.3539 		7.4171 		6.4969
v 46.5211 		-7.8347 		6.3957
v 47.3523 		7.4898 		6.4862
v 45.9574 		8.4246 		2.6438
v 46.5293 		-7.8083 		6.4492
v 45.9489 		8.4475 		2.6395
v 45.9333 		8.4843 		2.6325
v 42.9716 		-4.8843 		4.4015
v 43.0127 		-4.8843 		4.4202
v 45.8626 		8.6392 		2.6081
v 46.569 		-7.8857 		6.3892
v 46.5772 		-7.8583 		6.4442
v 47.3311 		7.5371 		6.5374
v 47.3292 		7.6154 		6.5229
v 47.1438 		-7.2341 		2.5168
v 47.3266 		7.6919 		6.5057
v 47.1477 		-7.1755 		2.5168
v 46.6176 		-7.9254 		6.3816
v 43.0091 		-5.0004 		4.4442
v 46.6261 		-7.8971 		6.4381
v 47.1503 		-7.1151 		2.5168
v 47.3504 		7.5597 		6.4733
v 47.3481 		7.6277 		6.4584
v 43.0534 		-5.0004 		4.4614
v 47.151 		-7.0556 		2.5168
v 43.0061 		-5.1242 		4.4652
v 43.0524 		-5.1242 		4.484
v 46.5048 		-7.8564 		6.2872
v 46.513 		-7.8508 		6.3415
v 47.1617 		-7.1812 		2.4916
v 45.9055 		8.5476 		2.6182
v 45.905 		8.5486 		2.618
v 47.2806 		7.5248 		6.6482
v 45.928 		8.4965 		2.6298
v 47.1643 		-7.1188 		2.4916
v 47.2784 		7.623 		6.6337
v 46.5521 		-7.9074 		6.2773
v 47.2757 		7.7184 		6.6161
v 47.1653 		-7.0556 		2.4916
v 46.5606 		-7.9018 		6.3335
v 47.1741 		-7.1868 		2.4656
v 45.8102 		8.7214 		2.5794
v 46.6006 		-7.9481 		6.2674
v 46.6091 		-7.9424 		6.3247
v 47.1767 		-7.1217 		2.4656
v 43.1274 		-4.6746 		4.4018
v 43.0553 		-4.7747 		4.4095
v 47.1777 		-7.0556 		2.4656
v 47.3064 		7.5814 		6.5867
v 45.9005 		8.5574 		2.6156
v 45.8937 		8.5705 		2.6121
v 47.3041 		7.6683 		6.5707
v 43.0938 		-4.7747 		4.4225
v 47.3012 		7.7524 		6.5519
v 46.3843 		-7.2737 		6.6585
v 45.8721 		8.6109 		2.6012
v 42.5852 		-3.5035 		2.6837
v 46.427 		-7.3474 		6.6719
v 46.4325 		-7.2737 		6.7093
v 46.4719 		-7.4144 		6.6826
v 42.5914 		-3.5177 		2.6837
v 47.3236 		7.7647 		6.4866
v 47.1848 		-7.1925 		2.4385
v 47.3204 		7.8327 		6.4652
v 47.1875 		-7.1236 		2.4385
v 45.8454 		8.6569 		2.5863
v 45.8381 		8.6685 		2.5825
v 45.8565 		8.6392 		2.592
v 47.1884 		-7.0556 		2.4385
v 45.8717 		8.6117 		2.601
v 46.3331 		-7.3011 		6.5714
v 42.5793 		-3.4874 		2.6837
v 46.3384 		-7.2501 		6.6081
v 47.1933 		-7.1963 		2.4102
v 46.3729 		-7.3908 		6.5821
v 47.2409 		7.8619 		6.6375
v 45.8351 		8.6731 		2.5808
v 47.1962 		-7.1264 		2.4102
v 45.8192 		8.6963 		2.5722
v 47.237 		7.9554 		6.6127
v 46.3788 		-7.3361 		6.6211
v 47.1972 		-7.0556 		2.4102
v 47.2327 		8.0442 		6.5848
v 43.1326 		-4.7747 		4.4332
v 46.4149 		-7.473 		6.5905
v 47.2282 		8.1273 		6.5546
v 46.4211 		-7.4144 		6.6322
v 47.2728 		7.81 		6.5959
v 42.5546 		-3.3703 		2.6837
v 46.4589 		-7.5467 		6.5966
v 47.2692 		7.8969 		6.5726
v 42.5572 		-3.3921 		2.6837
v 42.5604 		-3.4128 		2.6837
v 46.4654 		-7.4843 		6.6406
v 42.5643 		-3.4327 		2.6837
v 45.7346 		8.8564 		2.6241
v 43.0586 		-4.5008 		4.3151
v 45.7838 		8.7941 		2.6364
v 42.5689 		-3.4525 		2.6837
v 42.5738 		-3.4704 		2.6837
v 43.0873 		-4.5008 		4.3247
v 45.6838 		8.9074 		2.6115
v 43.1156 		-4.5008 		4.3327
v 46.3947 		-7.5977 		6.4565
v 43.0576 		-4.583 		4.3487
v 45.731 		8.8564 		2.6077
v 46.4016 		-7.5646 		6.5023
v 43.0896 		-4.583 		4.3594
v 45.7796 		8.7941 		2.6169
v 47.2002 		-7.1991 		2.3812
v 46.4084 		-7.5231 		6.547
v 47.2653 		7.9791 		6.547
v 43.1215 		-4.583 		4.3682
v 47.2031 		-7.1273 		2.3812
v 46.4377 		-7.677 		6.4553
v 42.5207 		-3.7226 		2.7116
v 47.2611 		8.0565 		6.5183
v 46.4449 		-7.643 		6.5038
v 42.533 		-3.7509 		2.7116
v 46.4521 		-7.5996 		6.5512
v 47.2041 		-7.0556 		2.3812
v 42.5461 		-3.7764 		2.7116
v 47.2565 		8.1273 		6.4878
v 47.2054 		-7.2019 		2.3518
v 47.2516 		8.1925 		6.4549
v 43.0563 		-4.6746 		4.3801
v 47.2083 		-7.1283 		2.3518
v 43.0918 		-4.6746 		4.3919
v 47.2982 		7.8327 		6.5306
v 47.2093 		-7.0556 		2.3518
v 46.3155 		-7.4097 		6.4542
v 47.2946 		7.9082 		6.5069
v 42.5526 		-3.614 		2.6952
v 46.3214 		-7.3814 		6.4943
v 47.2907 		7.9791 		6.4809
v 46.3273 		-7.3455 		6.5336
v 43.0303 		-4.5008 		4.304
v 42.4751 		-3.7897 		2.7322
v 46.3537 		-7.5079 		6.4561
v 42.4894 		-3.8284 		2.7322
v 42.9938 		-4.583 		4.3212
v 47.0695 		-7.2274 		2.6012
v 46.3602 		-7.4777 		6.4992
v 42.4884 		-3.6216 		2.7116
v 47.0737 		-7.1849 		2.6012
v 43.0254 		-4.583 		4.3358
v 47.0767 		-7.1424 		2.6012
v 46.3667 		-7.4381 		6.5413
v 42.4982 		-3.6574 		2.7116
v 47.0783 		-7.099 		2.6012
v 42.9856 		-4.6746 		4.3499
v 42.5089 		-3.6914 		2.7116
v 47.079 		-7.0556 		2.6012
v 43.0208 		-4.6746 		4.3659
v 47.2233 		8.2038 		6.5214
v 46.2852 		-7.2784 		6.4882
v 47.3725 		7.3123 		6.45
v 45.6808 		8.9074 		2.5982
v 46.2908 		-7.2444 		6.5241
v 47.3712 		7.3765 		6.4427
v 42.9785 		-4.7747 		4.377
v 47.0933 		-7.1991 		2.5825
v 47.3699 		7.4398 		6.4335
v 43.0166 		-4.7747 		4.3942
v 47.3683 		7.5012 		6.4225
v 47.0962 		-7.1519 		2.5825
v 47.3856 		7.2811 		6.3934
v 45.7734 		8.7941 		2.5966
v 46.4152 		-7.7214 		6.3056
v 47.0982 		-7.1037 		2.5825
v 47.3846 		7.3349 		6.3873
v 46.4592 		-7.7941 		6.2964
v 46.4671 		-7.7894 		6.3491
v 47.3836 		7.3888 		6.3797
v 47.0988 		-7.0556 		2.5825
v 47.382 		7.4398 		6.3701
v 47.1115 		-7.2114 		2.5623
v 47.1148 		-7.1604 		2.5623
v 47.3803 		7.4898 		6.3591
v 45.7258 		8.8564 		2.5909
v 47.1171 		-7.1075 		2.5623
v 47.1177 		-7.0556 		2.5623
v 42.9224 		-5.0004 		4.4018
v 46.3094 		-7.4305 		6.4133
v 42.9654 		-5.0004 		4.424
v 45.6766 		8.9074 		2.5844
v 42.9143 		-5.1242 		4.4209
v 42.5158 		-3.4789 		2.6952
v 42.9599 		-5.1242 		4.4446
v 42.5216 		-3.5092 		2.6952
v 46.3403 		-7.5429 		6.3675
v 47.3455 		7.6919 		6.4412
v 46.3471 		-7.5297 		6.4118
v 47.3429 		7.7524 		6.4221
v 42.5282 		-3.5375 		2.6952
v 46.3804 		-7.6345 		6.3621
v 42.5357 		-3.5649 		2.6952
v 47.3663 		7.5597 		6.4091
v 46.3876 		-7.6203 		6.4095
v 47.364 		7.6154 		6.3942
v 42.5438 		-3.5904 		2.6952
v 42.8915 		-4.8843 		4.3579
v 46.977 		-7.1878 		2.6555
v 47.3614 		7.6683 		6.3778
v 46.4227 		-7.7167 		6.356
v 42.9312 		-4.8843 		4.3808
v 46.4302 		-7.7016 		6.406
v 46.9802 		-7.167 		2.6555
v 47.3588 		7.7184 		6.3594
v 45.7656 		8.7941 		2.5764
v 46.9832 		-7.1453 		2.6555
v 46.9851 		-7.1236 		2.6555
v 45.6711 		8.9074 		2.5707
v 45.6645 		8.9074 		2.5569
v 45.719 		8.8564 		2.5737
v 47.3943 		7.2924 		6.3312
v 46.9985 		-7.2199 		2.6451
v 42.8155 		-4.8843 		4.3063
v 47.3934 		7.3349 		6.3247
v 47.0027 		-7.1934 		2.6451
v 42.8527 		-4.8843 		4.3331
v 47.006 		-7.167 		2.6451
v 45.6567 		8.9074 		2.5432
v 42.4721 		-3.5432 		2.7116
v 47.0086 		-7.1396 		2.6451
v 45.7108 		8.8564 		2.5565
v 42.4796 		-3.5838 		2.7116
v 42.839 		-5.0004 		4.351
v 42.5034 		-3.3817 		2.6952
v 45.7558 		8.7941 		2.5561
v 46.3338 		-7.5476 		6.3224
v 42.8801 		-5.0004 		4.3774
v 42.5067 		-3.4147 		2.6952
v 42.8266 		-5.1242 		4.3675
v 46.3732 		-7.6392 		6.3144
v 42.87 		-5.1242 		4.3953
v 42.5109 		-3.4478 		2.6952
v 46.2624 		-7.3379 		6.3373
v 46.9867 		-7.1009 		2.6555
v 42.9622 		-4.583 		4.3052
v 46.2683 		-7.3342 		6.3755
v 46.9877 		-7.0782 		2.6555
v 42.9172 		-4.6746 		4.3125
v 46.2742 		-7.3228 		6.4137
v 46.988 		-7.0556 		2.6555
v 42.9511 		-4.6746 		4.3323
v 47.0105 		-7.1122 		2.6451
v 47.0118 		-7.0839 		2.6451
v 47.3921 		7.3765 		6.317
v 42.868 		-4.7747 		4.3128
v 45.8023 		8.7214 		2.563
v 45.8008 		8.7233 		2.5623
v 47.0122 		-7.0556 		2.6451
v 42.9038 		-4.7747 		4.3361
v 47.3989 		7.2811 		6.2697
v 42.4232 		-4.8333 		3.0973
v 47.3983 		7.3123 		6.2636
v 42.9407 		-4.7747 		4.3575
v 42.3314 		-5.069 		2.9335
v 45.7891 		8.7378 		2.5559
v 45.7942 		8.7315 		2.5586
v 45.7692 		8.7613 		2.5455
v 47.0239 		-7.2199 		2.6325
v 47.0281 		-7.1878 		2.6325
v 46.2797 		-7.3039 		6.4511
v 42.4242 		-4.8267 		3.0909
v 45.744 		8.7941 		2.5359
v 46.2966 		-7.4475 		6.33
v 46.3028 		-7.4428 		6.3717
v 45.7589 		8.7733 		2.5401
v 45.6476 		8.9074 		2.5294
v 42.3102 		-4.6397 		3.0909
v 45.701 		8.8564 		2.5393
v 45.69 		8.8564 		2.5225
v 45.6776 		8.8564 		2.5057
v 42.348 		-4.7133 		3.0909
v 43.0612 		-4.3658 		4.2437
v 47.3908 		7.4171 		6.3083
v 43.0821 		-4.3658 		4.251
v 47.1594 		-7.1576 		6.6543
v 43.1029 		-4.3658 		4.2567
v 47.3891 		7.4549 		6.2979
v 42.3877 		-4.7776 		3.0909
v 47.164 		-7.0584 		6.6856
v 43.0599 		-4.4281 		4.2804
v 47.1682 		-6.9536 		6.7135
v 47.3875 		7.4908 		6.2869
v 43.0847 		-4.4281 		4.2888
v 47.1721 		-6.8431 		6.7383
v 43.1094 		-4.4281 		4.2956
v 45.74 		8.7941 		2.5296
v 45.7505 		8.7827 		2.5354
v 47.2021 		-7.0102 		6.6505
v 45.7466 		8.7869 		2.5333
v 42.3248 		-4.5811 		3.039
v 47.206 		-6.9101 		6.6769
v 42.361 		-4.651 		3.039
v 45.716 		8.8169 		2.5182
v 45.7234 		8.8099 		2.5217
v 47.2096 		-6.8053 		6.7002
v 42.9993 		-4.3658 		4.2158
v 47.3784 		7.5371 		6.3464
v 45.713 		8.8196 		2.5168
v 42.3991 		-4.7133 		3.039
v 47.3764 		7.5814 		6.3327
v 43.0198 		-4.3658 		4.2261
v 47.3741 		7.623 		6.317
v 42.434 		-4.7747 		3.0488
v 42.4358 		-4.7669 		3.0421
v 42.4367 		-4.7633 		3.039
v 43.0404 		-4.3658 		4.2357
v 47.1415 		-6.3756 		6.8377
v 47.1751 		-6.7278 		6.7594
v 47.0311 		-7.1557 		2.6325
v 47.1777 		-6.6098 		6.7765
v 42.9863 		-4.4281 		4.2468
v 47.0333 		-7.1226 		2.6325
v 45.668 		8.8564 		2.4945
v 47.18 		-6.4879 		6.7903
v 43.0107 		-4.4281 		4.2594
v 47.1813 		-6.3642 		6.8002
v 45.7013 		8.8293 		2.5109
v 45.6867 		8.8417 		2.5034
v 45.6813 		8.846 		2.5008
v 43.0351 		-4.4281 		4.2704
v 47.0493 		-7.2076 		2.618
v 45.6612 		8.861 		2.4917
v 45.661 		8.8612 		2.4916
v 47.0529 		-7.1708 		2.618
v 42.9739 		-4.5008 		4.2769
v 43.0019 		-4.5008 		4.2911
v 47.2125 		-6.6967 		6.7204
v 47.3715 		7.6617 		6.3006
v 45.6593 		8.8623 		2.4908
v 45.6413 		8.8733 		2.4828
v 47.3689 		7.6967 		6.283
v 46.9988 		-6.9451 		6.8568
v 47.366 		7.7278 		6.2639
v 47.0024 		-6.8147 		6.8808
v 42.9794 		-4.3658 		4.204
v 42.4122 		-4.6397 		2.9889
v 47.3856 		7.5248 		6.2743
v 47.0486 		-6.7996 		6.856
v 47.3836 		7.5559 		6.2609
v 42.4425 		-4.7409 		3.0224
v 47.0809 		-7.1377 		6.7475
v 42.4496 		-4.6897 		2.9889
v 47.0555 		-7.133 		2.618
v 45.6313 		8.9481 		2.5985
v 47.0855 		-7.0234 		6.7777
v 42.9397 		-4.4281 		4.2181
v 47.0894 		-6.9035 		6.8044
v 42.9628 		-4.4281 		4.233
v 47.3168 		7.8969 		6.4416
v 47.093 		-6.7798 		6.8273
v 45.5782 		8.9764 		2.5852
v 42.8947 		-4.5008 		4.2257
v 47.3129 		7.9554 		6.416
v 47.1282 		-6.9913 		6.7471
v 47.1321 		-6.8761 		6.7731
v 42.9201 		-4.5008 		4.2441
v 47.309 		8.0102 		6.3888
v 47.1353 		-6.7562 		6.7949
v 42.9468 		-4.5008 		4.2609
v 45.6294 		8.9481 		2.5882
v 47.3396 		7.81 		6.4011
v 45.6261 		8.9481 		2.5779
v 47.3364 		7.8619 		6.3785
v 45.6222 		8.9481 		2.5676
v 42.4446 		-4.7327 		3.0164
v 42.4545 		-4.6949 		2.9889
v 42.9016 		-4.583 		4.2685
v 42.9315 		-4.583 		4.2876
v 45.5769 		8.9764 		2.5783
v 45.572 		8.9764 		2.5646
v 42.3926 		-4.5027 		2.9419
v 45.5746 		8.9764 		2.5714
v 46.9897 		-7.1916 		6.7968
v 46.9946 		-7.0716 		6.8289
v 42.4265 		-4.5575 		2.9419
v 47.3324 		7.9101 		6.3541
v 47.0363 		-7.167 		6.7739
v 47.3289 		7.9536 		6.3285
v 47.0408 		-7.0499 		6.8052
v 47.3246 		7.9913 		6.3014
v 42.4617 		-4.6047 		2.9419
v 45.5244 		8.9943 		2.5718
v 47.0451 		-6.9271 		6.8323
v 45.5238 		8.9943 		2.5684
v 45.5212 		8.9943 		2.5615
v 47.3559 		7.7637 		6.34
v 47.3526 		7.8053 		6.3189
v 42.87 		-4.5008 		4.2063
v 42.4582 		-4.6818 		2.9807
v 42.8452 		-4.583 		4.2261
v 47.3494 		7.8431 		6.2964
v 42.4602 		-4.6746 		2.9762
v 42.8729 		-4.583 		4.2479
v 47.3458 		7.8761 		6.2731
v 47.1187 		-7.2048 		6.6856
v 45.617 		8.9481 		2.5573
v 47.1236 		-7.1009 		6.7181
v 45.6111 		8.9481 		2.5466
v 42.8217 		-4.6746 		4.2445
v 47.035 		-7.0896 		2.6325
v 42.8524 		-4.6746 		4.2685
v 47.0053 		-6.6797 		6.9007
v 47.0353 		-7.0556 		2.6325
v 45.5684 		8.9764 		2.5577
v 42.8843 		-4.6746 		4.2914
v 42.3092 		-4.4404 		2.9889
v 47.0076 		-6.5408 		6.9163
v 45.5645 		8.9764 		2.5504
v 47.0571 		-7.0943 		2.618
v 42.3415 		-4.5141 		2.9889
v 47.0092 		-6.3992 		6.9274
v 45.56 		8.9764 		2.5435
v 47.0574 		-7.0556 		2.618
v 42.8331 		-4.7747 		4.2884
v 42.376 		-4.5811 		2.9889
v 47.0516 		-6.6664 		6.8755
v 47.0539 		-6.5314 		6.8908
v 42.3297 		-4.3705 		2.9419
v 45.5196 		8.9943 		2.5581
v 45.5176 		8.9943 		2.5542
v 47.0555 		-6.3926 		6.9015
v 45.5153 		8.9943 		2.5508
v 42.3604 		-4.4404 		2.9419
v 47.0959 		-6.6513 		6.8461
v 47.1282 		-7.2237 		2.5401
v 47.0978 		-6.5191 		6.861
v 47.1321 		-7.1679 		2.5401
v 47.1343 		-7.1122 		2.5401
v 47.0995 		-6.385 		6.8717
v 47.135 		-7.0556 		2.5401
v 42.2102 		-4.3714 		3.0909
v 45.5127 		8.9943 		2.5474
v 45.5098 		8.9943 		2.5443
v 42.2411 		-4.4678 		3.0909
v 42.9175 		-4.4281 		4.2024
v 42.2743 		-4.5575 		3.0909
v 47.3204 		8.0234 		6.2735
v 46.9752 		-6.4709 		2.6596
v 46.9761 		-6.469 		2.6593
v 46.9793 		-6.4624 		2.6583
v 47.1379 		-6.6315 		6.8132
v 46.9831 		-6.453 		2.657
v 47.2865 		8.0442 		6.4526
v 46.9839 		-6.4509 		2.6568
v 46.9869 		-6.4436 		2.6558
v 42.2587 		-4.4168 		3.039
v 47.2819 		8.1037 		6.4225
v 47.1402 		-6.5049 		6.8273
v 46.9877 		-6.441 		2.6556
v 45.6043 		8.9481 		2.5363
v 42.2906 		-4.5027 		3.039
v 42.8191 		-4.583 		4.2032
v 45.5968 		8.9481 		2.526
v 47.2771 		8.1576 		6.3908
v 46.988 		-6.4398 		2.6555
v 47.2722 		8.2048 		6.3571
v 45.5883 		8.9481 		2.516
v 45.5792 		8.9481 		2.5065
v 46.8975 		-7.0952 		6.8652
v 42.2786 		-4.3592 		2.9889
v 45.5694 		8.9481 		2.4969
v 43.0625 		-4.3148 		4.2063
v 46.9017 		-6.9668 		6.8938
v 43.0795 		-4.3148 		4.212
v 47.3044 		8.0584 		6.3598
v 43.0964 		-4.3148 		4.2166
v 46.9053 		-6.8327 		6.9183
v 45.6375 		8.9074 		2.5157
v 46.9467 		-7.0867 		6.8487
v 45.6264 		8.9074 		2.5023
v 46.9509 		-6.9583 		6.8774
v 46.9545 		-6.8261 		6.9018
v 47.2999 		8.1009 		6.3296
v 47.2953 		8.1377 		6.2979
v 46.9902 		-6.4322 		2.6546
v 47.2904 		8.167 		6.2655
v 46.9908 		-6.4297 		2.6543
v 46.9932 		-6.4209 		2.6533
v 42.2859 		-5.1242 		2.738
v 46.9939 		-6.4181 		2.653
v 45.559 		8.9481 		2.4878
v 45.6144 		8.9074 		2.4893
v 46.9958 		-6.4086 		2.6521
v 46.9963 		-6.4056 		2.6519
v 46.9983 		-6.3954 		2.6511
v 46.9988 		-6.3924 		2.6509
v 46.8473 		-7.0981 		6.8774
v 46.8466 		-7.0981 		6.8774
v 42.3806 		-4.3592 		2.8976
v 47.0002 		-6.3822 		2.6502
v 47.0018 		-6.368 		2.6496
v 47.0021 		-6.3648 		2.6494
v 47.0033 		-6.3538 		2.6489
v 47.0035 		-6.3507 		2.6488
v 47.0043 		-6.3397 		2.6485
v 47.0044 		-6.3365 		2.6484
v 47.2181 		8.2737 		6.4862
v 47.0047 		-6.3255 		2.6483
v 42.4105 		-4.4168 		2.8976
v 42.7992 		-5.0004 		4.3228
v 47.005 		-6.3104 		2.6482
v 46.8519 		-6.9696 		6.9064
v 46.8512 		-6.9696 		6.9064
v 42.7448 		-5.1242 		4.306
v 42.7849 		-5.1242 		4.3377
v 47.2461 		8.2501 		6.4202
v 46.8548 		-6.8346 		6.9312
v 47.2409 		8.3011 		6.3839
v 42.7458 		-4.8843 		4.2487
v 42.7797 		-4.8843 		4.2781
v 45.5479 		8.9481 		2.479
v 45.5365 		8.9481 		2.471
v 46.8554 		-6.8346 		6.9309
v 42.7253 		-5.0004 		4.2613
v 45.5244 		8.9481 		2.4633
v 42.7611 		-5.0004 		4.293
v 47.235 		8.3455 		6.3461
v 42.4421 		-4.4678 		2.8976
v 47.2292 		8.3814 		6.3067
v 47.2666 		8.2444 		6.3224
v 47.2614 		8.2784 		6.2865
v 42.4594 		-4.3714 		2.8571
v 42.7139 		-4.8843 		4.2177
v 42.6911 		-5.0004 		4.2284
v 46.8424 		-7.2218 		6.8445
v 46.8418 		-7.2218 		6.8445
v 46.9551 		-7.1557 		2.6635
v 46.9577 		-7.1396 		2.6635
v 42.6709 		-5.1242 		4.2383
v 47.2233 		8.4097 		6.2666
v 45.5551 		8.9764 		2.5367
v 42.7067 		-5.1242 		4.2727
v 46.9597 		-7.1236 		2.6635
v 45.5492 		8.9764 		2.5302
v 45.543 		8.9764 		2.5233
v 46.9688 		-7.2274 		2.6555
v 46.9731 		-7.2076 		2.6555
v 42.1564 		-4.158 		3.0909
v 45.5365 		8.9764 		2.5172
v 45.5297 		8.9764 		2.5111
v 42.1818 		-4.2676 		3.0909
v 45.5222 		8.9764 		2.5053
v 46.8926 		-7.218 		6.8323
v 42.1381 		-3.8945 		3.039
v 42.6373 		-5.1242 		4.2024
v 42.1564 		-4.0097 		3.039
v 46.9418 		-7.2086 		6.8163
v 47.4022 		7.1121 		6.2231
v 42.7927 		-4.6746 		4.2193
v 47.4022 		7.1357 		6.2227
v 42.1779 		-4.1202 		3.039
v 42.7386 		-4.7747 		4.2059
v 42.7683 		-4.7747 		4.2345
v 42.202 		-4.2251 		3.039
v 42.2291 		-4.3242 		3.039
v 42.7999 		-4.7747 		4.262
v 46.9085 		-6.6938 		6.9389
v 46.9369 		-7.2237 		2.6635
v 46.9108 		-6.5512 		6.9549
v 46.9411 		-7.2114 		2.6635
v 47.4018 		7.1583 		6.2215
v 45.5068 		8.9943 		2.5409
v 45.5036 		8.9943 		2.5378
v 46.9125 		-6.4067 		6.9664
v 47.4015 		7.181 		6.2196
v 45.5 		8.9943 		2.5348
v 45.4964 		8.9943 		2.5317
v 46.9574 		-6.6882 		6.9217
v 47.4012 		7.2037 		6.2173
v 46.96 		-6.5474 		6.9377
v 46.9617 		-6.4039 		6.9492
v 46.9454 		-7.1991 		2.6635
v 46.9489 		-7.1849 		2.6635
v 45.4925 		8.9943 		2.529
v 45.4886 		8.9943 		2.5264
v 45.4844 		8.9943 		2.5241
v 45.4801 		8.9943 		2.5218
v 45.4759 		8.9943 		2.5199
v 47.4009 		7.2254 		6.2139
v 47.4002 		7.2462 		6.2101
v 46.8095 		-6.5512 		6.9756
v 45.5147 		8.9764 		2.4996
v 45.5065 		8.9764 		2.4947
v 46.8114 		-6.4067 		6.987
v 46.9522 		-7.1708 		2.6635
v 46.8584 		-6.6957 		6.9515
v 46.8577 		-6.6957 		6.9515
v 45.4902 		8.9764 		2.4855
v 45.4984 		8.9764 		2.4901
v 45.4818 		8.9764 		2.4817
v 46.861 		-6.5531 		6.9675
v 46.8603 		-6.5531 		6.9675
v 45.4733 		8.9764 		2.4786
v 46.9613 		-7.1066 		2.6635
v 47.3992 		7.1357 		6.1623
v 47.3992 		7.1234 		6.1627
v 46.9626 		-7.0905 		2.6635
v 46.9633 		-7.0726 		2.6635
v 47.3992 		7.1121 		6.1631
v 45.6013 		8.9074 		2.4771
v 46.8626 		-6.4077 		6.979
v 46.862 		-6.4077 		6.979
v 47.3989 		7.147 		6.1616
v 46.9359 		-7.1009 		2.6696
v 46.9346 		-7.1122 		2.6696
v 46.9379 		-7.0782 		2.6696
v 42.2251 		-4.1769 		2.9889
v 46.9369 		-7.0905 		2.6696
v 42.2506 		-4.2704 		2.9889
v 42.2291 		-4.0286 		2.9419
v 46.9382 		-7.0669 		2.6696
v 45.5124 		8.9481 		2.4565
v 42.2506 		-4.1221 		2.9419
v 42.2747 		-4.2109 		2.9419
v 42.3011 		-4.294 		2.9419
v 47.1927 		-7.1925 		6.5886
v 46.9141 		-7.1812 		2.6696
v 47.1976 		-7.1037 		6.6207
v 42.1645 		-3.8633 		2.9889
v 45.5877 		8.9074 		2.4649
v 46.932 		-7.2341 		2.6635
v 42.1818 		-3.9719 		2.9889
v 42.202 		-4.0768 		2.9889
v 47.1428 		-6.1121 		6.8461
v 47.1425 		-6.2443 		6.8442
v 47.1822 		-6.2386 		6.806
v 46.9173 		-7.1755 		2.6696
v 42.2102 		-3.9304 		2.9419
v 47.1826 		-6.1121 		6.8083
v 45.5 		8.9481 		2.45
v 46.9206 		-7.1679 		2.6696
v 46.9235 		-7.1604 		2.6696
v 46.9261 		-7.1519 		2.6696
v 46.9287 		-7.1424 		2.6696
v 42.1388 		-3.6357 		2.9889
v 47.0102 		-6.2566 		6.9343
v 42.1502 		-3.7509 		2.9889
v 47.0105 		-6.1121 		6.9366
v 47.0565 		-6.2528 		6.9083
v 47.0568 		-6.1121 		6.9102
v 46.9307 		-7.133 		2.6696
v 45.4873 		8.9481 		2.4442
v 47.3996 		7.266 		6.2055
v 42.1577 		-3.3911 		2.9419
v 45.4746 		8.9481 		2.4393
v 47.1005 		-6.249 		6.8782
v 42.1623 		-3.5035 		2.9419
v 47.1008 		-6.1121 		6.8801
v 42.1698 		-3.614 		2.9419
v 46.9327 		-7.1226 		2.6696
v 46.9138 		-6.2594 		6.9733
v 42.1802 		-3.7226 		2.9419
v 46.9141 		-6.1121 		6.9756
v 45.6345 		8.8774 		2.4799
v 46.9626 		-6.2584 		6.9561
v 45.6119 		8.8903 		2.4705
v 42.1939 		-3.8284 		2.9419
v 45.6227 		8.8842 		2.4749
v 46.963 		-6.1121 		6.9584
v 45.6051 		8.8939 		2.4679
v 45.5992 		8.8971 		2.4656
v 46.8124 		-6.2594 		6.9943
v 46.8128 		-6.1121 		6.9966
v 46.8636 		-6.2603 		6.9859
v 46.8629 		-6.2603 		6.9859
v 46.8952 		-7.2019 		2.6696
v 46.8913 		-7.2029 		2.6696
v 46.8994 		-7.1991 		2.6696
v 42.4027 		-4.2704 		2.8571
v 42.4304 		-4.3242 		2.8571
v 46.903 		-7.1963 		2.6696
v 46.8639 		-6.1121 		6.9882
v 46.8633 		-6.1121 		6.9882
v 46.9069 		-7.1925 		2.6696
v 42.3255 		-4.2222 		2.8976
v 46.9105 		-7.1868 		2.6696
v 42.3522 		-4.294 		2.8976
v 42.3092 		-3.9993 		2.8571
v 45.5771 		8.9074 		2.4566
v 45.5724 		8.9093 		2.455
v 42.3297 		-4.0749 		2.8571
v 45.5717 		8.9096 		2.4547
v 42.3522 		-4.1457 		2.8571
v 45.5911 		8.9011 		2.4621
v 45.5887 		8.9022 		2.4611
v 42.3767 		-4.2109 		2.8571
v 45.5533 		8.9163 		2.4489
v 45.556 		8.9153 		2.4497
v 45.5402 		8.9206 		2.4451
v 45.5357 		8.9221 		2.4438
v 45.5194 		8.9272 		2.4394
v 45.5254 		8.9254 		2.441
v 45.5157 		8.9282 		2.4385
v 47.3989 		7.1574 		6.16
v 47.3986 		7.1687 		6.1585
v 46.8932 		-7.1273 		2.673
v 46.8952 		-7.1264 		2.673
v 46.8913 		-7.1283 		2.673
v 46.8971 		-7.1236 		2.673
v 46.8991 		-7.1217 		2.673
v 46.9007 		-7.1188 		2.673
v 47.3976 		7.1989 		6.1516
v 47.3979 		7.1895 		6.1543
v 42.4027 		-4.1221 		2.8201
v 42.4262 		-4.1769 		2.8201
v 47.3983 		7.1791 		6.1566
v 46.7404 		-7.2086 		6.8579
v 42.4513 		-4.2251 		2.8201
v 46.7453 		-7.0867 		6.8904
v 46.7495 		-6.9583 		6.919
v 47.397 		7.2084 		6.149
v 45.511 		8.9293 		2.4373
v 45.5039 		8.9311 		2.4353
v 46.7531 		-6.8261 		6.9431
v 45.4892 		8.9343 		2.4317
v 45.4973 		8.9326 		2.4337
v 45.4837 		8.9353 		2.4306
v 45.4749 		8.937 		2.4288
v 42.3926 		-3.9191 		2.7869
v 46.9121 		-7.0726 		2.673
v 46.9125 		-7.0669 		2.673
v 46.9128 		-7.0612 		2.673
v 46.7912 		-7.218 		6.8533
v 42.4105 		-3.9767 		2.7869
v 46.7961 		-7.0952 		6.8858
v 42.4304 		-4.0286 		2.7869
v 46.8004 		-6.9668 		6.9148
v 46.804 		-6.8327 		6.9393
v 42.4513 		-4.0768 		2.7869
v 43.1456 		6.1242 		4.5126
v 47.3957 		7.232 		6.1387
v 43.1417 		6.0004 		4.4885
v 47.3966 		7.2169 		6.1459
v 42.4421 		-3.8851 		2.7574
v 47.396 		7.2244 		6.1425
v 42.4594 		-3.9304 		2.7574
v 46.9024 		-7.1151 		2.673
v 46.904 		-7.1122 		2.673
v 46.9053 		-7.1075 		2.673
v 46.9069 		-7.1037 		2.673
v 46.9079 		-7.099 		2.673
v 46.9092 		-7.0943 		2.673
v 42.3248 		-3.8586 		2.8201
v 42.3415 		-3.9313 		2.8201
v 42.3604 		-3.9993 		2.8201
v 46.9102 		-7.0896 		2.673
v 46.9108 		-7.0839 		2.673
v 46.9118 		-7.0782 		2.673
v 46.6437 		-7.0499 		6.8869
v 42.3806 		-4.0636 		2.8201
v 46.6479 		-6.9271 		6.9144
v 43.0993 		6.1242 		4.4996
v 46.6515 		-6.7996 		6.9381
v 46.6896 		-7.1916 		6.8587
v 46.6942 		-7.0716 		6.8908
v 43.0553 		5.7747 		4.4095
v 42.376 		-3.8586 		2.7869
v 46.6984 		-6.9451 		6.9186
v 43.0938 		5.7747 		4.4225
v 46.7023 		-6.8147 		6.9427
v 43.1326 		5.7747 		4.4332
v 45.4717 		8.9943 		2.5183
v 45.4674 		8.9943 		2.5168
v 45.4632 		8.9943 		2.5157
v 45.4645 		8.9764 		2.4756
v 42.3877 		-3.6678 		2.7574
v 45.456 		8.9764 		2.4733
v 47.395 		7.2386 		6.1348
v 43.1274 		5.6746 		4.4018
v 47.3943 		7.2443 		6.131
v 46.8893 		-7.1292 		2.673
v 47.3924 		7.2566 		6.1176
v 43.0563 		5.6746 		4.3801
v 47.393 		7.2528 		6.1222
v 43.0918 		5.6746 		4.3919
v 46.7561 		-6.6882 		6.9633
v 47.3937 		7.249 		6.1268
v 46.7587 		-6.5474 		6.9794
v 43.0576 		5.583 		4.3487
v 42.3991 		-3.7264 		2.7574
v 43.0896 		5.583 		4.3594
v 46.7603 		-6.4039 		6.9908
v 43.1215 		5.583 		4.3682
v 42.4122 		-3.7821 		2.7574
v 46.8072 		-6.6938 		6.9599
v 45.4619 		8.9481 		2.4347
v 42.4265 		-3.835 		2.7574
v 43.0586 		5.5008 		4.3151
v 45.4492 		8.9481 		2.4312
v 43.0873 		5.5008 		4.3247
v 43.1156 		5.5008 		4.3327
v 46.6544 		-6.6664 		6.9576
v 46.6567 		-6.5314 		6.9729
v 46.6583 		-6.3926 		6.9836
v 45.39 		8.9481 		2.4165
v 45.3324 		8.9537 		2.4102
v 45.4706 		8.9377 		2.428
v 45.4613 		8.9393 		2.4262
v 45.4579 		8.9398 		2.4256
v 45.448 		8.9411 		2.4242
v 46.7052 		-6.6797 		6.9626
v 42.9785 		5.7747 		4.377
v 46.7075 		-6.5408 		6.9782
v 46.8923 		-6.4322 		2.674
v 46.893 		-6.4348 		2.6739
v 46.8956 		-6.4436 		2.6738
v 43.0166 		5.7747 		4.3942
v 46.7091 		-6.3992 		6.9897
v 46.8965 		-6.4457 		2.6738
v 46.8996 		-6.453 		2.6736
v 46.9005 		-6.4551 		2.6736
v 42.3102 		-3.7821 		2.8201
v 46.9036 		-6.4624 		2.6734
v 42.9856 		5.6746 		4.3499
v 46.9045 		-6.4644 		2.6734
v 43.0208 		5.6746 		4.3659
v 46.9079 		-6.4709 		2.6733
v 46.9089 		-6.4724 		2.6732
v 46.9123 		-6.4776 		2.6731
v 42.3369 		-3.6565 		2.7869
v 46.9128 		-6.4783 		2.673
v 42.348 		-3.7264 		2.7869
v 42.9938 		5.583 		4.3212
v 42.361 		-3.7944 		2.7869
v 43.0254 		5.583 		4.3358
v 46.5892 		-7.1377 		6.8491
v 46.5938 		-7.0234 		6.8793
v 43.0303 		5.5008 		4.304
v 46.598 		-6.9035 		6.906
v 46.6013 		-6.7798 		6.929
v 42.3151 		-3.4327 		2.7869
v 46.6391 		-7.167 		6.856
v 47.3917 		7.2584 		6.1134
v 42.3203 		-3.5092 		2.7869
v 42.3278 		-3.5838 		2.7869
v 46.8889 		-6.4209 		2.6741
v 43.0977 		6.0004 		4.4763
v 42.3594 		-3.4128 		2.7574
v 42.3639 		-3.4789 		2.7574
v 45.1106 		8.9729 		2.3822
v 45.1026 		8.9736 		2.3812
v 46.4974 		-6.9536 		6.8522
v 42.3701 		-3.5432 		2.7574
v 46.5009 		-6.8431 		6.877
v 43.0957 		5.8843 		4.4507
v 45.0644 		8.9764 		2.3757
v 42.3783 		-3.6064 		2.7574
v 43.0544 		5.8843 		4.4366
v 46.5449 		-6.9913 		6.8678
v 43.1371 		5.8843 		4.4622
v 46.5488 		-6.8761 		6.8934
v 44.8569 		8.9887 		2.3518
v 46.5521 		-6.7562 		6.9156
v 47.3924 		7.1121 		6.1038
v 47.3924 		7.1121 		6.1038
v 47.3924 		7.1122 		6.1038
v 46.9382 		-6.4977 		2.6696
v 46.9366 		-6.4974 		2.6698
v 47.3924 		7.1123 		6.1038
v 46.9378 		-6.4976 		2.6697
v 43.0061 		6.1242 		4.4652
v 43.0524 		6.1242 		4.484
v 47.3924 		7.1122 		6.1038
v 46.4886 		-7.1576 		6.7934
v 47.3924 		7.1125 		6.1038
v 47.3924 		7.1124 		6.1038
v 47.3924 		7.1124 		6.1038
v 43.0091 		6.0004 		4.4442
v 47.3924 		7.1123 		6.1038
v 46.4931 		-7.0584 		6.8243
v 43.0534 		6.0004 		4.4614
v 47.3924 		7.1126 		6.1037
v 47.3924 		7.1127 		6.1037
v 42.9716 		5.8843 		4.4015
v 46.5358 		-7.2048 		6.806
v 46.9169 		-6.4842 		2.6725
v 43.0127 		5.8843 		4.4202
v 46.9215 		-6.4889 		2.6719
v 46.9265 		-6.4936 		2.6712
v 46.5407 		-7.1009 		6.8384
v 46.9276 		-6.4943 		2.671
v 46.9314 		-6.4964 		2.6705
v 46.9325 		-6.4967 		2.6704
v 47.3924 		7.1125 		6.1037
v 47.3924 		7.1126 		6.1037
v 47.3924 		7.1127 		6.1036
v 47.3924 		7.1127 		6.1037
v 42.868 		5.7747 		4.3128
v 46.9416 		-6.4983 		2.6688
v 46.9422 		-6.4983 		2.6686
v 42.9038 		5.7747 		4.3361
v 47.3924 		7.1127 		6.1036
v 46.9522 		-6.4964 		2.6662
v 42.9407 		5.7747 		4.3575
v 46.9433 		-6.4981 		2.6683
v 46.9482 		-6.4972 		2.6672
v 46.9471 		-6.4974 		2.6674
v 47.3924 		7.1127 		6.1036
v 42.9172 		5.6746 		4.3125
v 42.2411 		-3.8851 		2.8976
v 42.9511 		5.6746 		4.3323
v 42.2587 		-3.9767 		2.8976
v 42.2786 		-4.0636 		2.8976
v 47.3924 		7.1128 		6.1035
v 46.5586 		-6.3756 		6.9584
v 47.3924 		7.1128 		6.1035
v 47.3924 		7.1128 		6.1036
v 46.9533 		-6.4958 		2.6659
v 46.9571 		-6.4936 		2.665
v 46.6042 		-6.6513 		6.9477
v 46.9582 		-6.4925 		2.6647
v 42.3004 		6.0158 		2.673
v 42.304 		6.0004 		2.6732
v 46.963 		-6.4878 		2.6636
v 46.6065 		-6.5191 		6.9626
v 46.9633 		-6.4875 		2.6635
v 46.6081 		-6.385 		6.9733
v 42.275 		6.1221 		2.6696
v 42.2873 		6.0705 		2.6713
v 47.3904 		7.2603 		6.1039
v 47.3911 		7.2594 		6.1089
v 42.3011 		-4.1457 		2.8976
v 42.2499 		6.2439 		2.6635
v 42.2745 		6.1242 		2.6695
v 46.5042 		-6.7278 		6.898
v 42.2481 		6.2526 		2.6629
v 46.9665 		-6.4842 		2.6624
v 46.5068 		-6.6098 		6.9156
v 46.9675 		-6.4827 		2.6621
v 46.971 		-6.4776 		2.661
v 46.9719 		-6.4761 		2.6607
v 46.5088 		-6.4879 		6.929
v 46.5104 		-6.3642 		6.9389
v 47.3598 		7.1121 		5.8866
v 47.3973 		7.3425 		6.2571
v 42.9622 		5.583 		4.3052
v 47.396 		7.3708 		6.2494
v 46.555 		-6.6315 		6.9339
v 47.3947 		7.3982 		6.2406
v 46.557 		-6.5049 		6.9481
v 47.3934 		7.4237 		6.2315
v 47.3917 		7.4473 		6.2212
v 42.9143 		6.1242 		4.4209
v 42.9599 		6.1242 		4.4446
v 42.2906 		-3.9191 		2.8571
v 47.2083 		-7.2029 		2.322
v 47.2112 		-7.1292 		2.322
v 47.2122 		-7.0556 		2.322
v 42.9224 		6.0004 		4.4018
v 47.2093 		-7.2029 		2.2922
v 42.9654 		6.0004 		4.424
v 47.2122 		-7.1292 		2.2922
v 47.2132 		-7.0556 		2.2922
v 42.2258 		-3.7897 		2.8976
v 46.5928 		-7.0922 		2.6736
v 46.6039 		-7.0667 		2.674
v 42.2297 		-3.3751 		2.8571
v 46.5769 		-7.1292 		2.673
v 47.3989 		7.2858 		6.2005
v 42.2336 		-3.4704 		2.8571
v 47.3979 		7.3038 		6.1948
v 42.2401 		-3.5649 		2.8571
v 46.5352 		-7.2029 		2.6696
v 46.5602 		-7.1635 		2.6714
v 42.8915 		5.8843 		4.3579
v 47.397 		7.3208 		6.1883
v 42.2489 		-3.6574 		2.8571
v 46.5681 		-7.1479 		2.6722
v 46.5624 		-7.1593 		2.6716
v 42.9312 		5.8843 		4.3808
v 42.2607 		-3.7481 		2.8571
v 42.2743 		-3.835 		2.8571
v 47.395 		7.351 		6.1746
v 47.396 		7.3368 		6.1818
v 46.5143 		-7.2331 		2.6671
v 46.5259 		-7.2162 		2.6685
v 42.8266 		6.1242 		4.3675
v 42.2251 		6.3868 		2.6555
v 42.87 		6.1242 		4.3953
v 47.3937 		7.3642 		6.1669
v 42.839 		6.0004 		4.351
v 42.201 		6.5702 		2.6451
v 42.2057 		6.5265 		2.6471
v 42.2141 		6.4664 		2.6507
v 42.225 		6.3877 		2.6554
v 42.1922 		-3.3836 		2.8976
v 42.8801 		6.0004 		4.3774
v 42.1965 		-3.4874 		2.8976
v 42.1779 		6.8428 		2.6325
v 42.1792 		6.8146 		2.6332
v 42.1839 		6.7521 		2.6358
v 42.1903 		6.6691 		2.6393
v 42.2036 		-3.5904 		2.8976
v 47.2093 		-7.2029 		1.5283
v 42.8155 		5.8843 		4.3063
v 47.2122 		-7.1292 		1.5283
v 47.2132 		-7.0556 		1.5283
v 42.1724 		7.2603 		2.6289
v 42.8527 		5.8843 		4.3331
v 42.1715 		7.197 		2.6283
v 42.1701 		7.1121 		2.6274
v 47.2083 		-7.2029 		1.4985
v 42.1701 		7.1102 		2.6274
v 47.2112 		-7.1292 		1.4985
v 47.2122 		-7.0556 		1.4985
v 42.1709 		7.0469 		2.628
v 42.1724 		6.9619 		2.6289
v 47.2054 		-7.2019 		1.4687
v 42.1754 		6.8989 		2.6309
v 47.2083 		-7.1283 		1.4687
v 42.1557 		6.8929 		2.618
v 47.2093 		-7.0556 		1.4687
v 46.6593 		-6.2528 		6.9905
v 46.6596 		-6.1121 		6.9924
v 46.7101 		-6.2566 		6.9962
v 42.2134 		-3.6914 		2.8976
v 47.2002 		-7.1991 		1.4393
v 46.7104 		-6.1121 		6.9985
v 47.2031 		-7.1273 		1.4393
v 46.7613 		-6.2584 		6.9977
v 47.2041 		-7.0556 		1.4393
v 47.3901 		7.4691 		6.2105
v 46.7616 		-6.1121 		7
v 47.1933 		-7.1963 		1.4102
v 47.3885 		7.4879 		6.199
v 47.1962 		-7.1264 		1.4102
v 47.1972 		-7.0556 		1.4102
v 47.3865 		7.5049 		6.1872
v 47.1848 		-7.1925 		1.382
v 43.0625 		5.3148 		4.2063
v 46.5114 		-6.2386 		6.945
v 47.1875 		-7.1236 		1.382
v 46.5117 		-6.1121 		6.9469
v 43.0795 		5.3148 		4.212
v 42.273 		-3.4525 		2.8201
v 47.1884 		-7.0556 		1.382
v 46.5596 		-6.2443 		6.9645
v 42.2789 		-3.5375 		2.8201
v 46.5599 		-6.1121 		6.9664
v 47.3816 		7.5843 		6.2468
v 43.0964 		5.3148 		4.2166
v 42.2874 		-3.6216 		2.8201
v 47.3794 		7.6098 		6.2315
v 46.6091 		-6.249 		6.9798
v 42.2975 		-3.7037 		2.8201
v 47.3768 		7.6315 		6.2158
v 46.6094 		-6.1121 		6.9817
v 47.1741 		-7.1868 		1.3549
v 42.306 		8.2331 		2.6663
v 47.1767 		-7.1217 		1.3549
v 42.304 		8.2255 		2.6668
v 46.4547 		-6.8053 		6.8564
v 47.1777 		-7.0556 		1.3549
v 47.1617 		-7.1812 		1.3289
v 43.0599 		5.4281 		4.2804
v 47.1643 		-7.1188 		1.3289
v 46.399 		-7.0442 		6.7574
v 47.1653 		-7.0556 		1.3289
v 43.0847 		5.4281 		4.2888
v 46.4032 		-6.9554 		6.785
v 43.1094 		5.4281 		4.2956
v 47.3745 		7.6513 		6.199
v 46.4071 		-6.8619 		6.8102
v 43.0612 		5.3658 		4.2437
v 47.1438 		-7.2341 		1.3037
v 47.3719 		7.6664 		6.1818
v 43.0821 		5.3658 		4.251
v 46.4104 		-6.7637 		6.8319
v 47.1477 		-7.1755 		1.3037
v 47.3693 		7.6797 		6.1642
v 43.1029 		5.3658 		4.2567
v 47.1503 		-7.1151 		1.3037
v 42.4389 		-3.6565 		2.7322
v 46.4429 		-7.1037 		6.7769
v 42.4496 		-3.7037 		2.7322
v 47.151 		-7.0556 		1.3037
v 46.4472 		-7.0102 		6.8063
v 42.2057 		7.6957 		2.6471
v 42.201 		7.652 		2.6451
v 42.4617 		-3.7481 		2.7322
v 46.4514 		-6.9101 		6.8331
v 47.3846 		7.5191 		6.1746
v 47.3826 		7.5314 		6.1616
v 42.1903 		7.5531 		2.6393
v 42.1856 		7.4907 		2.6368
v 42.1792 		7.4077 		2.6332
v 42.9739 		5.5008 		4.2769
v 42.1779 		7.3809 		2.6325
v 43.0019 		5.5008 		4.2911
v 47.1282 		-7.2237 		1.2804
v 42.4291 		-3.6064 		2.7322
v 47.1321 		-7.1679 		1.2804
v 42.9863 		5.4281 		4.2468
v 42.1762 		7.3446 		2.6314
v 46.3615 		-6.8969 		6.7601
v 47.1343 		-7.1122 		1.2804
v 46.3647 		-6.81 		6.7834
v 43.0107 		5.4281 		4.2594
v 47.135 		-7.0556 		1.2804
v 42.4526 		-3.3703 		2.7116
v 43.0351 		5.4281 		4.2704
v 42.4555 		-3.4147 		2.7116
v 42.4601 		-3.4591 		2.7116
v 42.4653 		-3.5016 		2.7116
v 42.9993 		5.3658 		4.2158
v 47.1115 		-7.2114 		1.2582
v 47.1148 		-7.1604 		1.2582
v 43.0198 		5.3658 		4.2261
v 47.1171 		-7.1075 		1.2582
v 43.0404 		5.3658 		4.2357
v 47.1177 		-7.0556 		1.2582
v 42.2499 		7.9783 		2.6635
v 47.0933 		-7.1991 		1.238
v 42.2481 		7.9696 		2.6629
v 42.2251 		7.8355 		2.6555
v 47.0962 		-7.1519 		1.238
v 42.225 		7.8346 		2.6554
v 42.405 		-3.3921 		2.7322
v 47.0982 		-7.1037 		1.238
v 42.9794 		5.3658 		4.204
v 42.4089 		-3.4478 		2.7322
v 47.3924 		7.3756 		6.1585
v 47.0988 		-7.0556 		1.238
v 42.4141 		-3.5016 		2.7322
v 46.3944 		-7.1273 		6.7269
v 42.421 		-3.5554 		2.7322
v 42.9016 		5.583 		4.2685
v 46.4381 		-7.1925 		6.7445
v 42.9315 		5.583 		4.2876
v 47.0695 		-7.2274 		1.2193
v 42.278 		8.1129 		2.6694
v 47.0737 		-7.1849 		1.2193
v 42.8947 		5.5008 		4.2257
v 42.2779 		8.1125 		2.6694
v 42.2755 		8.1026 		2.6691
v 46.3103 		-7.0442 		6.6543
v 47.0767 		-7.1424 		1.2193
v 42.9201 		5.5008 		4.2441
v 46.3488 		-7.1273 		6.6753
v 47.0783 		-7.099 		1.2193
v 42.9468 		5.5008 		4.2609
v 46.3533 		-7.0556 		6.7063
v 42.2744 		8.0981 		2.669
v 47.079 		-7.0556 		1.2193
v 42.2752 		8.1014 		2.6691
v 42.2733 		8.0925 		2.6688
v 46.3895 		-7.2038 		6.6937
v 42.6513 		-3.2787 		4.2021
v 42.2729 		8.0905 		2.6688
v 42.2709 		8.0804 		2.6685
v 42.2702 		8.0771 		2.6684
v 42.2684 		8.0684 		2.668
v 47.0493 		-7.2076 		1.2024
v 46.3146 		-6.9791 		6.6826
v 46.3185 		-6.9082 		6.7086
v 47.0529 		-7.1708 		1.2024
v 46.3221 		-6.8327 		6.7322
v 47.0555 		-7.133 		1.2024
v 47.0239 		-7.2199 		1.1879
v 47.0281 		-7.1878 		1.1879
v 46.3576 		-6.9791 		6.7345
v 47.0311 		-7.1557 		1.1879
v 42.2875 		8.1532 		2.6696
v 42.2871 		8.1518 		2.6696
v 42.2871 		8.1517 		2.6696
v 42.2871 		8.1519 		2.6696
v 47.0333 		-7.1226 		1.1879
v 42.2848 		8.1418 		2.6696
v 42.2844 		8.1424 		2.6696
v 42.9397 		5.4281 		4.2181
v 42.9628 		5.4281 		4.233
v 42.6015 		-3.3137 		4.1998
v 46.4133 		-6.6617 		6.8506
v 42.6028 		-3.3241 		4.1998
v 42.6041 		-3.3354 		4.1998
v 46.4156 		-6.5559 		6.8663
v 46.4172 		-6.4473 		6.8785
v 42.6057 		-3.3458 		4.1998
v 46.4185 		-6.3368 		6.8873
v 47.0571 		-7.0943 		1.2024
v 42.6077 		-3.3562 		4.1998
v 42.6099 		-3.3656 		4.1998
v 47.3911 		7.385 		6.1501
v 42.8331 		5.7747 		4.2884
v 46.4579 		-6.6967 		6.8762
v 46.4602 		-6.5843 		6.893
v 42.8217 		5.6746 		4.2445
v 47.3898 		7.3926 		6.1417
v 46.4622 		-6.4691 		6.9057
v 42.2916 		8.1713 		2.6692
v 42.8524 		5.6746 		4.2685
v 46.4635 		-6.351 		6.9152
v 42.2909 		8.1683 		2.6693
v 42.2893 		8.1613 		2.6695
v 42.2914 		8.1704 		2.6692
v 42.8843 		5.6746 		4.2914
v 42.6002 		-3.2787 		4.1998
v 42.6005 		-3.2901 		4.1998
v 42.6008 		-3.3023 		4.1998
v 42.8452 		5.583 		4.2261
v 42.2893 		8.1611 		2.6695
v 47.3885 		7.3992 		6.1329
v 42.8729 		5.583 		4.2479
v 46.3745 		-6.4237 		6.8472
v 47.3872 		7.4039 		6.1238
v 42.87 		5.5008 		4.2063
v 46.3758 		-6.3208 		6.8552
v 47.3859 		7.4067 		6.1146
v 42.303 		8.2218 		2.667
v 42.9175 		5.4281 		4.2024
v 42.3025 		8.2194 		2.6671
v 47.3846 		7.4077 		6.1054
v 42.3011 		8.2132 		2.6675
v 42.2994 		8.2057 		2.6678
v 46.3253 		-6.7524 		6.7536
v 46.3279 		-6.6683 		6.7723
v 47.0574 		-7.0556 		1.2024
v 42.8191 		5.583 		4.2032
v 46.3305 		-6.5814 		6.7884
v 47.035 		-7.0896 		1.1879
v 47.0353 		-7.0556 		1.1879
v 42.5493 		-3.2787 		4.1925
v 46.368 		-6.7184 		6.804
v 42.7448 		6.1242 		4.306
v 42.5497 		-3.3023 		4.1925
v 42.5506 		-3.325 		4.1925
v 42.7849 		6.1242 		4.3377
v 46.3706 		-6.623 		6.8212
v 46.9985 		-7.2199 		1.1753
v 47.0027 		-7.1934 		1.1753
v 47.3663 		7.6882 		6.1463
v 42.7992 		6.0004 		4.3228
v 46.3729 		-6.5248 		6.8358
v 42.5523 		-3.3477 		4.1925
v 47.3637 		7.6938 		6.1283
v 47.006 		-7.167 		1.1753
v 42.4992 		-3.2787 		4.1811
v 47.3608 		7.6957 		6.11
v 47.0086 		-7.1396 		1.1753
v 42.4998 		-3.3137 		4.1811
v 47.3807 		7.5408 		6.1482
v 42.5011 		-3.3477 		4.1811
v 42.7386 		5.7747 		4.2059
v 46.3325 		-6.4908 		6.8018
v 47.3787 		7.5474 		6.1348
v 47.3768 		7.5512 		6.1211
v 42.7683 		5.7747 		4.2345
v 46.3338 		-6.3982 		6.8121
v 42.7999 		5.7747 		4.262
v 46.3351 		-6.3038 		6.8197
v 42.7927 		5.6746 		4.2193
v 47.0105 		-7.1122 		1.1753
v 47.3745 		7.5531 		6.1073
v 47.0118 		-7.0839 		1.1753
v 47.0122 		-7.0556 		1.1753
v 42.45 		-3.2787 		4.1646
v 42.4506 		-3.3241 		4.1646
v 46.2784 		-6.8969 		6.6562
v 46.282 		-6.8327 		6.6799
v 47.3422 		7.9035 		6.2487
v 46.2852 		-6.7647 		6.7013
v 42.4021 		-3.2787 		4.144
v 42.4027 		-3.3354 		4.144
v 47.3383 		7.9271 		6.2235
v 42.7253 		6.0004 		4.2613
v 42.7611 		6.0004 		4.293
v 42.3555 		-3.2787 		4.1188
v 42.7458 		5.8843 		4.2487
v 47.3344 		7.9451 		6.1979
v 42.3565 		-3.3458 		4.1188
v 46.977 		-7.1878 		1.165
v 42.7797 		5.8843 		4.2781
v 46.9802 		-7.167 		1.165
v 42.2984 		8.2014 		2.668
v 42.2966 		8.1932 		2.6684
v 46.9832 		-7.1453 		1.165
v 46.2927 		-6.5371 		6.7521
v 42.3112 		-3.2787 		4.0894
v 46.9851 		-7.1236 		1.165
v 42.3121 		-3.3562 		4.0894
v 46.2947 		-6.4549 		6.7639
v 42.296 		8.1904 		2.6685
v 42.2941 		8.1823 		2.6689
v 46.296 		-6.3708 		6.7735
v 46.297 		-6.2858 		6.7804
v 42.2938 		8.1806 		2.6689
v 42.6709 		6.1242 		4.2383
v 42.2685 		-3.2787 		4.0561
v 42.2698 		-3.3656 		4.0561
v 42.7067 		6.1242 		4.2727
v 46.9867 		-7.1009 		1.165
v 42.2284 		-3.2787 		4.0191
v 46.9877 		-7.0782 		1.165
v 42.6911 		6.0004 		4.2284
v 42.2827 		8.1327 		2.6696
v 42.2826 		8.1327 		2.6696
v 46.251 		-6.6919 		6.6673
v 42.2825 		8.133 		2.6696
v 46.988 		-7.0556 		1.165
v 42.1906 		-3.2787 		3.9786
v 46.2536 		-6.6277 		6.6845
v 42.2816 		8.1282 		2.6696
v 46.2559 		-6.5597 		6.6994
v 42.7139 		5.8843 		4.2177
v 42.1561 		-3.2787 		3.9343
v 47.0045 		-6.9184 		1.1721
v 46.988 		-6.9153 		1.165
v 46.2882 		-6.6919 		6.7204
v 42.6373 		6.1242 		4.2024
v 46.2905 		-6.6154 		6.7376
v 46.9688 		-7.2274 		1.165
v 42.2803 		8.1229 		2.6695
v 46.9731 		-7.2076 		1.165
v 42.2803 		8.1228 		2.6695
v 45.8327 		-4.2222 		4.7368
v 45.9017 		-4.8843 		5.1509
v 42.2812 		8.2341 		2.6635
v 46.2246 		-6.5012 		6.6585
v 46.2263 		-6.4398 		6.67
v 42.2763 		8.2237 		2.6635
v 46.9551 		-7.1557 		1.157
v 42.2721 		8.2114 		2.6635
v 45.906 		-5.0004 		5.1772
v 46.9577 		-7.1396 		1.157
v 46.2276 		-6.3765 		6.6791
v 46.2285 		-6.3123 		6.6864
v 42.2678 		8.1991 		2.6635
v 46.9597 		-7.1236 		1.157
v 42.2642 		8.1849 		2.6635
v 46.2579 		-6.4898 		6.7124
v 45.8916 		-4.6746 		5.0905
v 46.2595 		-6.4171 		6.7231
v 47.3305 		7.9583 		6.1715
v 45.8969 		-4.7747 		5.1218
v 47.3631 		7.7562 		6.2445
v 46.2608 		-6.3425 		6.7315
v 47.3601 		7.7798 		6.2238
v 47.3569 		7.7996 		6.2028
v 46.9369 		-7.2237 		1.157
v 45.8799 		-4.5008 		5.0214
v 46.9411 		-7.2114 		1.157
v 46.9454 		-7.1991 		1.157
v 45.8861 		-4.583 		5.0569
v 42.6015 		-3.3137 		2.6765
v 47.3536 		7.8147 		6.1811
v 46.9489 		-7.1849 		1.157
v 42.6028 		-3.3241 		2.6765
v 46.9522 		-7.1708 		1.157
v 42.6041 		-3.3354 		2.6765
v 45.8675 		-4.3658 		4.945
v 42.6057 		-3.3458 		2.6765
v 42.6077 		-3.3562 		2.6765
v 45.8737 		-4.4281 		4.984
v 42.6099 		-3.3656 		2.6765
v 46.3436 		-7.1925 		6.6425
v 47.3162 		8.0499 		6.2445
v 47.3116 		8.0716 		6.215
v 45.8607 		-4.3148 		4.9049
v 46.266 		-7.0584 		6.5745
v 46.2706 		-7.0102 		6.6035
v 45.8539 		-4.2742 		4.864
v 42.6002 		-3.2787 		2.6765
v 47.3266 		7.9668 		6.1448
v 46.296 		-7.2048 		6.5588
v 42.6005 		-3.2901 		2.6765
v 46.9613 		-7.1066 		1.157
v 46.3009 		-7.1576 		6.5924
v 47.3223 		7.9696 		6.118
v 46.9626 		-7.0905 		1.157
v 42.6008 		-3.3023 		2.6765
v 46.3058 		-7.1037 		6.6241
v 46.9633 		-7.0726 		1.157
v 47.3504 		7.8261 		6.1589
v 47.3468 		7.8327 		6.1364
v 47.3435 		7.8346 		6.1138
v 45.847 		-4.2458 		4.822
v 46.9633 		-7.0556 		1.157
v 45.8398 		-4.2279 		4.7796
v 45.8441 		-4.2279 		4.7804
v 42.2519 		8.1066 		2.6635
v 46.2341 		-6.9536 		6.5546
v 42.2506 		8.0905 		2.6635
v 46.238 		-6.9101 		6.5802
v 42.2499 		8.0726 		2.6635
v 47.2852 		8.1916 		6.2322
v 46.9346 		-7.1122 		1.1509
v 46.2419 		-6.8619 		6.6047
v 47.2803 		8.2086 		6.1982
v 46.9359 		-7.1009 		1.1509
v 47.2751 		8.218 		6.1635
v 46.9369 		-7.0905 		1.1509
v 42.2264 		8.1009 		2.6555
v 47.2699 		8.2218 		6.1291
v 42.4992 		-3.2787 		2.6952
v 42.2255 		8.0782 		2.6555
v 42.4998 		-3.3137 		2.6952
v 42.2251 		8.0556 		2.6555
v 46.2452 		-6.81 		6.6272
v 46.9379 		-7.0782 		1.1509
v 42.5011 		-3.3477 		2.6952
v 47.307 		8.0867 		6.1845
v 46.9382 		-7.0669 		1.1509
v 42.5493 		-3.2787 		2.6837
v 47.3025 		8.0952 		6.1539
v 46.2745 		-6.9554 		6.6306
v 42.5497 		-3.3023 		2.6837
v 42.261 		8.1708 		2.6635
v 47.2979 		8.0981 		6.123
v 42.5506 		-3.325 		2.6837
v 42.2581 		8.1557 		2.6635
v 42.2554 		8.1396 		2.6635
v 42.5523 		-3.3477 		2.6837
v 42.2535 		8.1236 		2.6635
v 46.209 		-6.8053 		6.555
v 46.932 		-7.2341 		1.157
v 46.2123 		-6.7637 		6.5764
v 42.2444 		8.2274 		2.6555
v 46.9141 		-7.1812 		1.1509
v 42.1561 		-3.2787 		2.9419
v 46.2259 		-7.0234 		6.4996
v 46.2302 		-6.9913 		6.5279
v 42.1906 		-3.2787 		2.8976
v 46.252 		-7.167 		6.4801
v 46.2569 		-7.1377 		6.5126
v 46.9173 		-7.1755 		1.1509
v 46.2615 		-7.1009 		6.5443
v 46.9206 		-7.1679 		1.1509
v 42.2401 		8.2076 		2.6555
v 46.9235 		-7.1604 		1.1509
v 42.2362 		8.1878 		2.6555
v 46.9261 		-7.1519 		1.1509
v 42.233 		8.167 		2.6555
v 46.9287 		-7.1424 		1.1509
v 42.23 		8.1453 		2.6555
v 46.9307 		-7.133 		1.1509
v 45.8982 		-4.4281 		4.9893
v 45.9015 		-4.4281 		4.9898
v 42.2281 		8.1236 		2.6555
v 46.9327 		-7.1226 		1.1509
v 46.1741 		-6.7798 		6.4691
v 45.9071 		-4.5008 		5.0272
v 45.9069 		-4.4979 		5.0257
v 45.9056 		-4.4818 		5.0175
v 46.1774 		-6.7562 		6.4897
v 45.902 		-4.4355 		4.9936
v 46.1947 		-6.9271 		6.4599
v 46.1982 		-6.9035 		6.4851
v 46.2022 		-6.8761 		6.5095
v 45.8925 		-4.3398 		4.9305
v 46.2057 		-6.8431 		6.5328
v 45.8956 		-4.3658 		4.9509
v 45.8971 		-4.3823 		4.9611
v 45.8881 		-4.3658 		4.9496
v 46.2217 		-7.0499 		6.471
v 42.2165 		7.7745 		2.6518
v 46.8913 		-7.2029 		1.1509
v 46.8952 		-7.2019 		1.1509
v 42.2284 		-3.2787 		2.8571
v 46.8994 		-7.1991 		1.1509
v 42.2685 		-3.2787 		2.8201
v 45.8773 		-4.3148 		4.9087
v 46.903 		-7.1963 		1.1509
v 42.2698 		-3.3656 		2.8201
v 45.8883 		-4.3069 		4.9027
v 45.8866 		-4.2953 		4.8908
v 46.9069 		-7.1925 		1.1509
v 45.8896 		-4.3148 		4.9107
v 42.2147 		8.2199 		2.6451
v 42.3112 		-3.2787 		2.7869
v 46.9105 		-7.1868 		1.1509
v 42.3121 		-3.3562 		2.7869
v 45.8666 		-4.2742 		4.8667
v 42.2105 		8.1934 		2.6451
v 45.8789 		-4.2742 		4.8686
v 42.2072 		8.167 		2.6451
v 45.8794 		-4.2571 		4.8433
v 45.8809 		-4.2637 		4.8533
v 45.8833 		-4.2742 		4.869
v 42.2046 		8.1396 		2.6451
v 46.2484 		-6.7524 		6.6482
v 42.3555 		-3.2787 		2.7574
v 42.3565 		-3.3458 		2.7574
v 42.2027 		8.1122 		2.6451
v 45.8844 		-4.2813 		4.8764
v 45.8555 		-4.2458 		4.8239
v 45.8636 		-4.2458 		4.8251
v 46.8913 		-7.1283 		1.1474
v 46.8952 		-7.1264 		1.1474
v 42.2014 		8.0839 		2.6451
v 46.8932 		-7.1273 		1.1474
v 46.1881 		-6.623 		6.5623
v 45.8718 		-4.2458 		4.8258
v 42.201 		8.0556 		2.6451
v 46.1904 		-6.5814 		6.5775
v 46.8971 		-7.1236 		1.1474
v 45.8759 		-4.2434 		4.8202
v 45.8757 		-4.2429 		4.8188
v 46.8991 		-7.1217 		1.1474
v 46.1927 		-6.5371 		6.5917
v 45.8768 		-4.2458 		4.8261
v 42.4021 		-3.2787 		2.7322
v 42.4027 		-3.3354 		2.7322
v 46.9007 		-7.1188 		1.1474
v 42.45 		-3.2787 		2.7116
v 42.4506 		-3.3241 		2.7116
v 46.2152 		-6.7184 		6.5959
v 45.8782 		-4.2517 		4.835
v 46.2178 		-6.6683 		6.6142
v 46.2204 		-6.6154 		6.6306
v 46.2227 		-6.5597 		6.6455
v 45.8739 		-4.2382 		4.807
v 45.8734 		-4.2368 		4.8034
v 45.8718 		-4.2327 		4.7929
v 42.1893 		8.2199 		2.6325
v 42.1851 		8.1878 		2.6325
v 45.8698 		-4.2279 		4.7795
v 45.8696 		-4.2278 		4.7783
v 45.8714 		-4.2316 		4.7899
v 42.1821 		8.1557 		2.6325
v 45.8706 		-4.2297 		4.7847
v 45.8704 		-4.2293 		4.7837
v 46.1947 		-6.4898 		6.6043
v 45.8522 		-4.2279 		4.7815
v 45.8561 		-4.2279 		4.7815
v 45.86 		-4.2279 		4.7815
v 46.1963 		-6.4398 		6.6154
v 46.1976 		-6.3888 		6.6249
v 42.1799 		8.1226 		2.6325
v 45.8636 		-4.2279 		4.7811
v 45.8672 		-4.2279 		4.7804
v 45.8689 		-4.2273 		4.7735
v 46.9121 		-7.0726 		1.1474
v 46.1989 		-6.3349 		6.6325
v 46.9125 		-7.0669 		1.1474
v 46.1999 		-6.2811 		6.6387
v 46.9128 		-7.0612 		1.1474
v 46.9024 		-7.1151 		1.1474
v 46.904 		-7.1122 		1.1474
v 42.131 		-4.3752 		3.5581
v 46.9069 		-7.1037 		1.1474
v 46.9053 		-7.1075 		1.1474
v 42.1782 		8.0896 		2.6325
v 42.1779 		8.0556 		2.6325
v 46.1699 		-6.4171 		6.5607
v 45.8678 		-4.2265 		4.766
v 42.115 		-3.9228 		3.7853
v 46.9079 		-7.099 		1.1474
v 45.8673 		-4.2263 		4.7626
v 46.1715 		-6.3765 		6.5695
v 45.8669 		-4.2261 		4.7602
v 42.1561 		8.0943 		2.618
v 45.8665 		-4.2259 		4.7574
v 46.9092 		-7.0943 		1.1474
v 45.8662 		-4.2258 		4.7552
v 46.1725 		-6.3349 		6.5772
v 42.1342 		-4.0428 		3.7853
v 45.8658 		-4.2257 		4.7528
v 45.8655 		-4.2256 		4.7509
v 42.1557 		8.0556 		2.618
v 45.8652 		-4.2256 		4.7489
v 46.9102 		-7.0896 		1.1474
v 46.1735 		-6.2924 		6.5837
v 45.8649 		-4.2256 		4.7467
v 42.0955 		-3.9464 		3.7307
v 46.9108 		-7.0839 		1.1474
v 45.8646 		-4.2256 		4.7449
v 42.115 		-4.0702 		3.7307
v 45.8483 		-4.2279 		4.7811
v 46.9118 		-7.0782 		1.1474
v 42.1639 		8.2076 		2.618
v 42.1603 		8.1708 		2.618
v 42.1577 		8.133 		2.618
v 42.1261 		-3.3987 		3.8873
v 46.1631 		-6.5559 		6.5134
v 42.1437 		8.2274 		2.6012
v 46.165 		-6.5248 		6.5267
v 42.131 		-3.5177 		3.8873
v 42.1395 		8.1849 		2.6012
v 46.1803 		-6.7278 		6.5092
v 42.0977 		-3.4053 		3.8373
v 46.1833 		-6.6967 		6.5279
v 42.103 		-3.5309 		3.8373
v 46.1859 		-6.6617 		6.5458
v 46.9633 		-6.9118 		1.157
v 46.9382 		-6.9092 		1.1509
v 46.9128 		-6.9077 		1.1474
v 42.1114 		-3.6546 		3.8373
v 42.1232 		-3.7764 		3.8373
v 46.8893 		-7.1292 		1.1474
v 46.1562 		-6.6315 		6.4679
v 46.1585 		-6.6098 		6.484
v 42.0727 		-3.4109 		3.7853
v 46.1608 		-6.5843 		6.4992
v 42.0782 		-3.5422 		3.7853
v 42.087 		-3.6716 		3.7853
v 42.0994 		-3.7982 		3.7853
v 42.0515 		-3.4157 		3.7307
v 42.057 		-3.5517 		3.7307
v 42.0661 		-3.6858 		3.7307
v 46.149 		-6.3425 		6.5149
v 46.1481 		-6.3708 		6.5073
v 42.0792 		-3.818 		3.7307
v 46.15 		-6.3123 		6.5218
v 46.151 		-6.2811 		6.5275
v 46.167 		-6.4908 		6.5393
v 46.1686 		-6.4549 		6.5504
v 42.0792 		-3.9663 		3.6746
v 42.2251 		6.3069 		1.165
v 42.2086 		6.3039 		1.1721
v 42.0994 		-4.0938 		3.6746
v 42.2499 		6.3104 		1.157
v 42.275 		6.3131 		1.1509
v 42.3004 		6.3145 		1.1474
v 42.1232 		-4.2166 		3.6746
v 42.0661 		-3.9814 		3.6169
v 42.087 		-4.1117 		3.6169
v 46.988 		-5.311 		1.165
v 46.9994 		-5.309 		1.1699
v 42.2027 		8.1122 		1.1753
v 42.1114 		-4.2383 		3.6169
v 46.9633 		-5.3142 		1.157
v 46.1422 		-6.4691 		6.4683
v 42.2014 		8.0839 		1.1753
v 46.1438 		-6.4473 		6.4794
v 46.9382 		-5.3166 		1.1509
v 42.0394 		-3.8548 		3.5581
v 46.1451 		-6.4237 		6.4893
v 46.9128 		-5.318 		1.1474
v 42.057 		-3.9927 		3.5581
v 42.201 		8.0556 		1.1753
v 42.0782 		-4.1249 		3.5581
v 46.1468 		-6.3982 		6.4989
v 42.103 		-4.2534 		3.5581
v 42.1893 		8.2199 		1.1879
v 42.1851 		8.1878 		1.1879
v 42.1821 		8.1557 		1.1879
v 42.1799 		8.1226 		1.1879
v 42.2147 		8.2199 		1.1753
v 42.2105 		8.1934 		1.1753
v 42.2072 		8.167 		1.1753
v 46.2367 		-7.218 		6.3782
v 42.2046 		8.1396 		1.1753
v 42.0339 		-3.4194 		3.6746
v 42.0394 		-3.5592 		3.6746
v 42.0489 		-3.6981 		3.6746
v 42.0622 		-3.8331 		3.6746
v 42.1561 		8.0943 		1.2024
v 42.1557 		8.0556 		1.2024
v 46.2419 		-7.2086 		6.4129
v 46.2468 		-7.1916 		6.4469
v 42.1782 		8.0896 		1.1879
v 42.1779 		8.0556 		1.1879
v 45.8327 		5.2222 		4.7368
v 42.1437 		8.2274 		1.2193
v 45.8969 		5.7747 		5.1218
v 42.1395 		8.1849 		1.2193
v 45.8916 		5.6746 		5.0905
v 42.1639 		8.2076 		1.2024
v 46.208 		-7.0952 		6.3801
v 46.2126 		-7.0867 		6.411
v 42.1603 		8.1708 		1.2024
v 42.1577 		8.133 		1.2024
v 46.2171 		-7.0716 		6.4412
v 42.0199 		-3.4232 		3.6169
v 42.0257 		-3.5658 		3.6169
v 46.0273 		-7.2029 		2.6696
v 46.0278 		-7.2005 		2.6697
v 42.0355 		-3.7075 		3.6169
v 45.906 		6.0004 		5.1772
v 42.0489 		-3.8463 		3.6169
v 46.037 		-7.1628 		2.6715
v 46.0495 		-7.1867 		2.6704
v 45.9017 		5.8843 		5.1509
v 46.1575 		-6.8346 		6.3591
v 46.1611 		-6.8327 		6.3816
v 42.0101 		-3.4251 		3.5581
v 42.016 		-3.5706 		3.5581
v 42.0257 		-3.7141 		3.5581
v 46.1644 		-6.8261 		6.4037
v 46.1676 		-6.8147 		6.4259
v 46.059 		-7.2029 		2.6696
v 45.8607 		5.3148 		4.9049
v 46.1712 		-6.7996 		6.4477
v 45.8539 		5.2742 		4.864
v 42.3108 		8.1151 		1.1474
v 42.3092 		8.1122 		1.1474
v 42.3063 		8.1037 		1.1474
v 46.1829 		-6.9668 		6.3812
v 42.3079 		8.1075 		1.1474
v 42.1261 		-4.3847 		3.4985
v 42.3053 		8.099 		1.1474
v 45.847 		5.2458 		4.822
v 42.304 		8.0943 		1.1474
v 42.1245 		-4.3884 		3.4385
v 42.1245 		-4.3884 		3.4377
v 46.1868 		-6.9583 		6.4079
v 42.1261 		-4.3847 		3.3778
v 46.1908 		-6.9451 		6.4343
v 42.131 		-4.3752 		3.3182
v 45.8398 		5.2279 		4.7796
v 46.0225 		-7.2218 		2.668
v 46.0593 		-7.2035 		2.6695
v 42.0727 		-4.1334 		3.4985
v 46.0681 		-7.2144 		2.6686
v 42.0977 		-4.2619 		3.4985
v 42.3239 		8.1292 		1.1474
v 42.071 		-4.1363 		3.4385
v 46.1787 		-6.9696 		6.3545
v 42.3219 		8.1283 		1.1474
v 42.0961 		-4.2647 		3.4385
v 46.2035 		-7.0981 		6.3495
v 42.318 		8.1264 		1.1474
v 42.32 		8.1273 		1.1474
v 42.071 		-4.1363 		3.4377
v 42.0961 		-4.2647 		3.4377
v 46.2315 		-7.2218 		6.3438
v 42.316 		8.1236 		1.1474
v 42.0339 		-3.8605 		3.4985
v 42.3141 		8.1217 		1.1474
v 42.0515 		-3.9993 		3.4985
v 46.1429 		-6.6938 		6.3808
v 42.3125 		8.1188 		1.1474
v 42.0319 		-3.8624 		3.4385
v 42.0495 		-4.0012 		3.4385
v 46.1458 		-6.6882 		6.3988
v 46.1484 		-6.6797 		6.4167
v 45.8861 		5.583 		5.0569
v 42.0495 		-4.0012 		3.4377
v 45.8799 		5.5008 		5.0214
v 42.0319 		-3.8624 		3.4377
v 46.151 		-6.6664 		6.4343
v 46.1536 		-6.6513 		6.4515
v 42.0339 		-3.8605 		3.3778
v 42.0515 		-3.9993 		3.3778
v 42.0727 		-4.1334 		3.3778
v 42.0977 		-4.2619 		3.3778
v 45.8737 		5.4281 		4.984
v 45.8675 		5.3658 		4.945
v 42.0039 		-3.4261 		3.4985
v 42.0101 		-3.5734 		3.4985
v 42.0199 		-3.7179 		3.4985
v 46.3357 		-6.2084 		6.8239
v 46.3361 		-6.1121 		6.8254
v 42.3219 		8.2029 		1.1509
v 42.002 		-3.427 		3.4385
v 42.318 		8.2019 		1.1509
v 42.0081 		-3.5743 		3.4385
v 42.3138 		8.1991 		1.1509
v 42.3102 		8.1963 		1.1509
v 46.3765 		-6.2169 		6.8602
v 42.3063 		8.1925 		1.1509
v 46.3768 		-6.1121 		6.8617
v 46.4195 		-6.2244 		6.8927
v 42.0179 		-3.7198 		3.4385
v 46.4198 		-6.1121 		6.8942
v 42.002 		-3.427 		3.4377
v 42.0081 		-3.5743 		3.4377
v 42.0179 		-3.7198 		3.4377
v 46.4644 		-6.232 		6.9209
v 46.4648 		-6.1121 		6.9225
v 42.0039 		-3.4261 		3.3778
v 42.2251 		7.9113 		1.165
v 42.0101 		-3.5734 		3.3778
v 42.2499 		7.9081 		1.157
v 42.275 		7.9056 		1.1509
v 42.0199 		-3.7179 		3.3778
v 45.8917 		5.3326 		4.9248
v 42.3004 		7.9043 		1.1474
v 45.8773 		5.3148 		4.9087
v 46.2295 		-6.2462 		6.6917
v 45.8896 		5.3148 		4.9107
v 45.8866 		5.2953 		4.8908
v 42.0394 		-3.8548 		3.3182
v 42.303 		8.0896 		1.1474
v 45.8666 		5.2742 		4.8667
v 42.057 		-3.9927 		3.3182
v 42.3024 		8.0839 		1.1474
v 45.8789 		5.2742 		4.8686
v 42.3014 		8.0782 		1.1474
v 42.0782 		-4.1249 		3.3182
v 45.8833 		5.2742 		4.869
v 42.103 		-4.2534 		3.3182
v 42.3011 		8.0726 		1.1474
v 46.2299 		-6.1791 		6.6948
v 42.0661 		-3.9814 		3.2594
v 42.3007 		8.0669 		1.1474
v 45.8794 		5.2571 		4.8433
v 42.087 		-4.1117 		3.2594
v 45.8555 		5.2458 		4.8239
v 46.2302 		-6.1121 		6.696
v 42.3004 		8.0612 		1.1474
v 42.1114 		-4.2383 		3.2594
v 45.8636 		5.2458 		4.8251
v 46.2618 		-6.266 		6.7376
v 46.2624 		-6.1895 		6.741
v 45.8718 		5.2458 		4.8258
v 42.2786 		8.1122 		1.1509
v 45.8768 		5.2458 		4.8261
v 46.2624 		-6.1121 		6.7422
v 42.2773 		8.1009 		1.1509
v 46.2976 		-6.1989 		6.7842
v 42.0792 		-3.9663 		3.2017
v 42.2763 		8.0905 		1.1509
v 46.298 		-6.1121 		6.7857
v 42.0994 		-4.0938 		3.2017
v 45.8757 		5.2429 		4.8188
v 45.8754 		5.242 		4.8166
v 42.1232 		-4.2166 		3.2017
v 42.2753 		8.0782 		1.1509
v 42.275 		8.0669 		1.1509
v 46.1741 		-6.2481 		6.5882
v 42.0955 		-3.9464 		3.1455
v 42.115 		-4.0702 		3.1455
v 45.8734 		5.2368 		4.8034
v 46.1748 		-6.2037 		6.5921
v 45.8718 		5.2327 		4.7929
v 46.1751 		-6.1574 		6.594
v 45.8706 		5.2297 		4.7847
v 45.8708 		5.2303 		4.7864
v 46.1751 		-6.1121 		6.5947
v 45.8698 		5.2279 		4.7795
v 45.8696 		5.2278 		4.7783
v 42.0101 		-3.4251 		3.3182
v 42.2958 		8.1755 		1.1509
v 42.016 		-3.5706 		3.3182
v 45.8522 		5.2279 		4.7815
v 42.2926 		8.1679 		1.1509
v 45.8561 		5.2279 		4.7815
v 42.2897 		8.1604 		1.1509
v 42.2871 		8.1519 		1.1509
v 46.2005 		-6.2254 		6.6432
v 45.86 		5.2279 		4.7815
v 46.2009 		-6.1687 		6.6459
v 45.8636 		5.2279 		4.7811
v 45.8672 		5.2279 		4.7804
v 42.2844 		8.1424 		1.1509
v 46.2009 		-6.1121 		6.6467
v 44.7257 		-7.9943 		2.3319
v 44.6036 		-7.9972 		2.322
v 45.8689 		5.2273 		4.7735
v 45.8678 		5.2265 		4.766
v 46.1517 		-6.2481 		6.5321
v 45.8673 		5.2263 		4.7626
v 45.8669 		5.2261 		4.7602
v 46.1523 		-6.215 		6.5359
v 46.1526 		-6.181 		6.5386
v 45.8665 		5.2259 		4.7574
v 45.8662 		5.2258 		4.7552
v 45.8658 		5.2257 		4.7528
v 45.8655 		5.2256 		4.7509
v 45.8652 		5.2256 		4.7489
v 42.0257 		-3.7141 		3.3182
v 45.8649 		5.2256 		4.7467
v 45.8646 		5.2256 		4.7449
v 42.3027 		8.1868 		1.1509
v 45.8441 		5.2279 		4.7804
v 42.2991 		8.1812 		1.1509
v 42.0199 		-3.4232 		3.2594
v 45.8483 		5.2279 		4.7811
v 42.0257 		-3.5658 		3.2594
v 47.1422 		8.6203 		6.2536
v 47.1809 		8.5297 		6.2395
v 42.0355 		-3.7075 		3.2594
v 47.1741 		8.5429 		6.1948
v 42.0489 		-3.8463 		3.2594
v 47.2109 		8.4428 		6.1841
v 42.2825 		8.133 		1.1509
v 42.0339 		-3.4194 		3.2017
v 42.2805 		8.1226 		1.1509
v 42.0394 		-3.5592 		3.2017
v 42.0489 		-3.6981 		3.2017
v 47.1676 		8.5476 		6.1501
v 47.2044 		8.4475 		6.1425
v 42.0622 		-3.8331 		3.2017
v 45.9071 		5.5008 		5.0272
v 45.9073 		5.5044 		5.0288
v 42.0515 		-3.4157 		3.1455
v 42.2812 		8.2341 		1.157
v 42.057 		-3.5517 		3.1455
v 42.2763 		8.2237 		1.157
v 45.8982 		5.4281 		4.9893
v 45.9056 		5.4818 		5.0175
v 45.9015 		5.4281 		4.9898
v 47.0047 		8.8508 		6.2399
v 42.2721 		8.2114 		1.157
v 42.0661 		-3.6858 		3.1455
v 42.0792 		-3.818 		3.1455
v 46.9965 		8.8564 		6.1856
v 42.2678 		8.1991 		1.157
v 47.05 		8.7894 		6.2284
v 42.2642 		8.1849 		1.157
v 47.0421 		8.7941 		6.1761
v 45.8881 		5.3658 		4.9496
v 45.9002 		5.4152 		4.9818
v 45.8956 		5.3658 		4.9509
v 42.115 		-3.9228 		3.0909
v 47.0936 		8.7167 		6.2173
v 47.0861 		8.7214 		6.1669
v 42.1342 		-4.0428 		3.0909
v 42.2264 		8.1009 		1.165
v 46.153 		-6.1121 		6.5409
v 46.153 		-6.147 		6.5401
v 42.2255 		8.0782 		1.165
v 47.135 		8.6345 		6.2059
v 42.2251 		8.0556 		1.165
v 42.0727 		-3.4109 		3.0909
v 47.1278 		8.6392 		6.1581
v 42.2519 		8.1066 		1.157
v 42.0782 		-3.5422 		3.0909
v 42.2506 		8.0905 		1.157
v 42.087 		-3.6716 		3.0909
v 42.2499 		8.0726 		1.157
v 42.0994 		-3.7982 		3.0909
v 46.8512 		8.9764 		6.2154
v 46.9007 		8.9481 		6.2051
v 42.2499 		8.0556 		1.157
v 46.9574 		8.9018 		6.2513
v 46.9493 		8.9074 		6.1952
v 42.2444 		8.2274 		1.165
v 42.0977 		-3.4053 		3.039
v 42.103 		-3.5309 		3.039
v 42.261 		8.1708 		1.157
v 42.1114 		-3.6546 		3.039
v 42.2581 		8.1557 		1.157
v 42.1232 		-3.7764 		3.039
v 42.2554 		8.1396 		1.157
v 42.2535 		8.1236 		1.157
v 42.6424 		-7.9481 		2.4165
v 42.6516 		-7.9537 		2.4102
v 42.6544 		-7.9555 		2.4076
v 42.6824 		-7.9736 		2.3812
v 42.1261 		-3.3987 		2.9889
v 42.131 		-3.5177 		2.9889
v 42.6866 		-7.9764 		2.3757
v 46.6498 		8.9764 		6.2571
v 42.7179 		-7.9887 		2.3518
v 42.2401 		8.2076 		1.165
v 42.2362 		8.1878 		1.165
v 46.7 		8.9943 		6.2468
v 46.1302 		-6.3038 		6.4568
v 46.1311 		-6.2858 		6.4626
v 42.233 		8.167 		1.165
v 42.23 		8.1453 		1.165
v 46.1403 		-6.4879 		6.4568
v 46.8013 		8.9943 		6.2257
v 42.2281 		8.1236 		1.165
v 45.7843 		5.2265 		4.211
v 42.1245 		-3.2787 		3.8873
v 45.2586 		-3.2787 		4.2021
v 42.0961 		-3.2787 		3.8373
v 42.071 		-3.2787 		3.7853
v 42.0495 		-3.2787 		3.7307
v 45.2586 		4.2787 		4.2021
v 42.0319 		-3.2787 		3.6746
v 46.1328 		-6.5408 		6.4064
v 46.1347 		-6.5314 		6.4194
v 42.0179 		-3.2787 		3.6169
v 46.1367 		-6.5191 		6.4324
v 42.0081 		-3.2787 		3.5581
v 42.6513 		4.2787 		4.2021
v 42.4754 		-7.7214 		2.563
v 42.4765 		-7.7233 		2.5623
v 45.6512 		-3.9767 		3.9786
v 42.002 		-3.2787 		3.4985
v 42.2138 		7.9132 		1.1699
v 42.002 		-3.2787 		3.3778
v 42.5039 		-7.7733 		2.5401
v 45.6688 		-3.8851 		3.9786
v 42.0081 		-3.2787 		3.3182
v 42.5151 		-7.7941 		2.5296
v 42.5323 		-7.8196 		2.5168
v 42.0179 		-3.2787 		3.2594
v 45.6593 		-4.1221 		3.9343
v 45.6808 		-4.0286 		3.9343
v 42.0319 		-3.2787 		3.2017
v 46.1266 		-6.5531 		6.3652
v 42.5564 		-7.8564 		2.4945
v 45.6997 		-3.9304 		3.9343
v 42.5605 		-7.8612 		2.4916
v 46.1285 		-6.5512 		6.3789
v 42.0495 		-3.2787 		3.1455
v 46.1308 		-6.5474 		6.3927
v 42.5697 		-7.8723 		2.4836
v 42.5906 		-7.8971 		2.4656
v 46.1403 		-6.6957 		6.3625
v 42.071 		-3.2787 		3.0909
v 42.0961 		-3.2787 		3.039
v 45.6492 		-3.7481 		4.0191
v 45.661 		-3.6574 		4.0191
v 42.1245 		-3.2787 		2.9889
v 45.6698 		-3.5649 		4.0191
v 46.1386 		-6.5049 		6.445
v 45.6763 		-3.4704 		4.0191
v 45.6802 		-3.3751 		4.0191
v 42.5991 		-7.9074 		2.4566
v 42.6216 		-7.9282 		2.4385
v 45.7297 		-3.7226 		3.9343
v 46.1438 		8.5476 		5.0886
v 45.7401 		-3.614 		3.9343
v 42.3079 		-7.7214 		2.5623
v 45.7434 		-3.5015 		3.9397
v 45.7433 		-3.5125 		3.9389
v 45.7426 		-3.5772 		3.9343
v 42.3258 		-7.7233 		2.5623
v 46.1479 		8.5476 		5.0869
v 46.1458 		8.5406 		5.0908
v 46.1465 		8.5428 		5.0896
v 46.1259 		-6.3642 		6.429
v 45.7442 		-3.3894 		3.9446
v 45.744 		-3.4114 		3.9436
v 46.1236 		-6.385 		6.4125
v 46.1249 		-6.3756 		6.4205
v 45.7402 		-3.7325 		3.9179
v 45.7422 		-3.6154 		3.9312
v 45.7407 		-3.6994 		3.9218
v 46.1272 		-6.351 		6.4366
v 46.1282 		-6.3368 		6.4439
v 46.1292 		-6.3208 		6.4503
v 45.7422 		-3.6088 		3.9317
v 45.6841 		-3.7897 		3.9786
v 42.4006 		-7.5476 		2.6182
v 42.401 		-7.5486 		2.618
v 45.6965 		-3.6914 		3.9786
v 45.7063 		-3.5904 		3.9786
v 45.7134 		-3.4874 		3.9786
v 42.4147 		-7.5832 		2.6087
v 42.4259 		-7.6109 		2.6012
v 45.7177 		-3.3836 		3.9786
v 42.1365 		8.1424 		2.6012
v 42.1349 		8.099 		2.6012
v 45.716 		-3.8284 		3.9343
v 42.437 		-7.6392 		2.592
v 42.1342 		8.0556 		2.6012
v 42.4509 		-7.6685 		2.5825
v 42.4515 		-7.6697 		2.582
v 42.1199 		8.1991 		2.5825
v 42.3141 		-7.4834 		2.6325
v 42.117 		8.1519 		2.5825
v 42.3258 		-7.4843 		2.6325
v 42.115 		8.1037 		2.5825
v 45.5684 		-3.9313 		4.0561
v 42.1144 		8.0556 		2.5825
v 42.3789 		-7.4843 		2.6325
v 46.1575 		8.6392 		5.0348
v 45.585 		-3.8586 		4.0561
v 42.3125 		-7.5476 		2.618
v 42.1017 		8.2114 		2.5623
v 42.0984 		8.1604 		2.5623
v 46.1181 		-6.4067 		6.3766
v 46.1168 		-6.4077 		6.3675
v 42.0961 		8.1075 		2.5623
v 45.5577 		-4.1457 		4.0191
v 45.5802 		-4.0749 		4.0191
v 42.0955 		8.0556 		2.5623
v 46.1194 		-6.4039 		6.3858
v 45.6007 		-3.9993 		4.0191
v 42.3258 		-7.5486 		2.618
v 45.6193 		-3.9191 		4.0191
v 42.3801 		-7.4879 		2.6317
v 46.121 		-6.3992 		6.395
v 42.3108 		-7.609 		2.6012
v 42.3258 		-7.6109 		2.6012
v 42.3092 		-7.6666 		2.5825
v 42.3258 		-7.6685 		2.5825
v 46.1223 		-6.3926 		6.4037
v 45.4837 		-4.1769 		4.0561
v 42.085 		8.2237 		2.5401
v 42.0811 		8.1679 		2.5401
v 45.5072 		-4.1221 		4.0561
v 46.1523 		8.7214 		4.9767
v 42.0788 		8.1122 		2.5401
v 46.165 		8.7214 		4.9622
v 42.0782 		8.0556 		2.5401
v 46.1758 		8.7214 		4.9461
v 45.4951 		-4.2222 		4.0382
v 42.3571 		-7.4173 		2.6451
v 46.1842 		8.7214 		4.9286
v 42.0694 		8.2341 		2.5168
v 45.5332 		-4.2109 		4.0191
v 42.0655 		8.1755 		2.5168
v 45.5283 		-4.2222 		4.0191
v 42.3063 		-7.4126 		2.6451
v 42.0629 		8.1151 		2.5168
v 42.316 		-7.4163 		2.6451
v 42.0622 		8.0556 		2.5168
v 42.3258 		-7.4173 		2.6451
v 45.5366 		-4.2222 		4.0136
v 42.6008 		4.3023 		4.1998
v 46.1435 		8.7941 		4.8873
v 42.6005 		4.2901 		4.1998
v 42.6002 		4.2787 		4.1998
v 45.4795 		-4.0286 		4.0894
v 46.1471 		8.7941 		4.8705
v 45.4994 		-3.9767 		4.0894
v 45.5173 		-3.9191 		4.0894
v 46.1487 		8.7941 		4.8526
v 42.0515 		8.1812 		2.4916
v 46.1484 		8.7941 		4.8342
v 45.5339 		-3.8586 		4.0894
v 42.0489 		8.1188 		2.4916
v 46.1318 		-6.266 		6.4675
v 46.1461 		8.7941 		4.8151
v 42.0479 		8.0556 		2.4916
v 45.5293 		-4.0636 		4.0561
v 42.6099 		4.3656 		4.1998
v 46.1334 		-6.2037 		6.4794
v 46.1331 		-6.2254 		6.4759
v 42.6077 		4.3562 		4.1998
v 42.0391 		8.1868 		2.4656
v 45.5495 		-3.9993 		4.0561
v 42.6057 		4.3458 		4.1998
v 42.6041 		4.3354 		4.1998
v 42.6028 		4.3241 		4.1998
v 42.6015 		4.3137 		4.1998
v 42.0365 		8.1217 		2.4656
v 42.0355 		8.0556 		2.4656
v 46.1324 		-6.2462 		6.4721
v 46.1341 		-6.181 		6.4817
v 45.5844 		-4.2222 		3.9786
v 42.3089 		-7.244 		2.6656
v 42.31 		-7.2479 		2.6654
v 42.3082 		-7.2699 		2.6635
v 45.6088 		-4.1457 		3.9786
v 42.3138 		-7.2622 		2.6644
v 42.3143 		-7.2643 		2.6643
v 45.6313 		-4.0636 		3.9786
v 42.3138 		-7.2737 		2.6635
v 46.1341 		-6.1583 		6.4836
v 42.3171 		-7.2747 		2.6635
v 42.0283 		8.1925 		2.4385
v 42.0257 		8.1236 		2.4385
v 45.6316 		-4.2222 		3.9343
v 45.6352 		-4.2109 		3.9343
v 42.3102 		-7.3436 		2.6555
v 42.0248 		8.0556 		2.4385
v 42.3197 		-7.2849 		2.6624
v 42.318 		-7.3464 		2.6555
v 42.3212 		-7.2906 		2.6618
v 42.3334 		-7.3379 		2.6565
v 46.1761 		8.6392 		5.0214
v 42.3363 		-7.3474 		2.6555
v 42.3258 		-7.3474 		2.6555
v 46.1785 		8.6392 		5.0192
v 45.6398 		-4.2222 		3.9254
v 42.0199 		8.1963 		2.4102
v 46.1556 		8.5696 		5.0727
v 46.1583 		8.5772 		5.0678
v 42.0169 		8.1264 		2.4102
v 42.5523 		4.3477 		4.1925
v 46.1612 		8.5859 		5.0615
v 46.1638 		8.5938 		5.0557
v 46.1688 		8.6086 		5.0451
v 46.1775 		8.6357 		5.0225
v 42.016 		8.0556 		2.4102
v 46.1712 		8.6161 		5.039
v 42.5506 		4.325 		4.1925
v 46.1777 		8.6365 		5.0218
v 42.5497 		4.3023 		4.1925
v 42.5493 		4.2787 		4.1925
v 46.1344 		-6.1357 		6.4847
v 45.4834 		-3.835 		4.1188
v 45.4977 		-3.7821 		4.1188
v 42.013 		8.1991 		2.3812
v 45.5108 		-3.7264 		4.1188
v 42.0101 		8.1273 		2.3812
v 46.1904 		8.7214 		4.9102
v 45.5222 		-3.6678 		4.1188
v 42.3659 		-7.4475 		2.6395
v 46.1947 		8.7214 		4.8908
v 42.0091 		8.0556 		2.3812
v 42.3063 		-7.7714 		2.5401
v 42.0078 		8.2019 		2.3518
v 42.3258 		-7.7733 		2.5401
v 42.0049 		8.1283 		2.3518
v 42.3053 		-7.8177 		2.5168
v 42.5011 		4.3477 		4.1811
v 46.1344 		-6.1121 		6.4851
v 42.0039 		8.0556 		2.3518
v 42.3258 		-7.8196 		2.5168
v 45.5316 		-3.6064 		4.1188
v 42.4998 		4.3137 		4.1811
v 45.5398 		-3.5432 		4.1188
v 42.4992 		4.2787 		4.1811
v 45.5459 		-3.4789 		4.1188
v 42.0049 		8.2029 		2.322
v 42.002 		8.1292 		2.322
v 45.5505 		-3.4128 		4.1188
v 42.001 		8.0556 		2.322
v 42.0039 		8.2029 		2.2922
v 42.001 		8.1292 		2.2922
v 42.304 		-7.8583 		2.4916
v 42.3258 		-7.8612 		2.4916
v 42.3258 		-7.8971 		2.4656
v 42.4506 		4.3241 		4.1646
v 42.45 		4.2787 		4.1646
v 42.3258 		-7.9282 		2.4385
v 42.3258 		-7.9537 		2.4102
v 42.4027 		4.3354 		4.144
v 42.3258 		-7.9736 		2.3812
v 45.4808 		-3.6064 		4.144
v 42.3258 		-7.9887 		2.3518
v 42.4021 		4.2787 		4.144
v 45.4889 		-3.5554 		4.144
v 45.4958 		-3.5016 		4.144
v 42.3565 		4.3458 		4.1188
v 42.3555 		4.2787 		4.1188
v 45.501 		-3.4478 		4.144
v 42.3121 		4.3562 		4.0894
v 45.5049 		-3.3921 		4.144
v 42.3027 		-7.4787 		2.6325
v 42.3112 		4.2787 		4.0894
v 42.2734 		-7.5249 		2.618
v 42.2861 		-7.5353 		2.618
v 46.1844 		8.6557 		5.0008
v 42.0039 		8.2029 		1.5283
v 42.2991 		-7.5429 		2.618
v 46.1834 		8.6529 		5.0041
v 42.001 		8.1292 		1.5283
v 42.2698 		4.3656 		4.0561
v 42.0049 		8.2029 		1.4985
v 46.1881 		8.6673 		4.9855
v 42.002 		8.1292 		1.4985
v 46.1898 		8.6725 		4.9788
v 42.2685 		4.2787 		4.0561
v 42.001 		8.0556 		1.4985
v 46.1908 		8.6757 		4.9738
v 42.2665 		-7.5835 		2.6012
v 42.0078 		8.2019 		1.4687
v 45.5619 		-3.7264 		4.0894
v 42.2812 		-7.5958 		2.6012
v 42.2284 		4.2787 		4.0191
v 42.2958 		-7.6043 		2.6012
v 45.573 		-3.6565 		4.0894
v 42.1906 		4.2787 		3.9786
v 42.1561 		4.2787 		3.9343
v 45.5997 		-3.7821 		4.0561
v 45.6124 		-3.7037 		4.0561
v 45.6225 		-3.6216 		4.0561
v 45.6355 		-3.835 		4.0191
v 42.2486 		-7.4957 		2.618
v 42.2607 		-7.5117 		2.618
v 42.2258 		-7.5287 		2.6012
v 42.2388 		-7.5504 		2.6012
v 45.5821 		-3.5838 		4.0894
v 42.2525 		-7.5684 		2.6012
v 45.5896 		-3.5092 		4.0894
v 45.5948 		-3.4327 		4.0894
v 42.0049 		8.1283 		1.4687
v 42.0039 		8.0556 		1.4687
v 46.1966 		8.7214 		4.8701
v 42.2763 		-7.6524 		2.5825
v 45.631 		-3.5375 		4.0561
v 45.6369 		-3.4525 		4.0561
v 42.2926 		-7.6609 		2.5825
v 42.013 		8.1991 		1.4393
v 42.0101 		8.1273 		1.4393
v 42.2721 		-7.7053 		2.5623
v 42.0091 		8.0556 		1.4393
v 42.2897 		-7.7148 		2.5623
v 46.1165 		-6.2244 		6.4068
v 46.1171 		-6.2169 		6.4102
v 42.0199 		8.1963 		1.4102
v 42.0169 		8.1264 		1.4102
v 42.016 		8.0556 		1.4102
v 42.0283 		8.1925 		1.382
v 45.5489 		-3.7944 		4.0894
v 46.192 		8.6799 		4.9672
v 46.1939 		8.6864 		4.9572
v 42.2297 		-7.6024 		2.5825
v 46.1967 		8.698 		4.9354
v 42.0257 		8.1236 		1.382
v 46.1951 		8.6911 		4.9485
v 42.2447 		-7.6222 		2.5825
v 46.1972 		8.7005 		4.9294
v 46.1983 		8.707 		4.9141
v 42.2603 		-7.6392 		2.5825
v 42.0248 		8.0556 		1.382
v 46.1987 		8.714 		4.8925
v 46.1983 		8.7082 		4.9102
v 42.2212 		-7.6506 		2.5623
v 46.1987 		8.7144 		4.8904
v 42.2375 		-7.6723 		2.5623
v 46.198 		8.7189 		4.8706
v 46.1174 		-6.2084 		6.4133
v 46.1979 		8.719 		4.8699
v 46.1181 		-6.1989 		6.4163
v 46.1184 		-6.1895 		6.419
v 42.2545 		-7.6902 		2.5623
v 46.1187 		-6.1791 		6.4209
v 46.1191 		-6.1687 		6.4232
v 46.1963 		8.7214 		4.8506
v 45.7281 		-3.9719 		3.8873
v 46.1835 		8.7214 		4.7654
v 45.7375 		-3.8539 		3.9
v 45.7369 		-3.8758 		3.896
v 45.7356 		-3.9249 		3.8873
v 46.1194 		-6.1574 		6.4248
v 42.0694 		8.2341 		1.3037
v 42.2691 		-7.3776 		2.6451
v 42.2783 		-7.3899 		2.6451
v 42.0655 		8.1755 		1.3037
v 42.2874 		-7.3993 		2.6451
v 45.729 		-4.1148 		3.8435
v 45.7286 		-4.1243 		3.8409
v 45.728 		-4.1374 		3.8373
v 42.0629 		8.1151 		1.3037
v 42.2968 		-7.4069 		2.6451
v 42.0622 		8.0556 		1.3037
v 45.7339 		-3.9805 		3.876
v 45.7316 		-4.0419 		3.8613
v 42.085 		8.2237 		1.2804
v 45.7345 		-3.9606 		3.88
v 42.0811 		8.1679 		1.2804
v 45.7251 		-4.1998 		3.8177
v 46.1194 		-6.147 		6.4259
v 42.0788 		8.1122 		1.2804
v 46.1197 		-6.1357 		6.4267
v 46.1197 		-6.1234 		6.4274
v 42.6008 		4.3023 		2.6765
v 42.0782 		8.0556 		1.2804
v 42.2861 		-7.2435 		2.6635
v 42.6005 		4.2901 		2.6765
v 45.6847 		-4.1769 		3.8873
v 45.6724 		-4.2222 		3.8873
v 42.6002 		4.2787 		2.6765
v 42.2913 		-7.252 		2.6635
v 42.2968 		-7.2596 		2.6635
v 45.7079 		-4.0768 		3.8873
v 46.1962 		8.7216 		4.8487
v 46.1962 		8.7216 		4.8488
v 46.1932 		8.7222 		4.8267
v 46.1932 		8.7222 		4.8265
v 42.0391 		8.1868 		1.3549
v 42.3024 		-7.2652 		2.6635
v 46.1129 		-6.2566 		6.3824
v 46.1135 		-6.2528 		6.3869
v 42.0365 		8.1217 		1.3549
v 42.6099 		4.3656 		2.6765
v 42.0355 		8.0556 		1.3549
v 46.1142 		-6.249 		6.3911
v 42.6077 		4.3562 		2.6765
v 45.6878 		-4.2222 		3.866
v 45.7052 		-4.2246 		3.8412
v 42.0515 		8.1812 		1.3289
v 45.7078 		-4.2249 		3.8374
v 42.0489 		8.1188 		1.3289
v 46.1148 		-6.2443 		6.3953
v 42.6057 		4.3458 		2.6765
v 42.0479 		8.0556 		1.3289
v 42.6041 		4.3354 		2.6765
v 45.7079 		-4.2249 		3.8373
v 42.6015 		4.3137 		2.6765
v 46.1155 		-6.2386 		6.3995
v 42.6028 		4.3241 		2.6765
v 46.1161 		-6.232 		6.4034
v 42.2874 		-7.3247 		2.6555
v 45.708 		-4.2249 		3.8372
v 42.2949 		-7.3332 		2.6555
v 42.1017 		8.2114 		1.2582
v 42.3024 		-7.3389 		2.6555
v 42.0984 		8.1604 		1.2582
v 42.0961 		8.1075 		1.2582
v 42.0955 		8.0556 		1.2582
v 42.1199 		8.1991 		1.238
v 46.0647 		8.2446 		5.193
v 46.0696 		8.265 		5.1883
v 42.117 		8.1519 		1.238
v 46.0699 		8.2663 		5.1879
v 42.115 		8.1037 		1.238
v 45.7238 		-4.2272 		3.809
v 42.2665 		-7.2917 		2.6555
v 46.0787 		8.4475 		5.139
v 42.1144 		8.0556 		1.238
v 46.1116 		8.4475 		5.1348
v 42.2734 		-7.3039 		2.6555
v 45.7389 		-3.7878 		3.9097
v 46.0604 		8.3379 		5.1707
v 42.2802 		-7.3153 		2.6555
v 45.4052 		-3.8633 		4.144
v 46.0869 		8.3379 		5.1696
v 42.5011 		4.3477 		2.6952
v 45.3928 		-4.0428 		4.1188
v 45.413 		-4.0097 		4.1188
v 42.4998 		4.3137 		2.6952
v 46.0779 		8.3001 		5.1793
v 45.4322 		-3.9719 		4.1188
v 42.1365 		8.1424 		1.2193
v 42.2607 		-7.3634 		2.6451
v 46.0588 		8.5476 		5.1062
v 42.4992 		4.2787 		2.6952
v 42.1349 		8.099 		1.2193
v 45.4505 		-3.9304 		4.1188
v 46.0888 		8.5476 		5.1024
v 45.4677 		-3.8851 		4.1188
v 42.1342 		8.0556 		1.2193
v 42.5523 		4.3477 		2.6837
v 46.1171 		8.5476 		5.0966
v 42.5506 		4.325 		2.6837
v 42.2493 		-7.2454 		2.6555
v 42.5497 		4.3023 		2.6837
v 42.2545 		-7.2624 		2.6555
v 42.5493 		4.2787 		2.6837
v 42.2603 		-7.2775 		2.6555
v 44.7257 		8.9943 		2.3319
v 44.6036 		8.9972 		2.322
v 45.9946 		8.5476 		5.1066
v 46.0272 		8.5476 		5.1077
v 45.3276 		-4.1117 		4.1188
v 45.3498 		-4.0938 		4.1188
v 42.2447 		-7.3304 		2.6451
v 46.1109 		-6.2603 		6.3686
v 46.1116 		-6.2594 		6.3732
v 46.1122 		-6.2584 		6.3778
v 42.2525 		-7.3483 		2.6451
v 46.0089 		8.4475 		5.1394
v 42.1561 		4.2787 		2.9419
v 46.0445 		8.4475 		5.1406
v 42.2248 		-7.2681 		2.6451
v 45.3169 		-3.9814 		4.144
v 45.3355 		-3.9663 		4.144
v 42.3121 		4.3562 		2.7869
v 45.9829 		8.3379 		5.1662
v 46.0223 		8.3379 		5.17
v 45.354 		-3.9464 		4.144
v 42.3112 		4.2787 		2.7869
v 46.109 		-6.1121 		6.369
v 45.3716 		-3.9228 		4.144
v 42.231 		-7.2907 		2.6451
v 45.3889 		-3.8945 		4.144
v 42.2375 		-7.3115 		2.6451
v 45.8916 		8.5476 		5.0905
v 45.9265 		8.5476 		5.0982
v 45.3716 		-4.0702 		4.1188
v 45.961 		8.5476 		5.1035
v 42.2691 		-7.4513 		2.6325
v 42.2802 		-7.4636 		2.6325
v 42.2913 		-7.4721 		2.6325
v 45.8969 		8.4475 		5.1218
v 45.935 		8.4475 		5.1303
v 45.413 		-4.158 		4.0894
v 45.9725 		8.4475 		5.136
v 42.3565 		4.3458 		2.7574
v 45.4365 		-4.1202 		4.0894
v 42.3555 		4.2787 		2.7574
v 45.9017 		8.3379 		5.1509
v 45.4586 		-4.0768 		4.0894
v 47.1422 		-7.6203 		6.2536
v 45.9425 		8.3379 		5.1597
v 47.1741 		-7.5429 		6.1948
v 42.1906 		4.2787 		2.8976
v 47.1809 		-7.5297 		6.2395
v 45.3935 		-4.2222 		4.08
v 47.2109 		-7.4428 		6.1841
v 45.4243 		-4.2222 		4.0699
v 45.4069 		-4.2222 		4.0756
v 46.0643 		8.6392 		5.068
v 45.458 		-4.2222 		4.057
v 42.2212 		-7.3587 		2.6325
v 46.0901 		8.6392 		5.0626
v 42.2297 		-7.3814 		2.6325
v 45.4601 		-4.2222 		4.0561
v 42.2388 		-7.4022 		2.6325
v 46.1145 		8.6392 		5.055
v 42.2284 		4.2787 		2.8571
v 47.1676 		-7.5476 		6.1501
v 42.2486 		-7.4211 		2.6325
v 46.1367 		8.6392 		5.0458
v 45.31 		-4.2222 		4.0965
v 47.2044 		-7.4475 		6.1425
v 42.2698 		4.3656 		2.8201
v 42.2587 		-7.4381 		2.6325
v 45.3367 		-4.2222 		4.0931
v 45.3334 		-4.2222 		4.0935
v 42.2685 		4.2787 		2.8201
v 45.3571 		-4.2222 		4.0894
v 42.2258 		-7.4551 		2.618
v 45.3638 		-4.2166 		4.0894
v 42.2369 		-7.4768 		2.618
v 42.4027 		4.3354 		2.7322
v 45.3889 		-4.1901 		4.0894
v 42.4021 		4.2787 		2.7322
v 46.9965 		-7.8564 		6.1856
v 47.0047 		-7.8508 		6.2399
v 42.4506 		4.3241 		2.7116
v 42.45 		4.2787 		2.7116
v 47.0421 		-7.7941 		6.1761
v 47.05 		-7.7894 		6.2284
v 45.3644 		-4.2222 		4.0878
v 45.9793 		8.6392 		5.0714
v 45.3665 		-4.2222 		4.0872
v 42.2134 		-7.5051 		2.6012
v 46.0089 		8.6392 		5.0722
v 47.0861 		-7.7214 		6.1669
v 45.4348 		-3.7897 		4.144
v 45.4482 		-3.7481 		4.144
v 47.0936 		-7.7167 		6.2173
v 45.4603 		-3.7037 		4.144
v 46.0373 		8.6392 		5.071
v 42.1883 		-7.5221 		2.5825
v 47.1278 		-7.6392 		6.1581
v 45.471 		-3.6565 		4.144
v 42.2014 		-7.5514 		2.5825
v 42.6515 		8.9537 		2.4102
v 42.6424 		8.9481 		2.4165
v 47.135 		-7.6345 		6.2059
v 42.2154 		-7.5788 		2.5825
v 43.029 		5.3148 		4.1921
v 46.0617 		8.7214 		5.0264
v 42.1903 		-7.5958 		2.5623
v 43.0459 		5.3148 		4.1994
v 42.6824 		8.9736 		2.3812
v 42.6756 		8.9693 		2.3875
v 42.2056 		-7.6251 		2.5623
v 42.7179 		8.9887 		2.3518
v 42.6866 		8.9764 		2.3757
v 45.401 		-3.6914 		4.1646
v 46.8512 		-7.9764 		6.2154
v 45.4117 		-3.6574 		4.1646
v 46.9007 		-7.9481 		6.2051
v 45.4215 		-3.6216 		4.1646
v 46.0832 		8.7214 		5.0199
v 42.896 		5.4281 		4.1856
v 42.1763 		-7.4891 		2.5825
v 46.1031 		8.7214 		5.0115
v 46.9493 		-7.9074 		6.1952
v 42.1505 		-7.4891 		2.5623
v 46.1214 		8.7214 		5.0015
v 46.9574 		-7.9018 		6.2513
v 42.1629 		-7.5278 		2.5623
v 46.138 		8.7214 		4.9901
v 42.9599 		5.3658 		4.1917
v 42.1763 		-7.5637 		2.5623
v 42.8468 		5.5008 		4.186
v 45.9907 		8.7941 		4.995
v 42.2196 		-7.2444 		2.6451
v 46.0116 		8.7941 		4.9924
v 45.4205 		-3.8284 		4.144
v 46.0318 		8.7941 		4.9885
v 42.4754 		8.7214 		2.563
v 42.4765 		8.7233 		2.5623
v 45.9894 		8.7214 		5.0351
v 46.0145 		8.7214 		5.034
v 42.1965 		-7.3757 		2.618
v 46.0386 		8.7214 		5.0309
v 42.2056 		-7.4041 		2.618
v 42.5039 		8.7733 		2.5401
v 42.2154 		-7.4305 		2.618
v 42.1802 		-7.4163 		2.6012
v 45.4378 		-3.5432 		4.1646
v 42.5323 		8.8196 		2.5168
v 42.5151 		8.7941 		2.5296
v 42.1903 		-7.4484 		2.6012
v 45.4446 		-3.5016 		4.1646
v 42.2014 		-7.4777 		2.6012
v 45.4498 		-3.4591 		4.1646
v 42.5605 		8.8612 		2.4916
v 42.5564 		8.8564 		2.4945
v 45.4544 		-3.4147 		4.1646
v 45.4573 		-3.3703 		4.1646
v 46.6498 		-7.9764 		6.2571
v 42.5865 		8.8921 		2.4692
v 43.0641 		5.2742 		4.1677
v 42.5907 		8.8971 		2.4656
v 46.7 		-7.9943 		6.2468
v 43.0768 		5.2742 		4.1719
v 42.6216 		8.9282 		2.4385
v 42.5991 		8.9074 		2.4566
v 42.1939 		-7.2501 		2.6325
v 46.8013 		-7.9943 		6.2257
v 42.1997 		-7.2794 		2.6325
v 42.2062 		-7.3077 		2.6325
v 46.0676 		8.7941 		4.9756
v 42.2134 		-7.3342 		2.6325
v 45.3941 		-3.4789 		4.1811
v 46.0836 		8.7941 		4.9668
v 45.399 		-3.4478 		4.1811
v 45.4032 		-3.4147 		4.1811
v 42.1805 		-7.3134 		2.618
v 46.0979 		8.7941 		4.9568
v 45.4065 		-3.3817 		4.1811
v 42.188 		-7.3455 		2.618
v 46.1106 		8.7941 		4.9454
v 43.0896 		5.2742 		4.1753
v 45.4303 		-3.5838 		4.1646
v 42.9807 		5.3148 		4.1639
v 42.9964 		5.3148 		4.1742
v 42.401 		8.5486 		2.618
v 42.4006 		8.5476 		2.6182
v 43.0127 		5.3148 		4.1833
v 46.0669 		8.8564 		4.9125
v 46.0761 		8.8564 		4.9018
v 42.1685 		-7.2444 		2.618
v 42.174 		-7.2794 		2.618
v 42.4232 		8.604 		2.6031
v 42.426 		8.6109 		2.6012
v 46.0839 		8.8564 		4.89
v 42.1489 		-7.2681 		2.6012
v 45.3573 		-3.614 		4.1811
v 42.1551 		-7.3077 		2.6012
v 42.4508 		8.6685 		2.5825
v 42.437 		8.6392 		2.592
v 43.0514 		5.2742 		4.1627
v 45.3498 		-3.7982 		4.1646
v 42.1626 		-7.3455 		2.6012
v 46.1217 		8.7941 		4.9324
v 45.3638 		-3.7764 		4.1646
v 42.4613 		8.6913 		2.5741
v 46.1308 		8.7941 		4.9186
v 42.1707 		-7.3814 		2.6012
v 45.3768 		-3.7509 		4.1646
v 46.138 		8.7941 		4.9037
v 45.3892 		-3.7226 		4.1646
v 42.3571 		8.4173 		2.6451
v 45.9835 		8.8564 		4.9523
v 46.0005 		8.8564 		4.9488
v 42.9231 		5.3658 		4.1639
v 42.1372 		-7.3342 		2.5825
v 46.0161 		8.8564 		4.9442
v 42.941 		5.3658 		4.1784
v 46.0308 		8.8564 		4.9381
v 42.3171 		8.2747 		2.6635
v 42.1453 		-7.3757 		2.5825
v 42.3147 		8.2657 		2.6642
v 42.3143 		8.2643 		2.6643
v 45.3169 		-3.6858 		4.1811
v 42.3138 		8.2737 		2.6635
v 45.3276 		-3.6716 		4.1811
v 42.1548 		-7.4163 		2.5825
v 45.3381 		-3.6546 		4.1811
v 45.3478 		-3.6357 		4.1811
v 42.1649 		-7.4541 		2.5825
v 42.3109 		8.2514 		2.6651
v 42.31 		8.2479 		2.6654
v 45.3208 		-3.8331 		4.1646
v 42.8247 		5.5008 		4.1646
v 42.3082 		8.2699 		2.6635
v 46.0503 		8.7941 		4.9828
v 45.3355 		-3.818 		4.1646
v 42.3072 		8.2374 		2.6661
v 42.8758 		5.4281 		4.1681
v 42.1395 		-7.4484 		2.5623
v 42.3258 		8.3085 		2.6598
v 42.3233 		8.2987 		2.6609
v 45.9809 		8.9074 		4.9041
v 42.3197 		8.2849 		2.6624
v 42.3258 		8.3474 		2.6555
v 42.318 		8.3464 		2.6555
v 45.9927 		8.9074 		4.8992
v 42.3363 		8.3474 		2.6555
v 42.3334 		8.3379 		2.6565
v 42.2493 		-7.7384 		2.5401
v 45.3661 		-3.5904 		4.1811
v 46.0034 		8.9074 		4.8934
v 45.3742 		-3.5649 		4.1811
v 46.1438 		-7.5476 		5.0886
v 46.1458 		-7.5405 		5.0908
v 46.1437 		-7.5335 		5.0943
v 42.2678 		-7.7535 		2.5401
v 45.3817 		-3.5375 		4.1811
v 46.1479 		-7.5476 		5.0869
v 42.2871 		-7.7648 		2.5401
v 45.3882 		-3.5092 		4.1811
v 42.2248 		-7.7611 		2.5168
v 42.2444 		-7.7818 		2.5168
v 42.319 		8.2822 		2.6627
v 42.2642 		-7.7988 		2.5168
v 42.3102 		8.3436 		2.6555
v 42.2844 		-7.8102 		2.5168
v 45.3495 		-3.4128 		4.1925
v 45.3527 		-3.3921 		4.1925
v 45.3553 		-3.3703 		4.1925
v 43.0387 		5.2742 		4.157
v 46.0441 		8.8564 		4.9309
v 46.0562 		8.8564 		4.9221
v 42.2401 		-7.8215 		2.4916
v 42.261 		-7.8385 		2.4916
v 43.014 		5.2742 		4.1432
v 43.0263 		5.2742 		4.1505
v 42.2825 		-7.8508 		2.4916
v 45.3117 		-3.5309 		4.1925
v 45.3185 		-3.5177 		4.1925
v 45.3247 		-3.5035 		4.1925
v 42.316 		8.4163 		2.6451
v 42.2362 		-7.8555 		2.4656
v 42.2581 		-7.8734 		2.4656
v 42.2805 		-7.8867 		2.4656
v 45.8861 		8.6392 		5.0569
v 42.303 		-7.8942 		2.4656
v 45.9177 		8.6392 		5.0638
v 45.9487 		8.6392 		5.0688
v 42.9511 		5.3148 		4.1417
v 45.3306 		-3.4874 		4.1925
v 42.9657 		5.3148 		4.1532
v 45.3361 		-3.4704 		4.1925
v 45.341 		-3.4525 		4.1925
v 42.2062 		-7.7365 		2.5168
v 42.8898 		5.3658 		4.1337
v 45.3456 		-3.4327 		4.1925
v 42.9061 		5.3658 		4.149
v 45.8982 		8.7941 		4.9893
v 45.9223 		8.7941 		4.9931
v 42.1805 		-7.7422 		2.4916
v 45.9457 		8.7941 		4.9954
v 42.1997 		-7.7733 		2.4916
v 45.9689 		8.7941 		4.9962
v 42.2196 		-7.7998 		2.4916
v 42.8045 		5.5008 		4.1429
v 45.8799 		8.7214 		5.0214
v 42.1551 		-7.7365 		2.4656
v 45.9083 		8.7214 		5.0275
v 42.174 		-7.7733 		2.4656
v 45.2586 		-3.8624 		4.1646
v 42.3258 		8.4173 		2.6451
v 45.2742 		-3.8605 		4.1646
v 42.1939 		-7.8054 		2.4656
v 42.3063 		8.4126 		2.6451
v 45.936 		8.7214 		5.0317
v 46.1523 		-7.7214 		4.9767
v 45.2902 		-3.8548 		4.1646
v 46.165 		-7.7214 		4.9622
v 45.963 		8.7214 		5.0344
v 42.2147 		-7.8328 		2.4656
v 46.1758 		-7.7214 		4.9461
v 46.1842 		-7.7214 		4.9286
v 45.2586 		-4.0012 		4.144
v 45.2781 		-3.9993 		4.144
v 45.2977 		-3.9927 		4.144
v 45.9083 		8.8564 		4.953
v 45.9281 		8.8564 		4.9549
v 45.2586 		-4.1363 		4.1188
v 45.2817 		-4.1334 		4.1188
v 45.9474 		8.8564 		4.9553
v 42.2763 		-7.9622 		2.3812
v 42.3011 		-7.9707 		2.3812
v 42.3659 		8.4475 		2.6395
v 45.3048 		-4.1249 		4.1188
v 45.9659 		8.8564 		4.9545
v 42.2753 		-7.9773 		2.3518
v 42.2506 		-7.9622 		2.3518
v 46.1575 		-7.6392 		5.0348
v 42.3007 		-7.9858 		2.3518
v 42.3141 		8.4834 		2.6325
v 42.3258 		8.4843 		2.6325
v 45.2586 		-4.2222 		4.0991
v 42.3787 		8.4843 		2.6325
v 45.2842 		-4.2222 		4.0985
v 45.2769 		-4.2222 		4.0987
v 45.3039 		-4.2222 		4.097
v 42.233 		-7.8857 		2.4385
v 42.839 		5.4281 		4.1306
v 45.2586 		-3.7198 		4.1811
v 42.2554 		-7.9037 		2.4385
v 42.3125 		8.5476 		2.618
v 42.3258 		8.5486 		2.618
v 45.2706 		-3.7179 		4.1811
v 42.2786 		-7.9178 		2.4385
v 42.8566 		5.4281 		4.1494
v 45.8936 		8.9074 		4.9114
v 42.3867 		8.5075 		2.6273
v 45.2824 		-3.7141 		4.1811
v 45.2941 		-3.7075 		4.1811
v 42.3024 		-7.9254 		2.4385
v 45.9099 		8.9074 		4.9129
v 45.3055 		-3.6981 		4.1811
v 42.23 		-7.9103 		2.4102
v 42.3258 		8.6109 		2.6012
v 42.3108 		8.609 		2.6012
v 45.9252 		8.9074 		4.9133
v 42.2535 		-7.9292 		2.4102
v 42.2773 		-7.9424 		2.4102
v 45.9402 		8.9074 		4.9125
v 43.057 		5.2458 		4.1249
v 42.3092 		8.6666 		2.5825
v 43.0654 		5.2458 		4.1283
v 42.3014 		-7.9509 		2.4102
v 42.3258 		8.6685 		2.5825
v 45.9545 		8.9074 		4.911
v 43.0739 		5.2458 		4.131
v 45.9682 		8.9074 		4.9079
v 43.0827 		5.2458 		4.1337
v 46.1435 		-7.7941 		4.8873
v 42.3079 		8.7214 		2.5623
v 42.3258 		8.7233 		2.5623
v 46.1471 		-7.7941 		4.8705
v 42.2281 		-7.9292 		2.3812
v 42.2519 		-7.949 		2.3812
v 46.1487 		-7.7941 		4.8526
v 42.3063 		8.7714 		2.5401
v 42.3258 		8.7733 		2.5401
v 42.3053 		8.8177 		2.5168
v 46.1484 		-7.7941 		4.8342
v 42.3258 		8.8196 		2.5168
v 42.2264 		-7.9424 		2.3518
v 46.1461 		-7.7941 		4.8151
v 42.3258 		8.8612 		2.4916
v 43.0485 		5.2458 		4.1211
v 45.3055 		-3.8463 		4.1646
v 45.8607 		8.9074 		4.9049
v 45.8773 		8.9074 		4.9087
v 42.9798 		5.2742 		4.1188
v 42.9908 		5.2742 		4.1276
v 45.8675 		8.8564 		4.945
v 43.0022 		5.2742 		4.1356
v 45.8881 		8.8564 		4.9496
v 42.1489 		-7.7611 		2.4385
v 42.1685 		-7.7998 		2.4385
v 45.2667 		-3.5734 		4.1925
v 45.2745 		-3.5706 		4.1925
v 42.304 		8.8583 		2.4916
v 45.8737 		8.7941 		4.984
v 42.1893 		-7.8328 		2.4385
v 46.1904 		-7.7214 		4.9102
v 45.2824 		-3.5658 		4.1925
v 42.2105 		-7.8621 		2.4385
v 46.1947 		-7.7214 		4.8908
v 42.1437 		-7.7818 		2.4102
v 45.2902 		-3.5592 		4.1925
v 45.2977 		-3.5517 		4.1925
v 42.3258 		8.8971 		2.4656
v 42.9244 		5.3148 		4.1173
v 42.1639 		-7.8215 		2.4102
v 42.9374 		5.3148 		4.1299
v 42.1851 		-7.8555 		2.4102
v 45.3048 		-3.5422 		4.1925
v 42.3258 		8.9282 		2.4385
v 42.2072 		-7.8857 		2.4102
v 46.1582 		-7.5774 		5.0678
v 46.0901 		8.8564 		4.8774
v 46.1632 		-7.5922 		5.0571
v 42.3258 		8.9537 		2.4102
v 46.166 		-7.6007 		5.051
v 46.0946 		8.8564 		4.864
v 46.1761 		-7.6392 		5.0214
v 42.3258 		8.9736 		2.3812
v 42.3258 		8.9887 		2.3518
v 46.0979 		8.8564 		4.8495
v 46.0992 		8.8564 		4.8346
v 42.3024 		8.2652 		2.6635
v 42.2968 		8.2596 		2.6635
v 42.8227 		5.4281 		4.1108
v 45.2885 		-3.3987 		4.1998
v 42.2913 		8.252 		2.6635
v 45.2918 		-3.3911 		4.1998
v 42.1395 		-7.7988 		2.3812
v 45.2947 		-3.3836 		4.1998
v 42.8748 		5.3658 		4.1176
v 42.1603 		-7.8385 		2.3812
v 45.2973 		-3.3751 		4.1998
v 42.2861 		8.2435 		2.6635
v 42.3024 		8.3389 		2.6555
v 42.2949 		8.3332 		2.6555
v 42.2874 		8.3247 		2.6555
v 45.2667 		-3.4251 		4.1998
v 46.1688 		-7.6088 		5.045
v 45.2706 		-3.4232 		4.1998
v 46.1769 		-7.6342 		5.0238
v 45.2742 		-3.4194 		4.1998
v 45.2781 		-3.4157 		4.1998
v 46.1775 		-7.6358 		5.0225
v 42.1821 		-7.8734 		2.3812
v 46.1785 		-7.6392 		5.0192
v 42.2802 		8.3153 		2.6555
v 45.2817 		-3.4109 		4.1998
v 45.2853 		-3.4053 		4.1998
v 42.2046 		-7.9037 		2.3812
v 42.2734 		8.3039 		2.6555
v 43.0319 		5.2458 		4.1119
v 43.04 		5.2458 		4.1169
v 42.2665 		8.2917 		2.6555
v 42.1577 		-7.8508 		2.3518
v 42.1799 		-7.8867 		2.3518
v 42.2027 		-7.9178 		2.3518
v 45.2586 		-3.427 		4.1998
v 45.2625 		-3.4261 		4.1998
v 42.231 		-7.7195 		2.5401
v 45.2586 		-3.5743 		4.1925
v 42.1802 		-7.6364 		2.5401
v 42.2968 		8.4069 		2.6451
v 42.1965 		-7.6676 		2.5401
v 46.1844 		-7.6556 		5.0009
v 42.2134 		-7.6959 		2.5401
v 42.9693 		5.2742 		4.11
v 46.1857 		-7.6594 		4.9959
v 42.2874 		8.3993 		2.6451
v 46.1899 		-7.6723 		4.9788
v 42.188 		-7.7072 		2.5168
v 46.194 		-7.6863 		4.9572
v 42.2783 		8.3899 		2.6451
v 46.1918 		-7.6788 		4.9689
v 46.1935 		-7.6846 		4.9599
v 46.1958 		-7.6937 		4.9433
v 42.2691 		8.3776 		2.6451
v 46.1968 		-7.6979 		4.9354
v 46.1983 		-7.7069 		4.9141
v 46.198 		-7.705 		4.9187
v 46.1987 		-7.7132 		4.8949
v 46.1987 		-7.714 		4.8925
v 42.1375 		-7.5221 		2.5401
v 46.1966 		-7.7214 		4.8701
v 42.1505 		-7.5637 		2.5401
v 46.1963 		-7.7214 		4.8506
v 42.9123 		5.3148 		4.1043
v 42.1649 		-7.6014 		2.5401
v 45.8291 		-4.4849 		2.696
v 46.1835 		-7.7214 		4.7654
v 45.8367 		-4.4995 		2.6873
v 45.8374 		-4.5008 		2.6865
v 42.1395 		-7.5958 		2.5168
v 42.2603 		8.2775 		2.6555
v 42.1548 		-7.6364 		2.5168
v 42.2545 		8.2624 		2.6555
v 42.1707 		-7.6742 		2.5168
v 46.198 		-7.7189 		4.8706
v 42.2493 		8.2454 		2.6555
v 46.198 		-7.7187 		4.8714
v 45.7624 		-4.3658 		2.7912
v 45.7639 		-4.3684 		2.7884
v 42.8077 		5.4281 		4.0909
v 42.2525 		8.3483 		2.6451
v 42.2447 		8.3304 		2.6451
v 42.1453 		-7.6676 		2.4916
v 42.8612 		5.3658 		4.1012
v 42.1626 		-7.7072 		2.4916
v 42.1372 		-7.6959 		2.4656
v 45.7949 		-4.4198 		2.7406
v 46.0989 		8.8564 		4.8189
v 42.7308 		-7.9943 		2.3319
v 46.0969 		8.8564 		4.8025
v 42.7412 		-7.9956 		2.3277
v 42.2375 		8.3115 		2.6451
v 42.7552 		-7.9972 		2.322
v 42.231 		8.2907 		2.6451
v 45.7982 		-4.4252 		2.7363
v 43.0241 		5.2458 		4.107
v 42.2248 		8.2681 		2.6451
v 45.8 		-4.4281 		2.7339
v 45.6746 		-4.2608 		3.0031
v 45.6845 		-4.2693 		2.9703
v 45.6901 		-4.2742 		2.9516
v 46.022 		8.9074 		4.8789
v 42.3258 		-7.9972 		2.322
v 45.6916 		-4.2761 		2.9465
v 46.0291 		8.9074 		4.8701
v 46.1962 		-7.7216 		4.8487
v 42.2607 		8.3634 		2.6451
v 42.2255 		-7.9509 		2.322
v 46.1962 		-7.7216 		4.8486
v 46.0357 		8.9074 		4.8606
v 46.1932 		-7.7222 		4.8265
v 46.1905 		-7.722 		4.8095
v 42.2499 		-7.9707 		2.322
v 46.0405 		8.9074 		4.8503
v 43.0162 		5.2458 		4.1016
v 42.3027 		8.4787 		2.6325
v 42.275 		-7.9858 		2.322
v 42.2913 		8.4721 		2.6325
v 42.3004 		-7.9943 		2.322
v 42.2802 		8.4636 		2.6325
v 42.2691 		8.4513 		2.6325
v 45.6633 		-4.2558 		2.9889
v 42.2251 		-7.9537 		2.2922
v 42.2499 		-7.9736 		2.2922
v 42.275 		-7.9887 		2.2922
v 42.3004 		-7.9972 		2.2922
v 45.9757 		8.9481 		4.8442
v 42.1561 		-7.8583 		2.322
v 42.1782 		-7.8942 		2.322
v 42.9012 		5.3148 		4.0909
v 45.6741 		-4.2603 		3.0055
v 42.2014 		-7.9254 		2.322
v 45.6746 		-4.2516 		3.0031
v 46.0132 		8.9074 		4.8866
v 45.6789 		-4.1985 		2.9889
v 42.1557 		-7.8612 		2.2922
v 42.9596 		5.2742 		4.1005
v 42.1779 		-7.8971 		2.2922
v 42.201 		-7.9282 		2.2922
v 46.0696 		-7.2653 		5.1882
v 42.8488 		5.3658 		4.0844
v 46.0604 		-7.3379 		5.1707
v 46.0445 		8.9074 		4.8396
v 46.0762 		-7.2932 		5.1811
v 46.0467 		8.9074 		4.8277
v 47.582 		7.3104 		6.7544
v 47.582 		7.3236 		6.754
v 46.0477 		8.9074 		4.8155
v 43.2716 		5.2222 		4.0991
v 43.0551 		5.2337 		4.0965
v 46.0787 		-7.4475 		5.139
v 45.6406 		-4.2458 		2.9599
v 47.5859 		7.3104 		6.751
v 43.0611 		5.2326 		4.0967
v 43.0667 		5.2317 		4.097
v 45.6513 		-4.2506 		2.9733
v 46.0477 		8.9074 		4.8029
v 47.5902 		7.3104 		6.7471
v 43.0648 		5.232 		4.0969
v 46.1116 		-7.4475 		5.1348
v 43.0753 		5.2306 		4.0972
v 43.0766 		5.2304 		4.0972
v 43.0718 		5.2311 		4.0971
v 47.5817 		7.3378 		6.7532
v 47.5859 		7.3368 		6.7502
v 43.0702 		5.2313 		4.097
v 46.0588 		-7.5476 		5.1062
v 47.5817 		7.351 		6.7525
v 43.1017 		5.2279 		4.0978
v 46.0888 		-7.5476 		5.1024
v 43.0229 		5.2412 		4.0948
v 42.2587 		8.4381 		2.6325
v 47.5814 		7.3642 		6.751
v 43.0329 		5.2387 		4.0953
v 45.6593 		-4.2541 		2.9838
v 43.0248 		5.2407 		4.0949
v 46.1171 		-7.5476 		5.0966
v 45.681 		-4.1688 		2.9819
v 42.2486 		8.4211 		2.6325
v 43.0353 		5.2381 		4.0955
v 45.9812 		8.9481 		4.8377
v 47.581 		7.3765 		6.749
v 43.0412 		5.2367 		4.0958
v 45.6593 		-4.1221 		2.9419
v 43.0488 		5.2349 		4.0962
v 45.9858 		8.9481 		4.8304
v 43.0442 		5.236 		4.096
v 42.3258 		-7.9972 		1.4985
v 42.2388 		8.4022 		2.6325
v 42.3258 		-7.9887 		1.4687
v 45.9897 		8.9481 		4.8228
v 43.0517 		5.2343 		4.0963
v 42.3258 		-7.9736 		1.4393
v 42.2297 		8.3814 		2.6325
v 42.9796 		5.2583 		4.0908
v 45.9927 		8.9481 		4.8144
v 42.9971 		5.25 		4.0928
v 42.3258 		-7.9537 		1.4102
v 42.9922 		5.2523 		4.0922
v 42.2212 		8.3587 		2.6325
v 43.0091 		5.2458 		4.0959
v 45.9943 		8.9481 		4.8056
v 42.3258 		-7.9282 		1.382
v 43.0065 		5.2458 		4.0937
v 45.9829 		-7.3379 		5.1662
v 43.0114 		5.2444 		4.094
v 46.0223 		-7.3379 		5.17
v 43.0119 		5.2443 		4.0941
v 45.9953 		8.9481 		4.7964
v 42.2499 		-7.9736 		1.5283
v 42.275 		-7.9887 		1.5283
v 45.6835 		-4.1286 		2.9736
v 42.3004 		-7.9972 		1.5283
v 42.2369 		8.4768 		2.618
v 45.6888 		-4.0428 		2.9558
v 42.2499 		-7.9707 		1.4985
v 42.275 		-7.9858 		1.4985
v 45.6808 		-4.0286 		2.9419
v 42.2258 		8.4551 		2.618
v 46.0089 		-7.4475 		5.1394
v 42.3004 		-7.9943 		1.4985
v 42.9504 		5.2742 		4.0905
v 42.2506 		-7.9622 		1.4687
v 42.2753 		-7.9773 		1.4687
v 46.0445 		-7.4475 		5.1406
v 42.3007 		-7.9858 		1.4687
v 45.9946 		-7.5476 		5.1066
v 42.9666 		5.2647 		4.0894
v 46.0272 		-7.5476 		5.1077
v 45.6916 		-3.9911 		2.9465
v 45.6933 		-3.9638 		2.9419
v 42.2251 		-7.9537 		1.5283
v 42.8374 		5.3658 		4.0672
v 42.2255 		-7.9509 		1.4985
v 47.5859 		7.3491 		6.749
v 45.9953 		8.9481 		4.7869
v 42.2264 		-7.9424 		1.4687
v 45.994 		8.9481 		4.7769
v 47.5856 		7.3623 		6.7475
v 46.0461 		8.9074 		4.7899
v 42.2991 		8.5429 		2.618
v 42.1557 		-7.8612 		1.5283
v 45.9017 		-7.3379 		5.1509
v 42.2861 		8.5353 		2.618
v 42.1779 		-7.8971 		1.5283
v 42.201 		-7.9282 		1.5283
v 42.2734 		8.5249 		2.618
v 42.1561 		-7.8583 		1.4985
v 45.9425 		-7.3379 		5.1597
v 47.5635 		7.3104 		6.7636
v 45.6955 		-3.9242 		2.9359
v 42.1782 		-7.8942 		1.4985
v 47.5631 		7.3255 		6.7636
v 42.2014 		-7.9254 		1.4985
v 42.1577 		-7.8508 		1.4687
v 42.1799 		-7.8867 		1.4687
v 45.935 		8.9481 		4.8663
v 47.568 		7.3104 		6.762
v 42.2027 		-7.9178 		1.4687
v 45.8969 		-7.4475 		5.1218
v 47.568 		7.3246 		6.7617
v 45.935 		-7.4475 		5.1303
v 47.5729 		7.3246 		6.7597
v 45.9444 		8.9481 		4.8633
v 45.9725 		-7.4475 		5.136
v 45.9536 		8.9481 		4.8594
v 45.8916 		-7.5476 		5.0905
v 45.9617 		8.9481 		4.8552
v 47.5729 		7.3104 		6.7597
v 45.9265 		-7.5476 		5.0982
v 45.6343 		-4.2441 		2.9525
v 42.2763 		-7.9622 		1.4393
v 45.961 		-7.5476 		5.1035
v 42.3011 		-7.9707 		1.4393
v 45.9692 		8.9481 		4.8499
v 45.6352 		-4.2109 		2.9419
v 47.5775 		7.3104 		6.7574
v 42.2958 		8.6043 		2.6012
v 47.5775 		7.3246 		6.7571
v 42.2812 		8.5958 		2.6012
v 45.6298 		-4.2428 		2.947
v 42.2281 		-7.9292 		1.4393
v 45.6255 		-4.2416 		2.9419
v 42.2665 		8.5835 		2.6012
v 42.2519 		-7.949 		1.4393
v 46.0617 		-7.7214 		5.0264
v 42.23 		-7.9103 		1.4102
v 46.0832 		-7.7214 		5.0199
v 46.1031 		-7.7214 		5.0115
v 42.2535 		-7.9292 		1.4102
v 42.2607 		8.5117 		2.618
v 46.1214 		-7.7214 		5.0015
v 42.2773 		-7.9424 		1.4102
v 42.2486 		8.4957 		2.618
v 42.3014 		-7.9509 		1.4102
v 45.891 		8.9481 		4.8697
v 46.138 		-7.7214 		4.9901
v 45.9027 		8.9481 		4.8701
v 42.233 		-7.8857 		1.382
v 42.2525 		8.5684 		2.6012
v 42.2388 		8.5504 		2.6012
v 45.7121 		-4.3 		2.8915
v 42.2554 		-7.9037 		1.382
v 47.5631 		7.3397 		6.7628
v 42.8901 		5.3148 		4.0759
v 42.2258 		8.5287 		2.6012
v 42.8911 		5.3148 		4.0775
v 47.5631 		7.3538 		6.7617
v 42.2786 		-7.9178 		1.382
v 42.895 		5.3112 		4.0769
v 42.93 		5.2861 		4.0836
v 42.3024 		-7.9254 		1.382
v 47.5628 		7.368 		6.7601
v 42.9015 		5.3065 		4.0782
v 45.7211 		-4.3099 		2.8719
v 42.9473 		5.2742 		4.0868
v 45.7255 		-4.3148 		2.8623
v 45.7362 		-4.3301 		2.8388
v 45.9894 		-7.7214 		5.0351
v 42.9571 		5.2693 		4.0882
v 47.5625 		7.3822 		6.7582
v 42.9616 		5.2671 		4.0887
v 46.0145 		-7.7214 		5.034
v 42.2926 		8.6609 		2.5825
v 42.2763 		8.6524 		2.5825
v 47.568 		7.3397 		6.7613
v 42.8346 		5.3658 		4.0622
v 46.0386 		-7.7214 		5.0309
v 42.8504 		5.3509 		4.0662
v 47.568 		7.3538 		6.7601
v 47.5677 		7.368 		6.7582
v 42.2897 		8.7148 		2.5623
v 42.8149 		5.3884 		4.0561
v 45.9138 		8.9481 		4.8697
v 42.1395 		-7.7988 		1.4393
v 42.2721 		8.7053 		2.5623
v 42.1603 		-7.8385 		1.4393
v 47.5674 		7.3812 		6.7563
v 45.9907 		-7.7941 		4.995
v 45.9249 		8.9481 		4.8682
v 47.5722 		7.3671 		6.7563
v 46.0116 		-7.7941 		4.9924
v 42.1821 		-7.8734 		1.4393
v 47.5729 		7.3387 		6.759
v 45.6512 		-3.9767 		2.8976
v 46.0318 		-7.7941 		4.9885
v 42.2046 		-7.9037 		1.4393
v 47.5726 		7.3529 		6.7578
v 42.2603 		8.6392 		2.5825
v 45.6688 		-3.8851 		2.8976
v 42.2447 		8.6222 		2.5825
v 47.5719 		7.3803 		6.7544
v 47.5775 		7.3387 		6.7563
v 42.2297 		8.6024 		2.5825
v 47.5771 		7.3519 		6.7552
v 45.6966 		-3.9022 		2.9331
v 42.1437 		-7.7818 		1.4102
v 47.5771 		7.3652 		6.7536
v 46.0676 		-7.7941 		4.9756
v 42.1639 		-7.8215 		1.4102
v 42.2545 		8.6902 		2.5623
v 47.5768 		7.3784 		6.7517
v 42.1851 		-7.8555 		1.4102
v 46.0836 		-7.7941 		4.9668
v 42.2375 		8.6723 		2.5623
v 42.2072 		-7.8857 		1.4102
v 42.1489 		-7.7611 		1.382
v 42.2212 		8.6506 		2.5623
v 46.0979 		-7.7941 		4.9568
v 42.1685 		-7.7998 		1.382
v 45.7011 		-3.8102 		2.9212
v 45.6841 		-3.7897 		2.8976
v 46.1106 		-7.7941 		4.9454
v 42.1893 		-7.8328 		1.382
v 47.5615 		7.4086 		6.7529
v 42.857 		5.2222 		2.7771
v 42.8051 		5.2279 		2.7784
v 47.5621 		7.3954 		6.7555
v 42.8268 		5.2255 		2.7779
v 45.7037 		-3.7421 		2.914
v 45.7054 		-3.6998 		2.9095
v 47.5612 		7.4209 		6.7494
v 45.6965 		-3.6914 		2.8976
v 47.567 		7.3944 		6.754
v 47.5664 		7.4077 		6.751
v 47.5716 		7.3935 		6.7521
v 42.2196 		8.2444 		2.6451
v 46.1217 		-7.7941 		4.9324
v 42.6474 		4.4261 		4.1998
v 42.6432 		4.4251 		4.1998
v 46.1308 		-7.7941 		4.9186
v 42.2105 		-7.8621 		1.382
v 42.6513 		4.427 		4.1998
v 42.6393 		4.4232 		4.1998
v 47.5661 		7.4199 		6.7479
v 46.138 		-7.7941 		4.9037
v 45.9324 		8.9764 		4.8044
v 47.5713 		7.4058 		6.749
v 42.2134 		8.3342 		2.6325
v 45.9353 		8.9764 		4.7995
v 42.2062 		8.3077 		2.6325
v 46.0669 		-7.8564 		4.9125
v 47.5765 		7.3916 		6.7494
v 42.6432 		4.5734 		4.1925
v 42.6513 		4.5743 		4.1925
v 46.0761 		-7.8564 		4.9018
v 45.9379 		8.9764 		4.7945
v 42.1997 		8.2794 		2.6325
v 46.0839 		-7.8564 		4.89
v 42.1939 		8.2501 		2.6325
v 42.188 		8.3455 		2.618
v 42.3258 		-7.8971 		1.3549
v 42.1805 		8.3134 		2.618
v 42.304 		-7.8583 		1.3289
v 47.6029 		7.3104 		6.7288
v 47.6003 		7.3104 		6.7338
v 47.6029 		7.3198 		6.7284
v 42.3258 		-7.8612 		1.3289
v 47.6055 		7.3104 		6.7235
v 42.6513 		4.7198 		4.1811
v 42.6393 		4.7179 		4.1811
v 45.6492 		-3.7481 		2.8571
v 42.3053 		-7.8177 		1.3037
v 45.661 		-3.6574 		2.8571
v 42.3258 		-7.8196 		1.3037
v 47.6003 		7.3208 		6.7338
v 47.6029 		7.3293 		6.728
v 46.0503 		-7.7941 		4.9828
v 47.6052 		7.3189 		6.7235
v 42.3063 		-7.7714 		1.2804
v 47.6052 		7.3274 		6.7231
v 42.3258 		-7.7733 		1.2804
v 42.2154 		8.4305 		2.618
v 45.9835 		-7.8564 		4.9523
v 42.2056 		8.4041 		2.618
v 45.7084 		-3.6022 		2.9016
v 42.6513 		4.8624 		4.1646
v 45.7087 		-3.5921 		2.9008
v 46.0005 		-7.8564 		4.9488
v 42.3079 		-7.7214 		1.2582
v 45.7063 		-3.5904 		2.8976
v 42.3258 		-7.7233 		1.2582
v 42.1965 		8.3757 		2.618
v 42.6513 		5.0012 		4.144
v 45.8943 		8.9764 		4.8251
v 46.0161 		-7.8564 		4.9442
v 42.6513 		5.1363 		4.1188
v 45.9011 		8.9764 		4.8235
v 46.0308 		-7.8564 		4.9381
v 47.6029 		7.3387 		6.7273
v 45.7098 		-3.5389 		2.8976
v 45.9076 		8.9764 		4.8216
v 42.6513 		5.2647 		4.0894
v 47.6026 		7.3482 		6.7265
v 45.9138 		8.9764 		4.8189
v 45.6698 		-3.5649 		2.8571
v 42.3092 		-7.6666 		1.238
v 42.3258 		-7.6685 		1.238
v 42.2014 		8.4777 		2.6012
v 42.6357 		4.4194 		4.1998
v 42.6318 		4.4157 		4.1998
v 45.7109 		-3.4863 		2.8949
v 42.1903 		8.4484 		2.6012
v 45.6763 		-3.4704 		2.8571
v 42.3108 		-7.609 		1.2193
v 46.0441 		-7.8564 		4.9309
v 42.6282 		4.4109 		4.1998
v 42.3258 		-7.6109 		1.2193
v 42.1802 		8.4163 		2.6012
v 42.6246 		4.4053 		4.1998
v 47.6022 		7.3661 		6.7235
v 42.6213 		4.3987 		4.1998
v 42.3125 		-7.5476 		1.2024
v 46.0562 		-7.8564 		4.9221
v 47.6022 		7.3567 		6.725
v 42.6181 		4.3911 		4.1998
v 42.3258 		-7.5486 		1.2024
v 45.711 		-3.4791 		2.8946
v 45.7121 		-3.3823 		2.8916
v 45.6802 		-3.3751 		2.8571
v 45.9809 		-7.9074 		4.9041
v 42.3141 		-7.4834 		1.1879
v 42.3258 		-7.4843 		1.1879
v 45.9927 		-7.9074 		4.8992
v 46.0034 		-7.9074 		4.8934
v 45.919 		8.9764 		4.8163
v 42.3063 		-7.4126 		1.1753
v 45.7121 		-3.3736 		2.8915
v 42.316 		-7.4163 		1.1753
v 42.6152 		4.3836 		4.1998
v 47.6074 		7.3104 		6.7181
v 42.3258 		-7.4173 		1.1753
v 42.6126 		4.3751 		4.1998
v 47.6074 		7.3179 		6.7177
v 47.6074 		7.3255 		6.7173
v 42.2362 		-7.8555 		1.3549
v 46.0643 		-7.6392 		5.068
v 47.6091 		7.317 		6.7124
v 42.2581 		-7.8734 		1.3549
v 47.6091 		7.3236 		6.712
v 46.0901 		-7.6392 		5.0626
v 42.2805 		-7.8867 		1.3549
v 47.6091 		7.3302 		6.7116
v 46.1145 		-7.6392 		5.055
v 42.303 		-7.8942 		1.3549
v 47.6104 		7.3161 		6.7066
v 46.1367 		-7.6392 		5.0458
v 42.2401 		-7.8215 		1.3289
v 47.6104 		7.3217 		6.7063
v 47.6104 		7.3274 		6.7059
v 42.261 		-7.8385 		1.3289
v 42.6354 		4.5706 		4.1925
v 45.9242 		8.9764 		4.8125
v 42.6275 		4.5658 		4.1925
v 45.9285 		8.9764 		4.8086
v 42.2825 		-7.8508 		1.3289
v 45.5819 		-4.229 		2.8976
v 45.5842 		-4.2297 		2.8999
v 45.5872 		-4.2306 		2.9028
v 47.6113 		7.3151 		6.7005
v 47.6113 		7.3198 		6.7005
v 45.5844 		-4.2222 		2.8976
v 42.6197 		4.5592 		4.1925
v 42.6122 		4.5517 		4.1925
v 47.611 		7.3236 		6.7002
v 45.9793 		-7.6392 		5.0714
v 42.6051 		4.5422 		4.1925
v 42.5982 		4.5309 		4.1925
v 47.611 		7.3283 		6.6998
v 46.0089 		-7.6392 		5.0722
v 42.174 		8.2794 		2.618
v 45.6088 		-4.2368 		2.9249
v 46.0373 		-7.6392 		5.071
v 45.6088 		-4.1457 		2.8976
v 42.1685 		8.2444 		2.618
v 42.1707 		8.3814 		2.6012
v 42.2248 		-7.7611 		1.3037
v 47.6019 		7.3746 		6.7215
v 42.1626 		8.3455 		2.6012
v 42.2444 		-7.7818 		1.3037
v 42.2642 		-7.7988 		1.3037
v 45.6313 		-4.0636 		2.8976
v 42.1551 		8.3077 		2.6012
v 45.8799 		-7.7214 		5.0214
v 47.6016 		7.3822 		6.7193
v 47.6012 		7.3897 		6.717
v 42.2844 		-7.8102 		1.3037
v 45.5577 		-4.2259 		2.879
v 45.5695 		-4.2271 		2.888
v 47.6052 		7.3359 		6.7223
v 42.1489 		8.2681 		2.6012
v 45.5781 		-4.2279 		2.8946
v 45.9083 		-7.7214 		5.0275
v 45.5577 		-4.1457 		2.8571
v 47.6052 		7.3444 		6.7212
v 45.936 		-7.7214 		5.0317
v 42.5793 		4.4874 		4.1925
v 47.6045 		7.368 		6.717
v 45.963 		-7.7214 		5.0344
v 42.2493 		-7.7384 		1.2804
v 42.2678 		-7.7535 		1.2804
v 45.8982 		-7.7941 		4.9893
v 47.6048 		7.3529 		6.72
v 45.9223 		-7.7941 		4.9931
v 45.5802 		-4.0749 		2.8571
v 42.2871 		-7.7648 		1.2804
v 47.6045 		7.3604 		6.7185
v 47.6071 		7.3331 		6.717
v 45.9457 		-7.7941 		4.9954
v 45.6007 		-3.9993 		2.8571
v 47.6071 		7.3406 		6.7162
v 45.9689 		-7.7941 		4.9962
v 42.1649 		8.4541 		2.5825
v 45.6193 		-3.9191 		2.8571
v 42.5738 		4.4704 		4.1925
v 47.6068 		7.3548 		6.7139
v 47.6068 		7.3482 		6.715
v 42.1548 		8.4163 		2.5825
v 42.5689 		4.4525 		4.1925
v 42.1453 		8.3757 		2.5825
v 42.5643 		4.4327 		4.1925
v 42.1551 		-7.7365 		1.3549
v 42.5604 		4.4128 		4.1925
v 42.1372 		8.3342 		2.5825
v 42.174 		-7.7733 		1.3549
v 45.9083 		-7.8564 		4.953
v 45.8539 		8.9481 		4.864
v 42.5572 		4.3921 		4.1925
v 45.9281 		-7.8564 		4.9549
v 42.5546 		4.3703 		4.1925
v 45.8666 		8.9481 		4.8667
v 42.1395 		8.4484 		2.5623
v 45.8789 		8.9481 		4.8686
v 45.9474 		-7.8564 		4.9553
v 45.5329 		-4.2236 		2.8606
v 45.5371 		-4.224 		2.8635
v 45.5332 		-4.2109 		2.8571
v 45.9659 		-7.8564 		4.9545
v 47.6042 		7.3756 		6.715
v 45.5279 		-4.2231 		2.8571
v 47.6039 		7.3822 		6.7128
v 42.1939 		-7.8054 		1.3549
v 45.4951 		-4.2222 		2.8381
v 42.2147 		-7.8328 		1.3549
v 42.5914 		4.5177 		4.1925
v 42.2134 		8.5051 		2.6012
v 45.5072 		-4.2222 		2.8451
v 45.5192 		-4.2222 		2.852
v 47.6035 		7.3888 		6.7105
v 42.5852 		4.5035 		4.1925
v 42.1805 		-7.7422 		1.3289
v 47.6065 		7.3614 		6.7124
v 45.8936 		-7.9074 		4.9114
v 47.6087 		7.3368 		6.7108
v 42.1997 		-7.7733 		1.3289
v 42.2154 		8.5788 		2.5825
v 42.2196 		-7.7998 		1.3289
v 45.9099 		-7.9074 		4.9129
v 42.2014 		8.5514 		2.5825
v 45.8555 		8.9764 		4.8239
v 42.2062 		-7.7365 		1.3037
v 45.9252 		-7.9074 		4.9133
v 47.6087 		7.3434 		6.7097
v 42.1883 		8.5221 		2.5825
v 45.5684 		-3.9313 		2.8201
v 45.8636 		8.9764 		4.8251
v 45.9402 		-7.9074 		4.9125
v 45.585 		-3.8586 		2.8201
v 42.6275 		4.7141 		4.1811
v 45.8718 		8.9764 		4.8258
v 42.6158 		4.7075 		4.1811
v 45.9545 		-7.9074 		4.911
v 42.6044 		4.6981 		4.1811
v 45.8796 		8.9764 		4.8262
v 42.2056 		8.6251 		2.5623
v 45.9682 		-7.9074 		4.9079
v 42.1903 		8.5958 		2.5623
v 45.8871 		8.9764 		4.8258
v 45.4824 		-4.2222 		2.8315
v 45.4837 		-4.1769 		2.8201
v 42.231 		-7.7195 		1.2804
v 47.6061 		7.3746 		6.7086
v 45.5072 		-4.1221 		2.8201
v 47.6061 		7.368 		6.7105
v 42.6044 		4.8463 		4.1646
v 47.6058 		7.3803 		6.7066
v 45.5293 		-4.0636 		2.8201
v 42.1372 		-7.6959 		1.3549
v 45.5495 		-3.9993 		2.8201
v 42.1453 		-7.6676 		1.3289
v 42.1626 		-7.7072 		1.3289
v 42.1763 		8.4891 		2.5825
v 42.1763 		8.5637 		2.5623
v 45.4795 		-4.0286 		2.7869
v 42.593 		4.6858 		4.1811
v 42.1629 		8.5278 		2.5623
v 47.6084 		7.3548 		6.7074
v 45.8737 		-7.7941 		4.984
v 45.4994 		-3.9767 		2.7869
v 42.188 		-7.7072 		1.3037
v 42.1505 		8.4891 		2.5623
v 47.6081 		7.3604 		6.7059
v 45.8675 		-7.8564 		4.945
v 45.5173 		-3.9191 		2.7869
v 42.1802 		-7.6364 		1.2804
v 45.8881 		-7.8564 		4.9496
v 45.8607 		-7.9074 		4.9049
v 45.5339 		-3.8586 		2.7869
v 42.1965 		-7.6676 		1.2804
v 45.8773 		-7.9074 		4.9087
v 42.2134 		-7.6959 		1.2804
v 47.6055 		7.385 		6.7044
v 47.6048 		7.3897 		6.7021
v 45.847 		8.9764 		4.822
v 42.1395 		-7.5958 		1.3037
v 42.231 		8.7195 		2.5401
v 45.8861 		-7.6392 		5.0569
v 42.1548 		-7.6364 		1.3037
v 45.6355 		-3.835 		2.8571
v 45.9177 		-7.6392 		5.0638
v 42.2134 		8.6959 		2.5401
v 42.1707 		-7.6742 		1.3037
v 47.6084 		7.3491 		6.7086
v 42.1965 		8.6676 		2.5401
v 45.9487 		-7.6392 		5.0688
v 47.61 		7.3434 		6.7036
v 47.61 		7.3378 		6.7044
v 42.1802 		8.6364 		2.5401
v 45.5997 		-3.7821 		2.8201
v 45.9399 		8.9764 		4.7888
v 42.1375 		-7.5221 		1.2804
v 45.6124 		-3.7037 		2.8201
v 42.1505 		-7.5637 		1.2804
v 45.9412 		8.9764 		4.783
v 45.6225 		-3.6216 		2.8201
v 47.61 		7.3331 		6.7051
v 42.188 		8.7072 		2.5168
v 42.1649 		-7.6014 		1.2804
v 45.9415 		8.9764 		4.7769
v 45.5619 		-3.7264 		2.7869
v 46.0901 		-7.8564 		4.8774
v 45.9415 		8.9764 		4.7704
v 45.9408 		8.9764 		4.7639
v 45.573 		-3.6565 		2.7869
v 46.0946 		-7.8564 		4.864
v 46.0979 		-7.8564 		4.8495
v 42.1649 		8.6014 		2.5401
v 46.0992 		-7.8564 		4.8346
v 42.1505 		8.5637 		2.5401
v 42.1375 		8.5221 		2.5401
v 46.0989 		-7.8564 		4.8189
v 42.2721 		-7.7053 		1.2582
v 45.631 		-3.5375 		2.8201
v 42.1707 		8.6742 		2.5168
v 46.0969 		-7.8564 		4.8025
v 45.6369 		-3.4525 		2.8201
v 42.2897 		-7.7148 		1.2582
v 45.5821 		-3.5838 		2.7869
v 47.6078 		7.3661 		6.7044
v 42.1548 		8.6364 		2.5168
v 47.6097 		7.3482 		6.7024
v 42.5822 		4.6716 		4.1811
v 42.5718 		4.6546 		4.1811
v 42.2763 		-7.6524 		1.238
v 42.562 		4.6357 		4.1811
v 42.1395 		8.5958 		2.5168
v 42.2926 		-7.6609 		1.238
v 42.5891 		4.8331 		4.1646
v 42.5744 		4.818 		4.1646
v 42.5601 		4.7982 		4.1646
v 45.5896 		-3.5092 		2.7869
v 42.1626 		8.7072 		2.4916
v 46.022 		-7.9074 		4.8789
v 42.1453 		8.6676 		2.4916
v 45.5948 		-3.4327 		2.7869
v 42.1372 		8.6959 		2.4656
v 45.8705 		8.9943 		4.7792
v 45.8734 		8.9943 		4.7781
v 45.876 		8.9943 		4.7765
v 45.8786 		8.9943 		4.775
v 42.2212 		-7.6506 		1.2582
v 45.8809 		8.9943 		4.7727
v 47.6074 		7.3708 		6.7024
v 45.8825 		8.9943 		4.7708
v 47.6094 		7.3567 		6.6998
v 42.2375 		-7.6723 		1.2582
v 45.8842 		8.9943 		4.7681
v 42.2871 		8.7648 		2.5401
v 47.6091 		7.3614 		6.6982
v 42.2545 		-7.6902 		1.2582
v 42.5438 		4.5904 		4.1811
v 42.2678 		8.7535 		2.5401
v 45.5489 		-3.7944 		2.7869
v 47.6071 		7.3793 		6.6982
v 42.2297 		-7.6024 		1.238
v 42.2493 		8.7384 		2.5401
v 42.5357 		4.5649 		4.1811
v 47.6071 		7.3756 		6.7005
v 45.4834 		-3.835 		2.7574
v 42.2844 		8.8102 		2.5168
v 42.2447 		-7.6222 		1.238
v 42.5282 		4.5375 		4.1811
v 45.4977 		-3.7821 		2.7574
v 42.2642 		8.7988 		2.5168
v 42.2603 		-7.6392 		1.238
v 42.5216 		4.5092 		4.1811
v 42.2444 		8.7818 		2.5168
v 45.5108 		-3.7264 		2.7574
v 42.5158 		4.4789 		4.1811
v 45.5222 		-3.6678 		2.7574
v 42.2248 		8.7611 		2.5168
v 47.6094 		7.3529 		6.7013
v 45.8522 		8.9943 		4.7815
v 45.8561 		8.9943 		4.7815
v 45.86 		8.9943 		4.7815
v 45.8636 		8.9943 		4.7811
v 42.2665 		-7.5835 		1.2193
v 45.8672 		8.9943 		4.7804
v 42.2812 		-7.5958 		1.2193
v 47.611 		7.3331 		6.699
v 47.611 		7.3368 		6.6982
v 42.2958 		-7.6043 		1.2193
v 45.5316 		-3.6064 		2.7574
v 42.2825 		8.8508 		2.4916
v 42.2734 		-7.5249 		1.2024
v 45.5398 		-3.5432 		2.7574
v 42.261 		8.8385 		2.4916
v 42.2861 		-7.5353 		1.2024
v 45.5459 		-3.4789 		2.7574
v 42.5109 		4.4478 		4.1811
v 42.5067 		4.4147 		4.1811
v 42.2991 		-7.5429 		1.2024
v 42.2401 		8.8215 		2.4916
v 45.5505 		-3.4128 		2.7574
v 42.5034 		4.3817 		4.1811
v 42.303 		8.8942 		2.4656
v 42.2805 		8.8867 		2.4656
v 46.0291 		-7.9074 		4.8701
v 42.4796 		4.5838 		4.1646
v 42.3027 		-7.4787 		1.1879
v 42.2581 		8.8734 		2.4656
v 45.8855 		8.9943 		4.7659
v 42.2258 		-7.5287 		1.2193
v 45.8864 		8.9943 		4.7628
v 46.0357 		-7.9074 		4.8606
v 42.4721 		4.5432 		4.1646
v 45.8871 		8.9943 		4.7601
v 42.2388 		-7.5504 		1.2193
v 45.8874 		8.9943 		4.7571
v 42.2362 		8.8555 		2.4656
v 46.0405 		-7.9074 		4.8503
v 42.2525 		-7.5684 		1.2193
v 47.5898 		7.3227 		6.7468
v 47.5938 		7.3227 		6.7429
v 42.2486 		-7.4957 		1.2024
v 42.2607 		-7.5117 		1.2024
v 47.597 		7.3217 		6.7383
v 45.4808 		-3.6064 		2.7322
v 42.2062 		8.7365 		2.5168
v 45.4889 		-3.5554 		2.7322
v 46.0132 		-7.9074 		4.8866
v 42.5526 		4.614 		4.1811
v 42.2196 		8.7998 		2.4916
v 45.4958 		-3.5016 		2.7322
v 42.1997 		8.7733 		2.4916
v 42.5461 		4.7764 		4.1646
v 42.2691 		-7.4513 		1.1879
v 45.501 		-3.4478 		2.7322
v 47.5807 		7.3888 		6.7468
v 42.2802 		-7.4636 		1.1879
v 42.533 		4.7509 		4.1646
v 45.8874 		8.9943 		4.7536
v 42.1805 		8.7422 		2.4916
v 45.5049 		-3.3921 		2.7322
v 45.8868 		8.9943 		4.7506
v 42.2913 		-7.4721 		1.1879
v 42.5207 		4.7226 		4.1646
v 47.5853 		7.3746 		6.7456
v 47.585 		7.3859 		6.7437
v 42.2147 		8.8328 		2.4656
v 42.2691 		-7.3776 		1.1753
v 42.1939 		8.8054 		2.4656
v 42.2783 		-7.3899 		1.1753
v 42.174 		8.7733 		2.4656
v 47.5898 		7.3359 		6.7464
v 42.1551 		8.7365 		2.4656
v 47.5898 		7.3482 		6.7452
v 42.2874 		-7.3993 		1.1753
v 47.5895 		7.3595 		6.7441
v 42.2968 		-7.4069 		1.1753
v 47.5892 		7.3718 		6.7422
v 47.5889 		7.3831 		6.7403
v 45.4601 		-4.2222 		2.8201
v 42.5089 		4.6914 		4.1646
v 45.3935 		-4.2222 		2.7962
v 47.5934 		7.334 		6.7422
v 45.4096 		-4.2222 		2.8014
v 45.4243 		-4.2222 		2.8063
v 42.3024 		8.9254 		2.4385
v 42.4982 		4.6574 		4.1646
v 47.597 		7.3331 		6.738
v 45.413 		-4.158 		2.7869
v 42.2786 		8.9178 		2.4385
v 45.458 		-4.2222 		2.8192
v 45.4365 		-4.1202 		2.7869
v 42.4884 		4.6216 		4.1646
v 42.2554 		8.9037 		2.4385
v 45.4586 		-4.2222 		2.8195
v 47.5934 		7.3463 		6.7414
v 42.233 		8.8857 		2.4385
v 42.2258 		-7.4551 		1.2024
v 45.8398 		8.9943 		4.7796
v 42.2369 		-7.4768 		1.2024
v 45.8441 		8.9943 		4.7804
v 45.8483 		8.9943 		4.7811
v 42.4894 		4.8284 		4.144
v 42.3014 		8.9509 		2.4102
v 42.2773 		8.9424 		2.4102
v 42.4751 		4.7897 		4.144
v 47.5931 		7.3689 		6.7383
v 47.5931 		7.3576 		6.7399
v 42.2535 		8.9292 		2.4102
v 42.2212 		-7.3587 		1.1879
v 45.4586 		-4.0768 		2.7869
v 42.23 		8.9103 		2.4102
v 42.2297 		-7.3814 		1.1879
v 45.3928 		-4.0428 		2.7574
v 45.413 		-4.0097 		2.7574
v 42.2388 		-7.4022 		1.1879
v 47.5928 		7.3793 		6.7364
v 42.2486 		-7.4211 		1.1879
v 47.5925 		7.3897 		6.7341
v 45.4322 		-3.9719 		2.7574
v 42.6357 		4.8605 		4.1646
v 45.9757 		-7.9481 		4.8442
v 42.6197 		4.8548 		4.1646
v 42.2587 		-7.4381 		1.1879
v 47.597 		7.3434 		6.7368
v 45.4505 		-3.9304 		2.7574
v 42.6318 		4.9993 		4.144
v 42.6122 		4.9927 		4.144
v 45.4677 		-3.8851 		2.7574
v 42.2763 		8.9622 		2.3812
v 42.593 		4.9814 		4.144
v 42.2519 		8.949 		2.3812
v 47.5967 		7.3548 		6.7357
v 46.0445 		-7.9074 		4.8396
v 42.2281 		8.9292 		2.3812
v 47.5964 		7.3652 		6.7341
v 42.5744 		4.9663 		4.144
v 46.0467 		-7.9074 		4.8277
v 47.5999 		7.3416 		6.7322
v 42.2506 		8.9622 		2.3518
v 47.5999 		7.351 		6.7311
v 42.5559 		4.9464 		4.144
v 42.2264 		8.9424 		2.3518
v 46.0477 		-7.9074 		4.8155
v 46.0477 		-7.9074 		4.8029
v 42.3011 		8.9707 		2.3812
v 42.3007 		8.9858 		2.3518
v 42.2607 		-7.3634 		1.1753
v 42.2753 		8.9773 		2.3518
v 47.596 		7.3756 		6.7322
v 47.599 		7.3803 		6.7261
v 47.5957 		7.385 		6.7299
v 42.5601 		5.0938 		4.1188
v 42.2105 		8.8621 		2.4385
v 47.5993 		7.3708 		6.728
v 42.1893 		8.8328 		2.4385
v 42.6282 		5.1334 		4.1188
v 42.1685 		8.7998 		2.4385
v 42.2248 		-7.2681 		1.1753
v 42.6051 		5.1249 		4.1188
v 42.1489 		8.7611 		2.4385
v 45.9812 		-7.9481 		4.8377
v 42.231 		-7.2907 		1.1753
v 45.9858 		-7.9481 		4.8304
v 42.5822 		5.1117 		4.1188
v 42.2375 		-7.3115 		1.1753
v 42.2072 		8.8857 		2.4102
v 45.9897 		-7.9481 		4.8228
v 42.1851 		8.8555 		2.4102
v 42.2447 		-7.3304 		1.1753
v 47.5999 		7.3312 		6.733
v 42.1639 		8.8215 		2.4102
v 45.3632 		-4.2222 		2.7882
v 45.3644 		-4.2222 		2.7885
v 45.3638 		-4.2166 		2.7869
v 42.2525 		-7.3483 		1.1753
v 45.3571 		-4.2222 		2.7869
v 42.1437 		8.7818 		2.4102
v 42.5383 		4.9228 		4.144
v 45.3862 		-4.2222 		2.7943
v 47.5996 		7.3614 		6.7296
v 45.3889 		-4.1901 		2.7869
v 42.521 		4.8945 		4.144
v 47.5986 		7.3888 		6.7235
v 45.31 		-4.2222 		2.7797
v 42.5047 		4.8633 		4.144
v 42.5383 		5.0702 		4.1188
v 45.3152 		-4.2222 		2.7804
v 45.3367 		-4.2222 		2.7831
v 45.3276 		-4.1117 		2.7574
v 45.9927 		-7.9481 		4.8144
v 42.5171 		5.0428 		4.1188
v 45.3394 		-4.2222 		2.7836
v 45.3498 		-4.0938 		2.7574
v 42.2046 		8.9037 		2.3812
v 45.9943 		-7.9481 		4.8056
v 42.1821 		8.8734 		2.3812
v 45.9953 		-7.9481 		4.7964
v 42.1903 		-7.5958 		1.2582
v 42.1603 		8.8385 		2.3812
v 42.1395 		8.7988 		2.3812
v 42.2056 		-7.6251 		1.2582
v 42.2027 		8.9178 		2.3518
v 45.3716 		-4.0702 		2.7574
v 42.1799 		8.8867 		2.3518
v 42.1577 		8.8508 		2.3518
v 42.1883 		-7.5221 		1.238
v 42.2014 		-7.5514 		1.238
v 47.6009 		7.3963 		6.7147
v 46.0933 		8.3611 		5.1628
v 46.0907 		8.3516 		5.1656
v 42.2154 		-7.5788 		1.238
v 47.6003 		7.4029 		6.7116
v 46.0987 		8.3808 		5.1564
v 46.0461 		-7.9074 		4.7899
v 42.7553 		8.9972 		2.322
v 42.7308 		8.9943 		2.3319
v 47.6029 		7.3944 		6.7082
v 47.6026 		7.4001 		6.7055
v 45.9953 		-7.9481 		4.7869
v 47.6022 		7.4048 		6.7024
v 42.7679 		8.9989 		2.3042
v 45.994 		-7.9481 		4.7769
v 45.2586 		-4.2222 		2.7771
v 42.3258 		8.9972 		2.322
v 45.2586 		-4.1363 		2.7574
v 42.1505 		-7.4891 		1.2582
v 45.2661 		-4.2222 		2.7773
v 45.2842 		-4.2222 		2.7778
v 45.2817 		-4.1334 		2.7574
v 42.3004 		8.9943 		2.322
v 42.1629 		-7.5278 		1.2582
v 42.275 		8.9858 		2.322
v 42.2499 		8.9707 		2.322
v 45.291 		-4.2222 		2.7783
v 47.6016 		7.4086 		6.6994
v 45.3048 		-4.1249 		2.7574
v 42.1763 		-7.5637 		1.2582
v 42.2255 		8.9509 		2.322
v 46.1168 		8.4475 		5.1338
v 46.1137 		8.4361 		5.138
v 46.1032 		8.3975 		5.1509
v 46.115 		8.4407 		5.1363
v 42.1763 		-7.4891 		1.238
v 42.3004 		8.9972 		2.2922
v 42.275 		8.9887 		2.2922
v 47.6045 		7.3944 		6.6994
v 42.2499 		8.9736 		2.2922
v 42.2251 		8.9537 		2.2922
v 45.3169 		-3.9814 		2.7322
v 45.3355 		-3.9663 		2.7322
v 42.2134 		-7.5051 		1.2193
v 42.2014 		8.9254 		2.322
v 42.4969 		5.0097 		4.1188
v 42.1782 		8.8942 		2.322
v 45.354 		-3.9464 		2.7322
v 46.1263 		8.4777 		5.1208
v 42.1561 		8.8583 		2.322
v 42.1395 		-7.4484 		1.2582
v 42.4777 		4.9719 		4.1188
v 42.201 		8.9282 		2.2922
v 45.3716 		-3.9228 		2.7322
v 46.1294 		8.4878 		5.1164
v 42.1779 		8.8971 		2.2922
v 42.1372 		-7.3342 		1.238
v 42.1557 		8.8612 		2.2922
v 42.1453 		-7.3757 		1.238
v 45.3889 		-3.8945 		2.7322
v 45.4052 		-3.8633 		2.7322
v 42.1548 		-7.4163 		1.238
v 47.5804 		7.4011 		6.7441
v 46.131 		8.4928 		5.1142
v 42.1649 		-7.4541 		1.238
v 46.1368 		8.5114 		5.1049
v 47.5801 		7.4124 		6.741
v 47.5794 		7.4228 		6.7376
v 42.6246 		5.2619 		4.0894
v 42.5982 		5.2534 		4.0894
v 42.5718 		5.2383 		4.0894
v 45.9324 		-7.9764 		4.8044
v 45.9353 		-7.9764 		4.7995
v 42.1802 		-7.4163 		1.2193
v 45.9379 		-7.9764 		4.7945
v 45.4348 		-3.7897 		2.7322
v 42.1903 		-7.4484 		1.2193
v 45.4482 		-3.7481 		2.7322
v 45.4603 		-3.7037 		2.7322
v 42.2014 		-7.4777 		1.2193
v 45.471 		-3.6565 		2.7322
v 42.5461 		5.2166 		4.0894
v 47.5846 		7.3982 		6.741
v 42.521 		5.1901 		4.0894
v 47.5843 		7.4086 		6.738
v 42.3258 		8.9972 		1.4985
v 42.3258 		8.9887 		1.4687
v 42.4969 		5.158 		4.0894
v 47.5837 		7.419 		6.7349
v 47.583 		7.4284 		6.7315
v 42.3258 		8.9736 		1.4393
v 42.4734 		5.1202 		4.0894
v 45.8943 		-7.9764 		4.8251
v 45.4205 		-3.8284 		2.7322
v 47.5827 		7.4379 		6.7277
v 42.1965 		-7.3757 		1.2024
v 42.533 		5.3337 		4.0561
v 42.3258 		8.9537 		1.4102
v 42.5047 		5.3044 		4.0561
v 42.2056 		-7.4041 		1.2024
v 45.401 		-3.6914 		2.7116
v 47.582 		7.4454 		6.7235
v 42.4777 		5.2676 		4.0561
v 42.3258 		8.9282 		1.382
v 45.9011 		-7.9764 		4.8235
v 45.4117 		-3.6574 		2.7116
v 45.9076 		-7.9764 		4.8216
v 45.4215 		-3.6216 		2.7116
v 47.5885 		7.3944 		6.7376
v 45.9138 		-7.9764 		4.8189
v 47.5882 		7.4048 		6.7349
v 42.2251 		8.9537 		1.5283
v 42.2255 		8.9509 		1.4985
v 45.919 		-7.9764 		4.8163
v 47.5876 		7.4143 		6.7319
v 42.2506 		8.9622 		1.4687
v 42.2264 		8.9424 		1.4687
v 45.4378 		-3.5432 		2.7116
v 42.7403 		5.6746 		4.1658
v 45.4446 		-3.5016 		2.7116
v 42.7657 		5.6746 		4.1929
v 45.4498 		-3.4591 		2.7116
v 42.2154 		-7.4305 		1.2024
v 42.3004 		8.9972 		1.5283
v 45.4544 		-3.4147 		2.7116
v 42.275 		8.9887 		1.5283
v 42.75 		5.583 		4.1295
v 42.2499 		8.9736 		1.5283
v 47.5872 		7.4237 		6.7284
v 42.3004 		8.9943 		1.4985
v 42.7712 		5.583 		4.1547
v 42.275 		8.9858 		1.4985
v 45.4573 		-3.3703 		2.7116
v 42.2499 		8.9707 		1.4985
v 47.5866 		7.4322 		6.7246
v 42.7944 		5.583 		4.1791
v 47.5915 		7.4096 		6.7284
v 47.5911 		7.4181 		6.7254
v 42.3007 		8.9858 		1.4687
v 45.9242 		-7.9764 		4.8125
v 42.2753 		8.9773 		1.4687
v 42.1805 		-7.3134 		1.2024
v 45.9285 		-7.9764 		4.8086
v 42.188 		-7.3455 		1.2024
v 42.7856 		5.5008 		4.1203
v 42.1939 		-7.2501 		1.1879
v 45.4303 		-3.5838 		2.7116
v 42.1997 		-7.2794 		1.1879
v 42.201 		8.9282 		1.5283
v 42.1779 		8.8971 		1.5283
v 42.2062 		-7.3077 		1.1879
v 42.1557 		8.8612 		1.5283
v 42.2134 		-7.3342 		1.1879
v 42.2014 		8.9254 		1.4985
v 42.1782 		8.8942 		1.4985
v 42.1561 		8.8583 		1.4985
v 45.3941 		-3.4789 		2.6952
v 42.6624 		5.7747 		4.1146
v 42.2196 		-7.2444 		1.1753
v 42.2027 		8.9178 		1.4687
v 42.6855 		5.7747 		4.1459
v 45.399 		-3.4478 		2.6952
v 42.1799 		8.8867 		1.4687
v 47.5918 		7.4001 		6.7315
v 42.7109 		5.7747 		4.1761
v 45.4032 		-3.4147 		2.6952
v 42.1577 		8.8508 		1.4687
v 45.4065 		-3.3817 		2.6952
v 42.6956 		5.6746 		4.1092
v 45.935 		-7.9481 		4.8663
v 42.1489 		-7.2681 		1.2193
v 42.7168 		5.6746 		4.1379
v 42.1551 		-7.3077 		1.2193
v 45.9444 		-7.9481 		4.8633
v 42.2519 		8.949 		1.4393
v 42.1626 		-7.3455 		1.2193
v 42.2763 		8.9622 		1.4393
v 47.5954 		7.3944 		6.7277
v 42.2281 		8.9292 		1.4393
v 45.9536 		-7.9481 		4.8594
v 42.1707 		-7.3814 		1.2193
v 47.5951 		7.4029 		6.725
v 45.9617 		-7.9481 		4.8552
v 45.3498 		-3.7982 		2.7116
v 45.9692 		-7.9481 		4.8499
v 45.3638 		-3.7764 		2.7116
v 42.6595 		6.0004 		4.1948
v 45.3768 		-3.7509 		2.7116
v 45.3892 		-3.7226 		2.7116
v 42.6565 		5.8843 		4.1532
v 47.5605 		7.4322 		6.746
v 47.5599 		7.4426 		6.7418
v 42.1685 		-7.2444 		1.2024
v 42.6839 		5.8843 		4.186
v 42.3014 		8.9509 		1.4102
v 42.2773 		8.9424 		1.4102
v 42.174 		-7.2794 		1.2024
v 42.2535 		8.9292 		1.4102
v 45.3573 		-3.614 		2.6952
v 42.23 		8.9103 		1.4102
v 45.891 		-7.9481 		4.8697
v 45.9027 		-7.9481 		4.8701
v 45.9138 		-7.9481 		4.8697
v 42.7533 		5.5008 		4.0741
v 42.7683 		5.5008 		4.0974
v 42.3102 		-7.3436 		1.165
v 45.9249 		-7.9481 		4.8682
v 45.3208 		-3.8331 		2.7116
v 42.318 		-7.3464 		1.165
v 45.3355 		-3.818 		2.7116
v 42.3258 		-7.3474 		1.165
v 42.7944 		5.4281 		4.0707
v 47.5654 		7.4313 		6.7445
v 42.3082 		-7.2699 		1.157
v 47.5648 		7.4417 		6.7403
v 42.3138 		-7.2737 		1.157
v 45.3169 		-3.6858 		2.6952
v 47.5644 		7.4511 		6.7361
v 45.3276 		-3.6716 		2.6952
v 42.32 		-7.2756 		1.157
v 45.3381 		-3.6546 		2.6952
v 47.5709 		7.4181 		6.746
v 46.6753 		8.6392 		3.1482
v 42.3258 		-7.2756 		1.157
v 47.5703 		7.4294 		6.7426
v 45.3478 		-3.6357 		2.6952
v 47.5696 		7.4398 		6.7383
v 47.569 		7.4492 		6.7341
v 46.7147 		8.5476 		3.1402
v 42.7399 		5.5008 		4.0508
v 47.5758 		7.4039 		6.7468
v 47.5755 		7.4152 		6.7437
v 42.783 		5.4281 		4.0504
v 45.3661 		-3.5904 		2.6952
v 45.3742 		-3.5649 		2.6952
v 46.7518 		8.4475 		3.1325
v 47.5749 		7.4266 		6.7403
v 45.3817 		-3.5375 		2.6952
v 47.5742 		7.4369 		6.7364
v 45.3882 		-3.5092 		2.6952
v 47.5739 		7.4464 		6.7322
v 46.4964 		8.9074 		3.1853
v 46.5436 		8.8564 		3.1753
v 45.3495 		-3.4128 		2.6837
v 42.2874 		-7.3247 		1.165
v 42.7308 		5.583 		4.1035
v 45.3527 		-3.3921 		2.6837
v 42.2949 		-7.3332 		1.165
v 45.3553 		-3.3703 		2.6837
v 42.3024 		-7.3389 		1.165
v 46.5892 		8.7941 		3.1658
v 42.6419 		5.7747 		4.0833
v 46.6332 		8.7214 		3.157
v 42.2861 		-7.2435 		1.157
v 42.2913 		-7.252 		1.157
v 42.6461 		5.6746 		4.0222
v 42.3024 		8.9254 		1.382
v 42.2968 		-7.2596 		1.157
v 42.6601 		5.6746 		4.0516
v 42.2786 		8.9178 		1.382
v 45.3117 		-3.5309 		2.6837
v 42.3024 		-7.2652 		1.157
v 45.8555 		-7.9764 		4.8239
v 47.5788 		7.4332 		6.7341
v 45.3185 		-3.5177 		2.6837
v 42.2554 		8.9037 		1.382
v 45.3247 		-3.5035 		2.6837
v 42.233 		8.8857 		1.382
v 45.8636 		-7.9764 		4.8251
v 47.5781 		7.4426 		6.7299
v 45.8718 		-7.9764 		4.8258
v 47.5775 		7.4511 		6.7257
v 42.6764 		5.6746 		4.0806
v 45.8796 		-7.9764 		4.8262
v 46.3397 		8.9887 		3.157
v 45.8871 		-7.9764 		4.8258
v 42.3011 		8.9707 		1.4393
v 46.3485 		8.9943 		3.2158
v 47.5592 		7.453 		6.7376
v 45.3306 		-3.4874 		2.6837
v 42.6862 		5.583 		4.0248
v 47.5586 		7.4615 		6.733
v 45.3361 		-3.4704 		2.6837
v 47.5635 		7.4606 		6.7315
v 47.5628 		7.4691 		6.7269
v 45.341 		-3.4525 		2.6837
v 42.6989 		5.583 		4.0512
v 46.3986 		8.9764 		3.2055
v 46.3898 		8.9707 		3.1471
v 45.3456 		-3.4327 		2.6837
v 42.2046 		8.9037 		1.4393
v 47.5677 		7.4662 		6.725
v 42.7139 		5.583 		4.0775
v 42.1821 		8.8734 		1.4393
v 47.5683 		7.4587 		6.7299
v 42.1603 		8.8385 		1.4393
v 42.1395 		8.7988 		1.4393
v 46.4478 		8.9481 		3.1952
v 46.4394 		8.9424 		3.1379
v 47.5732 		7.4549 		6.728
v 47.5722 		7.4624 		6.7235
v 42.2072 		8.8857 		1.4102
v 45.2586 		-4.0012 		2.7322
v 45.2781 		-3.9993 		2.7322
v 42.1851 		8.8555 		1.4102
v 45.2977 		-3.9927 		2.7322
v 46.1477 		8.9481 		3.2571
v 42.6513 		5.3884 		4.0561
v 45.2586 		-3.8624 		2.7116
v 42.7285 		5.5008 		4.0275
v 42.1639 		8.8215 		1.4102
v 45.2742 		-3.8605 		2.7116
v 47.5859 		7.4398 		6.7208
v 47.5853 		7.4473 		6.7166
v 46.1973 		8.9764 		3.2471
v 42.1437 		8.7818 		1.4102
v 45.2902 		-3.8548 		2.7116
v 46.2471 		8.9943 		3.2368
v 47.5905 		7.4256 		6.7215
v 45.847 		-7.9764 		4.822
v 42.2105 		8.8621 		1.382
v 47.5898 		7.4332 		6.7181
v 42.2665 		-7.2917 		1.165
v 42.1893 		8.8328 		1.382
v 46.1885 		8.9707 		3.1887
v 42.2734 		-7.3039 		1.165
v 45.8539 		-7.9481 		4.864
v 46.1797 		8.9537 		3.131
v 47.5892 		7.4398 		6.7139
v 42.1685 		8.7998 		1.382
v 47.5931 		7.4322 		6.7112
v 45.8666 		-7.9481 		4.8667
v 46.2383 		8.9887 		3.178
v 42.2802 		-7.3153 		1.165
v 42.1489 		8.7611 		1.382
v 47.5889 		7.4454 		6.7097
v 47.5882 		7.4511 		6.7055
v 45.8789 		-7.9481 		4.8686
v 47.5947 		7.4114 		6.7219
v 47.5941 		7.419 		6.7185
v 47.5934 		7.4256 		6.715
v 46.2885 		8.9943 		3.1673
v 47.597 		7.4181 		6.712
v 46.2892 		8.9943 		3.1673
v 42.6758 		5.583 		3.9985
v 45.9399 		-7.9764 		4.7888
v 47.5925 		7.4379 		6.7074
v 45.9412 		-7.9764 		4.783
v 42.3258 		8.4173 		1.1753
v 42.316 		8.4163 		1.1753
v 45.3055 		-3.8463 		2.7116
v 45.9415 		-7.9764 		4.7769
v 45.2586 		-3.7198 		2.6952
v 47.5918 		7.4426 		6.7032
v 42.3063 		8.4126 		1.1753
v 45.2706 		-3.7179 		2.6952
v 45.9415 		-7.9764 		4.7704
v 45.9408 		-7.9764 		4.7639
v 42.6513 		5.5046 		4.0191
v 42.7233 		5.5046 		4.0191
v 42.7257 		5.5008 		4.0203
v 45.2824 		-3.7141 		2.6952
v 42.7442 		5.4753 		4.0284
v 42.7796 		5.4281 		4.0435
v 42.7983 		5.4068 		4.0503
v 45.2941 		-3.7075 		2.6952
v 47.5911 		7.4464 		6.699
v 45.3055 		-3.6981 		2.6952
v 47.5983 		7.3963 		6.7212
v 47.598 		7.4048 		6.7181
v 42.3258 		8.6685 		1.238
v 42.3092 		8.6666 		1.238
v 42.3258 		8.6109 		1.2193
v 42.3108 		8.609 		1.2193
v 42.2493 		-7.2454 		1.165
v 45.2667 		-3.5734 		2.6837
v 42.2545 		-7.2624 		1.165
v 47.5973 		7.4114 		6.715
v 45.2745 		-3.5706 		2.6837
v 42.3125 		8.5476 		1.2024
v 42.2603 		-7.2775 		1.165
v 42.3258 		8.5486 		1.2024
v 45.2824 		-3.5658 		2.6837
v 42.6513 		5.6142 		3.9786
v 45.2902 		-3.5592 		2.6837
v 42.6562 		5.6142 		3.9786
v 42.3258 		8.4843 		1.1879
v 42.3141 		8.4834 		1.1879
v 45.2977 		-3.5517 		2.6837
v 45.3048 		-3.5422 		2.6837
v 42.1245 		-7.2454 		2.5825
v 42.1303 		-7.2907 		2.5825
v 46.0341 		8.7071 		3.8225
v 42.3258 		8.8971 		1.3549
v 42.1069 		-7.2624 		2.5623
v 45.8705 		-7.9943 		4.7792
v 42.1131 		-7.3115 		2.5623
v 42.6732 		5.583 		3.9901
v 42.6905 		5.5552 		4.0004
v 45.8734 		-7.9943 		4.7781
v 42.1206 		-7.3587 		2.5623
v 42.3258 		8.8612 		1.3289
v 42.304 		8.8583 		1.3289
v 45.876 		-7.9943 		4.7765
v 42.1294 		-7.4041 		2.5623
v 42.3053 		8.8177 		1.3037
v 45.2885 		-3.3987 		2.6765
v 45.8786 		-7.9943 		4.775
v 42.3258 		8.8196 		1.3037
v 45.2918 		-3.3911 		2.6765
v 45.8809 		-7.9943 		4.7727
v 42.3258 		8.7733 		1.2804
v 42.3063 		8.7714 		1.2804
v 45.8825 		-7.9943 		4.7708
v 45.8842 		-7.9943 		4.7681
v 45.2947 		-3.3836 		2.6765
v 42.1245 		-7.7384 		2.4102
v 42.6386 		5.6454 		3.9641
v 45.2973 		-3.3751 		2.6765
v 42.1199 		-7.7535 		2.3812
v 47.5964 		7.4237 		6.7086
v 42.6433 		5.6368 		3.9682
v 42.6513 		5.6228 		3.9748
v 42.117 		-7.7648 		2.3518
v 42.3258 		8.7233 		1.2582
v 42.3079 		8.7214 		1.2582
v 42.1365 		-7.8102 		2.3518
v 45.2667 		-3.4251 		2.6765
v 42.6086 		5.7747 		4.0199
v 42.1124 		-7.5051 		2.5168
v 45.2706 		-3.4232 		2.6765
v 45.8522 		-7.9943 		4.7815
v 47.5954 		7.4332 		6.7009
v 42.624 		5.7747 		4.0516
v 47.5957 		7.4284 		6.7047
v 42.1254 		-7.5514 		2.5168
v 45.2742 		-3.4194 		2.6765
v 45.8561 		-7.9943 		4.7815
v 45.2781 		-3.4157 		2.6765
v 45.86 		-7.9943 		4.7815
v 45.9985 		8.7894 		3.2338
v 46.0063 		8.7941 		3.2865
v 47.599 		7.419 		6.7021
v 45.8636 		-7.9943 		4.7811
v 45.8672 		-7.9943 		4.7804
v 45.2817 		-3.4109 		2.6765
v 46.052 		8.8564 		3.2769
v 45.2853 		-3.4053 		2.6765
v 42.6213 		5.3847 		4.0561
v 42.101 		-7.5287 		2.4916
v 42.5914 		5.3752 		4.0561
v 42.1147 		-7.5788 		2.4916
v 42.562 		5.3582 		4.0561
v 47.2171 		8.4305 		6.2257
v 42.1294 		-7.6251 		2.4916
v 46.0992 		8.9074 		3.2674
v 47.2559 		8.3039 		6.2494
v 42.6181 		5.5008 		4.0191
v 45.8855 		-7.9943 		4.7659
v 42.0782 		-7.4957 		2.4656
v 45.2586 		-3.5743 		2.6837
v 47.25 		8.3228 		6.212
v 42.5852 		5.4895 		4.0191
v 45.8864 		-7.9943 		4.7628
v 42.0909 		-7.5504 		2.4656
v 45.9907 		8.7733 		3.1818
v 42.231 		8.7195 		1.2804
v 45.2586 		-3.427 		2.6765
v 42.1049 		-7.6024 		2.4656
v 45.2625 		-3.4261 		2.6765
v 45.8871 		-7.9943 		4.7601
v 45.9829 		8.7478 		3.1299
v 42.5526 		5.4706 		4.0191
v 47.2445 		8.3342 		6.1738
v 42.5207 		5.4451 		4.0191
v 45.8874 		-7.9943 		4.7571
v 42.1206 		-7.6506 		2.4656
v 46.0438 		8.8508 		3.2227
v 45.8874 		-7.9943 		4.7536
v 46.0357 		8.8347 		3.1684
v 42.4894 		5.4111 		4.0191
v 45.8868 		-7.9943 		4.7506
v 42.1372 		8.6959 		1.3549
v 42.1626 		8.7072 		1.3289
v 42.1453 		8.6676 		1.3289
v 46.0907 		8.9018 		3.2112
v 46.0826 		8.8857 		3.1555
v 47.2386 		8.3379 		6.1356
v 45.6414 		-3.2787 		4.0561
v 45.6401 		-3.3656 		4.0561
v 42.0968 		-7.3304 		2.5401
v 42.1049 		-7.3814 		2.5401
v 42.188 		8.7072 		1.3037
v 42.58 		5.7747 		3.9267
v 46.1393 		8.9424 		3.1998
v 42.5865 		5.7747 		3.9572
v 42.2134 		8.6959 		1.2804
v 42.1147 		-7.4305 		2.5401
v 45.6815 		-3.2787 		4.0191
v 46.1305 		8.9254 		3.1429
v 42.1965 		8.6676 		1.2804
v 42.5963 		5.7747 		3.9885
v 42.1254 		-7.4777 		2.5401
v 42.1802 		8.6364 		1.2804
v 45.7193 		-3.2787 		3.9786
v 42.101 		-7.4551 		2.5168
v 45.7444 		-3.2787 		3.9463
v 45.7444 		-3.3061 		3.9459
v 42.6259 		5.6746 		3.9649
v 42.6347 		5.6746 		3.9935
v 45.8398 		-7.9943 		4.7796
v 42.1707 		8.6742 		1.3037
v 45.8441 		-7.9943 		4.7804
v 47.5999 		7.4096 		6.7086
v 42.1548 		8.6364 		1.3037
v 45.5072 		-3.3354 		4.144
v 45.8483 		-7.9943 		4.7811
v 45.5078 		-3.2787 		4.144
v 42.1395 		8.5958 		1.3037
v 45.946 		8.6966 		3.2605
v 45.9443 		8.6958 		3.248
v 45.9549 		8.7167 		3.2452
v 42.1649 		8.6014 		1.2804
v 45.5534 		-3.3458 		4.1188
v 42.1505 		8.5637 		1.2804
v 45.5544 		-3.2787 		4.1188
v 47.5993 		7.4143 		6.7055
v 45.951 		8.699 		3.2979
v 45.5978 		-3.3562 		4.0894
v 42.1375 		8.5221 		1.2804
v 42.6152 		5.6094 		3.9786
v 45.5987 		-3.2787 		4.0894
v 47.5983 		7.4228 		6.6986
v 42.5793 		5.5972 		3.9786
v 42.3027 		8.4787 		1.1879
v 42.0903 		-7.2775 		2.5401
v 42.2913 		8.4721 		1.1879
v 42.2802 		8.4636 		1.1879
v 42.0753 		-7.2917 		2.5168
v 42.2691 		8.4513 		1.1879
v 42.0824 		-7.3483 		2.5168
v 42.6229 		5.6746 		3.9503
v 42.0909 		-7.4022 		2.5168
v 42.6129 		5.6955 		3.9405
v 42.2968 		8.4069 		1.1753
v 47.5814 		7.453 		6.7189
v 45.4088 		-3.3477 		4.1811
v 47.5807 		7.4596 		6.7143
v 42.2874 		8.3993 		1.1753
v 45.4101 		-3.3137 		4.1811
v 47.5797 		7.4653 		6.7097
v 42.2783 		8.3899 		1.1753
v 45.4107 		-3.2787 		4.1811
v 42.2691 		8.3776 		1.1753
v 45.4593 		-3.3241 		4.1646
v 47.5846 		7.453 		6.7124
v 45.941 		8.689 		3.2066
v 45.9403 		8.6875 		3.1976
v 42.5738 		5.6963 		3.9343
v 45.9474 		8.7016 		3.1952
v 42.0557 		-7.2435 		2.4916
v 47.584 		7.4587 		6.7078
v 45.4599 		-3.2787 		4.1646
v 42.607 		5.7077 		3.9343
v 42.0616 		-7.3039 		2.4916
v 47.5833 		7.4624 		6.7028
v 42.0691 		-7.3634 		2.4916
v 47.5876 		7.4549 		6.7009
v 42.0782 		-7.4211 		2.4916
v 45.9387 		8.6749 		3.1482
v 45.9386 		8.6745 		3.1464
v 47.5827 		7.4662 		6.6982
v 42.606 		5.7097 		3.9331
v 42.089 		-7.4768 		2.4916
v 45.3576 		-3.3477 		4.1925
v 45.9399 		8.677 		3.1459
v 42.2525 		8.3483 		1.1753
v 45.3593 		-3.325 		4.1925
v 45.9387 		8.6716 		3.1382
v 45.3602 		-3.3023 		4.1925
v 42.2447 		8.3304 		1.1753
v 42.5438 		5.5764 		3.9786
v 42.0577 		-7.3776 		2.4656
v 42.0671 		-7.4381 		2.4656
v 42.2375 		8.3115 		1.1753
v 42.5089 		5.5481 		3.9786
v 47.5621 		7.4757 		6.7215
v 42.231 		8.2907 		1.1753
v 42.4751 		5.5122 		3.9786
v 45.3606 		-3.2787 		4.1925
v 47.5612 		7.4823 		6.7162
v 42.2248 		8.2681 		1.1753
v 47.5605 		7.487 		6.7108
v 42.5357 		5.6746 		3.9343
v 42.4982 		5.6444 		3.9343
v 45.9624 		8.7214 		3.2956
v 47.5595 		7.4908 		6.7055
v 47.5589 		7.4936 		6.6998
v 47.5661 		7.4794 		6.715
v 45.3071 		-3.3241 		4.1998
v 45.3084 		-3.3137 		4.1998
v 42.0437 		-7.252 		2.4656
v 45.3091 		-3.3023 		4.1998
v 45.3094 		-3.2901 		4.1998
v 45.3097 		-3.2787 		4.1998
v 42.0499 		-7.3153 		2.4656
v 42.579 		6.1242 		4.1283
v 42.2369 		8.4768 		1.2024
v 42.6067 		6.1242 		4.1658
v 42.2258 		8.4551 		1.2024
v 46.0869 		-7.3379 		5.1696
v 42.0968 		-7.6222 		2.4385
v 42.2587 		8.4381 		1.1879
v 42.6038 		6.0004 		4.1245
v 42.1131 		-7.6723 		2.4385
v 42.2486 		8.4211 		1.1879
v 42.6305 		6.0004 		4.1597
v 42.1303 		-7.7195 		2.4385
v 42.2388 		8.4022 		1.1879
v 42.1069 		-7.6902 		2.4102
v 42.2297 		8.3814 		1.1879
v 42.6318 		5.8843 		4.1199
v 42.2212 		8.3587 		1.1879
v 46.0933 		-7.3611 		5.1628
v 46.1067 		-7.4102 		5.1465
v 46.1051 		-7.4044 		5.1485
v 46.1137 		-7.4361 		5.138
v 46.1168 		-7.4475 		5.1338
v 42.2607 		8.3634 		1.1753
v 42.0691 		-7.5117 		2.4385
v 47.567 		7.4728 		6.72
v 42.5539 		6.1242 		4.0905
v 42.0824 		-7.5684 		2.4385
v 42.5598 		6.0004 		4.0523
v 46.9375 		7.2603 		3.094
v 46.9369 		7.2594 		3.0894
v 42.5803 		6.0004 		4.0882
v 42.0616 		-7.5249 		2.4102
v 47.5716 		7.47 		6.7185
v 42.0753 		-7.5835 		2.4102
v 42.0903 		-7.6392 		2.4102
v 42.5738 		5.8843 		4.018
v 42.2897 		8.7148 		1.2582
v 47.5654 		7.4842 		6.7097
v 46.9362 		7.2584 		3.0848
v 42.2721 		8.7053 		1.2582
v 42.5904 		5.8843 		4.0519
v 45.3 		-3.3656 		4.1998
v 42.2926 		8.6609 		1.238
v 45.3022 		-3.3562 		4.1998
v 46.9356 		7.2566 		3.0802
v 42.2763 		8.6524 		1.238
v 45.3042 		-3.3458 		4.1998
v 45.3058 		-3.3354 		4.1998
v 46.9395 		7.1121 		3.0936
v 42.6096 		5.8843 		4.0859
v 42.0557 		-7.5353 		2.3812
v 42.0694 		-7.5958 		2.3812
v 42.085 		-7.6524 		2.3812
v 42.1017 		-7.7053 		2.3812
v 42.2545 		8.6902 		1.2582
v 47.5644 		7.4879 		6.704
v 42.0655 		-7.6043 		2.3518
v 42.2375 		8.6723 		1.2582
v 47.5638 		7.4908 		6.6986
v 42.0811 		-7.6609 		2.3518
v 42.5138 		6.1242 		4.0141
v 42.0984 		-7.7148 		2.3518
v 42.2212 		8.6506 		1.2582
v 42.2603 		8.6392 		1.238
v 47.5709 		7.4757 		6.7131
v 42.5324 		6.1242 		4.0523
v 46.1311 		-7.4926 		5.1143
v 46.1356 		-7.5071 		5.1072
v 42.2447 		8.6222 		1.238
v 42.2297 		8.6024 		1.238
v 47.57 		7.4804 		6.7082
v 42.5422 		6.0004 		4.016
v 47.5693 		7.4842 		6.7028
v 42.5604 		5.8843 		3.984
v 42.2958 		8.6043 		1.2193
v 42.2812 		8.5958 		1.2193
v 47.5768 		7.4587 		6.7212
v 47.5762 		7.4653 		6.7166
v 42.2665 		8.5835 		1.2193
v 42.2991 		8.5429 		1.2024
v 47.5755 		7.4709 		6.7116
v 45.7121 		-3.3676 		2.8915
v 45.7126 		-3.2787 		2.8905
v 42.2861 		8.5353 		1.2024
v 47.5749 		7.4757 		6.7066
v 45.6815 		-3.2787 		2.8571
v 42.2734 		8.5249 		1.2024
v 47.5739 		7.4794 		6.7013
v 46.9349 		7.2528 		3.0756
v 46.9343 		7.249 		3.0714
v 42.2525 		8.5684 		1.2193
v 45.6401 		-3.3656 		2.8201
v 42.2388 		8.5504 		1.2193
v 45.6414 		-3.2787 		2.8201
v 46.9336 		7.2443 		3.0672
v 42.2258 		8.5287 		1.2193
v 46.933 		7.2386 		3.063
v 45.5978 		-3.3562 		2.7869
v 47.5791 		7.47 		6.7047
v 42.2607 		8.5117 		1.2024
v 45.5987 		-3.2787 		2.7869
v 47.5784 		7.4728 		6.6998
v 42.2486 		8.4957 		1.2024
v 42.0391 		-7.4787 		2.3518
v 42.0515 		-7.5429 		2.3518
v 45.5534 		-3.3458 		2.7574
v 42.0577 		-7.4513 		2.4385
v 42.4874 		6.1242 		3.9385
v 42.4988 		6.1242 		3.9763
v 42.0332 		-7.2596 		2.4385
v 42.0394 		-7.3247 		2.4385
v 42.0476 		-7.3899 		2.4385
v 42.1395 		8.4484 		1.2582
v 47.6117 		7.3142 		6.6948
v 42.5171 		6.0004 		3.9442
v 47.6117 		7.317 		6.6944
v 42.0244 		-7.2652 		2.4102
v 47.612 		7.3151 		6.6887
v 42.5282 		6.0004 		3.9798
v 42.1649 		8.4541 		1.238
v 47.612 		7.317 		6.6883
v 42.031 		-7.3332 		2.4102
v 42.1548 		8.4163 		1.238
v 47.6117 		7.3208 		6.6944
v 42.5431 		5.8843 		3.9175
v 42.0394 		-7.3993 		2.4102
v 42.1453 		8.3757 		1.238
v 47.6117 		7.3236 		6.694
v 42.5503 		5.8843 		3.9503
v 42.1372 		8.3342 		1.238
v 42.0499 		-7.4636 		2.4102
v 47.6117 		7.3274 		6.6933
v 47.6113 		7.3302 		6.6929
v 47.6117 		7.3274 		6.6864
v 42.4653 		4.5016 		4.1646
v 42.0176 		-7.2699 		2.3812
v 42.4601 		4.4591 		4.1646
v 46.9291 		7.147 		3.0367
v 42.0244 		-7.3389 		2.3812
v 46.9287 		7.1357 		3.0355
v 46.9287 		7.1234 		3.0351
v 42.4555 		4.4147 		4.1646
v 47.6117 		7.3198 		6.6883
v 47.6117 		7.3123 		6.683
v 47.6117 		7.3142 		6.6826
v 42.0332 		-7.4069 		2.3812
v 42.188 		8.3455 		1.2024
v 47.6117 		7.3151 		6.6826
v 42.4526 		4.3703 		4.1646
v 42.1805 		8.3134 		1.2024
v 42.0437 		-7.4721 		2.3812
v 47.6117 		7.3161 		6.6826
v 47.6117 		7.3217 		6.6879
v 42.2134 		8.3342 		1.1879
v 42.013 		-7.2737 		2.3518
v 47.6117 		7.3236 		6.6875
v 47.6117 		7.3255 		6.6872
v 42.4291 		4.6064 		4.144
v 46.9287 		7.1121 		3.0351
v 42.2062 		8.3077 		1.1879
v 42.0199 		-7.3436 		2.3518
v 42.0283 		-7.4126 		2.3518
v 47.6113 		7.3293 		6.686
v 47.6113 		7.3227 		6.6803
v 42.1997 		8.2794 		1.1879
v 47.611 		7.3246 		6.6784
v 47.611 		7.3246 		6.6788
v 42.1939 		8.2501 		1.1879
v 42.0961 		-7.7214 		2.322
v 42.115 		-7.7714 		2.322
v 42.421 		4.5554 		4.144
v 46.9323 		7.232 		3.0592
v 46.932 		7.2244 		3.0558
v 42.1349 		-7.8177 		2.322
v 42.2196 		8.2444 		1.1753
v 42.0955 		-7.7233 		2.2922
v 45.5544 		-3.2787 		2.7574
v 42.1144 		-7.7733 		2.2922
v 42.1342 		-7.8196 		2.2922
v 46.6753 		-7.6392 		3.1482
v 42.0365 		-7.4834 		2.322
v 45.5072 		-3.3354 		2.7322
v 42.0489 		-7.5476 		2.322
v 42.0629 		-7.609 		2.322
v 45.5078 		-3.2787 		2.7322
v 42.0788 		-7.6666 		2.322
v 46.931 		7.2084 		3.0493
v 46.93 		7.1895 		3.0435
v 42.4141 		4.5016 		4.144
v 46.7147 		-7.5476 		3.1402
v 42.2014 		8.4777 		1.2193
v 46.9304 		7.1989 		3.0462
v 42.1903 		8.4484 		1.2193
v 46.9297 		7.1791 		3.0413
v 46.7518 		-7.4475 		3.1325
v 42.0355 		-7.4843 		2.2922
v 42.4089 		4.4478 		4.144
v 42.0479 		-7.5486 		2.2922
v 42.0622 		-7.6109 		2.2922
v 42.1802 		8.4163 		1.2193
v 46.9294 		7.1687 		3.0393
v 42.405 		4.3921 		4.144
v 42.0782 		-7.6685 		2.2922
v 42.2154 		8.4305 		1.2024
v 42.0101 		-7.2756 		2.322
v 42.2056 		8.4041 		1.2024
v 42.0169 		-7.3464 		2.322
v 46.4964 		-7.9074 		3.1853
v 42.0257 		-7.4163 		2.322
v 42.1965 		8.3757 		1.2024
v 46.5436 		-7.8564 		3.1753
v 45.4593 		-3.3241 		2.7116
v 46.9291 		7.1574 		3.0378
v 45.4599 		-3.2787 		2.7116
v 42.0091 		-7.2756 		2.2922
v 42.016 		-7.3474 		2.2922
v 42.4617 		4.7481 		4.144
v 42.0248 		-7.4173 		2.2922
v 45.4088 		-3.3477 		2.6952
v 46.5892 		-7.7941 		3.1658
v 42.4496 		4.7037 		4.144
v 45.4101 		-3.3137 		2.6952
v 46.6332 		-7.7214 		3.157
v 45.4107 		-3.2787 		2.6952
v 42.1707 		8.3814 		1.2193
v 42.4389 		4.6565 		4.144
v 42.1626 		8.3455 		1.2193
v 42.1551 		8.3077 		1.2193
v 42.4265 		4.835 		4.1188
v 45.3576 		-3.3477 		2.6837
v 42.1489 		8.2681 		1.2193
v 45.3593 		-3.325 		2.6837
v 46.9314 		7.2169 		3.0523
v 45.3602 		-3.3023 		2.6837
v 42.4122 		4.7821 		4.1188
v 45.3606 		-3.2787 		2.6837
v 42.3991 		4.7264 		4.1188
v 46.3397 		-7.9887 		3.157
v 42.3877 		4.6678 		4.1188
v 47.6113 		7.3198 		6.6814
v 46.3485 		-7.9943 		3.2158
v 42.174 		8.2794 		1.2024
v 47.6113 		7.3179 		6.6818
v 47.6113 		7.317 		6.6822
v 47.6113 		7.3189 		6.6818
v 42.1685 		8.2444 		1.2024
v 46.3898 		-7.9707 		3.1471
v 46.3986 		-7.9764 		3.2055
v 42.3783 		4.6064 		4.1188
v 46.4394 		-7.9424 		3.1379
v 46.4478 		-7.9481 		3.1952
v 47.611 		7.3104 		6.6769
v 42.3701 		4.5432 		4.1188
v 45.3084 		-3.3137 		2.6765
v 42.2056 		8.6251 		1.2582
v 45.3071 		-3.3241 		2.6765
v 42.1903 		8.5958 		1.2582
v 42.3639 		4.4789 		4.1188
v 46.1477 		-7.9481 		3.2571
v 46.9167 		7.266 		2.995
v 47.611 		7.3227 		6.6799
v 46.1973 		-7.9764 		3.2471
v 42.3594 		4.4128 		4.1188
v 47.611 		7.3236 		6.6791
v 45.3091 		-3.3023 		2.6765
v 46.916 		7.2462 		2.9905
v 46.2471 		-7.9943 		3.2368
v 42.2154 		8.5788 		1.238
v 47.6107 		7.3255 		6.6776
v 47.6107 		7.3255 		6.6769
v 45.3094 		-3.2901 		2.6765
v 42.2014 		8.5514 		1.238
v 47.6107 		7.3246 		6.678
v 45.3097 		-3.2787 		2.6765
v 42.1883 		8.5221 		1.238
v 46.1797 		-7.9537 		3.131
v 42.0955 		-7.7233 		1.5283
v 42.1144 		-7.7733 		1.5283
v 42.1342 		-7.8196 		1.5283
v 42.0961 		-7.7214 		1.4985
v 46.1885 		-7.9707 		3.1887
v 42.115 		-7.7714 		1.4985
v 42.1349 		-7.8177 		1.4985
v 42.1763 		8.5637 		1.2582
v 43.1492 		6.2526 		4.5332
v 42.117 		-7.7648 		1.4687
v 42.1629 		8.5278 		1.2582
v 42.1365 		-7.8102 		1.4687
v 43.0518 		6.2526 		4.5034
v 42.3278 		4.5838 		4.0894
v 42.1505 		8.4891 		1.2582
v 46.2383 		-7.9887 		3.178
v 45.3 		-3.3656 		2.6765
v 47.6068 		7.3831 		6.6963
v 43.1006 		6.2526 		4.5199
v 42.3203 		4.5092 		4.0894
v 45.3022 		-3.3562 		2.6765
v 46.9154 		7.2254 		2.9866
v 46.9147 		7.2037 		2.9832
v 42.1199 		-7.7535 		1.4393
v 42.3151 		4.4327 		4.0894
v 45.3042 		-3.3458 		2.6765
v 47.6061 		7.3859 		6.6937
v 42.1763 		8.4891 		1.238
v 47.6087 		7.3689 		6.6948
v 46.2885 		-7.9943 		3.1673
v 45.3058 		-3.3354 		2.6765
v 42.1245 		-7.7384 		1.4102
v 47.6084 		7.3718 		6.6929
v 42.2134 		8.5051 		1.2193
v 46.2892 		-7.9943 		3.1673
v 42.0622 		-7.6109 		1.5283
v 43.0032 		6.2526 		4.4843
v 42.0782 		-7.6685 		1.5283
v 47.6081 		7.3746 		6.691
v 42.0629 		-7.609 		1.4985
v 42.361 		4.7944 		4.0894
v 42.0788 		-7.6666 		1.4985
v 42.0655 		-7.6043 		1.4687
v 42.0811 		-7.6609 		1.4687
v 42.348 		4.7264 		4.0894
v 42.0984 		-7.7148 		1.4687
v 42.8608 		6.2526 		4.411
v 42.3369 		4.6565 		4.0894
v 47.6078 		7.3765 		6.6891
v 42.9074 		6.2526 		4.4377
v 47.6058 		7.3888 		6.6914
v 42.3102 		4.7821 		4.0561
v 42.955 		6.2526 		4.4622
v 42.0355 		-7.4843 		1.5283
v 42.0479 		-7.5486 		1.5283
v 42.0365 		-7.4834 		1.4985
v 42.0489 		-7.5476 		1.4985
v 42.0391 		-7.4787 		1.4687
v 42.4594 		4.9304 		4.1188
v 42.0515 		-7.5429 		1.4687
v 42.4421 		4.8851 		4.1188
v 42.8159 		6.2526 		4.382
v 42.0091 		-7.2756 		1.5283
v 47.6087 		7.3652 		6.6967
v 42.303 		8.8942 		1.3549
v 42.016 		-7.3474 		1.5283
v 42.0248 		-7.4173 		1.5283
v 42.2805 		8.8867 		1.3549
v 42.0101 		-7.2756 		1.4985
v 42.0169 		-7.3464 		1.4985
v 42.2581 		8.8734 		1.3549
v 42.4513 		5.0768 		4.0894
v 42.0257 		-7.4163 		1.4985
v 42.013 		-7.2737 		1.4687
v 46.9141 		7.1357 		2.9778
v 47.6074 		7.3784 		6.6868
v 42.2362 		8.8555 		1.3549
v 42.4304 		5.0286 		4.0894
v 42.0199 		-7.3436 		1.4687
v 42.4105 		4.9767 		4.0894
v 42.0283 		-7.4126 		1.4687
v 46.9144 		7.181 		2.9809
v 42.3926 		4.9191 		4.0894
v 46.9141 		7.1583 		2.979
v 43.1564 		6.6691 		4.5775
v 47.6071 		7.3803 		6.6845
v 43.1544 		6.5265 		4.5661
v 46.9141 		7.1121 		2.9775
v 42.0557 		-7.5353 		1.4393
v 47.6068 		7.3812 		6.6826
v 42.0694 		-7.5958 		1.4393
v 43.1521 		6.3877 		4.5512
v 47.6065 		7.3822 		6.6803
v 42.085 		-7.6524 		1.4393
v 42.1017 		-7.7053 		1.4393
v 43.1586 		7.2603 		4.5909
v 43.159 		7.1121 		4.5928
v 42.4513 		5.2251 		4.0561
v 42.4262 		5.1769 		4.0561
v 47.6061 		7.3822 		6.678
v 43.159 		7.1102 		4.5928
v 42.4027 		5.1221 		4.0561
v 43.1586 		6.9619 		4.5909
v 42.1069 		-7.6902 		1.4102
v 47.6104 		7.351 		6.694
v 42.4304 		5.3242 		4.0191
v 43.158 		6.8146 		4.5859
v 42.0968 		-7.6222 		1.382
v 46.8968 		7.2481 		2.9301
v 42.1131 		-7.6723 		1.382
v 42.4027 		5.2704 		4.0191
v 46.8962 		7.215 		2.9267
v 42.1303 		-7.7195 		1.382
v 42.2825 		8.8508 		1.3289
v 46.8958 		7.181 		2.924
v 42.261 		8.8385 		1.3289
v 46.8955 		7.147 		2.9221
v 42.2401 		8.8215 		1.3289
v 47.6107 		7.3444 		6.6963
v 47.6107 		7.3406 		6.6975
v 46.8955 		7.1121 		2.9217
v 47.6104 		7.3482 		6.6952
v 42.0616 		-7.5249 		1.4102
v 42.376 		4.8586 		4.0894
v 42.0753 		-7.5835 		1.4102
v 42.3806 		5.0636 		4.0561
v 47.6097 		7.3595 		6.6898
v 43.1456 		8.0981 		4.5126
v 42.3604 		4.9993 		4.0561
v 42.3415 		4.9313 		4.0561
v 45.9985 		-7.7894 		3.2338
v 47.61 		7.3548 		6.6925
v 43.1492 		7.9696 		4.5332
v 42.3248 		4.8586 		4.0561
v 47.6097 		7.3576 		6.6914
v 46.0063 		-7.7941 		3.2865
v 42.2844 		8.8102 		1.3037
v 43.1521 		7.8346 		4.5512
v 42.2642 		8.7988 		1.3037
v 46.8743 		7.2481 		2.8739
v 42.3297 		5.0749 		4.0191
v 43.1544 		7.6957 		4.5661
v 46.052 		-7.8564 		3.2769
v 42.2444 		8.7818 		1.3037
v 46.8737 		7.2037 		2.8705
v 42.3092 		4.9993 		4.0191
v 46.0992 		-7.9074 		3.2674
v 42.2248 		8.7611 		1.3037
v 42.0903 		-7.6392 		1.4102
v 43.1564 		7.5531 		4.5775
v 42.0691 		-7.5117 		1.382
v 42.2871 		8.7648 		1.2804
v 43.158 		7.4077 		4.5859
v 42.0824 		-7.5684 		1.382
v 42.2678 		8.7535 		1.2804
v 45.9829 		-7.7478 		3.1299
v 45.7639 		1.4671 		2.7884
v 42.2493 		8.7384 		1.2804
v 45.9907 		-7.7733 		3.1818
v 42.3767 		5.2109 		4.0191
v 46.8734 		7.1574 		2.8682
v 42.3522 		5.1457 		4.0191
v 43.1417 		8.2218 		4.4885
v 47.6094 		7.3623 		6.6879
v 46.0357 		-7.8347 		3.1684
v 46.8734 		7.1121 		2.8678
v 47.6087 		7.3671 		6.683
v 46.0438 		-7.8508 		3.2227
v 43.1036 		6.6691 		4.563
v 47.6084 		7.368 		6.6811
v 42.0577 		-7.4513 		1.382
v 42.2147 		8.8328 		1.3549
v 42.3522 		5.294 		3.9786
v 46.0826 		-7.8857 		3.1555
v 42.1939 		8.8054 		1.3549
v 42.3255 		5.2232 		3.9786
v 43.1026 		6.5265 		4.5516
v 42.0176 		-7.2699 		1.4393
v 42.174 		8.7733 		1.3549
v 46.0907 		-7.9018 		3.2112
v 47.6091 		7.3642 		6.6864
v 43.1016 		6.3877 		4.5371
v 42.0244 		-7.3389 		1.4393
v 42.1551 		8.7365 		1.3549
v 46.8189 		7.2462 		2.7708
v 47.6087 		7.3652 		6.6849
v 42.0332 		-7.4069 		1.4393
v 46.8186 		7.1791 		2.7678
v 46.1305 		-7.9254 		3.1429
v 42.0437 		-7.4721 		1.4393
v 46.8183 		7.1121 		2.7666
v 46.1393 		-7.9424 		3.1998
v 47.6097 		7.3538 		6.6799
v 42.2196 		8.7998 		1.3289
v 46.8479 		7.2254 		2.8193
v 42.1997 		8.7733 		1.3289
v 46.8476 		7.1687 		2.8167
v 46.8476 		7.1121 		2.8159
v 42.9973 		6.6691 		4.5241
v 42.2789 		4.5375 		4.0561
v 43.0505 		6.6691 		4.5451
v 42.1805 		8.7422 		1.3289
v 42.273 		4.4525 		4.0561
v 42.999 		6.5265 		4.5134
v 42.0244 		-7.2652 		1.4102
v 43.0508 		6.5265 		4.534
v 42.031 		-7.3332 		1.4102
v 47.61 		7.3519 		6.6826
v 42.0394 		-7.3993 		1.4102
v 43.0009 		6.3877 		4.5004
v 42.2401 		4.5649 		4.0191
v 42.0499 		-7.4636 		1.4102
v 42.2336 		4.4704 		4.0191
v 43.0511 		6.3877 		4.5202
v 45.9624 		-7.7214 		3.2956
v 42.2297 		4.3751 		4.0191
v 42.0332 		-7.2596 		1.382
v 42.0394 		-7.3247 		1.382
v 42.2062 		8.7365 		1.3037
v 42.0476 		-7.3899 		1.382
v 42.2975 		4.7037 		4.0561
v 43.1045 		7.2603 		4.576
v 42.2874 		4.6216 		4.0561
v 43.1045 		7.1121 		4.5775
v 42.3258 		8.3474 		1.165
v 42.318 		8.3464 		1.165
v 42.2743 		4.835 		4.0191
v 42.3102 		8.3436 		1.165
v 42.2607 		4.7481 		4.0191
v 42.0782 		-7.4957 		1.3549
v 43.1045 		7.1102 		4.5775
v 43.1045 		6.9619 		4.576
v 42.0909 		-7.5504 		1.3549
v 42.2489 		4.6574 		4.0191
v 42.1049 		-7.6024 		1.3549
v 42.32 		8.2756 		1.157
v 42.3138 		8.2737 		1.157
v 43.1042 		6.8146 		4.571
v 42.1206 		-7.6506 		1.3549
v 42.3082 		8.2699 		1.157
v 42.9954 		6.9619 		4.5359
v 42.2258 		4.7897 		3.9786
v 42.101 		-7.5287 		1.3289
v 43.0498 		6.9619 		4.5573
v 45.6414 		4.2787 		4.0561
v 42.1147 		-7.5788 		1.3289
v 42.3024 		8.3389 		1.165
v 45.6401 		4.3656 		4.0561
v 45.9434 		-7.6939 		3.2367
v 45.9443 		-7.6958 		3.248
v 42.2949 		8.3332 		1.165
v 45.9549 		-7.7167 		3.2452
v 47.6081 		7.368 		6.6795
v 45.6815 		4.2787 		4.0191
v 42.996 		6.8146 		4.5313
v 42.2874 		8.3247 		1.165
v 43.0501 		6.8146 		4.5527
v 47.6078 		7.368 		6.6776
v 42.3024 		8.2652 		1.157
v 42.2968 		8.2596 		1.157
v 45.9484 		-7.6977 		3.2789
v 45.9493 		-7.6981 		3.2851
v 45.951 		-7.6989 		3.2979
v 42.2036 		4.5904 		3.9786
v 45.7193 		4.2787 		3.9786
v 42.2913 		8.252 		1.157
v 42.1965 		4.4874 		3.9786
v 42.9954 		7.2603 		4.5359
v 42.1922 		4.3836 		3.9786
v 42.2861 		8.2435 		1.157
v 42.1294 		-7.6251 		1.3289
v 43.0498 		7.2603 		4.5573
v 45.7444 		4.2787 		3.9463
v 47.6113 		7.3359 		6.6914
v 45.7442 		4.364 		3.945
v 42.1623 		4.5035 		3.9343
v 42.9954 		7.1121 		4.5374
v 47.6113 		7.3331 		6.6921
v 47.611 		7.3416 		6.6898
v 42.1577 		4.3911 		3.9343
v 43.0498 		7.1121 		4.5592
v 47.611 		7.3387 		6.6906
v 43.0498 		7.1102 		4.5592
v 45.5078 		4.2787 		4.144
v 42.2802 		8.3153 		1.165
v 45.5072 		4.3354 		4.144
v 42.1124 		-7.5051 		1.3037
v 42.2734 		8.3039 		1.165
v 42.2665 		8.2917 		1.165
v 42.9954 		7.1102 		4.5374
v 45.5544 		4.2787 		4.1188
v 47.6104 		7.3491 		6.6853
v 45.5534 		4.3458 		4.1188
v 42.2134 		4.6914 		3.9786
v 42.9416 		7.2603 		4.5115
v 42.1939 		4.8284 		3.9343
v 45.5987 		4.2787 		4.0894
v 45.5978 		4.3562 		4.0894
v 42.941 		7.1121 		4.513
v 42.1802 		4.7226 		3.9343
v 42.941 		7.1102 		4.513
v 42.1698 		4.614 		3.9343
v 42.9416 		6.9619 		4.5115
v 42.9426 		6.8146 		4.5073
v 42.2906 		4.9191 		4.0191
v 45.4107 		4.2787 		4.1811
v 42.2603 		8.2775 		1.165
v 42.9446 		6.6691 		4.5
v 45.4101 		4.3137 		4.1811
v 42.2545 		8.2624 		1.165
v 47.6107 		7.3463 		6.6875
v 47.6107 		7.3434 		6.6887
v 45.4088 		4.3477 		4.1811
v 42.2493 		8.2454 		1.165
v 47.6104 		7.3482 		6.6864
v 42.3011 		5.1457 		3.9786
v 42.2786 		5.0636 		3.9786
v 45.4599 		4.2787 		4.1646
v 45.9387 		-7.6716 		3.1382
v 45.4593 		4.3241 		4.1646
v 45.9386 		-7.674 		3.1451
v 45.9386 		-7.6745 		3.1464
v 45.9399 		-7.677 		3.1459
v 42.2587 		4.9767 		3.9786
v 47.61 		7.351 		6.6841
v 45.94 		-7.6857 		3.1902
v 45.9403 		-7.6875 		3.1976
v 45.9474 		-7.7016 		3.1952
v 42.8419 		6.6691 		4.4439
v 42.2411 		4.8851 		3.9786
v 42.8928 		6.6691 		4.4733
v 42.3011 		5.294 		3.9343
v 42.2747 		5.2109 		3.9343
v 45.3606 		4.2787 		4.1925
v 42.1303 		8.2907 		2.5825
v 45.3602 		4.3023 		4.1925
v 42.2506 		5.1221 		3.9343
v 42.8471 		6.5265 		4.4354
v 45.3593 		4.325 		4.1925
v 42.1245 		8.2454 		2.5825
v 42.2291 		5.0286 		3.9343
v 42.8967 		6.5265 		4.4641
v 42.1294 		8.4041 		2.5623
v 45.3576 		4.3477 		4.1925
v 42.1206 		8.3587 		2.5623
v 47.611 		7.3368 		6.6826
v 42.9475 		6.5265 		4.4901
v 42.1131 		8.3115 		2.5623
v 42.1069 		8.2624 		2.5623
v 42.8533 		6.3877 		4.4244
v 42.9016 		6.3877 		4.4523
v 42.2102 		4.9304 		3.9343
v 45.3097 		4.2787 		4.1998
v 42.9508 		6.3877 		4.4775
v 45.3094 		4.2901 		4.1998
v 45.3091 		4.3023 		4.1998
v 47.6113 		7.3331 		6.6849
v 45.3084 		4.3137 		4.1998
v 45.3071 		4.3241 		4.1998
v 42.1254 		8.4777 		2.5401
v 42.4594 		5.3714 		4.0191
v 42.1147 		8.4305 		2.5401
v 42.1049 		8.3814 		2.5401
v 42.8064 		6.3877 		4.3942
v 42.0968 		8.3304 		2.5401
v 42.4421 		5.4678 		3.9786
v 42.101 		8.4551 		2.5168
v 47.6097 		7.3529 		6.6814
v 42.8885 		7.2603 		4.484
v 42.1254 		-7.5514 		1.3037
v 42.4105 		5.4168 		3.9786
v 42.3806 		5.3592 		3.9786
v 42.8879 		7.1121 		4.4855
v 42.4617 		5.6047 		3.9343
v 42.8879 		7.1102 		4.4855
v 42.8885 		6.9619 		4.484
v 42.8902 		6.8146 		4.4801
v 42.0577 		-7.3776 		1.3549
v 42.0903 		8.2775 		2.5401
v 42.0671 		-7.4381 		1.3549
v 42.4265 		5.5575 		3.9343
v 42.3926 		5.5027 		3.9343
v 42.0557 		-7.2435 		1.3289
v 45.3058 		4.3354 		4.1998
v 42.0616 		-7.3039 		1.3289
v 42.0909 		8.4022 		2.5168
v 42.3604 		5.4404 		3.9343
v 42.0691 		-7.3634 		1.3289
v 42.8364 		7.2603 		4.4542
v 45.3042 		4.3458 		4.1998
v 42.0824 		8.3483 		2.5168
v 45.3022 		4.3562 		4.1998
v 45.3 		4.3656 		4.1998
v 42.3297 		5.3705 		3.9343
v 42.0782 		-7.4211 		1.3289
v 42.0753 		8.2917 		2.5168
v 42.089 		-7.4768 		1.3289
v 42.8357 		7.1121 		4.4553
v 42.8357 		7.1102 		4.4553
v 42.8364 		6.9619 		4.4542
v 42.8383 		6.8146 		4.4503
v 42.089 		8.4768 		2.4916
v 42.0782 		8.4211 		2.4916
v 42.101 		-7.4551 		1.3037
v 42.0691 		8.3634 		2.4916
v 43.1026 		7.6957 		4.5516
v 42.0968 		-7.3304 		1.2804
v 42.5746 		5.7747 		3.8946
v 42.0616 		8.3039 		2.4916
v 42.5694 		5.7872 		3.8873
v 42.5712 		5.7829 		3.8898
v 42.5689 		5.787 		3.8873
v 42.1049 		-7.3814 		1.2804
v 43.1036 		7.5531 		4.563
v 42.0557 		8.2435 		2.4916
v 42.1147 		-7.4305 		1.2804
v 47.6091 		7.3538 		6.6772
v 42.5282 		5.7643 		3.8873
v 42.1254 		-7.4777 		1.2804
v 42.0671 		8.4381 		2.4656
v 43.1042 		7.4077 		4.571
v 42.0577 		8.3776 		2.4656
v 47.6094 		7.3538 		6.6788
v 42.4884 		5.7313 		3.8873
v 42.999 		7.6957 		4.5134
v 47.6113 		7.3312 		6.6853
v 43.0508 		7.6957 		4.534
v 42.5688 		5.7886 		3.8864
v 42.0753 		-7.2917 		1.3037
v 42.0824 		-7.3483 		1.3037
v 47.611 		7.334 		6.6841
v 42.0909 		-7.4022 		1.3037
v 47.611 		7.3359 		6.6833
v 42.0903 		-7.2775 		1.2804
v 42.0499 		8.3153 		2.4656
v 42.4796 		5.8097 		3.8373
v 47.6107 		7.3387 		6.6807
v 42.0437 		8.252 		2.4656
v 47.6107 		7.3378 		6.6814
v 47.6104 		7.3397 		6.6788
v 42.4796 		6.1242 		3.9018
v 42.5096 		6.0004 		3.9091
v 42.0437 		-7.252 		1.3549
v 42.9973 		7.5531 		4.5241
v 42.1254 		8.5514 		2.5168
v 42.0499 		-7.3153 		1.3549
v 42.1124 		8.5051 		2.5168
v 47.6104 		7.3397 		6.678
v 43.0505 		7.5531 		4.5451
v 42.5396 		5.854 		3.8373
v 42.5216 		5.8437 		3.8373
v 42.996 		7.4077 		4.5313
v 42.1294 		8.6251 		2.4916
v 42.1147 		8.5788 		2.4916
v 47.6107 		7.3387 		6.6799
v 43.0501 		7.4077 		4.5527
v 42.101 		8.5287 		2.4916
v 45.7126 		4.2787 		2.8905
v 45.6815 		4.2787 		2.8571
v 47.61 		7.3397 		6.6772
v 42.1206 		8.6506 		2.4656
v 45.7125 		4.2954 		2.8906
v 42.1049 		8.6024 		2.4656
v 42.0909 		8.5504 		2.4656
v 43.0993 		8.0981 		4.4996
v 42.0782 		8.4957 		2.4656
v 43.0518 		7.9696 		4.5034
v 43.1006 		7.9696 		4.5199
v 42.5166 		5.9051 		3.7922
v 42.5253 		5.8843 		3.8103
v 45.6414 		4.2787 		2.8201
v 46.9304 		7.4067 		3.0859
v 46.9317 		7.4077 		3.0951
v 43.0009 		7.8346 		4.5004
v 42.1069 		-7.2624 		1.2582
v 43.0511 		7.8346 		4.5202
v 42.5134 		5.9125 		3.7853
v 45.6401 		4.3656 		2.8201
v 42.1131 		-7.3115 		1.2582
v 43.1016 		7.8346 		4.5371
v 42.0577 		8.4513 		2.4385
v 42.1206 		-7.3587 		1.2582
v 45.5987 		4.2787 		2.7869
v 42.1294 		-7.4041 		1.2582
v 45.5978 		4.3562 		2.7869
v 42.0476 		8.3899 		2.4385
v 42.4721 		5.8786 		3.7853
v 42.0394 		8.3247 		2.4385
v 42.1245 		-7.2454 		1.238
v 45.5544 		4.2787 		2.7574
v 45.5534 		4.3458 		2.7574
v 42.1303 		-7.2907 		1.238
v 42.0332 		8.2596 		2.4385
v 42.9446 		7.5531 		4.5
v 42.9426 		7.4077 		4.5073
v 42.4914 		5.9588 		3.7307
v 42.5115 		5.9164 		3.7807
v 45.9164 		-6.8346 		5.2399
v 42.0499 		8.4636 		2.4102
v 42.0394 		8.3993 		2.4102
v 45.5078 		4.2787 		2.7322
v 45.5072 		4.3354 		2.7322
v 43.0091 		8.2218 		4.4442
v 45.9135 		-6.9696 		5.2219
v 42.031 		8.3332 		2.4102
v 42.0244 		8.2652 		2.4102
v 45.9099 		-7.0981 		5.2009
v 43.0534 		8.2218 		4.4614
v 45.906 		-7.2218 		5.1772
v 43.0977 		8.2218 		4.4763
v 45.4599 		4.2787 		2.7116
v 45.9223 		-6.4077 		5.2743
v 45.4593 		4.3241 		2.7116
v 43.0061 		8.0981 		4.4652
v 45.9206 		-6.5531 		5.2662
v 43.0524 		8.0981 		4.484
v 42.0437 		8.4721 		2.3812
v 42.4718 		5.996 		3.6746
v 42.4792 		5.982 		3.6957
v 45.4107 		4.2787 		2.6952
v 42.0332 		8.4069 		2.3812
v 45.919 		-6.6957 		5.2544
v 45.4101 		4.3137 		2.6952
v 42.0244 		8.3389 		2.3812
v 47.6012 		7.4124 		6.6963
v 47.6009 		7.4152 		6.6929
v 42.0176 		8.2699 		2.3812
v 45.4088 		4.3477 		2.6952
v 43.0032 		7.9696 		4.4843
v 42.0391 		8.4787 		2.3518
v 42.0283 		8.4126 		2.3518
v 45.9223 		-5.8146 		5.2743
v 46.9248 		7.385 		3.05
v 46.9226 		7.3642 		3.0336
v 42.0199 		8.3436 		2.3518
v 45.9229 		-5.9619 		5.2796
v 46.9235 		7.3756 		3.0416
v 42.1502 		4.7509 		3.8873
v 42.013 		8.2737 		2.3518
v 42.1388 		4.6357 		3.8873
v 45.3606 		4.2787 		2.6837
v 45.9233 		-6.1102 		5.2811
v 45.3602 		4.3023 		2.6837
v 45.3593 		4.325 		2.6837
v 45.9233 		-6.1121 		5.2811
v 45.946 		-6.1121 		5.2861
v 47.6042 		7.3982 		6.6967
v 45.9229 		-6.2603 		5.2796
v 42.8471 		7.6957 		4.4354
v 47.6003 		7.4181 		6.6898
v 42.8967 		7.6957 		4.4641
v 45.9472 		-6.207 		5.2853
v 45.9468 		-6.1775 		5.2855
v 47.6039 		7.4011 		6.694
v 42.1303 		8.7195 		2.4385
v 42.9475 		7.6957 		4.4901
v 42.1131 		8.6723 		2.4385
v 47.6032 		7.4039 		6.691
v 42.3044 		-7.2271 		2.6667
v 42.306 		-7.2331 		2.6663
v 45.9164 		-5.3877 		5.2399
v 42.0968 		8.6222 		2.4385
v 45.3576 		4.3477 		2.6837
v 42.8419 		7.5531 		4.4439
v 45.919 		-5.5265 		5.2544
v 42.8928 		7.5531 		4.4733
v 47.6026 		7.4077 		6.6849
v 42.1069 		8.6902 		2.4102
v 47.6029 		7.4058 		6.6879
v 45.9206 		-5.6691 		5.2662
v 42.8383 		7.4077 		4.4503
v 46.9291 		7.4039 		3.0768
v 42.0824 		8.5684 		2.4385
v 42.8902 		7.4077 		4.4801
v 47.6019 		7.4086 		6.6818
v 42.0691 		8.5117 		2.4385
v 42.2506 		5.2704 		3.8873
v 42.0903 		8.6392 		2.4102
v 42.2251 		5.1769 		3.8873
v 45.3097 		4.2787 		2.6765
v 42.0753 		8.5835 		2.4102
v 45.3094 		4.2901 		2.6765
v 42.0616 		8.5249 		2.4102
v 47.6016 		7.4086 		6.6788
v 42.2291 		5.3242 		3.8373
v 45.3091 		4.3023 		2.6765
v 45.3084 		4.3137 		2.6765
v 42.9224 		8.2218 		4.4018
v 45.3071 		4.3241 		2.6765
v 47.6055 		7.3916 		6.6891
v 42.202 		5.0768 		3.8873
v 42.9654 		8.2218 		4.424
v 42.1818 		4.9719 		3.8873
v 42.2941 		-7.1825 		2.6689
v 42.1017 		8.7053 		2.3812
v 42.9143 		8.0981 		4.4209
v 42.1645 		4.8633 		3.8873
v 42.9599 		8.0981 		4.4446
v 42.085 		8.6524 		2.3812
v 42.0694 		8.5958 		2.3812
v 47.6052 		7.3935 		6.6864
v 42.2946 		-7.1845 		2.6688
v 42.2966 		-7.1933 		2.6684
v 42.202 		5.2251 		3.8373
v 42.0557 		8.5353 		2.3812
v 42.9074 		7.9696 		4.4377
v 47.6048 		7.3944 		6.6837
v 42.1779 		5.1202 		3.8373
v 42.0984 		8.7148 		2.3518
v 42.955 		7.9696 		4.4622
v 42.0811 		8.6609 		2.3518
v 45.3058 		4.3354 		2.6765
v 42.1564 		5.0097 		3.8373
v 42.0655 		8.6043 		2.3518
v 47.6045 		7.3954 		6.6811
v 45.9135 		-5.2526 		5.2219
v 42.1381 		4.8945 		3.8373
v 42.9016 		7.8346 		4.4523
v 45.3042 		4.3458 		2.6765
v 45.3022 		4.3562 		2.6765
v 42.2974 		-7.1969 		2.6682
v 42.2994 		-7.2058 		2.6678
v 42.9508 		7.8346 		4.4775
v 45.3 		4.3656 		2.6765
v 47.6039 		7.3954 		6.6784
v 42.0515 		8.5429 		2.3518
v 42.3007 		-7.2116 		2.6675
v 42.3025 		-7.2195 		2.6671
v 42.1245 		8.7384 		2.4102
v 42.1199 		8.7535 		2.3812
v 46.9274 		7.3992 		3.0676
v 42.303 		-7.2218 		2.667
v 42.1365 		8.8102 		2.3518
v 42.8608 		7.9696 		4.411
v 46.9261 		7.3926 		3.0588
v 42.117 		8.7648 		2.3518
v 42.2847 		-7.1418 		2.6696
v 42.8533 		7.8346 		4.4244
v 42.2844 		-7.1424 		2.6696
v 42.2869 		-7.1514 		2.6696
v 42.0257 		8.4163 		2.322
v 42.0169 		8.3464 		2.322
v 42.0101 		8.2756 		2.322
v 42.1818 		5.2676 		3.7853
v 42.839 		8.2218 		4.351
v 42.1564 		5.158 		3.7853
v 45.9479 		-6.2603 		5.2849
v 42.8801 		8.2218 		4.3774
v 42.287 		-7.1516 		2.6696
v 42.0248 		8.4173 		2.2922
v 46.9082 		7.6957 		3.1001
v 46.9056 		7.6938 		3.0817
v 42.016 		8.3474 		2.2922
v 42.287 		-7.1519 		2.6696
v 42.0091 		8.2756 		2.2922
v 42.8266 		8.0981 		4.3675
v 42.87 		8.0981 		4.3953
v 42.1645 		5.3044 		3.7307
v 46.9219 		7.5531 		3.097
v 42.8159 		7.9696 		4.382
v 46.9199 		7.5512 		3.0833
v 42.287 		-7.1519 		2.6696
v 42.2893 		-7.1615 		2.6695
v 42.1381 		5.1901 		3.7307
v 42.0788 		8.6666 		2.322
v 42.0629 		8.609 		2.322
v 42.0489 		8.5476 		2.322
v 42.0365 		8.4834 		2.322
v 45.9614 		-6.9696 		5.2322
v 42.8064 		7.8346 		4.3942
v 42.0782 		8.6685 		2.2922
v 42.0622 		8.6109 		2.2922
v 42.0479 		8.5486 		2.2922
v 42.0355 		8.4843 		2.2922
v 45.9558 		-7.0981 		5.2108
v 42.1502 		5.3337 		3.6746
v 46.9027 		7.6882 		3.0638
v 45.9496 		-7.2218 		5.1868
v 46.9001 		7.6797 		3.0458
v 42.1349 		8.8177 		2.322
v 42.115 		8.7714 		2.322
v 42.2893 		-7.1619 		2.6695
v 42.2916 		-7.1715 		2.6692
v 46.9157 		7.5408 		3.0561
v 46.9177 		7.5474 		3.0699
v 47.5905 		7.4492 		6.6948
v 47.5898 		7.4511 		6.6906
v 47.5947 		7.4369 		6.6971
v 45.9508 		-6.3387 		5.2831
v 47.5941 		7.4398 		6.6933
v 45.9534 		-6.4077 		5.2812
v 46.9138 		7.5314 		3.0428
v 42.2918 		-7.1725 		2.6692
v 47.5934 		7.4417 		6.6891
v 47.5928 		7.4426 		6.6849
v 42.0961 		8.7214 		2.322
v 47.5973 		7.4294 		6.6914
v 45.6802 		4.3751 		4.0191
v 42.1342 		8.8196 		2.2922
v 47.5967 		7.4313 		6.6875
v 45.6763 		4.4704 		4.0191
v 42.2642 		-7.1849 		2.6635
v 42.1144 		8.7733 		2.2922
v 42.0955 		8.7233 		2.2922
v 42.2678 		-7.1991 		2.6635
v 47.5921 		7.4436 		6.6807
v 45.6698 		4.5649 		4.0191
v 45.661 		4.6574 		4.0191
v 42.4496 		5.6897 		3.8873
v 42.4122 		5.6397 		3.8873
v 47.598 		7.4266 		6.6952
v 45.6492 		4.7481 		4.0191
v 47.596 		7.4322 		6.6841
v 43.1274 		8.5476 		4.4018
v 47.5957 		7.4322 		6.6803
v 42.4389 		5.7662 		3.8373
v 43.0553 		8.4475 		4.4095
v 42.3991 		5.7133 		3.8373
v 43.0938 		8.4475 		4.4225
v 43.1326 		8.4475 		4.4332
v 45.9927 		-7.2218 		5.1937
v 43.0544 		8.3379 		4.4366
v 45.7442 		4.3894 		3.9446
v 43.0957 		8.3379 		4.4507
v 45.7434 		4.5015 		3.9397
v 45.7435 		4.4871 		3.9403
v 43.1371 		8.3379 		4.4622
v 47.5993 		7.4209 		6.683
v 45.7401 		4.614 		3.9343
v 42.2721 		-7.2114 		2.6635
v 45.7426 		4.5772 		3.9343
v 45.7297 		4.7226 		3.9343
v 42.376 		5.5811 		3.8873
v 45.7422 		4.6154 		3.9312
v 42.3415 		5.5141 		3.8873
v 45.7402 		4.7325 		3.9179
v 45.9663 		-6.8346 		5.2506
v 45.742 		4.6268 		3.9299
v 45.7177 		4.3836 		3.9786
v 42.3092 		5.4404 		3.8873
v 45.7134 		4.4874 		3.9786
v 45.7063 		4.5904 		3.9786
v 42.9716 		8.3379 		4.4015
v 45.6965 		4.6914 		3.9786
v 42.361 		5.651 		3.8373
v 43.0127 		8.3379 		4.4202
v 45.6841 		4.7897 		3.9786
v 42.2763 		-7.2237 		2.6635
v 42.3248 		5.5811 		3.8373
v 45.9626 		-6.5531 		5.2754
v 45.9603 		-6.5164 		5.2768
v 42.2812 		-7.2341 		2.6635
v 45.9593 		-6.5005 		5.2775
v 45.9702 		-6.6957 		5.2659
v 46.9203 		7.3368 		3.0187
v 46.9213 		7.351 		3.026
v 46.9193 		7.3208 		3.0118
v 43.0576 		8.6392 		4.3487
v 47.5996 		7.4199 		6.6864
v 43.0896 		8.6392 		4.3594
v 45.716 		4.8284 		3.9343
v 42.0248 		8.4173 		1.5283
v 42.016 		8.3474 		1.5283
v 42.0091 		8.2756 		1.5283
v 43.1215 		8.6392 		4.3682
v 42.3877 		5.7776 		3.7853
v 47.5986 		7.4209 		6.6795
v 42.348 		5.7133 		3.7853
v 43.0563 		8.5476 		4.3801
v 42.0257 		8.4163 		1.4985
v 42.0169 		8.3464 		1.4985
v 42.0101 		8.2756 		1.4985
v 42.3102 		5.6397 		3.7853
v 46.9183 		7.3038 		3.0057
v 42.0283 		8.4126 		1.4687
v 42.0391 		8.4787 		1.4687
v 42.0199 		8.3436 		1.4687
v 46.9173 		7.2858 		3
v 42.3369 		5.7662 		3.7307
v 45.6688 		4.8851 		3.9786
v 42.013 		8.2737 		1.4687
v 45.6512 		4.9767 		3.9786
v 42.2826 		-7.1328 		2.6696
v 42.2825 		-7.133 		2.6696
v 47.582 		7.4691 		6.6933
v 42.2819 		-7.1296 		2.6696
v 47.581 		7.47 		6.6883
v 43.0918 		8.5476 		4.3919
v 45.6997 		4.9304 		3.9343
v 42.2803 		-7.123 		2.6695
v 45.6808 		5.0286 		3.9343
v 42.0782 		8.6685 		1.5283
v 42.0622 		8.6109 		1.5283
v 47.5804 		7.4709 		6.6833
v 42.4291 		5.8333 		3.7853
v 42.0788 		8.6666 		1.4985
v 42.0629 		8.609 		1.4985
v 42.2803 		-7.1231 		2.6695
v 42.4653 		5.9372 		3.7307
v 46.0011 		-7.0981 		5.2181
v 45.6593 		5.1221 		3.9343
v 47.5866 		7.4587 		6.6967
v 42.0984 		8.7148 		1.4687
v 42.421 		5.8899 		3.7307
v 47.5859 		7.4606 		6.6917
v 42.0811 		8.6609 		1.4687
v 42.0655 		8.6043 		1.4687
v 42.3783 		5.8333 		3.7307
v 45.9754 		-6.6957 		5.2667
v 47.5846 		7.4624 		6.6822
v 47.5853 		7.4615 		6.6872
v 45.9711 		-6.6483 		5.2698
v 42.0479 		8.5486 		1.5283
v 42.0355 		8.4843 		1.5283
v 42.2786 		5.3592 		3.8873
v 42.0489 		8.5476 		1.4985
v 42.2906 		5.5027 		3.8373
v 47.5892 		7.453 		6.686
v 42.0365 		8.4834 		1.4985
v 42.0515 		8.5429 		1.4687
v 42.2587 		5.4168 		3.8373
v 46.9082 		7.4879 		3.0053
v 46.9098 		7.5049 		3.0176
v 45.5505 		4.4128 		4.1188
v 42.0577 		8.4513 		1.382
v 47.5885 		7.453 		6.6814
v 45.5459 		4.4789 		4.1188
v 46.9063 		7.4691 		2.9939
v 45.5398 		4.5432 		4.1188
v 42.0437 		8.4721 		1.4393
v 45.9855 		-6.7838 		5.2589
v 45.5316 		4.6064 		4.1188
v 42.9938 		8.6392 		4.3212
v 46.9046 		7.4473 		2.9832
v 42.0332 		8.4069 		1.4393
v 43.0254 		8.6392 		4.3358
v 47.5628 		7.4927 		6.6929
v 47.5618 		7.4936 		6.6872
v 42.0244 		8.3389 		1.4393
v 42.2743 		5.5575 		3.7853
v 42.9856 		8.5476 		4.3499
v 42.0176 		8.2699 		1.4393
v 47.5683 		7.487 		6.6971
v 42.2411 		5.4678 		3.7853
v 47.5677 		7.4889 		6.6917
v 43.0208 		8.5476 		4.3659
v 42.2102 		5.3714 		3.7853
v 45.5049 		4.3921 		4.144
v 47.5667 		7.4889 		6.686
v 42.2975 		5.6897 		3.7307
v 47.5716 		7.4842 		6.6853
v 45.501 		4.4478 		4.144
v 42.2684 		-7.0684 		2.668
v 42.2607 		5.6047 		3.7307
v 42.9785 		8.4475 		4.377
v 45.4958 		4.5016 		4.144
v 42.2258 		5.5122 		3.7307
v 42.0499 		8.4636 		1.4102
v 42.2692 		-7.0725 		2.6682
v 42.2709 		-7.0804 		2.6685
v 43.0166 		8.4475 		4.3942
v 42.0394 		8.3993 		1.4102
v 45.4889 		4.5554 		4.144
v 47.5732 		7.4823 		6.696
v 42.1939 		5.4111 		3.7307
v 42.031 		8.3332 		1.4102
v 47.5722 		7.4832 		6.6906
v 45.4808 		4.6064 		4.144
v 42.2714 		-7.083 		2.6686
v 42.2733 		-7.0925 		2.6688
v 47.5768 		7.4776 		6.6895
v 42.0244 		8.2652 		1.4102
v 47.5775 		7.4757 		6.6944
v 42.0476 		8.3899 		1.382
v 42.2744 		-7.0981 		2.669
v 42.2737 		-7.0943 		2.6689
v 42.2755 		-7.1026 		2.6691
v 43.0303 		8.7214 		4.304
v 42.0394 		8.3247 		1.382
v 47.5762 		7.4776 		6.6841
v 43.0586 		8.7214 		4.3151
v 42.3278 		5.8097 		3.6746
v 45.5222 		4.6678 		4.1188
v 42.0332 		8.2596 		1.382
v 45.5108 		4.7264 		4.1188
v 43.0873 		8.7214 		4.3247
v 45.4977 		4.7821 		4.1188
v 42.2757 		-7.1036 		2.6692
v 42.278 		-7.113 		2.6694
v 43.1156 		8.7214 		4.3327
v 45.4834 		4.835 		4.1188
v 42.4601 		5.9863 		3.6746
v 42.1017 		8.7053 		1.4393
v 42.278 		-7.1134 		2.6694
v 42.085 		8.6524 		1.4393
v 45.9782 		-6.7206 		5.2645
v 42.0694 		8.5958 		1.4393
v 42.4141 		5.9372 		3.6746
v 42.0557 		8.5353 		1.4393
v 42.2535 		-7.1236 		2.6635
v 45.5948 		4.4327 		4.0894
v 42.2554 		-7.1396 		2.6635
v 42.9622 		8.6392 		4.3052
v 45.9915 		-6.8346 		5.2545
v 45.5896 		4.5092 		4.0894
v 42.3701 		5.8786 		3.6746
v 46.9033 		7.4237 		2.9733
v 42.9172 		8.5476 		4.3125
v 42.2581 		-7.1557 		2.6635
v 45.5821 		4.5838 		4.0894
v 42.9511 		8.5476 		4.3323
v 42.261 		-7.1708 		2.6635
v 42.9038 		8.4475 		4.3361
v 42.1069 		8.6902 		1.4102
v 45.6369 		4.4525 		4.0561
v 42.4603 		6.016 		3.6345
v 46.9017 		7.3982 		2.9637
v 42.1303 		8.7195 		1.382
v 42.4691 		6.0004 		3.6655
v 42.9407 		8.4475 		4.3575
v 42.1131 		8.6723 		1.382
v 45.631 		4.5375 		4.0561
v 42.0968 		8.6222 		1.382
v 46.9004 		7.3708 		2.9553
v 42.8915 		8.3379 		4.3579
v 46.0086 		-6.9696 		5.2399
v 46.0093 		-6.9565 		5.2417
v 46.0039 		-6.9198 		5.2455
v 46.8994 		7.3425 		2.9477
v 46.0111 		-6.9696 		5.2401
v 42.9312 		8.3379 		4.3808
v 42.2444 		-7.2274 		2.6555
v 42.0903 		8.6392 		1.4102
v 45.573 		4.6565 		4.0894
v 46.0344 		-7.2218 		5.1975
v 46.8984 		7.3123 		2.9408
v 42.4556 		6.0243 		3.6179
v 42.0753 		8.5835 		1.4102
v 46.8975 		7.2811 		2.9351
v 45.5619 		4.7264 		4.0894
v 42.4553 		6.0248 		3.6169
v 42.4089 		5.9749 		3.6169
v 42.0616 		8.5249 		1.4102
v 42.4552 		6.0249 		3.6166
v 45.6225 		4.6216 		4.0561
v 42.868 		8.4475 		4.3128
v 42.0824 		8.5684 		1.382
v 45.6124 		4.7037 		4.0561
v 42.0691 		8.5117 		1.382
v 42.2281 		-7.1236 		2.6555
v 42.8155 		8.3379 		4.3063
v 42.3639 		5.9145 		3.6169
v 42.23 		-7.1453 		2.6555
v 42.8527 		8.3379 		4.3331
v 45.5997 		4.7821 		4.0561
v 42.3203 		5.8437 		3.6169
v 42.233 		-7.167 		2.6555
v 42.2362 		-7.1878 		2.6555
v 42.405 		6.0014 		3.5581
v 42.2401 		-7.2076 		2.6555
v 45.6355 		4.835 		4.0191
v 42.4418 		6.0408 		3.5581
v 46.8975 		7.6664 		3.0283
v 42.1342 		8.8196 		1.5283
v 42.1144 		8.7733 		1.5283
v 42.0955 		8.7233 		1.5283
v 42.3594 		5.94 		3.5581
v 46.8949 		7.6513 		3.0111
v 42.1349 		8.8177 		1.4985
v 42.115 		8.7714 		1.4985
v 42.0961 		8.7214 		1.4985
v 42.3151 		5.8682 		3.5581
v 42.1365 		8.8102 		1.4687
v 42.117 		8.7648 		1.4687
v 47.5423 		7.3246 		6.7659
v 46.8923 		7.6315 		2.9947
v 46.0153 		-6.9931 		5.2367
v 46.0337 		-7.0981 		5.2212
v 46.0254 		-7.0501 		5.2283
v 47.5527 		7.3255 		6.7659
v 42.4386 		6.0426 		3.5413
v 46.9118 		7.5191 		3.0302
v 47.5582 		7.3104 		6.7651
v 47.5576 		7.3104 		6.7651
v 42.1199 		8.7535 		1.4393
v 42.2499 		-7.0726 		2.6635
v 42.2499 		-7.0556 		2.6635
v 42.1245 		8.7384 		1.4102
v 47.5576 		7.3255 		6.7651
v 42.2506 		-7.0905 		2.6635
v 47.5582 		7.3255 		6.7647
v 47.5475 		7.3397 		6.7655
v 42.2519 		-7.1066 		2.6635
v 47.5423 		7.3387 		6.7651
v 43.0625 		8.9074 		4.2063
v 42.0671 		8.4381 		1.3549
v 43.0795 		8.9074 		4.212
v 45.5489 		4.7944 		4.0894
v 42.0577 		8.3776 		1.3549
v 43.0964 		8.9074 		4.2166
v 47.5423 		7.3529 		6.7643
v 43.0612 		8.8564 		4.2437
v 42.2874 		5.7313 		3.6746
v 42.089 		8.4768 		1.3289
v 42.2489 		5.6444 		3.6746
v 43.0821 		8.8564 		4.251
v 47.5419 		7.3671 		6.7624
v 42.0782 		8.4211 		1.3289
v 42.2251 		-7.0556 		2.6555
v 43.1029 		8.8564 		4.2567
v 42.0691 		8.3634 		1.3289
v 42.2134 		5.5481 		3.6746
v 42.2255 		-7.0782 		2.6555
v 42.0616 		8.3039 		1.3289
v 47.5416 		7.3803 		6.7605
v 42.1802 		5.4451 		3.6746
v 42.0557 		8.2435 		1.3289
v 42.2264 		-7.1009 		2.6555
v 45.585 		4.8586 		4.0561
v 46.0591 		-7.2218 		5.1982
v 45.5684 		4.9313 		4.0561
v 46.0417 		-7.1368 		5.2145
v 47.5472 		7.3538 		6.7643
v 46.8681 		7.7278 		2.9534
v 45.6193 		4.9191 		4.0191
v 46.8652 		7.6967 		2.9347
v 45.6007 		4.9993 		4.0191
v 47.5472 		7.368 		6.7628
v 45.5802 		5.0749 		4.0191
v 47.5468 		7.3812 		6.7605
v 43.0599 		8.7941 		4.2804
v 45.5577 		5.1457 		4.0191
v 42.2789 		5.7643 		3.6169
v 43.0847 		8.7941 		4.2888
v 46.89 		7.6098 		2.9786
v 42.2401 		5.6746 		3.6169
v 47.5524 		7.3397 		6.7651
v 43.1094 		8.7941 		4.2956
v 46.8877 		7.5843 		2.9633
v 47.5524 		7.3538 		6.7639
v 42.2499 		-6.9783 		2.6635
v 42.273 		5.787 		3.5581
v 42.101 		8.4551 		1.3037
v 46.8854 		7.5559 		2.9492
v 42.2336 		5.6963 		3.5581
v 47.552 		7.368 		6.7624
v 42.1254 		8.4777 		1.2804
v 46.8835 		7.5248 		2.9358
v 42.1147 		8.4305 		1.2804
v 47.5517 		7.3822 		6.7601
v 45.5339 		4.8586 		4.0894
v 42.9993 		8.8564 		4.2158
v 42.1049 		8.3814 		1.2804
v 42.2036 		5.5764 		3.6169
v 45.5173 		4.9191 		4.0894
v 47.5576 		7.3397 		6.7643
v 43.0198 		8.8564 		4.2261
v 42.0968 		8.3304 		1.2804
v 42.1698 		5.4706 		3.6169
v 43.0404 		8.8564 		4.2357
v 45.4994 		4.9767 		4.0894
v 47.5573 		7.3538 		6.7632
v 42.1388 		5.3582 		3.6169
v 45.4795 		5.0286 		4.0894
v 47.5573 		7.368 		6.7617
v 42.2251 		-6.8355 		2.6555
v 42.1965 		5.5972 		3.5581
v 42.2481 		-6.9696 		2.6629
v 47.5576 		7.3822 		6.7594
v 47.5569 		7.3822 		6.7594
v 42.9863 		8.7941 		4.2468
v 42.1623 		5.4895 		3.5581
v 42.225 		-6.8346 		2.6554
v 43.0107 		8.7941 		4.2594
v 45.5495 		4.9993 		4.0561
v 42.0909 		8.4022 		1.3037
v 43.0351 		8.7941 		4.2704
v 45.5293 		5.0636 		4.0561
v 42.0824 		8.3483 		1.3037
v 42.201 		-7.0556 		2.6451
v 42.2014 		-7.0839 		2.6451
v 42.0753 		8.2917 		1.3037
v 46.8698 		7.9696 		3.1081
v 46.8655 		7.9668 		3.0814
v 42.9739 		8.7214 		4.2769
v 47.5582 		7.3397 		6.7639
v 45.945 		-5.8146 		5.2793
v 43.0019 		8.7214 		4.2911
v 45.9458 		-5.9619 		5.2845
v 45.9453 		-5.877 		5.2814
v 47.5579 		7.3538 		6.7628
v 46.8616 		7.9583 		3.0546
v 42.0903 		8.2775 		1.2804
v 45.9459 		-6.0245 		5.2852
v 45.946 		-6.1102 		5.2861
v 42.2027 		-7.1122 		2.6451
v 45.9398 		-5.3877 		5.2449
v 45.5072 		5.1221 		4.0561
v 45.9384 		-5.3164 		5.2355
v 42.1502 		5.3337 		3.2017
v 47.5579 		7.368 		6.7613
v 42.2046 		-7.1396 		2.6451
v 45.9409 		-5.4508 		5.2517
v 45.4837 		5.1769 		4.0561
v 45.942 		-5.5265 		5.2595
v 45.9438 		-5.6691 		5.2713
v 45.9428 		-5.5892 		5.2646
v 42.1645 		5.3044 		3.1455
v 42.1381 		5.1901 		3.1455
v 42.0499 		8.3153 		1.3549
v 42.2072 		-7.167 		2.6451
v 43.057 		8.9764 		4.1249
v 45.9443 		-5.7321 		5.2748
v 42.0437 		8.252 		1.3549
v 43.0654 		8.9764 		4.1283
v 45.9371 		-5.2526 		5.227
v 45.9356 		-5.1882 		5.2165
v 42.2105 		-7.1934 		2.6451
v 45.5332 		5.2109 		4.0191
v 43.0739 		8.9764 		4.131
v 43.0827 		8.9764 		4.1337
v 42.2147 		-7.2199 		2.6451
v 42.1206 		8.6506 		1.3549
v 45.4951 		5.2222 		4.0382
v 45.5072 		5.2222 		4.0311
v 45.5283 		5.2222 		4.0191
v 47.5178 		7.3227 		6.7586
v 42.4027 		6.0174 		3.4985
v 42.4304 		6.0469 		3.4985
v 47.5227 		7.3104 		6.7609
v 47.5227 		7.3227 		6.7609
v 42.1049 		8.6024 		1.3549
v 47.5273 		7.3236 		6.7628
v 47.5276 		7.3104 		6.7628
v 42.0909 		8.5504 		1.3549
v 45.4824 		5.2222 		4.0447
v 43.0641 		8.9481 		4.1677
v 42.4212 		6.0435 		3.4385
v 42.4021 		6.0231 		3.4385
v 46.8874 		7.8327 		3.081
v 43.0768 		8.9481 		4.1719
v 46.8906 		7.8346 		3.1035
v 42.0782 		8.4957 		1.3549
v 46.8841 		7.8261 		3.0584
v 43.0896 		8.9481 		4.1753
v 42.4021 		6.0231 		3.4377
v 46.8805 		7.8147 		3.0363
v 47.5325 		7.3236 		6.7643
v 42.1294 		8.6251 		1.3289
v 42.4211 		6.0434 		3.4377
v 42.1147 		8.5788 		1.3289
v 47.5374 		7.3246 		6.7655
v 47.5374 		7.3104 		6.7655
v 45.5366 		5.2222 		4.0136
v 42.101 		8.5287 		1.3289
v 45.5329 		5.2222 		4.016
v 42.3565 		5.9561 		3.4985
v 47.5178 		7.334 		6.7578
v 43.0387 		8.9481 		4.157
v 46.8118 		8.218 		3.084
v 46.817 		8.2218 		3.1188
v 43.0514 		8.9481 		4.1627
v 42.3121 		5.8833 		3.4985
v 45.6313 		5.0636 		3.9786
v 43.0127 		8.9074 		4.1833
v 43.029 		8.9074 		4.1921
v 46.8404 		8.0952 		3.0821
v 46.845 		8.0981 		3.1131
v 42.3555 		5.9608 		3.4385
v 46.8359 		8.0867 		3.0516
v 45.6088 		5.1457 		3.9786
v 42.1254 		8.5514 		1.3037
v 43.0459 		8.9074 		4.1994
v 42.3112 		5.8881 		3.4385
v 42.1124 		8.5051 		1.3037
v 42.1799 		-7.1226 		2.6325
v 42.1821 		-7.1557 		2.6325
v 45.5841 		5.2222 		3.9791
v 45.5844 		5.2222 		3.9789
v 47.5178 		7.3463 		6.7571
v 42.1851 		-7.1878 		2.6325
v 45.5847 		5.2222 		3.9786
v 42.3555 		5.9608 		3.4377
v 42.3112 		5.8881 		3.4377
v 45.5577 		5.2222 		3.9982
v 42.1893 		-7.2199 		2.6325
v 42.9807 		8.9074 		4.1639
v 46.8183 		7.9913 		2.9347
v 42.9964 		8.9074 		4.1742
v 45.6352 		5.2109 		3.9343
v 46.8577 		7.9451 		3.0283
v 42.4146 		6.0304 		3.3803
v 42.1294 		8.4041 		1.2582
v 42.4143 		6.0298 		3.3778
v 46.8538 		7.9271 		3.0027
v 42.4027 		6.0174 		3.3778
v 42.9794 		8.8564 		4.204
v 42.1206 		8.3587 		1.2582
v 46.8499 		7.9035 		2.9775
v 45.6088 		5.2222 		3.9557
v 45.6316 		5.2222 		3.9343
v 42.3565 		5.9561 		3.3778
v 42.3121 		5.8833 		3.3778
v 46.8463 		7.8761 		2.953
v 42.4104 		6.0093 		3.3252
v 47.5175 		7.3576 		6.7555
v 42.1577 		-7.133 		2.618
v 42.1603 		-7.1708 		2.618
v 45.6398 		5.2222 		3.9254
v 46.8773 		7.7996 		3.0149
v 42.1639 		-7.2076 		2.618
v 45.6349 		5.2222 		3.9307
v 42.9798 		8.9481 		4.1188
v 47.5172 		7.3689 		6.754
v 46.8743 		7.7798 		2.9935
v 42.9908 		8.9481 		4.1276
v 47.5169 		7.3793 		6.7521
v 45.7386 		4.8027 		3.9076
v 46.8711 		7.7562 		2.9729
v 47.5224 		7.3359 		6.7601
v 47.5224 		7.3482 		6.7594
v 43.0022 		8.9481 		4.1356
v 42.2698 		5.8012 		3.4985
v 42.1395 		-7.1849 		2.6012
v 43.014 		8.9481 		4.1432
v 45.7375 		4.8539 		3.9
v 42.2297 		5.7096 		3.4985
v 47.5221 		7.3595 		6.7578
v 47.5221 		7.3718 		6.7563
v 42.1131 		8.3115 		1.2582
v 43.0263 		8.9481 		4.1505
v 42.2685 		5.8059 		3.4385
v 42.1437 		-7.2274 		2.6012
v 42.2284 		5.7143 		3.4385
v 42.1069 		8.2624 		1.2582
v 42.2685 		5.8059 		3.4377
v 45.7281 		4.9719 		3.8873
v 42.2284 		5.7143 		3.4377
v 45.7356 		4.9249 		3.8873
v 47.5217 		7.3831 		6.754
v 42.1303 		8.2907 		1.238
v 42.1922 		5.6094 		3.4985
v 42.1245 		8.2454 		1.238
v 45.7339 		4.9805 		3.876
v 42.1577 		5.5008 		3.4985
v 42.1779 		-7.0556 		2.6325
v 42.1782 		-7.0896 		2.6325
v 47.5273 		7.3368 		6.762
v 42.1557 		-7.0556 		2.618
v 42.1561 		-7.0943 		2.618
v 45.729 		5.1148 		3.8435
v 45.7306 		5.0689 		3.8546
v 47.5273 		7.3491 		6.7613
v 42.1906 		5.6142 		3.4385
v 47.527 		7.3623 		6.7597
v 43.0319 		8.9764 		4.1119
v 43.04 		8.9764 		4.1169
v 42.1561 		5.5046 		3.4385
v 42.1906 		5.6142 		3.4377
v 47.5266 		7.3746 		6.7578
v 45.728 		5.1374 		3.8373
v 42.2141 		-6.7558 		2.6507
v 43.0241 		8.9764 		4.107
v 43.0485 		8.9764 		4.1211
v 42.1561 		5.5046 		3.4377
v 47.5263 		7.3859 		6.7555
v 42.2698 		5.8012 		3.3778
v 47.5322 		7.3378 		6.7636
v 42.2297 		5.7096 		3.3778
v 47.5322 		7.351 		6.7624
v 47.5374 		7.3387 		6.7647
v 42.1922 		5.6094 		3.3778
v 45.7079 		5.0768 		3.8873
v 42.1577 		5.5008 		3.3778
v 46.8313 		8.0716 		3.0214
v 46.8268 		8.0499 		2.9916
v 42.9016 		8.6392 		4.2685
v 47.5318 		7.3642 		6.7613
v 42.9315 		8.6392 		4.2876
v 46.8225 		8.0234 		2.9626
v 45.6847 		5.1769 		3.8873
v 47.5315 		7.3765 		6.7594
v 47.5312 		7.3888 		6.7571
v 42.201 		-6.652 		2.6451
v 42.2057 		-6.6957 		2.6471
v 42.1779 		-6.3794 		2.6325
v 42.1792 		-6.4077 		2.6332
v 45.6593 		5.2222 		3.9026
v 45.6724 		5.2222 		3.8873
v 42.1839 		-6.4701 		2.6358
v 42.1903 		-6.5531 		2.6393
v 42.8452 		8.6392 		4.2261
v 42.1754 		-6.3234 		2.6309
v 42.3278 		5.8097 		3.2017
v 47.5371 		7.3519 		6.7636
v 47.5367 		7.3652 		6.762
v 42.8729 		8.6392 		4.2479
v 42.3369 		5.7662 		3.1455
v 45.7078 		5.2249 		3.8374
v 45.7079 		5.2249 		3.8373
v 47.5367 		7.3784 		6.7601
v 42.8217 		8.5476 		4.2445
v 45.7079 		5.2249 		3.8373
v 42.8524 		8.5476 		4.2685
v 42.8843 		8.5476 		4.2914
v 45.6878 		5.2222 		3.866
v 45.6835 		5.2222 		3.8719
v 47.5413 		7.3935 		6.7582
v 47.541 		7.4058 		6.7555
v 42.8331 		8.4475 		4.2884
v 45.7119 		5.2255 		3.8301
v 47.5403 		7.4181 		6.7521
v 42.4099 		6.0066 		3.3182
v 42.405 		6.0014 		3.3182
v 47.54 		7.4294 		6.7487
v 45.7238 		5.2272 		3.8089
v 47.5462 		7.3944 		6.7582
v 45.4573 		4.3703 		4.1646
v 42.3594 		5.94 		3.3182
v 47.5459 		7.4077 		6.7555
v 42.2251 		-5.3868 		2.6555
v 42.8191 		8.6392 		4.2032
v 45.4544 		4.4147 		4.1646
v 47.5455 		7.4199 		6.7521
v 45.4498 		4.4591 		4.1646
v 47.5449 		7.4313 		6.7487
v 42.3151 		5.8682 		3.3182
v 42.9397 		8.7941 		4.2181
v 45.4446 		4.5016 		4.1646
v 42.9628 		8.7941 		4.233
v 42.4095 		6.0004 		3.3072
v 45.4378 		4.5432 		4.1646
v 42.225 		-5.3877 		2.6554
v 42.4087 		5.9763 		3.2624
v 42.87 		8.7214 		4.2063
v 42.2165 		-5.4478 		2.6518
v 42.2057 		-5.5265 		2.6471
v 42.201 		-5.5702 		2.6451
v 42.8947 		8.7214 		4.2257
v 47.5514 		7.3954 		6.7578
v 42.9201 		8.7214 		4.2441
v 47.5511 		7.4086 		6.7548
v 42.3639 		5.9145 		3.2594
v 47.5566 		7.3954 		6.7571
v 42.9468 		8.7214 		4.2609
v 42.4087 		5.9746 		3.2594
v 42.1903 		-5.6691 		2.6393
v 42.1856 		-5.7316 		2.6368
v 42.1792 		-5.8146 		2.6332
v 42.3203 		5.8437 		3.2594
v 47.5504 		7.4209 		6.7517
v 42.1779 		-5.8414 		2.6325
v 45.4065 		4.3817 		4.1811
v 47.5501 		7.4322 		6.7479
v 47.5556 		7.4209 		6.751
v 45.4032 		4.4147 		4.1811
v 42.9231 		8.8564 		4.1639
v 42.4087 		5.9744 		3.259
v 45.399 		4.4478 		4.1811
v 42.941 		8.8564 		4.1784
v 45.3941 		4.4789 		4.1811
v 42.1762 		-5.8776 		2.6314
v 42.9599 		8.8564 		4.1917
v 42.1724 		-5.9619 		2.6289
v 42.1715 		-6.0252 		2.6283
v 42.1701 		-6.1102 		2.6274
v 42.1701 		-6.1121 		2.6274
v 42.1709 		-6.1753 		2.628
v 42.1724 		-6.2603 		2.6289
v 47.5566 		7.4086 		6.754
v 47.556 		7.4086 		6.754
v 42.896 		8.7941 		4.1856
v 42.1557 		-5.9848 		2.618
v 45.4303 		4.5838 		4.1646
v 42.9175 		8.7941 		4.2024
v 47.5556 		7.4322 		6.7471
v 47.555 		7.4322 		6.7471
v 42.1799 		-7.1226 		1.1879
v 42.3701 		5.8786 		3.2017
v 45.471 		4.6565 		4.144
v 42.1821 		-7.1557 		1.1879
v 42.1851 		-7.1878 		1.1879
v 42.4107 		5.9326 		3.2017
v 45.4603 		4.7037 		4.144
v 42.9693 		8.9481 		4.11
v 45.4482 		4.7481 		4.144
v 42.1893 		-7.2199 		1.1879
v 47.5569 		7.3954 		6.7567
v 42.9244 		8.9074 		4.1173
v 45.4348 		4.7897 		4.144
v 42.9374 		8.9074 		4.1299
v 42.2046 		-7.1396 		1.1753
v 42.2072 		-7.167 		1.1753
v 42.9511 		8.9074 		4.1417
v 42.2105 		-7.1934 		1.1753
v 42.9657 		8.9074 		4.1532
v 42.2147 		-7.2199 		1.1753
v 42.4111 		5.9284 		3.1969
v 47.5563 		7.4209 		6.7506
v 45.4215 		4.6216 		4.1646
v 42.3783 		5.8333 		3.1455
v 45.4117 		4.6574 		4.1646
v 45.401 		4.6914 		4.1646
v 42.8898 		8.8564 		4.1337
v 47.5211 		7.3944 		6.7517
v 42.4151 		5.8843 		3.1476
v 42.4153 		5.8825 		3.1455
v 47.5208 		7.4048 		6.7487
v 42.9061 		8.8564 		4.149
v 47.525 		7.419 		6.7471
v 45.4205 		4.8284 		4.144
v 42.201 		-7.0556 		1.1753
v 47.526 		7.3982 		6.7532
v 42.2014 		-7.0839 		1.1753
v 47.5257 		7.4086 		6.7502
v 42.4165 		5.875 		3.1383
v 42.2027 		-7.1122 		1.1753
v 47.5309 		7.4011 		6.7544
v 47.5361 		7.3916 		6.7578
v 42.8748 		8.8564 		4.1176
v 45.3553 		4.3703 		4.1925
v 45.3527 		4.3921 		4.1925
v 42.1395 		-7.1849 		1.2193
v 42.8227 		8.7941 		4.1108
v 47.5305 		7.4124 		6.7513
v 47.5299 		7.4228 		6.7479
v 42.273 		5.787 		3.3182
v 42.839 		8.7941 		4.1306
v 47.5354 		7.4152 		6.7521
v 42.1437 		-7.2274 		1.2193
v 47.5348 		7.4266 		6.7487
v 45.3495 		4.4128 		4.1925
v 42.2336 		5.6963 		3.3182
v 42.8566 		8.7941 		4.1494
v 42.1577 		-7.133 		1.2024
v 42.2789 		5.7643 		3.2594
v 42.8758 		8.7941 		4.1681
v 42.1603 		-7.1708 		1.2024
v 42.1639 		-7.2076 		1.2024
v 47.5358 		7.4039 		6.7552
v 42.2401 		5.6746 		3.2594
v 42.8045 		8.7214 		4.1429
v 42.8247 		8.7214 		4.1646
v 45.3882 		4.5092 		4.1811
v 42.8468 		8.7214 		4.186
v 45.3817 		4.5375 		4.1811
v 45.3742 		4.5649 		4.1811
v 47.5051 		7.3104 		6.749
v 42.1557 		-7.0556 		1.2024
v 47.5051 		7.3198 		6.7487
v 42.1561 		-7.0943 		1.2024
v 45.3661 		4.5904 		4.1811
v 47.5051 		7.3293 		6.7483
v 42.1965 		5.5972 		3.3182
v 47.5094 		7.3208 		6.7525
v 47.5136 		7.3104 		6.7559
v 47.5094 		7.3104 		6.7525
v 42.1779 		-7.0556 		1.1879
v 42.1623 		5.4895 		3.3182
v 42.1782 		-7.0896 		1.1879
v 42.2036 		5.5764 		3.2594
v 47.5136 		7.3217 		6.7555
v 42.1698 		5.4706 		3.2594
v 43.0544 		8.9943 		4.0829
v 42.1388 		5.3582 		3.2594
v 43.0583 		8.9943 		4.0848
v 43.0625 		8.9943 		4.0867
v 43.0671 		8.9943 		4.0886
v 43.0713 		8.9943 		4.0898
v 43.0755 		8.9943 		4.0913
v 47.5051 		7.3387 		6.7475
v 45.3456 		4.4327 		4.1925
v 47.509 		7.3312 		6.7517
v 42.2874 		5.7313 		3.2017
v 47.509 		7.3416 		6.751
v 45.341 		4.4525 		4.1925
v 42.2489 		5.6444 		3.2017
v 45.3361 		4.4704 		4.1925
v 42.2134 		5.5481 		3.2017
v 47.5087 		7.351 		6.7498
v 45.3306 		4.4874 		4.1925
v 47.5087 		7.3614 		6.7487
v 42.1802 		5.4451 		3.2017
v 47.5133 		7.3331 		6.7552
v 47.5133 		7.3434 		6.754
v 42.2975 		5.6897 		3.1455
v 42.2607 		5.6047 		3.1455
v 47.5129 		7.3548 		6.7529
v 42.2258 		5.5122 		3.1455
v 45.3247 		4.5035 		4.1925
v 42.1939 		5.4111 		3.1455
v 45.3185 		4.5177 		4.1925
v 47.5129 		7.3652 		6.7513
v 45.3117 		4.5309 		4.1925
v 47.5126 		7.3756 		6.7494
v 47.5123 		7.385 		6.7475
v 43.0162 		8.9764 		4.1016
v 47.5165 		7.3897 		6.7498
v 42.6396 		5.3329 		2.8055
v 45.3573 		4.614 		4.1811
v 45.3892 		4.7226 		4.1646
v 47.5162 		7.4001 		6.7471
v 42.6513 		5.3201 		2.8017
v 45.3768 		4.7509 		4.1646
v 47.5393 		7.4398 		6.7448
v 43.026 		8.9943 		4.0592
v 43.0286 		8.9943 		4.0626
v 47.5387 		7.4492 		6.7406
v 43.0319 		8.9943 		4.0661
v 45.3638 		4.7764 		4.1646
v 43.0351 		8.9943 		4.0691
v 42.6513 		5.2647 		2.7869
v 43.0387 		8.9943 		4.0722
v 47.5442 		7.4417 		6.7445
v 45.3498 		4.7982 		4.1646
v 43.0423 		8.9943 		4.0749
v 43.0462 		8.9943 		4.0779
v 42.6562 		5.3148 		2.8003
v 42.7044 		5.2742 		2.7894
v 47.5436 		7.4511 		6.7403
v 47.5494 		7.4426 		6.7441
v 42.721 		5.2647 		2.7869
v 47.5543 		7.4436 		6.7433
v 43.0501 		8.9943 		4.0802
v 42.6513 		5.1363 		2.7574
v 42.7543 		5.2458 		2.7825
v 42.7262 		5.2618 		2.7862
v 45.3478 		4.6357 		4.1811
v 45.3381 		4.6546 		4.1811
v 47.555 		7.4436 		6.7429
v 45.3276 		4.6716 		4.1811
v 45.3169 		4.6858 		4.1811
v 47.538 		7.4587 		6.7361
v 45.3355 		4.818 		4.1646
v 46.8815 		7.4908 		2.9232
v 42.9785 		8.9764 		4.063
v 42.9837 		8.9764 		4.0699
v 47.5429 		7.4606 		6.7357
v 45.3208 		4.8331 		4.1646
v 46.8799 		7.4549 		2.9121
v 47.5423 		7.4691 		6.7311
v 42.9892 		8.9764 		4.0768
v 42.6246 		5.2619 		2.7869
v 47.5416 		7.4757 		6.7257
v 46.8786 		7.4171 		2.9018
v 42.9954 		8.9764 		4.0833
v 46.8769 		7.3765 		2.893
v 43.0019 		8.9764 		4.0898
v 45.4052 		4.8633 		4.144
v 47.5488 		7.453 		6.7399
v 46.876 		7.3349 		2.8854
v 47.5481 		7.4615 		6.7353
v 42.5982 		5.2534 		2.7869
v 43.0091 		8.9764 		4.0959
v 45.4677 		4.8851 		4.1188
v 42.5718 		5.2383 		2.7869
v 45.4505 		4.9304 		4.1188
v 47.5472 		7.47 		6.7303
v 47.5537 		7.4624 		6.7341
v 47.553 		7.4624 		6.7341
v 42.6282 		5.1334 		2.7574
v 45.4322 		4.9719 		4.1188
v 47.5524 		7.4709 		6.7296
v 42.6051 		5.1249 		2.7574
v 45.413 		5.0097 		4.1188
v 42.5822 		5.1117 		2.7574
v 45.3928 		5.0428 		4.1188
v 43.0143 		8.9943 		4.0348
v 42.5601 		5.0938 		2.7574
v 47.5465 		7.4776 		6.7254
v 46.8538 		7.4898 		2.8583
v 43.0149 		8.9943 		4.0382
v 43.0159 		8.9943 		4.0416
v 47.552 		7.4776 		6.7242
v 47.553 		7.4709 		6.7292
v 43.0172 		8.9943 		4.0455
v 46.8522 		7.4398 		2.8472
v 43.0211 		8.9943 		4.0523
v 43.0234 		8.9943 		4.0558
v 46.8509 		7.3888 		2.8377
v 47.5543 		7.453 		6.7387
v 47.5537 		7.453 		6.7387
v 42.5383 		5.0702 		2.7574
v 45.3889 		4.8945 		4.144
v 42.5171 		5.0428 		2.7574
v 45.3716 		4.9228 		4.144
v 46.875 		7.2924 		2.8789
v 42.4969 		5.0097 		2.7574
v 45.354 		4.9464 		4.144
v 42.4777 		4.9719 		2.7574
v 45.3355 		4.9663 		4.144
v 46.8333 		7.7184 		2.8667
v 42.9739 		8.9764 		4.0561
v 46.8307 		7.6683 		2.8484
v 45.3169 		4.9814 		4.144
v 47.5514 		7.4776 		6.7242
v 46.8626 		7.6617 		2.9167
v 46.8603 		7.623 		2.9003
v 47.5579 		7.47 		6.728
v 42.9276 		8.9481 		4.06
v 42.9345 		8.9481 		4.0703
v 42.942 		8.9481 		4.0806
v 47.5573 		7.4776 		6.7231
v 46.8577 		7.5814 		2.8846
v 42.533 		5.3337 		2.8201
v 42.9504 		8.9481 		4.0905
v 42.5047 		5.3044 		2.8201
v 46.8558 		7.5371 		2.8709
v 45.3716 		5.0702 		4.1188
v 42.9596 		8.9481 		4.1005
v 42.4777 		5.2676 		2.8201
v 45.3498 		5.0938 		4.1188
v 42.8911 		8.9074 		4.0775
v 42.5461 		5.2166 		2.7869
v 45.3276 		5.1117 		4.1188
v 42.9012 		8.9074 		4.0909
v 42.521 		5.1901 		2.7869
v 42.9123 		8.9074 		4.1043
v 42.4969 		5.158 		2.7869
v 42.4734 		5.1202 		2.7869
v 47.5204 		7.4143 		6.7456
v 47.5198 		7.4237 		6.7422
v 42.6513 		4.7198 		2.6952
v 42.6393 		4.7179 		2.6952
v 45.4586 		5.0768 		4.0894
v 42.9094 		8.9481 		4.0183
v 42.6432 		4.5734 		2.6837
v 45.4365 		5.1202 		4.0894
v 42.6513 		4.5743 		2.6837
v 47.5191 		7.4322 		6.7387
v 42.9126 		8.9481 		4.0286
v 47.5188 		7.4398 		6.7345
v 47.5247 		7.4284 		6.7433
v 42.9165 		8.9481 		4.039
v 42.6513 		4.427 		2.6765
v 42.6474 		4.4261 		2.6765
v 45.413 		5.158 		4.0894
v 47.524 		7.4379 		6.7395
v 42.9218 		8.9481 		4.0497
v 42.6432 		4.4251 		2.6765
v 42.6393 		4.4232 		2.6765
v 47.5182 		7.4473 		6.7307
v 45.458 		5.2222 		4.057
v 45.4586 		5.2222 		4.0568
v 45.4601 		5.2222 		4.0561
v 47.5234 		7.4454 		6.7353
v 42.9605 		8.9764 		4.0214
v 42.9618 		8.9764 		4.0283
v 45.4243 		5.2222 		4.0699
v 47.5279 		7.4511 		6.7361
v 42.9638 		8.9764 		4.0351
v 45.3935 		5.2222 		4.08
v 45.4096 		5.2222 		4.0748
v 42.9667 		8.9764 		4.042
v 47.5292 		7.4332 		6.7441
v 47.5286 		7.4426 		6.7403
v 47.5341 		7.4369 		6.7448
v 42.97 		8.9764 		4.0493
v 42.6513 		5.0012 		2.7322
v 47.5338 		7.4464 		6.7406
v 45.3889 		5.1901 		4.0894
v 42.6513 		4.8624 		2.7116
v 45.3638 		5.2166 		4.0894
v 47.5175 		7.453 		6.7261
v 47.5227 		7.453 		6.7311
v 45.3367 		5.2222 		4.0931
v 45.3394 		5.2222 		4.0927
v 47.5273 		7.4587 		6.7315
v 42.6357 		4.4194 		2.6765
v 45.3571 		5.2222 		4.0894
v 42.6318 		4.4157 		2.6765
v 47.5221 		7.4596 		6.7265
v 47.5266 		7.4653 		6.7269
v 45.31 		5.2222 		4.0965
v 45.3152 		5.2222 		4.0959
v 42.6282 		4.4109 		2.6765
v 47.5328 		7.4549 		6.7361
v 42.6246 		4.4053 		2.6765
v 47.5322 		7.4624 		6.7315
v 47.5315 		7.47 		6.7265
v 45.3644 		5.2222 		4.0878
v 45.3862 		5.2222 		4.0819
v 42.6213 		4.3987 		2.6765
v 42.882 		8.9074 		4.0638
v 47.5374 		7.4662 		6.7315
v 47.5364 		7.4728 		6.7265
v 45.3632 		5.2222 		4.0881
v 42.8374 		8.8564 		4.0672
v 42.6181 		4.3911 		2.6765
v 45.2973 		4.3751 		4.1998
v 42.8488 		8.8564 		4.0844
v 45.2947 		4.3836 		4.1998
v 42.8612 		8.8564 		4.1012
v 45.2918 		4.3911 		4.1998
v 47.5406 		7.4823 		6.7208
v 45.2885 		4.3987 		4.1998
v 47.54 		7.487 		6.715
v 47.539 		7.4908 		6.7097
v 47.538 		7.4936 		6.704
v 47.5459 		7.4832 		6.72
v 42.8077 		8.7941 		4.0909
v 47.5449 		7.4889 		6.7143
v 47.5439 		7.4927 		6.7086
v 47.5433 		7.4955 		6.7028
v 47.5514 		7.4842 		6.7189
v 47.5507 		7.4842 		6.7189
v 42.6152 		4.3836 		2.6765
v 42.6126 		4.3751 		2.6765
v 42.8621 		8.9074 		4.0222
v 45.2853 		4.4053 		4.1998
v 45.2817 		4.4109 		4.1998
v 45.2781 		4.4157 		4.1998
v 42.8673 		8.9074 		4.0359
v 47.5498 		7.4889 		6.7135
v 42.8742 		8.9074 		4.0497
v 45.2742 		4.4194 		4.1998
v 45.2706 		4.4232 		4.1998
v 47.5491 		7.4936 		6.7078
v 47.5498 		7.4936 		6.7078
v 42.8129 		8.8564 		4.016
v 45.2667 		4.4251 		4.1998
v 42.6354 		4.5706 		2.6837
v 42.8194 		8.8564 		4.0332
v 47.5481 		7.4964 		6.7021
v 42.8279 		8.8564 		4.05
v 42.6275 		4.5658 		2.6837
v 47.5488 		7.4964 		6.7017
v 46.8238 		7.5012 		2.8037
v 42.6197 		4.5592 		2.6837
v 46.8222 		7.4398 		2.7926
v 47.5504 		7.4889 		6.7131
v 42.6122 		4.5517 		2.6837
v 47.5563 		7.4832 		6.7177
v 46.8209 		7.3765 		2.7834
v 42.6051 		4.5422 		2.6837
v 46.8199 		7.3123 		2.7762
v 42.5982 		4.5309 		2.6837
v 47.5556 		7.4889 		6.712
v 42.9071 		8.9481 		4.0084
v 47.5547 		7.4927 		6.7066
v 45.3048 		4.5422 		4.1925
v 42.855 		8.9074 		3.9954
v 42.8579 		8.9074 		4.0088
v 45.2977 		4.5517 		4.1925
v 42.8077 		8.8564 		3.9992
v 45.2902 		4.5592 		4.1925
v 45.2824 		4.5658 		4.1925
v 46.8496 		7.3349 		2.83
v 47.5537 		7.4955 		6.7009
v 42.7302 		6.2526 		4.3178
v 46.8486 		7.2811 		2.8239
v 42.7719 		6.2526 		4.3506
v 45.2745 		4.5706 		4.1925
v 47.5169 		7.4587 		6.7215
v 47.5214 		7.4653 		6.7219
v 45.2667 		4.5734 		4.1925
v 47.5204 		7.47 		6.717
v 42.5793 		4.4874 		2.6837
v 47.5198 		7.4728 		6.712
v 47.5191 		7.4757 		6.7066
v 47.5244 		7.4794 		6.7116
v 47.5237 		7.4823 		6.7063
v 42.653 		6.2526 		4.2468
v 47.5182 		7.4776 		6.7017
v 46.8281 		7.6154 		2.8319
v 42.6904 		6.2526 		4.283
v 47.526 		7.4709 		6.7219
v 46.8258 		7.5597 		2.817
v 47.5253 		7.4757 		6.7166
v 47.5227 		7.4832 		6.7009
v 42.5738 		4.4704 		2.6837
v 47.5283 		7.487 		6.7055
v 42.5568 		6.2526 		4.1322
v 45.2586 		4.427 		4.1998
v 42.5858 		6.2526 		4.1711
v 42.5689 		4.4525 		2.6837
v 47.5309 		7.4757 		6.7215
v 42.6181 		6.2526 		4.2093
v 47.5299 		7.4804 		6.7162
v 42.5643 		4.4327 		2.6837
v 42.5604 		4.4128 		2.6837
v 47.5292 		7.4842 		6.7108
v 47.5348 		7.4842 		6.7158
v 46.8141 		7.9536 		2.9079
v 42.5572 		4.3921 		2.6837
v 46.8105 		7.9101 		2.882
v 42.5546 		4.3703 		2.6837
v 47.5276 		7.4889 		6.6998
v 46.8427 		7.8431 		2.9297
v 42.4891 		6.2526 		4.0126
v 42.5083 		6.2526 		4.0527
v 42.5308 		6.2526 		4.0924
v 46.8395 		7.8053 		2.9072
v 47.5358 		7.4794 		6.7212
v 47.5341 		7.4879 		6.7105
v 47.5332 		7.4908 		6.7047
v 46.8362 		7.7637 		2.8862
v 47.5325 		7.4927 		6.699
v 42.4734 		6.2526 		3.9729
v 42.4614 		6.2526 		3.9335
v 47.5374 		7.4955 		6.6982
v 47.4976 		7.3255 		6.7403
v 47.498 		7.3179 		6.7406
v 42.7927 		6.6691 		4.4121
v 42.5914 		4.5177 		2.6837
v 42.5852 		4.5035 		2.6837
v 42.7986 		6.5265 		4.4041
v 47.5012 		7.3104 		6.7448
v 47.5012 		7.3189 		6.7448
v 47.5012 		7.3274 		6.7445
v 42.6559 		6.6691 		4.3044
v 42.6992 		6.6691 		4.3422
v 42.7448 		6.6691 		4.3782
v 47.4976 		7.3331 		6.7395
v 47.4976 		7.3406 		6.7387
v 47.5009 		7.3444 		6.7429
v 42.7074 		6.5265 		4.3358
v 47.4973 		7.3548 		6.7364
v 47.497 		7.3614 		6.7349
v 42.752 		6.5265 		4.3709
v 42.7178 		6.3877 		4.3277
v 42.6044 		4.8463 		2.7116
v 47.4973 		7.3482 		6.7376
v 42.7611 		6.3877 		4.3617
v 42.6275 		4.7141 		2.6952
v 47.4967 		7.368 		6.733
v 47.4963 		7.3746 		6.7311
v 47.496 		7.3803 		6.7292
v 42.6158 		4.7075 		2.6952
v 42.7856 		7.2603 		4.4213
v 42.6044 		4.6981 		2.6952
v 42.7849 		7.1121 		4.4225
v 47.5012 		7.3359 		6.7437
v 47.5009 		7.3529 		6.7418
v 42.7849 		7.1102 		4.4225
v 42.7856 		6.9619 		4.4213
v 42.7882 		6.8146 		4.4179
v 42.7367 		7.2603 		4.3866
v 42.7357 		7.1121 		4.3877
v 47.5006 		7.3604 		6.7403
v 47.5002 		7.368 		6.7383
v 42.5891 		4.8331 		2.7116
v 42.7357 		7.1102 		4.3877
v 47.5002 		7.3756 		6.7364
v 42.5744 		4.818 		2.7116
v 42.7367 		6.9619 		4.3866
v 47.4999 		7.3822 		6.7345
v 42.7399 		6.8146 		4.3835
v 42.5601 		4.7982 		2.7116
v 47.4996 		7.3888 		6.7322
v 42.6455 		6.9619 		4.3109
v 42.6901 		6.9619 		4.3495
v 42.593 		4.6858 		2.6952
v 47.5048 		7.3482 		6.7464
v 42.6494 		6.8146 		4.3083
v 42.5822 		4.6716 		2.6952
v 47.5045 		7.3567 		6.7452
v 42.6934 		6.8146 		4.3468
v 42.5718 		4.6546 		2.6952
v 47.5045 		7.3661 		6.7437
v 42.562 		4.6357 		2.6952
v 42.6455 		7.2603 		4.3109
v 47.5042 		7.3746 		6.7418
v 42.6901 		7.2603 		4.3495
v 47.5038 		7.3822 		6.7395
v 47.5035 		7.3897 		6.7372
v 42.6442 		7.1121 		4.3117
v 42.6888 		7.1121 		4.3506
v 42.6888 		7.1102 		4.3506
v 42.6442 		7.1102 		4.3117
v 42.5158 		4.4789 		2.6952
v 47.5077 		7.3888 		6.7426
v 42.7986 		7.6957 		4.4041
v 42.7927 		7.5531 		4.4121
v 42.7882 		7.4077 		4.4179
v 47.5084 		7.3708 		6.7468
v 47.5081 		7.3803 		6.7448
v 42.5438 		4.5904 		2.6952
v 42.752 		7.6957 		4.3709
v 42.5357 		4.5649 		2.6952
v 42.5282 		4.5375 		2.6952
v 42.7448 		7.5531 		4.3782
v 47.4892 		7.3104 		6.7261
v 47.4892 		7.3151 		6.7257
v 47.4892 		7.3198 		6.7257
v 47.4888 		7.3283 		6.725
v 42.5216 		4.5092 		2.6952
v 47.4892 		7.3236 		6.7254
v 42.7399 		7.4077 		4.3835
v 42.7074 		7.6957 		4.3358
v 47.4918 		7.3161 		6.7311
v 47.4918 		7.3217 		6.7307
v 42.6559 		7.5531 		4.3044
v 47.4918 		7.3274 		6.7303
v 42.6992 		7.5531 		4.3422
v 47.4947 		7.317 		6.7361
v 47.4944 		7.3302 		6.7349
v 47.4947 		7.3236 		6.7357
v 42.4796 		4.5838 		2.7116
v 42.6494 		7.4077 		4.3083
v 42.6934 		7.4077 		4.3468
v 42.4721 		4.5432 		2.7116
v 47.4885 		7.3406 		6.7227
v 47.4888 		7.3331 		6.7242
v 47.4888 		7.3368 		6.7235
v 47.4914 		7.3331 		6.7296
v 42.7992 		8.2218 		4.3228
v 42.7448 		8.0981 		4.306
v 47.4911 		7.3434 		6.728
v 47.4914 		7.3378 		6.7288
v 42.7849 		8.0981 		4.3377
v 47.4944 		7.3368 		6.7345
v 42.7302 		7.9696 		4.3178
v 42.5109 		4.4478 		2.6952
v 42.7719 		7.9696 		4.3506
v 42.5067 		4.4147 		2.6952
v 42.7178 		7.8346 		4.3277
v 42.5034 		4.3817 		2.6952
v 47.4911 		7.3482 		6.7269
v 42.7611 		7.8346 		4.3617
v 47.4944 		7.3434 		6.7334
v 47.4941 		7.3491 		6.7322
v 47.4905 		7.3614 		6.7227
v 47.4908 		7.3529 		6.7257
v 47.4908 		7.3567 		6.7242
v 42.665 		6.5265 		4.2987
v 47.4934 		7.3661 		6.728
v 42.5461 		4.7764 		2.7116
v 42.6376 		6.3877 		4.254
v 42.6764 		6.3877 		4.2914
v 47.4937 		7.3548 		6.7311
v 47.4937 		7.3604 		6.7296
v 42.533 		4.7509 		2.7116
v 42.577 		6.6691 		4.2242
v 42.5207 		4.7226 		2.7116
v 42.6152 		6.6691 		4.2651
v 42.5878 		6.5265 		4.2204
v 47.4931 		7.3708 		6.7261
v 42.6249 		6.5265 		4.2601
v 47.4927 		7.3756 		6.7242
v 42.5526 		4.614 		2.6952
v 42.6015 		6.3877 		4.2154
v 47.4957 		7.385 		6.7269
v 42.5102 		6.6691 		4.1398
v 42.5418 		6.6691 		4.1822
v 47.4954 		7.3897 		6.7246
v 42.5223 		6.5265 		4.1375
v 42.5536 		6.5265 		4.1795
v 47.4833 		7.3198 		6.7078
v 42.4894 		4.8284 		2.7322
v 47.4826 		7.3104 		6.7036
v 47.4833 		7.3208 		6.7074
v 42.5379 		6.3877 		4.1352
v 47.4833 		7.3217 		6.7074
v 47.4836 		7.3113 		6.7093
v 47.4836 		7.3123 		6.7093
v 47.4836 		7.3142 		6.7093
v 47.483 		7.3236 		6.7055
v 42.5682 		6.3877 		4.1757
v 42.4751 		4.7897 		2.7322
v 46.7508 		7.1989 		2.6784
v 47.4836 		7.3151 		6.7089
v 47.4836 		7.3161 		6.7089
v 46.7505 		7.1121 		2.6769
v 42.5647 		6.9619 		4.2288
v 42.6034 		6.9619 		4.2704
v 46.7867 		7.266 		2.725
v 42.5089 		4.6914 		2.7116
v 47.4833 		7.3227 		6.707
v 42.5692 		6.8146 		4.2269
v 42.608 		6.8146 		4.2685
v 46.786 		7.1895 		2.7215
v 42.4982 		4.6574 		2.7116
v 47.4836 		7.317 		6.7086
v 47.4836 		7.3179 		6.7086
v 47.4836 		7.3189 		6.7082
v 47.4833 		7.3236 		6.7063
v 46.786 		7.1121 		2.72
v 47.4826 		7.3255 		6.7036
v 42.4884 		4.6216 		2.7116
v 42.5647 		7.2603 		4.2288
v 42.6034 		7.2603 		4.2704
v 47.483 		7.3246 		6.7051
v 42.563 		7.1121 		4.2292
v 47.483 		7.3255 		6.704
v 42.6021 		7.1121 		4.2712
v 47.483 		7.3246 		6.7044
v 42.563 		7.1102 		4.2292
v 42.6021 		7.1102 		4.2712
v 47.483 		7.3246 		6.7047
v 46.8066 		8.2086 		3.0497
v 46.8017 		8.1916 		3.0157
v 42.4959 		6.9619 		4.1421
v 47.4833 		7.3227 		6.7066
v 42.6318 		4.9993 		2.7322
v 42.5285 		6.9619 		4.1856
v 46.7965 		8.167 		2.9824
v 47.4846 		7.3293 		6.7124
v 42.6122 		4.9927 		2.7322
v 42.5014 		6.8146 		4.1409
v 46.7916 		8.1377 		2.9496
v 42.5337 		6.8146 		4.1845
v 42.593 		4.9814 		2.7322
v 42.4959 		7.2603 		4.1421
v 42.5744 		4.9663 		2.7322
v 42.5285 		7.2603 		4.1856
v 42.4943 		7.1121 		4.1421
v 42.5269 		7.1121 		4.186
v 42.5559 		4.9464 		2.7322
v 42.4943 		7.1102 		4.1421
v 42.5269 		7.1102 		4.186
v 47.4849 		7.3151 		6.715
v 42.6357 		4.8605 		2.7116
v 47.4853 		7.3123 		6.715
v 47.4849 		7.317 		6.7147
v 47.4849 		7.3198 		6.7143
v 47.4849 		7.3217 		6.7143
v 42.4819 		6.6691 		4.0963
v 47.4849 		7.3236 		6.7139
v 42.6197 		4.8548 		2.7116
v 46.7906 		7.4898 		2.7502
v 42.4946 		6.5265 		4.0955
v 46.789 		7.4171 		2.7395
v 42.4874 		6.3877 		4.0527
v 47.4869 		7.3104 		6.7208
v 47.4853 		7.3104 		6.715
v 42.5109 		6.3877 		4.094
v 47.4849 		7.3255 		6.7131
v 47.4849 		7.3274 		6.7128
v 46.7603 		7.6919 		2.7422
v 47.4869 		7.317 		6.7204
v 46.8 		7.7524 		2.8144
v 47.4869 		7.3142 		6.7204
v 46.7971 		7.6919 		2.7953
v 42.4724 		6.8146 		4.097
v 42.5383 		4.9228 		2.7322
v 46.7948 		7.6277 		2.7781
v 47.4866 		7.3302 		6.7189
v 47.4869 		7.3208 		6.72
v 47.4869 		7.3236 		6.7196
v 47.4869 		7.3274 		6.7193
v 42.521 		4.8945 		2.7322
v 46.7926 		7.5597 		2.7632
v 42.665 		7.6957 		4.2987
v 42.5047 		4.8633 		2.7322
v 42.7253 		8.2218 		4.2613
v 47.4843 		7.334 		6.7101
v 47.4846 		7.3331 		6.7108
v 42.7611 		8.2218 		4.293
v 47.484 		7.3378 		6.7078
v 47.4836 		7.3397 		6.7044
v 47.4833 		7.3397 		6.7032
v 42.6911 		8.2218 		4.2284
v 42.6709 		8.0981 		4.2383
v 46.7525 		8.2048 		2.9037
v 47.4836 		7.3397 		6.7051
v 42.7067 		8.0981 		4.2727
v 47.4836 		7.3387 		6.7059
v 46.7476 		8.1576 		2.8701
v 42.653 		7.9696 		4.2468
v 47.484 		7.3387 		6.707
v 42.6904 		7.9696 		4.283
v 46.7427 		8.1037 		2.8384
v 42.6376 		7.8346 		4.254
v 42.6764 		7.8346 		4.2914
v 42.4767 		5.625 		2.9438
v 42.4777 		5.6221 		2.9419
v 46.787 		8.1009 		2.9183
v 47.4846 		7.3538 		6.7059
v 42.6595 		8.2218 		4.1948
v 46.7825 		8.0584 		2.8881
v 47.4843 		7.3538 		6.7032
v 42.5878 		7.6957 		4.2204
v 46.7779 		8.0102 		2.8591
v 42.6249 		7.6957 		4.2601
v 42.577 		7.5531 		4.2242
v 42.6152 		7.5531 		4.2651
v 47.4843 		7.3359 		6.7093
v 42.5692 		7.4077 		4.2269
v 47.4843 		7.3368 		6.7086
v 42.608 		7.4077 		4.2685
v 47.4846 		7.3538 		6.7044
v 42.5223 		7.6957 		4.1375
v 42.5536 		7.6957 		4.1795
v 42.567 		5.4281 		2.8412
v 42.5542 		5.4511 		2.8507
v 47.4853 		7.351 		6.7097
v 46.8066 		7.8619 		2.8579
v 47.4849 		7.3529 		6.707
v 47.4853 		7.3519 		6.7086
v 42.5102 		7.5531 		4.1398
v 42.5418 		7.5531 		4.1822
v 42.5014 		7.4077 		4.1409
v 42.5337 		7.4077 		4.1845
v 46.7381 		8.0442 		2.8083
v 47.4856 		7.3482 		6.7124
v 47.4856 		7.3491 		6.7112
v 47.4846 		7.3312 		6.7116
v 47.4866 		7.3359 		6.7173
v 47.4862 		7.3387 		6.7166
v 47.4859 		7.3434 		6.7143
v 47.4859 		7.3463 		6.7135
v 42.4888 		5.5906 		2.9239
v 42.4751 		5.5122 		2.8976
v 47.4862 		7.3416 		6.7154
v 42.4915 		5.583 		2.9196
v 42.5072 		5.5463 		2.8976
v 47.4866 		7.3331 		6.7181
v 47.4882 		7.3482 		6.7204
v 47.4882 		7.351 		6.7193
v 47.4879 		7.3548 		6.7177
v 47.4875 		7.3595 		6.715
v 47.4872 		7.3623 		6.7135
v 42.5274 		5.5008 		2.8752
v 42.5098 		5.5405 		2.8947
v 47.4879 		7.3576 		6.7166
v 42.5297 		5.4965 		2.873
v 42.5207 		5.4451 		2.8571
v 47.4869 		7.3642 		6.7116
v 42.5463 		5.4656 		2.8571
v 47.4869 		7.3652 		6.7101
v 47.4866 		7.3671 		6.7082
v 42.5097 		5.5407 		2.8948
v 47.4862 		7.368 		6.7063
v 42.5083 		5.5438 		2.8964
v 47.4885 		7.3803 		6.7093
v 42.4894 		5.4111 		2.8571
v 47.4859 		7.368 		6.7047
v 47.4856 		7.368 		6.7028
v 47.4882 		7.3812 		6.707
v 47.4879 		7.3822 		6.7047
v 42.5507 		5.4575 		2.8536
v 47.4892 		7.3765 		6.7135
v 47.4888 		7.3784 		6.7112
v 47.4885 		7.3444 		6.7215
v 47.4898 		7.3689 		6.7193
v 47.4901 		7.3652 		6.7212
v 47.4898 		7.3718 		6.7173
v 42.5942 		5.3884 		2.824
v 42.5904 		5.3939 		2.8261
v 42.5914 		5.3752 		2.8201
v 47.4895 		7.3746 		6.7154
v 42.6012 		5.3783 		2.8201
v 42.562 		5.3582 		2.8201
v 47.4875 		7.3822 		6.7024
v 47.4924 		7.3793 		6.7219
v 47.4921 		7.3831 		6.7196
v 47.4918 		7.3859 		6.7173
v 47.4914 		7.3888 		6.715
v 42.631 		5.3424 		2.8084
v 42.6222 		5.3521 		2.8113
v 42.61 		5.3658 		2.816
v 42.6167 		5.3583 		2.8134
v 47.4989 		7.3944 		6.7296
v 47.4986 		7.4001 		6.7269
v 47.4983 		7.4048 		6.7238
v 47.5068 		7.4048 		6.7372
v 47.5025 		7.4029 		6.7319
v 47.5032 		7.3963 		6.7345
v 42.1502 		4.7509 		2.9889
v 47.5074 		7.3963 		6.7399
v 42.1388 		4.6357 		2.9889
v 42.1939 		4.8284 		2.9419
v 42.1802 		4.7226 		2.9419
v 42.1698 		4.614 		2.9419
v 47.5022 		7.4096 		6.7288
v 42.1623 		4.5035 		2.9419
v 47.5015 		7.4143 		6.7257
v 42.1577 		4.3911 		2.9419
v 47.5064 		7.4114 		6.7341
v 47.5061 		7.4181 		6.7307
v 47.5055 		7.4237 		6.7273
v 47.5048 		7.4284 		6.7235
v 47.512 		7.3944 		6.7448
v 42.1818 		5.2676 		3.0909
v 47.5113 		7.4029 		6.7422
v 47.511 		7.4114 		6.7391
v 47.5159 		7.4096 		6.7441
v 42.1564 		5.158 		3.0909
v 47.5152 		7.4181 		6.741
v 47.5107 		7.419 		6.7357
v 47.5094 		7.4322 		6.7284
v 47.51 		7.4256 		6.7322
v 42.2291 		5.3242 		3.039
v 47.5143 		7.4332 		6.7338
v 42.202 		5.2251 		3.039
v 47.5087 		7.4379 		6.7246
v 47.5149 		7.4256 		6.7372
v 42.1779 		5.1202 		3.039
v 42.1564 		5.0097 		3.039
v 47.5136 		7.4398 		6.7296
v 42.1381 		4.8945 		3.039
v 47.5129 		7.4454 		6.7254
v 42.2506 		5.2704 		2.9889
v 47.4976 		7.4086 		6.7208
v 42.2251 		5.1769 		2.9889
v 47.4973 		7.4124 		6.7177
v 47.4967 		7.4152 		6.7147
v 47.4963 		7.4181 		6.7112
v 42.3011 		5.294 		2.9419
v 42.2747 		5.2109 		2.9419
v 47.5012 		7.419 		6.7223
v 47.5006 		7.4228 		6.7189
v 42.2506 		5.1221 		2.9419
v 47.5002 		7.4266 		6.7154
v 47.5042 		7.4332 		6.72
v 42.2291 		5.0286 		2.9419
v 47.4996 		7.4294 		6.7116
v 47.4989 		7.4313 		6.7078
v 47.4983 		7.4322 		6.704
v 47.498 		7.4322 		6.7002
v 47.5012 		7.4436 		6.6998
v 42.202 		5.0768 		2.9889
v 42.1818 		4.9719 		2.9889
v 47.5038 		7.4369 		6.7158
v 47.5032 		7.4398 		6.712
v 42.1645 		4.8633 		2.9889
v 47.5025 		7.4417 		6.7078
v 47.5019 		7.4426 		6.7036
v 42.2102 		4.9304 		2.9419
v 47.5081 		7.4426 		6.7208
v 47.5077 		7.4464 		6.7166
v 47.5071 		7.4492 		6.712
v 42.4265 		4.835 		2.7574
v 47.5064 		7.4511 		6.7078
v 42.4122 		4.7821 		2.7574
v 42.3991 		4.7264 		2.7574
v 47.5123 		7.4511 		6.7212
v 42.3877 		4.6678 		2.7574
v 47.5058 		7.453 		6.7032
v 47.5048 		7.453 		6.699
v 47.511 		7.4587 		6.712
v 47.5116 		7.4549 		6.7166
v 47.5103 		7.4606 		6.7074
v 47.5097 		7.4615 		6.7028
v 47.5146 		7.4691 		6.707
v 47.5159 		7.4624 		6.717
v 47.5152 		7.4662 		6.712
v 42.3278 		4.5838 		2.7869
v 42.3203 		4.5092 		2.7869
v 47.5139 		7.47 		6.7021
v 42.3151 		4.4327 		2.7869
v 47.4908 		7.3935 		6.7101
v 42.3783 		4.6064 		2.7574
v 47.4911 		7.3916 		6.7124
v 47.4898 		7.3954 		6.7047
v 42.3701 		4.5432 		2.7574
v 47.4905 		7.3944 		6.7074
v 47.4895 		7.3954 		6.7021
v 42.3639 		4.4789 		2.7574
v 47.4927 		7.4077 		6.7078
v 42.3594 		4.4128 		2.7574
v 47.495 		7.3944 		6.7219
v 47.4947 		7.3982 		6.7193
v 47.4937 		7.4039 		6.7135
v 47.4944 		7.4011 		6.7166
v 47.4934 		7.4058 		6.7108
v 42.3102 		4.7821 		2.8201
v 47.4924 		7.4086 		6.7047
v 42.361 		4.7944 		2.7869
v 42.348 		4.7264 		2.7869
v 42.3369 		4.6565 		2.7869
v 47.4921 		7.4086 		6.7017
v 47.4957 		7.4199 		6.7078
v 47.4947 		7.4209 		6.7009
v 47.4954 		7.4209 		6.7044
v 42.4304 		5.3242 		2.8571
v 42.4027 		5.2704 		2.8571
v 47.5423 		7.4974 		6.6971
v 47.5413 		7.4974 		6.6914
v 47.5472 		7.4974 		6.6963
v 47.553 		7.4974 		6.6948
v 47.5478 		7.4974 		6.696
v 42.3522 		5.294 		2.8976
v 42.3255 		5.2232 		2.8976
v 47.552 		7.4974 		6.6891
v 47.5579 		7.4955 		6.694
v 42.3767 		5.2109 		2.8571
v 47.5569 		7.4964 		6.6879
v 42.3522 		5.1457 		2.8571
v 42.3297 		5.0749 		2.8571
v 42.3092 		4.9993 		2.8571
v 47.5175 		7.4776 		6.6963
v 47.5221 		7.4842 		6.6952
v 47.5266 		7.4889 		6.6944
v 47.5315 		7.4936 		6.6933
v 47.5364 		7.4964 		6.6925
v 42.4513 		5.0768 		2.7869
v 42.4304 		5.0286 		2.7869
v 42.4105 		4.9767 		2.7869
v 42.3926 		4.9191 		2.7869
v 42.4594 		4.9304 		2.7574
v 42.4421 		4.8851 		2.7574
v 47.509 		7.4624 		6.6979
v 47.5129 		7.4709 		6.6971
v 42.4513 		5.2251 		2.8201
v 42.4262 		5.1769 		2.8201
v 42.4027 		5.1221 		2.8201
v 42.3806 		5.0636 		2.8201
v 42.3604 		4.9993 		2.8201
v 42.3415 		4.9313 		2.8201
v 42.3248 		4.8586 		2.8201
v 42.376 		4.8586 		2.7869
v 42.2258 		4.7897 		2.8976
v 42.2743 		4.835 		2.8571
v 42.2607 		4.7481 		2.8571
v 42.2489 		4.6574 		2.8571
v 42.2401 		4.5649 		2.8571
v 42.2336 		4.4704 		2.8571
v 42.2297 		4.3751 		2.8571
# 13490 vertices

g group_0_6306067

usemtl color_6306067
s 0

f 5 	8 	9
f 4 	8 	5
f 8 	11 	9
f 35 	33 	13
f 3 	16 	4
f 13268 	16 	3
f 8 	13214 	11
f 22 	15 	114
f 39 	21 	17
f 23 	258 	29
f 24 	56 	31
f 15 	26 	18
f 12 	13 	33
f 15 	22 	26
f 18 	26 	37
f 17 	12712 	12719
f 36 	40 	353
f 13488 	27 	25
f 13488 	13489 	27
f 27 	13489 	30
f 12719 	39 	17
f 28 	353 	40
f 30 	13490 	32
f 13489 	13490 	30
f 40 	43 	28
f 22 	41 	44
f 5 	43 	40
f 26 	22 	44
f 24 	54 	56
f 31 	59 	34
f 14 	325 	75
f 41 	50 	52
f 21 	39 	54
f 44 	41 	52
f 24 	21 	54
f 6 	20 	62
f 2 	44 	52
f 48 	45 	13419
f 261 	47 	29
f 56 	59 	31
f 13420 	49 	48
f 63 	60 	61
f 62 	38 	42
f 60 	63 	57
f 57 	63 	58
f 77 	154 	56
f 56 	154 	59
f 60 	64 	65
f 60 	65 	61
f 42 	81 	62
f 52 	13253 	2
f 65 	64 	70
f 67 	69 	13381
f 1919 	70 	64
f 6 	62 	78
f 39 	72 	54
f 69 	90 	73
f 13462 	90 	69
f 46 	62 	20
f 13210 	13223 	53
f 72 	77 	54
f 55 	13203 	57
f 78 	62 	81
f 79 	78 	81
f 13201 	13203 	55
f 84 	57 	13203
f 80 	68 	66
f 86 	82 	83
f 85 	86 	83
f 60 	57 	84
f 13462 	69 	67
f 92 	89 	87
f 87 	91 	92
f 76 	13486 	13484
f 13152 	64 	13147
f 94 	96 	93
f 95 	96 	94
f 96 	2850 	93
f 100 	101 	99
f 98 	99 	101
f 104 	105 	103
f 94 	105 	95
f 104 	95 	105
f 94 	93 	102
f 94 	102 	105
f 99 	98 	108
f 107 	108 	98
f 110 	108 	109
f 107 	109 	108
f 100 	99 	108
f 100 	108 	110
f 113 	115 	112
f 111 	112 	115
f 115 	8107 	111
f 119 	120 	118
f 117 	118 	120
f 124 	125 	123
f 8063 	8064 	121
f 112 	125 	113
f 124 	113 	125
f 112 	111 	121
f 112 	121 	125
f 118 	117 	127
f 126 	127 	117
f 129 	127 	128
f 126 	128 	127
f 116 	53 	122
f 119 	118 	127
f 119 	127 	129
f 123 	130 	124
f 132 	114 	97
f 122 	134 	133
f 97 	143 	132
f 124 	126 	113
f 13082 	131 	106
f 22 	114 	132
f 132 	41 	22
f 116 	13210 	53
f 134 	122 	55
f 53 	55 	122
f 55 	57 	134
f 134 	57 	58
f 126 	117 	113
f 423 	28 	138
f 135 	136 	162
f 126 	124 	130
f 130 	142 	126
f 126 	142 	128
f 138 	149 	141
f 137 	139 	143
f 43 	149 	138
f 120 	109 	117
f 13082 	13094 	131
f 137 	143 	97
f 113 	104 	103
f 115 	113 	103
f 14 	145 	19
f 43 	138 	28
f 135 	13098 	136
f 139 	148 	143
f 160 	163 	72
f 153 	151 	95
f 96 	95 	151
f 139 	146 	148
f 141 	150 	144
f 143 	148 	152
f 54 	77 	56
f 95 	104 	153
f 149 	150 	141
f 113 	107 	104
f 150 	155 	144
f 77 	72 	163
f 77 	166 	154
f 143 	152 	132
f 163 	166 	77
f 152 	41 	132
f 144 	155 	157
f 144 	157 	147
f 155 	158 	157
f 149 	43 	9
f 172 	173 	8132
f 106 	156 	13409
f 107 	117 	109
f 9 	161 	149
f 9 	11 	161
f 149 	161 	150
f 153 	104 	107
f 148 	146 	159
f 150 	116 	155
f 148 	159 	165
f 98 	168 	153
f 101 	168 	98
f 161 	116 	150
f 113 	117 	107
f 98 	153 	107
f 116 	122 	155
f 148 	165 	152
f 133 	158 	122
f 155 	122 	158
f 50 	41 	152
f 165 	50 	152
f 106 	131 	156
f 160 	170 	163
f 156 	131 	135
f 135 	162 	156
f 172 	166 	173
f 163 	173 	166
f 13210 	116 	161
f 164 	162 	136
f 159 	68 	165
f 159 	66 	68
f 169 	170 	8132
f 164 	136 	140
f 165 	68 	13263
f 170 	169 	163
f 167 	164 	140
f 165 	13263 	50
f 169 	173 	163
f 138 	141 	171
f 171 	141 	175
f 138 	171 	423
f 174 	774 	181
f 173 	169 	8132
f 9761 	59 	154
f 174 	182 	177
f 141 	144 	175
f 166 	9764 	154
f 9761 	154 	9764
f 174 	181 	182
f 186 	175 	185
f 144 	185 	175
f 177 	182 	139
f 198 	183 	184
f 144 	147 	185
f 177 	139 	137
f 181 	430 	190
f 181 	190 	182
f 192 	803 	191
f 182 	146 	139
f 182 	190 	146
f 180 	13082 	106
f 183 	198 	200
f 191 	803 	201
f 3228 	3227 	194
f 193 	3228 	194
f 196 	194 	3227
f 197 	204 	199
f 197 	203 	204
f 3227 	3233 	196
f 191 	273 	192
f 273 	274 	192
f 206 	203 	220
f 212 	216 	208
f 208 	216 	210
f 179 	227 	189
f 229 	231 	192
f 269 	268 	472
f 211 	218 	220
f 212 	13171 	216
f 218 	224 	220
f 211 	220 	213
f 213 	203 	197
f 214 	189 	227
f 213 	220 	203
f 219 	217 	342
f 219 	221 	217
f 195 	217 	226
f 224 	218 	223
f 206 	220 	224
f 202 	227 	205
f 195 	226 	207
f 230 	231 	229
f 207 	232 	209
f 226 	232 	207
f 239 	233 	229
f 229 	233 	230
f 222 	234 	225
f 228 	234 	222
f 179 	243 	227
f 233 	231 	230
f 806 	192 	281
f 236 	192 	231
f 281 	192 	236
f 281 	284 	806
f 208 	210 	228
f 205 	227 	248
f 235 	270 	217
f 228 	210 	234
f 229 	192 	239
f 240 	237 	282
f 221 	235 	217
f 248 	227 	243
f 226 	310 	232
f 210 	246 	242
f 245 	248 	243
f 216 	246 	210
f 246 	247 	242
f 427 	219 	329
f 14 	75 	145
f 236 	231 	241
f 239 	241 	231
f 285 	251 	428
f 428 	251 	252
f 428 	252 	253
f 19 	145 	254
f 233 	239 	231
f 240 	199 	13198
f 242 	247 	244
f 1964 	250 	249
f 247 	256 	244
f 427 	428 	253
f 427 	253 	255
f 221 	427 	235
f 255 	235 	427
f 427 	221 	219
f 19 	254 	23
f 284 	315 	806
f 258 	23 	254
f 807 	806 	315
f 252 	251 	260
f 29 	258 	261
f 259 	257 	263
f 262 	263 	257
f 191 	268 	264
f 265 	191 	264
f 264 	266 	265
f 260 	255 	253
f 191 	201 	268
f 13181 	13248 	256
f 260 	253 	252
f 261 	258 	142
f 258 	254 	142
f 145 	142 	254
f 264 	268 	266
f 269 	266 	268
f 271 	267 	263
f 271 	263 	262
f 298 	241 	192
f 274 	298 	192
f 352 	282 	271
f 142 	286 	283
f 237 	238 	267
f 237 	267 	271
f 235 	255 	270
f 142 	289 	286
f 260 	270 	255
f 275 	274 	273
f 285 	260 	251
f 273 	191 	265
f 142 	71 	300
f 142 	74 	71
f 260 	301 	270
f 225 	234 	278
f 142 	293 	289
f 272 	225 	278
f 142 	145 	75
f 350 	277 	279
f 273 	265 	275
f 266 	275 	265
f 272 	280 	276
f 142 	75 	74
f 277 	291 	279
f 277 	287 	291
f 272 	278 	280
f 831 	842 	287
f 234 	210 	242
f 242 	278 	234
f 287 	277 	831
f 278 	244 	280
f 242 	244 	278
f 279 	291 	294
f 7368 	7369 	296
f 279 	294 	282
f 241 	239 	192
f 288 	290 	285
f 290 	260 	285
f 240 	282 	294
f 290 	301 	260
f 211 	287 	842
f 287 	211 	213
f 287 	213 	291
f 241 	298 	281
f 291 	197 	294
f 301 	304 	270
f 291 	213 	197
f 294 	197 	199
f 294 	199 	240
f 336 	303 	305
f 305 	392 	295
f 301 	396 	304
f 334 	284 	298
f 236 	241 	281
f 292 	293 	142
f 306 	312 	307
f 222 	225 	299
f 284 	281 	298
f 225 	302 	299
f 217 	308 	226
f 300 	292 	142
f 302 	272 	303
f 225 	272 	302
f 270 	308 	217
f 272 	276 	303
f 308 	310 	226
f 275 	334 	274
f 274 	334 	298
f 303 	276 	305
f 276 	399 	305
f 305 	399 	392
f 310 	313 	232
f 400 	540 	142
f 304 	308 	270
f 142 	540 	128
f 284 	334 	315
f 308 	318 	310
f 308 	304 	318
f 317 	319 	316
f 310 	320 	313
f 318 	320 	310
f 316 	319 	314
f 319 	323 	314
f 332 	319 	317
f 496 	266 	269
f 336 	323 	319
f 323 	295 	326
f 336 	295 	323
f 219 	342 	329
f 342 	335 	329
f 74 	325 	324
f 328 	332 	317
f 325 	74 	75
f 315 	338 	807
f 332 	336 	319
f 338 	625 	807
f 315 	334 	338
f 328 	302 	332
f 299 	302 	328
f 302 	303 	332
f 334 	625 	338
f 335 	12596 	329
f 332 	303 	336
f 335 	342 	195
f 336 	305 	295
f 217 	195 	342
f 280 	343 	276
f 312 	306 	311
f 307 	312 	345
f 345 	312 	352
f 346 	352 	312
f 343 	399 	276
f 307 	345 	309
f 292 	339 	293
f 257 	309 	262
f 345 	262 	309
f 350 	346 	311
f 312 	311 	346
f 337 	293 	339
f 374 	372 	331
f 347 	349 	401
f 262 	345 	271
f 352 	271 	345
f 339 	292 	340
f 340 	292 	300
f 368 	380 	403
f 71 	341 	300
f 340 	300 	341
f 28 	422 	353
f 74 	324 	71
f 71 	324 	341
f 350 	279 	346
f 282 	352 	346
f 357 	403 	356
f 355 	356 	403
f 354 	343 	280
f 355 	359 	356
f 279 	282 	346
f 280 	244 	354
f 237 	271 	282
f 355 	403 	385
f 354 	361 	343
f 209 	362 	344
f 209 	232 	362
f 359 	357 	356
f 363 	348 	344
f 796 	827 	350
f 796 	350 	311
f 827 	831 	277
f 343 	361 	347
f 277 	350 	827
f 362 	363 	344
f 361 	365 	347
f 403 	367 	368
f 403 	475 	367
f 347 	365 	349
f 349 	36 	353
f 330 	331 	372
f 367 	370 	368
f 354 	244 	256
f 232 	313 	362
f 366 	373 	375
f 362 	377 	363
f 13235 	354 	256
f 366 	375 	66
f 375 	80 	66
f 313 	377 	362
f 360 	339 	364
f 379 	375 	373
f 385 	403 	381
f 380 	381 	403
f 364 	339 	340
f 368 	370 	380
f 364 	340 	369
f 375 	379 	88
f 371 	369 	341
f 382 	380 	370
f 13248 	13235 	256
f 341 	369 	340
f 371 	341 	324
f 375 	88 	80
f 380 	382 	381
f 259 	88 	379
f 326 	295 	384
f 379 	257 	259
f 327 	7392 	329
f 426 	427 	329
f 285 	428 	429
f 359 	355 	386
f 388 	390 	462
f 385 	386 	355
f 358 	466 	333
f 295 	392 	384
f 386 	385 	382
f 384 	393 	387
f 358 	333 	337
f 381 	382 	385
f 358 	337 	360
f 392 	393 	384
f 360 	337 	339
f 386 	436 	359
f 290 	394 	301
f 394 	396 	301
f 370 	522 	382
f 389 	397 	391
f 370 	11658 	522
f 398 	318 	304
f 389 	395 	397
f 522 	526 	382
f 391 	397 	373
f 396 	398 	304
f 401 	393 	392
f 399 	401 	392
f 357 	404 	403
f 403 	404 	405
f 405 	414 	403
f 391 	373 	366
f 472 	476 	403
f 359 	407 	404
f 343 	347 	399
f 404 	357 	359
f 399 	347 	401
f 359 	436 	407
f 395 	410 	397
f 349 	421 	401
f 405 	404 	407
f 395 	408 	410
f 393 	412 	387
f 397 	410 	413
f 414 	415 	403
f 415 	424 	403
f 411 	13447 	394
f 397 	413 	373
f 413 	379 	373
f 13447 	396 	394
f 444 	416 	446
f 417 	415 	414
f 393 	421 	412
f 283 	388 	419
f 401 	421 	393
f 408 	306 	307
f 421 	422 	412
f 283 	390 	388
f 408 	307 	410
f 414 	405 	417
f 412 	422 	418
f 405 	407 	417
f 390 	283 	286
f 418 	423 	420
f 410 	309 	413
f 422 	423 	418
f 410 	307 	309
f 419 	142 	283
f 423 	171 	420
f 413 	309 	257
f 426 	329 	425
f 289 	333 	286
f 390 	286 	333
f 413 	257 	379
f 337 	333 	289
f 353 	422 	421
f 289 	293 	337
f 417 	488 	415
f 349 	353 	421
f 430 	872 	431
f 875 	431 	872
f 406 	409 	142
f 409 	402 	142
f 400 	142 	402
f 432 	190 	430
f 28 	423 	422
f 419 	416 	142
f 432 	430 	431
f 416 	406 	142
f 190 	432 	437
f 436 	441 	407
f 437 	146 	190
f 437 	159 	146
f 407 	441 	417
f 875 	389 	431
f 445 	439 	383
f 431 	389 	391
f 383 	387 	445
f 446 	454 	444
f 445 	447 	439
f 431 	391 	432
f 445 	418 	447
f 432 	366 	437
f 432 	391 	366
f 438 	400 	402
f 436 	551 	441
f 439 	447 	442
f 437 	366 	66
f 438 	402 	440
f 436 	547 	551
f 551 	553 	441
f 437 	66 	159
f 443 	409 	406
f 440 	409 	443
f 440 	402 	409
f 412 	445 	387
f 444 	443 	406
f 412 	418 	445
f 444 	406 	416
f 419 	446 	416
f 418 	420 	447
f 446 	419 	388
f 547 	436 	386
f 326 	384 	450
f 384 	387 	450
f 450 	387 	383
f 452 	456 	448
f 447 	461 	442
f 442 	461 	458
f 461 	465 	458
f 449 	464 	452
f 457 	388 	462
f 458 	465 	871
f 449 	460 	464
f 452 	464 	468
f 465 	4941 	871
f 192 	806 	803
f 420 	461 	447
f 461 	469 	465
f 461 	420 	469
f 452 	468 	456
f 470 	8436 	467
f 466 	390 	333
f 201 	804 	472
f 469 	420 	171
f 171 	175 	469
f 451 	358 	360
f 424 	321 	403
f 322 	472 	321
f 403 	321 	472
f 472 	322 	269
f 472 	268 	201
f 460 	13233 	13226
f 446 	457 	454
f 460 	13226 	464
f 476 	817 	475
f 472 	804 	476
f 446 	388 	457
f 466 	462 	390
f 475 	403 	476
f 927 	85 	477
f 83 	477 	85
f 478 	480 	473
f 86 	85 	967
f 473 	480 	474
f 480 	501 	474
f 479 	497 	484
f 485 	505 	478
f 424 	415 	488
f 485 	513 	505
f 484 	500 	490
f 484 	497 	500
f 478 	505 	480
f 488 	321 	424
f 494 	495 	376
f 322 	496 	269
f 494 	955 	495
f 513 	485 	314
f 322 	321 	496
f 488 	496 	321
f 376 	495 	378
f 378 	498 	492
f 483 	481 	454
f 495 	498 	378
f 487 	483 	457
f 275 	615 	623
f 490 	500 	448
f 501 	499 	474
f 454 	457 	483
f 487 	457 	462
f 592 	498 	502
f 488 	417 	504
f 487 	462 	491
f 488 	504 	657
f 497 	449 	500
f 493 	491 	466
f 657 	496 	488
f 524 	449 	497
f 491 	462 	466
f 502 	495 	503
f 449 	452 	500
f 493 	466 	358
f 502 	498 	495
f 417 	441 	504
f 358 	451 	493
f 500 	452 	448
f 503 	507 	502
f 480 	509 	501
f 480 	505 	509
f 504 	441 	553
f 1087 	514 	489
f 481 	12597 	511
f 512 	497 	479
f 538 	515 	506
f 515 	508 	506
f 513 	517 	505
f 508 	519 	511
f 323 	513 	314
f 510 	521 	512
f 508 	515 	519
f 510 	516 	521
f 513 	326 	517
f 511 	519 	523
f 512 	521 	524
f 505 	517 	509
f 517 	768 	509
f 386 	382 	526
f 511 	523 	481
f 526 	547 	386
f 512 	524 	497
f 523 	454 	481
f 517 	450 	768
f 538 	438 	515
f 440 	519 	515
f 515 	438 	440
f 549 	530 	516
f 513 	323 	326
f 519 	443 	523
f 519 	440 	443
f 11658 	529 	522
f 541 	527 	525
f 521 	516 	530
f 527 	533 	528
f 526 	522 	532
f 534 	524 	521
f 531 	533 	527
f 529 	532 	522
f 444 	454 	523
f 326 	450 	517
f 523 	443 	444
f 532 	535 	526
f 530 	534 	521
f 524 	534 	460
f 537 	129 	538
f 537 	538 	506
f 539 	538 	129
f 534 	13233 	460
f 539 	438 	538
f 573 	576 	529
f 539 	129 	540
f 128 	540 	129
f 524 	460 	449
f 438 	539 	400
f 540 	400 	539
f 525 	520 	541
f 1752 	541 	520
f 527 	541 	531
f 543 	129 	537
f 530 	13250 	534
f 530 	18 	13250
f 537 	506 	543
f 544 	8466 	542
f 529 	576 	532
f 479 	546 	648
f 546 	479 	484
f 12622 	546 	484
f 481 	12572 	12597
f 526 	535 	547
f 483 	12572 	481
f 12573 	483 	487
f 15 	549 	703
f 12575 	12573 	487
f 533 	552 	528
f 549 	15 	18
f 12575 	487 	491
f 528 	552 	548
f 550 	548 	554
f 552 	554 	548
f 549 	18 	530
f 12577 	491 	493
f 552 	555 	554
f 543 	562 	129
f 547 	535 	558
f 562 	563 	119
f 547 	558 	551
f 551 	561 	553
f 558 	561 	551
f 563 	567 	119
f 119 	129 	562
f 561 	594 	553
f 543 	12592 	562
f 567 	568 	119
f 568 	569 	119
f 120 	119 	569
f 479 	648 	566
f 556 	577 	557
f 556 	574 	577
f 492 	498 	578
f 592 	578 	498
f 557 	579 	560
f 592 	502 	507
f 578 	559 	492
f 532 	581 	535
f 577 	579 	557
f 575 	572 	582
f 560 	579 	510
f 532 	576 	581
f 583 	564 	584
f 559 	584 	564
f 581 	585 	535
f 578 	584 	559
f 579 	516 	510
f 571 	582 	572
f 580 	582 	571
f 560 	510 	566
f 586 	587 	6958
f 585 	558 	535
f 583 	565 	564
f 512 	479 	566
f 570 	565 	588
f 583 	588 	565
f 566 	510 	512
f 588 	626 	570
f 583 	589 	588
f 587 	586 	582
f 575 	582 	586
f 590 	579 	577
f 587 	591 	6958
f 570 	626 	618
f 5722 	6958 	602
f 593 	602 	6958
f 579 	590 	516
f 578 	592 	584
f 595 	584 	592
f 595 	596 	584
f 605 	592 	507
f 597 	561 	558
f 593 	591 	7402
f 592 	605 	595
f 599 	595 	605
f 585 	597 	558
f 587 	7397 	591
f 607 	595 	599
f 561 	597 	600
f 599 	527 	607
f 600 	594 	561
f 600 	603 	594
f 584 	596 	583
f 596 	589 	583
f 7402 	7405 	602
f 593 	7402 	602
f 604 	574 	556
f 595 	607 	596
f 596 	609 	589
f 607 	609 	596
f 563 	562 	610
f 507 	520 	605
f 525 	599 	605
f 11460 	612 	453
f 520 	525 	605
f 525 	527 	599
f 527 	528 	607
f 607 	528 	609
f 266 	615 	275
f 567 	8090 	568
f 548 	642 	609
f 8092 	569 	8091
f 266 	496 	615
f 528 	548 	609
f 7402 	591 	7403
f 611 	622 	612
f 611 	619 	622
f 622 	455 	612
f 334 	275 	623
f 809 	807 	625
f 620 	637 	640
f 620 	640 	624
f 627 	645 	809
f 625 	627 	809
f 588 	628 	626
f 588 	589 	628
f 612 	455 	453
f 625 	631 	627
f 632 	536 	10626
f 614 	634 	617
f 334 	631 	625
f 618 	636 	621
f 614 	677 	634
f 626 	636 	618
f 617 	634 	637
f 628 	638 	626
f 589 	609 	642
f 628 	589 	642
f 634 	557 	637
f 634 	556 	557
f 642 	646 	628
f 626 	638 	636
f 617 	637 	620
f 655 	635 	633
f 334 	623 	631
f 622 	459 	455
f 639 	641 	643
f 810 	809 	680
f 646 	638 	628
f 637 	560 	640
f 637 	557 	560
f 631 	645 	627
f 647 	616 	613
f 639 	643 	629
f 642 	550 	646
f 548 	550 	642
f 624 	640 	648
f 649 	641 	639
f 651 	633 	630
f 613 	644 	647
f 616 	647 	653
f 645 	680 	809
f 630 	650 	651
f 655 	633 	651
f 653 	619 	616
f 622 	619 	656
f 680 	645 	631
f 675 	699 	631
f 619 	653 	656
f 629 	643 	632
f 640 	560 	566
f 656 	459 	622
f 658 	635 	655
f 640 	566 	648
f 758 	659 	644
f 644 	660 	647
f 657 	661 	496
f 644 	659 	660
f 643 	687 	632
f 647 	664 	653
f 639 	10640 	649
f 10642 	649 	10640
f 650 	665 	651
f 615 	496 	661
f 666 	667 	662
f 647 	660 	664
f 650 	663 	665
f 653 	664 	669
f 651 	665 	670
f 615 	668 	623
f 12925 	667 	614
f 474 	499 	641
f 661 	668 	615
f 653 	669 	656
f 651 	670 	655
f 667 	666 	673
f 672 	673 	666
f 668 	675 	623
f 656 	463 	459
f 655 	670 	676
f 667 	673 	677
f 473 	649 	10642
f 656 	669 	463
f 473 	474 	649
f 474 	641 	649
f 675 	631 	623
f 674 	671 	685
f 659 	782 	660
f 667 	677 	614
f 655 	676 	658
f 672 	598 	601
f 654 	1392 	652
f 679 	684 	681
f 683 	684 	679
f 654 	682 	1392
f 672 	601 	673
f 601 	604 	673
f 677 	673 	604
f 632 	683 	536
f 467 	463 	669
f 677 	604 	556
f 679 	536 	683
f 677 	556 	634
f 684 	823 	681
f 687 	683 	632
f 676 	670 	698
f 574 	686 	688
f 674 	685 	1449
f 676 	698 	10834
f 686 	690 	695
f 683 	689 	684
f 686 	695 	688
f 685 	1547 	1449
f 687 	689 	683
f 574 	688 	577
f 689 	828 	829
f 688 	590 	577
f 674 	1449 	678
f 689 	829 	684
f 692 	665 	663
f 690 	686 	738
f 680 	697 	810
f 663 	691 	692
f 665 	694 	670
f 690 	738 	749
f 692 	694 	665
f 698 	670 	694
f 684 	829 	823
f 643 	641 	701
f 688 	695 	703
f 499 	701 	641
f 697 	680 	699
f 631 	699 	680
f 970 	696 	702
f 691 	705 	692
f 702 	1748 	971
f 643 	701 	687
f 688 	703 	590
f 704 	705 	691
f 499 	847 	701
f 590 	549 	516
f 692 	705 	706
f 590 	703 	549
f 1748 	507 	971
f 699 	707 	697
f 701 	847 	693
f 692 	706 	694
f 137 	690 	749
f 694 	708 	698
f 689 	687 	693
f 701 	693 	687
f 706 	708 	694
f 799 	812 	718
f 97 	695 	690
f 97 	690 	137
f 707 	699 	711
f 114 	695 	97
f 114 	703 	695
f 703 	114 	15
f 788 	699 	675
f 598 	717 	601
f 712 	719 	713
f 718 	721 	799
f 715 	717 	598
f 716 	719 	712
f 601 	717 	722
f 699 	792 	718
f 711 	699 	718
f 700 	720 	723
f 714 	747 	720
f 601 	722 	604
f 574 	604 	722
f 704 	724 	727
f 741 	714 	710
f 741 	747 	714
f 704 	727 	705
f 705 	729 	706
f 720 	755 	723
f 697 	707 	810
f 715 	726 	730
f 728 	731 	716
f 705 	727 	729
f 732 	657 	504
f 504 	553 	732
f 700 	723 	696
f 661 	657 	734
f 724 	735 	727
f 726 	743 	730
f 696 	736 	702
f 716 	731 	719
f 733 	735 	724
f 723 	736 	696
f 727 	737 	729
f 732 	734 	657
f 715 	730 	717
f 736 	1751 	702
f 735 	737 	727
f 745 	661 	734
f 717 	730 	738
f 383 	725 	768
f 383 	439 	725
f 717 	738 	722
f 668 	661 	745
f 725 	439 	728
f 745 	746 	668
f 574 	722 	686
f 10900 	10859 	729
f 553 	594 	732
f 722 	738 	686
f 728 	442 	731
f 709 	739 	710
f 439 	442 	728
f 442 	458 	731
f 710 	739 	741
f 726 	740 	743
f 499 	501 	744
f 742 	741 	739
f 499 	744 	847
f 746 	675 	668
f 730 	749 	738
f 730 	743 	749
f 759 	764 	744
f 741 	770 	747
f 732 	594 	750
f 741 	742 	770
f 594 	603 	750
f 732 	750 	734
f 752 	735 	733
f 745 	734 	753
f 764 	748 	744
f 733 	751 	752
f 750 	753 	734
f 735 	756 	737
f 740 	174 	743
f 745 	757 	746
f 735 	752 	756
f 747 	755 	720
f 753 	757 	745
f 743 	174 	177
f 757 	761 	746
f 759 	744 	501
f 743 	177 	749
f 751 	762 	752
f 755 	763 	723
f 501 	509 	759
f 751 	760 	762
f 177 	137 	749
f 767 	758 	754
f 752 	762 	765
f 759 	725 	764
f 758 	767 	659
f 723 	763 	736
f 752 	765 	756
f 764 	716 	748
f 923 	761 	757
f 764 	728 	716
f 760 	773 	762
f 754 	766 	767
f 748 	716 	712
f 742 	739 	1050
f 768 	759 	509
f 750 	606 	753
f 603 	606 	750
f 768 	725 	759
f 921 	753 	606
f 747 	770 	771
f 725 	728 	764
f 866 	766 	11844
f 773 	760 	772
f 921 	757 	753
f 762 	775 	765
f 762 	773 	775
f 450 	383 	768
f 767 	778 	659
f 776 	181 	774
f 921 	923 	757
f 181 	776 	430
f 872 	430 	776
f 747 	771 	755
f 772 	780 	773
f 772 	779 	780
f 773 	783 	775
f 782 	659 	778
f 773 	780 	783
f 784 	664 	660
f 781 	211 	842
f 775 	783 	11059
f 660 	782 	784
f 781 	218 	211
f 711 	810 	707
f 664 	784 	785
f 780 	779 	815
f 1050 	1062 	742
f 664 	785 	669
f 746 	788 	675
f 218 	781 	787
f 815 	816 	780
f 785 	467 	669
f 938 	799 	721
f 721 	718 	792
f 787 	223 	218
f 785 	470 	467
f 787 	790 	223
f 1062 	791 	770
f 770 	742 	1062
f 788 	792 	699
f 797 	789 	786
f 791 	793 	770
f 778 	801 	805
f 778 	805 	782
f 795 	786 	777
f 724 	8582 	733
f 782 	808 	784
f 8595 	8614 	733
f 746 	761 	788
f 770 	793 	771
f 761 	918 	788
f 795 	797 	786
f 788 	918 	792
f 8533 	663 	650
f 1088 	791 	1062
f 663 	8533 	691
f 800 	713 	802
f 801 	819 	805
f 712 	713 	800
f 713 	882 	802
f 808 	782 	805
f 711 	718 	812
f 784 	813 	785
f 802 	900 	798
f 711 	812 	810
f 815 	779 	811
f 784 	808 	813
f 783 	780 	816
f 797 	795 	814
f 798 	814 	795
f 813 	470 	785
f 201 	803 	804
f 783 	816 	11109
f 817 	476 	804
f 815 	811 	821
f 87 	821 	811
f 816 	815 	824
f 821 	824 	815
f 681 	823 	818
f 824 	11119 	816
f 311 	306 	794
f 87 	830 	821
f 794 	796 	311
f 830 	824 	821
f 823 	777 	818
f 89 	830 	87
f 824 	830 	832
f 825 	833 	573
f 853 	854 	828
f 825 	1027 	833
f 835 	836 	830
f 835 	830 	89
f 826 	843 	834
f 576 	573 	833
f 836 	837 	832
f 836 	832 	830
f 826 	851 	843
f 833 	839 	576
f 689 	693 	828
f 835 	838 	840
f 4213 	834 	822
f 822 	834 	841
f 829 	828 	854
f 576 	839 	581
f 835 	840 	836
f 840 	845 	837
f 581 	844 	585
f 805 	819 	846
f 837 	836 	840
f 777 	823 	854
f 829 	854 	823
f 839 	844 	581
f 844 	848 	585
f 828 	693 	849
f 805 	846 	808
f 808 	846 	850
f 847 	849 	693
f 924 	846 	819
f 822 	841 	820
f 597 	585 	848
f 855 	840 	838
f 808 	850 	813
f 744 	748 	847
f 7469 	7470 	842
f 813 	850 	471
f 845 	840 	856
f 847 	748 	849
f 748 	712 	849
f 849 	712 	800
f 798 	854 	853
f 813 	471 	470
f 853 	828 	800
f 838 	852 	855
f 834 	843 	945
f 800 	798 	853
f 800 	802 	798
f 854 	795 	777
f 834 	945 	841
f 856 	840 	855
f 828 	849 	800
f 839 	1033 	844
f 854 	798 	795
f 7471 	7461 	781
f 851 	857 	859
f 845 	856 	11358
f 731 	858 	719
f 850 	477 	471
f 857 	870 	859
f 852 	860 	863
f 843 	851 	859
f 458 	871 	858
f 860 	879 	880
f 860 	880 	863
f 852 	863 	855
f 868 	767 	766
f 766 	866 	868
f 855 	863 	869
f 731 	458 	858
f 870 	857 	1239
f 871 	861 	858
f 778 	767 	868
f 865 	873 	864
f 874 	864 	873
f 867 	903 	874
f 855 	869 	856
f 865 	876 	873
f 4963 	4964 	871
f 187 	867 	188
f 863 	886 	869
f 873 	188 	874
f 876 	188 	873
f 874 	188 	867
f 875 	877 	389
f 868 	801 	778
f 868 	888 	801
f 877 	395 	389
f 862 	883 	885
f 883 	895 	885
f 395 	877 	887
f 863 	880 	886
f 862 	885 	866
f 866 	888 	868
f 713 	719 	889
f 937 	886 	880
f 866 	885 	888
f 889 	882 	713
f 891 	906 	890
f 896 	890 	906
f 475 	817 	891
f 882 	892 	884
f 896 	907 	898
f 889 	892 	882
f 887 	408 	395
f 895 	883 	893
f 890 	11337 	891
f 894 	408 	887
f 879 	936 	880
f 891 	11337 	475
f 880 	936 	937
f 897 	888 	885
f 894 	306 	408
f 858 	889 	719
f 858 	861 	889
f 890 	896 	11337
f 894 	794 	306
f 889 	861 	892
f 897 	885 	895
f 11337 	896 	898
f 888 	897 	899
f 8728 	852 	838
f 902 	187 	904
f 814 	798 	900
f 900 	901 	814
f 902 	903 	867
f 864 	874 	903
f 900 	884 	901
f 888 	899 	801
f 902 	904 	905
f 902 	905 	903
f 882 	884 	900
f 899 	819 	801
f 896 	906 	907
f 802 	882 	900
f 905 	904 	907
f 898 	907 	904
f 906 	891 	817
f 904 	187 	898
f 867 	187 	902
f 4977 	5024 	884
f 797 	814 	917
f 909 	919 	910
f 600 	1065 	603
f 909 	916 	919
f 897 	982 	984
f 897 	984 	899
f 1068 	606 	603
f 899 	920 	819
f 606 	1068 	1070
f 921 	606 	1070
f 914 	911 	789
f 908 	913 	916
f 789 	797 	914
f 914 	5012 	911
f 893 	883 	12243
f 908 	916 	909
f 814 	901 	917
f 910 	919 	922
f 797 	917 	914
f 899 	984 	920
f 924 	819 	920
f 910 	922 	912
f 920 	984 	930
f 920 	930 	932
f 920 	932 	924
f 926 	761 	923
f 846 	927 	850
f 846 	924 	927
f 918 	761 	926
f 477 	850 	927
f 926 	929 	918
f 986 	930 	984
f 1028 	919 	916
f 933 	930 	986
f 932 	930 	933
f 934 	1075 	928
f 928 	1075 	1067
f 174 	740 	774
f 936 	879 	935
f 1436 	1438 	926
f 1438 	929 	926
f 934 	1080 	1075
f 938 	947 	799
f 956 	799 	951
f 792 	938 	721
f 881 	878 	942
f 941 	942 	878
f 941 	878 	820
f 935 	939 	943
f 951 	799 	947
f 820 	841 	941
f 942 	494 	376
f 942 	376 	881
f 936 	935 	943
f 936 	943 	946
f 958 	945 	843
f 939 	909 	943
f 943 	910 	946
f 966 	925 	944
f 936 	946 	937
f 776 	7622 	872
f 947 	938 	948
f 792 	948 	938
f 872 	7593 	875
f 841 	950 	941
f 937 	946 	11563
f 792 	918 	948
f 841 	945 	950
f 942 	941 	952
f 950 	952 	941
f 953 	944 	940
f 954 	951 	948
f 947 	948 	951
f 939 	908 	909
f 952 	955 	494
f 952 	494 	942
f 909 	910 	943
f 957 	799 	956
f 949 	953 	940
f 503 	495 	955
f 953 	969 	944
f 954 	956 	951
f 946 	910 	912
f 7573 	7477 	794
f 958 	843 	859
f 944 	969 	966
f 945 	958 	960
f 959 	949 	10785
f 949 	961 	953
f 959 	961 	949
f 927 	924 	962
f 918 	929 	948
f 945 	960 	950
f 932 	962 	924
f 7469 	842 	7468
f 927 	962 	85
f 950 	960 	963
f 954 	948 	931
f 536 	959 	10798
f 929 	931 	948
f 85 	962 	967
f 960 	958 	976
f 10798 	10626 	536
f 536 	679 	959
f 959 	679 	961
f 933 	964 	932
f 964 	967 	962
f 964 	962 	932
f 976 	700 	960
f 960 	700 	963
f 7463 	790 	787
f 950 	963 	952
f 963 	970 	955
f 963 	955 	952
f 969 	934 	966
f 7791 	7793 	776
f 955 	971 	503
f 970 	971 	955
f 971 	507 	503
f 965 	1464 	968
f 969 	1158 	934
f 966 	934 	928
f 870 	973 	859
f 958 	859 	973
f 933 	975 	964
f 975 	933 	972
f 969 	953 	974
f 964 	975 	967
f 977 	967 	975
f 482 	86 	967
f 961 	974 	953
f 976 	958 	973
f 482 	967 	977
f 974 	1158 	969
f 957 	979 	799
f 979 	980 	799
f 1016 	1074 	972
f 973 	714 	976
f 956 	954 	978
f 976 	720 	700
f 714 	720 	976
f 978 	957 	956
f 980 	983 	799
f 983 	994 	799
f 977 	486 	482
f 679 	681 	961
f 979 	981 	980
f 963 	696 	970
f 961 	681 	974
f 700 	696 	963
f 818 	1158 	974
f 974 	681 	818
f 982 	897 	895
f 978 	981 	979
f 978 	979 	957
f 971 	970 	702
f 981 	983 	980
f 985 	984 	982
f 981 	995 	983
f 984 	985 	986
f 870 	710 	973
f 870 	709 	710
f 987 	988 	986
f 987 	986 	985
f 710 	714 	973
f 988 	933 	986
f 954 	931 	965
f 965 	978 	954
f 988 	987 	1016
f 988 	1016 	933
f 972 	933 	1016
f 1020 	1021 	6410
f 991 	893 	915
f 968 	981 	978
f 915 	1183 	991
f 965 	968 	978
f 993 	895 	893
f 893 	991 	993
f 968 	995 	981
f 993 	982 	895
f 709 	870 	992
f 968 	1469 	995
f 994 	983 	995
f 1183 	996 	991
f 999 	1000 	799
f 997 	1001 	998
f 993 	991 	1002
f 996 	1002 	991
f 999 	1013 	1000
f 993 	985 	982
f 994 	999 	799
f 993 	1002 	985
f 995 	999 	994
f 1005 	1020 	6410
f 1003 	1005 	6410
f 1004 	1006 	1002
f 1004 	1002 	996
f 1006 	987 	985
f 1006 	985 	1002
f 1013 	1014 	1000
f 989 	1007 	1008
f 1012 	987 	1006
f 1000 	1014 	799
f 1004 	1010 	1006
f 1011 	1006 	1010
f 1007 	1009 	1039
f 1012 	1006 	1011
f 1005 	1003 	925
f 989 	1008 	990
f 995 	1013 	999
f 992 	990 	1031
f 10874 	925 	10877
f 1014 	1015 	799
f 987 	1012 	1016
f 1014 	1017 	1015
f 1014 	1013 	1017
f 1031 	1034 	992
f 799 	1018 	1019
f 1018 	1022 	1019
f 799 	1015 	1018
f 998 	1001 	1009
f 1138 	1011 	1010
f 1017 	1022 	1018
f 1017 	1018 	1015
f 1011 	1141 	1012
f 1021 	1023 	6410
f 1012 	1143 	1016
f 1016 	1143 	1074
f 1043 	1020 	925
f 1005 	925 	1020
f 998 	1009 	1007
f 1008 	1007 	1039
f 913 	1024 	1025
f 1024 	1032 	1035
f 1024 	1035 	1025
f 1025 	916 	913
f 916 	1025 	1028
f 1025 	1037 	1028
f 1025 	1035 	1037
f 825 	1026 	1027
f 833 	1027 	1029
f 919 	1030 	922
f 1023 	1021 	1043
f 1239 	992 	870
f 919 	1028 	1030
f 1020 	1043 	1021
f 833 	1029 	839
f 990 	1008 	1031
f 1029 	1033 	839
f 1031 	1044 	1034
f 1036 	844 	1033
f 1040 	1044 	1031
f 1023 	1043 	1045
f 1034 	709 	992
f 844 	1036 	848
f 1034 	739 	709
f 1028 	1038 	1030
f 1028 	1037 	1038
f 1036 	1047 	848
f 1009 	1041 	1039
f 1008 	1039 	1040
f 1023 	1045 	6410
f 1029 	1027 	1051
f 1032 	1053 	1035
f 1039 	1042 	1040
f 1041 	1042 	1039
f 1051 	1054 	1029
f 1056 	1035 	1053
f 1041 	1073 	1042
f 1029 	1054 	1033
f 966 	1043 	925
f 1031 	1008 	1040
f 1046 	6410 	1045
f 6410 	1046 	1058
f 1176 	1181 	6410
f 1048 	1045 	1043
f 1044 	1050 	1034
f 1026 	1049 	1027
f 1044 	1063 	1050
f 1043 	928 	1048
f 1053 	1032 	1052
f 1027 	1049 	1051
f 1034 	1050 	739
f 1045 	1048 	1046
f 1035 	1056 	1037
f 1036 	1033 	1057
f 1001 	1055 	1059
f 1054 	1057 	1033
f 1048 	1058 	1046
f 1057 	1182 	1036
f 1055 	1066 	1059
f 1052 	12631 	1053
f 1001 	1059 	1009
f 1036 	1182 	1047
f 966 	928 	1043
f 1053 	12615 	1056
f 1059 	1041 	1009
f 1040 	1042 	1060
f 928 	1067 	1048
f 8818 	935 	8756
f 1042 	1061 	1060
f 1176 	1058 	1067
f 1058 	1048 	1067
f 1040 	1060 	1044
f 1051 	1049 	1172
f 1054 	1051 	1173
f 1172 	1173 	1051
f 1062 	1050 	1063
f 1057 	1054 	1175
f 1063 	1044 	1060
f 1173 	1175 	1054
f 597 	848 	1064
f 1064 	600 	597
f 10877 	6432 	10869
f 1055 	2101 	1066
f 1064 	1065 	600
f 1065 	1068 	603
f 1059 	1066 	1069
f 1147 	921 	1070
f 1064 	848 	1047
f 7558 	887 	7557
f 8818 	8828 	935
f 1066 	1072 	1069
f 8787 	908 	8828
f 1066 	1089 	1072
f 1059 	1069 	1041
f 1113 	1111 	1071
f 1069 	1073 	1041
f 1073 	1061 	1042
f 1527 	1525 	11597
f 1060 	1061 	1077
f 1076 	975 	972
f 1067 	1078 	1071
f 1075 	1078 	1067
f 972 	1074 	1076
f 975 	1076 	1079
f 1086 	1076 	1074
f 975 	1079 	977
f 1060 	1077 	1063
f 1079 	486 	977
f 1063 	1077 	1082
f 726 	9092 	740
f 1061 	1098 	1077
f 1074 	1084 	1086
f 1063 	1082 	1062
f 1076 	1087 	1079
f 1076 	1086 	1087
f 1079 	489 	486
f 1079 	1087 	489
f 1221 	1083 	1219
f 1062 	1082 	1088
f 777 	1085 	818
f 1085 	777 	786
f 786 	1099 	1085
f 1084 	1100 	1086
f 1069 	1072 	1092
f 1075 	1091 	1078
f 1103 	1087 	1086
f 1080 	1091 	1075
f 1091 	1094 	1078
f 671 	1072 	1089
f 1091 	1101 	1094
f 1072 	674 	1092
f 1072 	671 	674
f 1096 	1084 	1081
f 1073 	1069 	1092
f 1061 	1073 	1098
f 1081 	1095 	1096
f 1085 	1099 	1080
f 1100 	1084 	1096
f 1073 	1092 	1098
f 1080 	1099 	1091
f 1096 	1108 	1118
f 1096 	1118 	1100
f 652 	1082 	1077
f 1099 	1101 	1091
f 1094 	1225 	1097
f 1101 	1225 	1094
f 1103 	1086 	1100
f 1077 	654 	652
f 786 	789 	1099
f 1103 	514 	1087
f 1099 	789 	1101
f 789 	911 	1101
f 654 	1077 	1098
f 1101 	911 	1225
f 1095 	1106 	1108
f 1111 	1113 	1204
f 1102 	1110 	1105
f 1092 	674 	678
f 1204 	6411 	1111
f 1113 	1119 	1204
f 1102 	1702 	1110
f 1092 	678 	1098
f 1105 	1110 	1114
f 1104 	1112 	1115
f 1098 	682 	654
f 1098 	678 	682
f 1105 	1114 	1107
f 1109 	1104 	1115
f 1115 	1112 	6256
f 1108 	1096 	1095
f 1119 	1132 	1204
f 1116 	1139 	1142
f 1116 	1142 	1117
f 1100 	1122 	1103
f 1100 	1118 	1122
f 1103 	518 	514
f 1103 	1122 	518
f 1119 	1113 	1120
f 1121 	1128 	1123
f 1127 	1128 	1121
f 1071 	1120 	1113
f 1128 	1253 	1123
f 1130 	1126 	1200
f 1124 	1200 	1126
f 1118 	1108 	1263
f 1126 	1130 	1202
f 1078 	1120 	1071
f 1118 	1265 	1122
f 1118 	1263 	1265
f 1145 	1204 	1133
f 1133 	1204 	1132
f 1126 	1202 	1129
f 1131 	1134 	1127
f 1131 	1109 	1134
f 1127 	1134 	1128
f 1138 	1010 	1135
f 1137 	1132 	1120
f 1119 	1120 	1132
f 1135 	1146 	1138
f 1135 	1144 	1146
f 1120 	1097 	1137
f 1141 	1011 	1138
f 1104 	1109 	1131
f 1143 	1012 	1141
f 1132 	1137 	1133
f 1065 	1154 	1068
f 1159 	1070 	1068
f 1154 	1159 	1068
f 921 	1147 	923
f 1138 	1146 	1148
f 1137 	1145 	1133
f 1145 	1137 	1213
f 1151 	1064 	1047
f 1138 	1148 	1141
f 1143 	1141 	1081
f 1078 	1094 	1120
f 1155 	1157 	1149
f 1064 	1151 	1065
f 1149 	1157 	1152
f 1151 	1154 	1065
f 1141 	1148 	1081
f 1143 	1081 	1084
f 1094 	1097 	1120
f 1143 	1084 	1074
f 1137 	1097 	1216
f 1137 	1216 	1213
f 1158 	1080 	934
f 1162 	1146 	1144
f 1144 	1161 	1162
f 1166 	1156 	1153
f 1159 	1284 	1070
f 1158 	1085 	1080
f 1166 	1169 	1156
f 818 	1085 	1158
f 1156 	1169 	1160
f 1121 	1123 	1155
f 1148 	1095 	1081
f 1155 	1123 	1157
f 1146 	1162 	1165
f 1306 	1153 	1150
f 1179 	1111 	6411
f 1165 	1148 	1146
f 1058 	1176 	6410
f 1095 	1148 	1165
f 1171 	1168 	1170
f 1163 	1171 	1164
f 1167 	1170 	1168
f 6411 	6410 	1181
f 1162 	1161 	1174
f 1162 	1174 	1177
f 1057 	1175 	1196
f 1174 	1305 	1177
f 1174 	1302 	1305
f 1168 	1171 	1163
f 1162 	1177 	1165
f 1057 	1196 	1182
f 1165 	1177 	1106
f 1179 	6411 	1178
f 6411 	1181 	1178
f 1165 	1106 	1095
f 1179 	1178 	1071
f 1149 	1152 	1167
f 1152 	1170 	1167
f 1106 	1177 	1260
f 1152 	1352 	1170
f 1178 	1067 	1071
f 1184 	1151 	1047
f 8649 	8657 	772
f 6806 	1150 	1153
f 1153 	1156 	1180
f 1067 	1181 	1176
f 1186 	1185 	1109
f 1182 	1184 	1047
f 1181 	1067 	1178
f 1180 	1156 	1136
f 838 	835 	8728
f 1184 	1187 	1151
f 1109 	1115 	1186
f 1156 	1160 	1136
f 1186 	1188 	1185
f 1136 	1160 	1140
f 1151 	1187 	1154
f 1179 	1071 	1111
f 1190 	1154 	1187
f 1257 	1184 	1182
f 8595 	733 	8582
f 6379 	1188 	1186
f 89 	92 	835
f 8756 	879 	860
f 1192 	1201 	1193
f 1195 	1203 	1197
f 939 	8828 	908
f 1139 	1209 	1142
f 8799 	913 	8787
f 1117 	1200 	1124
f 1117 	1142 	1200
f 1213 	1198 	1145
f 6416 	1201 	1192
f 193 	6362 	1198
f 1228 	1195 	1194
f 1130 	1206 	1202
f 1129 	1202 	851
f 1197 	1205 	1199
f 1206 	1130 	1217
f 1203 	1205 	1197
f 1145 	1198 	1204
f 1239 	857 	1206
f 851 	1202 	857
f 1129 	851 	826
f 1308 	1205 	1203
f 1142 	1209 	1211
f 1213 	1215 	1198
f 1223 	1210 	1208
f 1209 	1229 	1211
f 1223 	1566 	1210
f 5909 	1083 	1214
f 1210 	1566 	1212
f 1142 	1211 	1200
f 1222 	1198 	1215
f 193 	1198 	1222
f 1193 	1201 	1218
f 1217 	1130 	1200
f 1200 	1211 	1217
f 1219 	1083 	5930
f 1218 	1207 	1193
f 1215 	1213 	1216
f 1207 	1220 	1208
f 1218 	1220 	1207
f 1202 	1206 	857
f 1214 	1083 	1221
f 1222 	3228 	193
f 1234 	1206 	1217
f 1220 	1223 	1208
f 3228 	1222 	3229
f 3243 	3229 	1216
f 1216 	3229 	1222
f 1214 	1221 	1224
f 1215 	1216 	1222
f 1234 	1239 	1206
f 1097 	1226 	1216
f 1214 	1224 	1194
f 1225 	1226 	1097
f 1566 	1568 	1212
f 1228 	1194 	1224
f 6365 	6366 	1226
f 1209 	2233 	1227
f 1228 	1203 	1195
f 6441 	6550 	1218
f 1219 	1421 	1221
f 1219 	1417 	1421
f 1227 	1229 	1209
f 1218 	6550 	1220
f 1221 	1230 	1224
f 1211 	1229 	1231
f 1221 	1421 	1230
f 1224 	1230 	1233
f 1211 	1231 	1217
f 1230 	1189 	1233
f 1232 	1128 	1134
f 1217 	1231 	1234
f 1224 	1233 	1228
f 1228 	1236 	1203
f 1233 	1236 	1228
f 1308 	1203 	1236
f 1183 	1238 	996
f 996 	1238 	1004
f 1240 	1004 	1238
f 1189 	1230 	1345
f 1240 	1010 	1004
f 1240 	1242 	1010
f 1233 	1191 	1236
f 1189 	1191 	1233
f 1240 	1238 	12445
f 1134 	1109 	1185
f 1134 	1185 	1232
f 1243 	1229 	1227
f 1227 	1241 	1243
f 1232 	1267 	1235
f 1231 	1229 	989
f 1243 	989 	1229
f 1245 	1135 	1242
f 1231 	990 	1234
f 1231 	989 	990
f 1157 	1123 	1248
f 1123 	1253 	1248
f 1239 	1234 	992
f 990 	992 	1234
f 1241 	997 	998
f 1243 	1241 	998
f 1243 	1007 	989
f 1243 	998 	1007
f 1259 	1250 	1249
f 1244 	1252 	1246
f 1242 	1135 	1010
f 1252 	1254 	1246
f 1182 	1196 	1257
f 1245 	12645 	1144
f 1248 	1256 	1249
f 1144 	12645 	1161
f 1245 	1144 	1135
f 1253 	1256 	1248
f 1246 	1254 	1247
f 1256 	1259 	1249
f 1258 	1184 	1257
f 1256 	1237 	1259
f 1106 	1260 	1262
f 1259 	1281 	1250
f 1232 	1253 	1128
f 1260 	1269 	1271
f 1260 	1271 	1262
f 1232 	1235 	1253
f 1262 	1108 	1106
f 1235 	1256 	1253
f 11800 	1196 	1175
f 1263 	1108 	1262
f 1235 	1237 	1256
f 1191 	1264 	1236
f 1237 	1287 	1259
f 542 	1122 	1265
f 1264 	1275 	1266
f 542 	1265 	544
f 542 	518 	1122
f 1185 	1267 	1232
f 1235 	1267 	1270
f 1188 	1192 	1267
f 1267 	1192 	1270
f 1237 	1235 	1270
f 1184 	1258 	1187
f 1191 	1272 	1264
f 1258 	1261 	1187
f 1185 	1188 	1267
f 1187 	1261 	1190
f 1262 	1273 	1263
f 1272 	1275 	1264
f 1262 	1271 	1273
f 1263 	1273 	1276
f 1192 	1193 	1270
f 1193 	1207 	1293
f 1274 	1190 	1261
f 1283 	1285 	1268
f 1280 	1424 	1278
f 1272 	1448 	1458
f 1281 	1277 	1250
f 1458 	1468 	1272
f 1261 	1497 	1274
f 1315 	1277 	1281
f 1278 	1274 	1498
f 1497 	1498 	1274
f 1268 	1285 	1282
f 1252 	1244 	1282
f 1315 	1279 	1277
f 1283 	1268 	1266
f 1266 	1275 	1283
f 1284 	1147 	1070
f 1275 	1470 	1283
f 1265 	1263 	1276
f 1276 	544 	1265
f 1288 	1252 	1282
f 1281 	1259 	1287
f 1286 	1796 	1251
f 1285 	1288 	1282
f 1271 	1269 	13342
f 1288 	1603 	1252
f 1287 	1295 	1289
f 1293 	1295 	1287
f 1252 	1603 	1254
f 1276 	1273 	1296
f 1295 	1298 	1289
f 1255 	1291 	1808
f 1289 	1298 	1290
f 1275 	1468 	1470
f 1283 	1471 	1285
f 1293 	1287 	1237
f 1237 	1270 	1293
f 1285 	1472 	1288
f 1271 	1294 	1273
f 1296 	1273 	1294
f 1255 	1428 	1291
f 1297 	1199 	1205
f 1291 	1304 	1301
f 1294 	13349 	1296
f 1297 	1125 	1199
f 1276 	545 	544
f 1251 	1425 	1286
f 1276 	1296 	545
f 1297 	1299 	1125
f 1304 	1291 	1428
f 1296 	8895 	545
f 1270 	1193 	1293
f 1829 	1301 	1303
f 1207 	1295 	1293
f 1207 	1208 	1295
f 1125 	1299 	1150
f 1260 	1177 	1305
f 1299 	1306 	1150
f 1166 	1153 	1306
f 1303 	1310 	1309
f 1441 	1279 	1307
f 1302 	13370 	13372
f 1297 	1205 	1312
f 1302 	13372 	1305
f 1305 	1269 	1260
f 1300 	1303 	1309
f 1313 	1310 	1303
f 1305 	13372 	1269
f 1308 	1312 	1205
f 1312 	1314 	1297
f 1301 	1313 	1303
f 1304 	1313 	1301
f 1315 	1318 	1279
f 1297 	1314 	1299
f 1314 	1244 	1299
f 1318 	1307 	1279
f 1314 	1282 	1244
f 1307 	1321 	1311
f 1322 	1323 	1350
f 1320 	1350 	1323
f 1244 	1306 	1299
f 1318 	1321 	1307
f 1324 	1350 	1326
f 1322 	1350 	1324
f 1244 	1246 	1306
f 652 	1325 	1082
f 1306 	1246 	1166
f 1281 	1287 	1289
f 1350 	1351 	1326
f 1166 	1247 	1169
f 1246 	1247 	1166
f 1327 	1326 	1351
f 1315 	1281 	1289
f 1289 	1290 	1315
f 1328 	1327 	1351
f 1351 	1354 	1328
f 1247 	1585 	1169
f 1315 	1290 	1318
f 1332 	1331 	1355
f 1330 	1328 	1354
f 1264 	1308 	1236
f 1318 	1292 	1321
f 1329 	1330 	1354
f 1264 	1266 	1308
f 1290 	1292 	1318
f 1331 	1329 	1354
f 1354 	1355 	1331
f 1308 	1266 	1312
f 1266 	1268 	1312
f 1314 	1312 	1268
f 1338 	1339 	1316
f 1268 	1282 	1314
f 1298 	1336 	1290
f 1295 	1208 	1298
f 1298 	1210 	1336
f 1208 	1210 	1298
f 1342 	1343 	1316
f 1290 	1336 	1292
f 1336 	1341 	1292
f 1344 	1316 	1343
f 1346 	1316 	1344
f 1338 	1316 	1346
f 1210 	1212 	1336
f 1336 	1212 	1341
f 1333 	1332 	1355
f 1335 	1333 	1355
f 1348 	1350 	1319
f 1319 	1350 	1320
f 1347 	1348 	1319
f 1337 	1349 	1340
f 1334 	1335 	1355
f 1340 	1349 	1353
f 1316 	1334 	1356
f 1355 	1356 	1334
f 1340 	1353 	1345
f 1152 	1360 	1352
f 1316 	1359 	1361
f 1356 	1359 	1316
f 1360 	1364 	1352
f 1352 	1364 	1357
f 1363 	1316 	1362
f 1446 	1189 	1345
f 1362 	1316 	1361
f 1152 	1157 	1360
f 1342 	1316 	1363
f 189 	2599 	179
f 1364 	1365 	1357
f 1364 	1250 	1365
f 1357 	1365 	1358
f 1371 	1316 	1370
f 1369 	1370 	1316
f 1369 	1316 	1339
f 1248 	1360 	1157
f 1360 	1249 	1364
f 1248 	1249 	1360
f 1373 	1374 	1319
f 1250 	1364 	1249
f 1374 	1375 	1319
f 1319 	1375 	1347
f 1372 	1349 	1337
f 1250 	1277 	1365
f 1365 	1277 	1437
f 1366 	1376 	1367
f 1367 	1376 	1379
f 1368 	1367 	1379
f 1382 	1372 	1368
f 1381 	1377 	1164
f 1381 	1171 	1380
f 1170 	1380 	1171
f 1284 	1317 	1147
f 1082 	1325 	1088
f 1379 	1382 	1368
f 1373 	1319 	1883
f 1372 	1382 	1384
f 1385 	1088 	1325
f 1164 	1171 	1381
f 1387 	1401 	1389
f 1349 	1372 	1384
f 1391 	188 	1390
f 1349 	1384 	1451
f 1325 	1396 	1393
f 1377 	1389 	1378
f 1394 	188 	1391
f 1381 	1380 	1387
f 1381 	1387 	1389
f 1190 	1159 	1154
f 1325 	652 	1396
f 1392 	1396 	652
f 1376 	1515 	1379
f 1284 	1159 	1397
f 1390 	188 	1399
f 1399 	188 	1398
f 1393 	1385 	1325
f 1190 	1397 	1159
f 1393 	1400 	1385
f 7476 	2343 	2336
f 1317 	1284 	1423
f 1379 	1517 	1382
f 1515 	1517 	1379
f 1381 	1389 	1377
f 1401 	1402 	1389
f 1385 	1400 	1386
f 1400 	1404 	1386
f 1413 	188 	1412
f 1387 	1358 	1401
f 1388 	1383 	1427
f 1418 	188 	1406
f 1412 	188 	1410
f 1410 	188 	1409
f 1408 	1407 	1400
f 1389 	1402 	1378
f 1406 	188 	1405
f 1405 	188 	1413
f 1190 	1274 	1397
f 1414 	1093 	1090
f 1274 	1278 	1397
f 1393 	1408 	1400
f 1419 	188 	1418
f 1395 	1398 	188
f 1414 	1090 	1411
f 1093 	1414 	1417
f 1419 	1395 	188
f 1407 	1404 	1400
f 1407 	1520 	1404
f 1093 	1417 	1219
f 1554 	1520 	1407
f 1411 	1422 	1414
f 1380 	1357 	1387
f 1397 	1423 	1284
f 1337 	1417 	1414
f 1386 	1404 	1251
f 1317 	1423 	1424
f 1423 	1397 	1278
f 1425 	1426 	1286
f 1357 	1358 	1387
f 1317 	1424 	1383
f 1337 	1414 	1422
f 2740 	2690 	1415
f 1417 	1337 	1340
f 2740 	1415 	2323
f 2325 	2323 	1415
f 1286 	1426 	1255
f 1417 	1340 	1421
f 1427 	1383 	1424
f 1426 	1428 	1255
f 1345 	1230 	1421
f 1388 	1427 	1429
f 1340 	1345 	1421
f 1609 	1429 	1607
f 1170 	1352 	1380
f 1388 	1429 	1416
f 1422 	1372 	1337
f 1352 	1357 	1380
f 1090 	1107 	1411
f 1107 	1114 	1411
f 1401 	1358 	1431
f 1423 	1278 	1424
f 1110 	1432 	1114
f 1607 	1427 	1424
f 1110 	1430 	1432
f 1437 	1441 	1431
f 1114 	1432 	1434
f 1431 	1441 	1433
f 1427 	1607 	1429
f 1114 	1434 	1411
f 1434 	1422 	1411
f 1436 	926 	923
f 1404 	1425 	1251
f 1437 	1431 	1358
f 1436 	923 	1147
f 1365 	1437 	1358
f 1432 	1430 	1366
f 1432 	1367 	1434
f 1432 	1366 	1367
f 1437 	1279 	1441
f 1277 	1279 	1437
f 1442 	931 	929
f 1368 	1422 	1434
f 1434 	1367 	1368
f 1441 	1443 	1435
f 1441 	1435 	1433
f 1442 	929 	1438
f 1440 	1502 	1499
f 1368 	1372 	1422
f 1345 	1353 	1446
f 1189 	1446 	1448
f 1449 	1439 	678
f 1445 	1447 	1864
f 1446 	1457 	1448
f 1189 	1448 	1191
f 1307 	1443 	1441
f 1272 	1191 	1448
f 1451 	1353 	1349
f 1451 	1454 	1353
f 1453 	1455 	1456
f 1451 	1503 	1454
f 1460 	1447 	1445
f 1446 	1353 	1454
f 1455 	1461 	1456
f 1454 	1457 	1446
f 1450 	1463 	3291
f 1457 	1458 	1448
f 1450 	3291 	1452
f 1275 	1272 	1468
f 1473 	1455 	1453
f 1459 	1460 	1445
f 1461 	1462 	1456
f 1444 	965 	931
f 1447 	1463 	1450
f 1503 	1505 	1454
f 1460 	1463 	1447
f 1454 	1505 	1457
f 1442 	1444 	931
f 1444 	1464 	965
f 1479 	1458 	1457
f 1459 	1466 	1460
f 1465 	1466 	1459
f 1467 	1463 	1460
f 1466 	1467 	1460
f 1464 	1469 	968
f 1147 	1317 	1436
f 1461 	1482 	1462
f 1436 	1383 	1438
f 1466 	1465 	1475
f 1283 	1470 	1471
f 1317 	1383 	1436
f 1383 	1388 	1438
f 1462 	1483 	1697
f 1438 	1388 	1442
f 1476 	1467 	1466
f 1475 	1476 	1466
f 1442 	1416 	1444
f 1471 	1472 	1285
f 1476 	3348 	1467
f 1416 	1442 	1388
f 1416 	1420 	1444
f 1481 	1468 	1458
f 1444 	1420 	1464
f 1402 	1401 	1473
f 1431 	1473 	1401
f 1431 	1433 	1473
f 1474 	1475 	1465
f 1453 	1402 	1473
f 1473 	1433 	1455
f 1461 	1455 	1435
f 1474 	1478 	1475
f 1433 	1435 	1455
f 1477 	1478 	1474
f 1478 	1480 	1475
f 1458 	1479 	1481
f 1435 	1490 	1461
f 188 	1549 	1409
f 1475 	1480 	1476
f 1483 	1462 	1482
f 1477 	1487 	1478
f 1468 	1484 	1470
f 1486 	1487 	1477
f 1481 	1484 	1468
f 1484 	1485 	1470
f 1470 	1485 	1471
f 1483 	1482 	3369
f 1485 	1488 	1471
f 1478 	1489 	1480
f 1487 	1489 	1478
f 1461 	1490 	1482
f 1471 	1488 	1472
f 1486 	1492 	1487
f 1493 	1490 	1435
f 1491 	1492 	1486
f 1487 	1494 	1489
f 1443 	1493 	1435
f 1257 	1495 	1258
f 1492 	1494 	1487
f 1493 	3378 	1490
f 1494 	3429 	1489
f 682 	1439 	1440
f 1258 	1496 	1261
f 1494 	1492 	2275
f 1392 	682 	1440
f 1495 	1496 	1258
f 1496 	1497 	1261
f 1392 	1440 	1499
f 1491 	2274 	1492
f 2274 	2275 	1492
f 678 	1439 	682
f 1499 	1396 	1392
f 1499 	1500 	1396
f 1521 	1384 	1382
f 1451 	1384 	1501
f 1550 	1440 	1439
f 1501 	1384 	1521
f 1440 	1550 	1502
f 1503 	1451 	1501
f 1499 	1504 	1500
f 1499 	1502 	1504
f 1521 	1526 	1501
f 1526 	1560 	1501
f 1505 	1503 	1562
f 1278 	1511 	1280
f 1500 	1393 	1396
f 1498 	1511 	1278
f 1500 	1512 	1408
f 1511 	1513 	1280
f 1500 	1504 	1512
f 1500 	1408 	1393
f 1382 	1517 	1521
f 1517 	1804 	1524
f 1554 	1407 	1555
f 1517 	1524 	1521
f 1506 	1508 	1640
f 1508 	1507 	1640
f 1512 	1571 	1558
f 1507 	1509 	1640
f 1509 	1510 	1640
f 1514 	1640 	1510
f 1517 	1515 	1804
f 1555 	1407 	1408
f 1404 	1520 	1425
f 1521 	1524 	1526
f 1425 	1528 	1426
f 1503 	1501 	1560
f 1520 	1528 	1425
f 1514 	11886 	1535
f 1549 	1580 	1403
f 1540 	1670 	1428
f 1528 	1540 	1426
f 1528 	1545 	1540
f 1552 	1553 	1541
f 1541 	1553 	1543
f 1565 	1545 	1528
f 1426 	1540 	1428
f 1522 	1525 	1668
f 1525 	1527 	1668
f 1527 	1529 	1668
f 1529 	1530 	1668
f 1532 	1531 	1668
f 1530 	1532 	1668
f 1533 	1668 	1531
f 1548 	1449 	1547
f 1640 	1514 	1668
f 1439 	1449 	1548
f 1535 	1534 	1668
f 1535 	1668 	1514
f 1534 	1536 	1668
f 1439 	1548 	1550
f 1537 	1539 	1668
f 1537 	1668 	1536
f 1548 	1551 	1550
f 1403 	1409 	1549
f 1538 	1668 	1539
f 1538 	1542 	1668
f 1542 	1544 	1668
f 1544 	1523 	1668
f 1523 	1522 	1668
f 1617 	1604 	6656
f 1555 	1408 	1512
f 1552 	2520 	1553
f 1479 	1457 	1505
f 1503 	1560 	1562
f 1505 	1564 	1479
f 1504 	1571 	1512
f 1505 	1562 	1564
f 1564 	1541 	1479
f 1564 	1552 	1541
f 1605 	1608 	1557
f 1481 	1479 	1541
f 1557 	1608 	1559
f 1559 	1612 	1561
f 1541 	1543 	1481
f 1608 	1612 	1559
f 1481 	1543 	1484
f 1485 	1484 	1546
f 1543 	1546 	1484
f 1546 	1631 	1485
f 1576 	1504 	1502
f 1311 	1443 	1307
f 1558 	1555 	1512
f 1493 	1443 	1311
f 1311 	3317 	1493
f 1560 	1830 	1562
f 1528 	1520 	1565
f 1564 	1562 	1833
f 1562 	1830 	1833
f 1564 	1833 	1552
f 1520 	1554 	1565
f 1550 	1551 	1570
f 1550 	1570 	1502
f 1567 	1573 	1569
f 1572 	1567 	1140
f 1140 	1160 	1572
f 1572 	1573 	1567
f 1504 	1576 	1571
f 1160 	1169 	1577
f 1169 	1585 	1577
f 1578 	1579 	1574
f 1577 	1572 	1160
f 1577 	1581 	1572
f 1574 	1579 	1575
f 1572 	1581 	1573
f 1584 	1579 	1578
f 1583 	1584 	1578
f 1502 	1570 	1576
f 1164 	1584 	1583
f 1163 	1164 	1583
f 1555 	1558 	1602
f 1164 	1377 	1584
f 1558 	1571 	1661
f 1824 	1589 	1592
f 1589 	1599 	1592
f 1598 	1599 	1589
f 1549 	1655 	1580
f 1594 	1614 	1518
f 1595 	1655 	1596
f 1247 	1254 	1600
f 1600 	1585 	1247
f 1585 	1601 	1586
f 1600 	1601 	1585
f 1556 	1605 	1557
f 1254 	1606 	1600
f 1556 	1604 	1605
f 1424 	1280 	1607
f 1606 	1254 	1603
f 1606 	1610 	1600
f 1606 	1620 	1610
f 1615 	1620 	1606
f 1600 	1610 	1601
f 1288 	1472 	1613
f 1613 	1603 	1288
f 1580 	1655 	1582
f 1613 	1615 	1603
f 1613 	1625 	1615
f 1606 	1603 	1615
f 1604 	1619 	1605
f 1617 	1619 	1604
f 1615 	1627 	1620
f 1625 	1627 	1615
f 1619 	1621 	1605
f 1513 	1607 	1280
f 1607 	1513 	1609
f 1577 	1586 	1581
f 1516 	1609 	1513
f 1605 	1621 	1608
f 1585 	1586 	1577
f 1621 	1622 	1608
f 1519 	1518 	1611
f 1516 	1519 	1609
f 1609 	1519 	1611
f 1621 	1867 	1622
f 1626 	1624 	580
f 1596 	1655 	1597
f 1518 	1614 	1611
f 1608 	1622 	1612
f 1587 	1626 	580
f 1623 	1613 	1472
f 1597 	1655 	1624
f 1594 	1616 	1614
f 1623 	1472 	1488
f 1594 	1629 	1616
f 1616 	1629 	1618
f 1623 	1625 	1613
f 1617 	1865 	1619
f 1488 	1632 	1623
f 1621 	1619 	1866
f 1634 	1625 	1623
f 1618 	1630 	1628
f 1629 	1630 	1618
f 1627 	1625 	1636
f 1634 	1636 	1625
f 1866 	1867 	1621
f 1488 	1485 	1631
f 1546 	1647 	1631
f 1867 	3830 	1622
f 1631 	1651 	1632
f 1647 	1651 	1631
f 1464 	1420 	1633
f 1623 	1632 	1634
f 1635 	1420 	1416
f 1416 	1429 	1635
f 1635 	1637 	1420
f 1420 	1637 	1633
f 1638 	1742 	1633
f 1593 	1655 	1595
f 1637 	1638 	1633
f 1632 	1652 	1634
f 1638 	1639 	1742
f 1638 	1618 	1639
f 1639 	1642 	1744
f 1643 	1546 	1543
f 1591 	580 	1644
f 1591 	1590 	580
f 1588 	580 	1590
f 1611 	1429 	1609
f 1611 	1635 	1429
f 1543 	1553 	1643
f 1646 	580 	1645
f 1644 	580 	1646
f 1635 	1614 	1637
f 1643 	1647 	1546
f 1611 	1614 	1635
f 1645 	580 	1648
f 1616 	1638 	1637
f 1648 	580 	1649
f 1614 	1616 	1637
f 1649 	580 	1650
f 580 	571 	1650
f 1638 	1616 	1618
f 1628 	1639 	1618
f 1639 	1628 	1642
f 1652 	1632 	1651
f 1652 	1653 	1634
f 1588 	1587 	580
f 1554 	1555 	1602
f 1654 	1013 	995
f 1634 	1653 	1636
f 995 	1469 	1654
f 1654 	1657 	1013
f 1654 	1744 	1657
f 1657 	1017 	1013
f 1657 	1658 	1017
f 1554 	1602 	1656
f 1658 	1022 	1017
f 1598 	1660 	1599
f 1656 	1565 	1554
f 1659 	1660 	1598
f 2621 	2618 	1647
f 2660 	1661 	1571
f 7526 	1574 	1659
f 2618 	1651 	1647
f 1575 	1660 	1659
f 1582 	1655 	1593
f 1574 	1575 	1659
f 580 	1624 	1655
f 1631 	1632 	1488
f 1656 	1602 	1725
f 1602 	1664 	1725
f 1725 	1726 	1656
f 1377 	1662 	1584
f 1662 	1378 	1663
f 1377 	1378 	1662
f 1664 	1602 	1558
f 1663 	1667 	1665
f 1558 	1661 	1664
f 1667 	1663 	1378
f 1641 	1640 	1669
f 1402 	1453 	1667
f 1304 	1428 	1670
f 1378 	1402 	1667
f 1668 	1669 	1640
f 1669 	1672 	1641
f 1671 	1673 	1313
f 1660 	1575 	1674
f 1641 	1672 	1666
f 1310 	1313 	1673
f 1673 	1671 	1689
f 1313 	1304 	1671
f 1670 	1671 	1304
f 1677 	1674 	1575
f 1545 	1678 	1540
f 1575 	1579 	1677
f 1677 	1679 	1674
f 1677 	1663 	1679
f 1674 	1679 	1675
f 1675 	1681 	1676
f 1672 	1680 	1666
f 1679 	1681 	1675
f 1681 	1712 	1676
f 10618 	2096 	2156
f 1610 	6290 	1601
f 1579 	1584 	1662
f 1579 	1662 	1677
f 1662 	1663 	1677
f 1663 	1665 	1679
f 1679 	1665 	1681
f 1947 	9994 	1927
f 1685 	1712 	1681
f 1723 	1680 	1672
f 1665 	1685 	1681
f 1670 	1540 	1678
f 1680 	1724 	1682
f 1687 	1671 	1670
f 1678 	1687 	1670
f 1728 	1683 	1682
f 6290 	1610 	1620
f 1665 	1667 	1691
f 1691 	1685 	1665
f 1691 	1694 	1685
f 2599 	10809 	2156
f 1667 	1453 	1691
f 1686 	1685 	1694
f 1694 	1697 	1686
f 1693 	1702 	1102
f 1691 	1456 	1694
f 1686 	1697 	1688
f 1700 	1690 	1688
f 1687 	1689 	1671
f 1697 	1700 	1688
f 1692 	1666 	1680
f 1680 	1682 	1692
f 1695 	1692 	1682
f 1695 	1683 	1696
f 1702 	1693 	1701
f 1682 	1683 	1695
f 1565 	1703 	1545
f 1453 	1456 	1691
f 1683 	1684 	1696
f 1565 	1656 	1703
f 11687 	3089 	3091
f 1696 	1684 	1699
f 1701 	1698 	1776
f 1456 	1462 	1694
f 1684 	3566 	1699
f 1694 	1462 	1697
f 1698 	1774 	1776
f 1697 	1483 	1700
f 1777 	1702 	1701
f 1702 	1777 	1430
f 1702 	1430 	1110
f 1676 	1712 	1704
f 1678 	1707 	1687
f 1678 	1709 	1707
f 1704 	1717 	1706
f 1712 	1717 	1704
f 1710 	1669 	1668
f 1708 	1710 	1668
f 1710 	1722 	1669
f 1545 	1709 	1678
f 1703 	1709 	1545
f 1669 	1722 	1672
f 1708 	1716 	1710
f 1713 	1716 	1708
f 1726 	1715 	1703
f 1706 	1718 	1711
f 1714 	1731 	1719
f 1717 	1718 	1706
f 1718 	1720 	1711
f 1556 	1557 	1713
f 1430 	1719 	1366
f 1726 	1703 	1656
f 1713 	1557 	1716
f 1715 	1709 	1703
f 1715 	1721 	1709
f 1557 	1559 	1716
f 1709 	1721 	1707
f 1720 	1718 	1690
f 1722 	1723 	1672
f 1731 	1714 	1729
f 1712 	1686 	1717
f 1685 	1686 	1712
f 1686 	1688 	1717
f 1723 	1724 	1680
f 1717 	1688 	1718
f 9975 	2020 	9980
f 1688 	1690 	1718
f 2020 	2024 	9980
f 1725 	3140 	1726
f 1727 	1739 	1729
f 3140 	3143 	1726
f 1710 	1730 	1722
f 1716 	1730 	1710
f 1723 	1722 	1732
f 1730 	1732 	1722
f 1719 	1734 	1366
f 1732 	1735 	1723
f 1599 	1733 	1592
f 1719 	1731 	1734
f 1599 	1660 	1737
f 1734 	1376 	1366
f 1737 	1733 	1599
f 1723 	1735 	1724
f 1737 	1738 	1733
f 1724 	3606 	1728
f 1735 	3606 	1724
f 1729 	1739 	1740
f 1739 	1809 	1813
f 1738 	1676 	1741
f 1469 	1464 	1633
f 1729 	1740 	1731
f 1633 	1742 	1469
f 1731 	1740 	1743
f 1654 	1469 	1742
f 1737 	1660 	1674
f 1742 	1744 	1654
f 1738 	1737 	1675
f 1731 	1743 	1734
f 1657 	1745 	1658
f 1674 	1675 	1737
f 1734 	1743 	1746
f 1744 	1745 	1657
f 1675 	1676 	1738
f 1676 	1704 	1741
f 1639 	1744 	1742
f 1734 	1746 	1376
f 1642 	1745 	1744
f 1746 	1515 	1376
f 799 	1019 	2144
f 1748 	520 	507
f 1748 	702 	1751
f 1740 	1739 	1813
f 1751 	1752 	1748
f 1754 	1751 	736
f 1754 	1752 	1751
f 1748 	1752 	520
f 1743 	1797 	1746
f 736 	763 	1754
f 1752 	1754 	1756
f 1733 	1747 	1592
f 1757 	541 	1756
f 1756 	541 	1752
f 1747 	1759 	1749
f 1757 	1760 	541
f 1781 	1755 	1758
f 1759 	1747 	1733
f 1759 	1761 	1749
f 1759 	1733 	1738
f 1716 	1559 	1730
f 541 	1760 	531
f 1738 	1741 	1759
f 1759 	1741 	1761
f 533 	531 	1763
f 1760 	1763 	531
f 1749 	1761 	1750
f 1755 	1762 	1764
f 1750 	1787 	1753
f 1765 	763 	755
f 1758 	1755 	1764
f 755 	771 	1765
f 1758 	1766 	1727
f 10314 	1580 	2938
f 763 	1765 	1767
f 6156 	10316 	2938
f 1758 	1764 	1766
f 1766 	1739 	1727
f 1762 	1941 	1764
f 763 	1767 	1754
f 1761 	1741 	1768
f 1944 	1766 	1764
f 1754 	1769 	1756
f 1741 	1704 	1768
f 1809 	1739 	1766
f 1754 	1767 	1769
f 1769 	1772 	1756
f 1768 	1706 	1770
f 1705 	1771 	1774
f 1770 	1711 	1773
f 1774 	1698 	1705
f 1767 	1801 	1769
f 1769 	1802 	1772
f 1801 	1802 	1769
f 1704 	1706 	1768
f 1701 	1776 	1777
f 1772 	1757 	1756
f 1706 	1711 	1770
f 1757 	1778 	1760
f 1779 	1773 	1711
f 1773 	1779 	1775
f 1772 	1778 	1757
f 1719 	1430 	1777
f 1711 	1720 	1779
f 1720 	3843 	1779
f 1778 	1780 	1760
f 1779 	3843 	3917
f 1771 	1782 	1774
f 1778 	1784 	1780
f 1803 	1784 	1778
f 1771 	1781 	1782
f 1774 	1782 	1786
f 1753 	1788 	1783
f 1776 	1774 	1786
f 1714 	1777 	1776
f 1750 	1761 	1787
f 1760 	1780 	1763
f 1788 	1753 	1787
f 771 	793 	1789
f 1768 	1787 	1761
f 1776 	1786 	1714
f 791 	1088 	1790
f 1719 	1777 	1714
f 791 	1790 	793
f 1792 	793 	1790
f 1783 	1791 	1785
f 1792 	1789 	793
f 1788 	1791 	1783
f 1782 	1781 	1758
f 1792 	1790 	1386
f 1782 	1758 	1727
f 1782 	1727 	1786
f 1787 	1768 	1770
f 1765 	771 	1789
f 1786 	1727 	1729
f 1786 	1729 	1714
f 1787 	1770 	1788
f 1765 	1795 	1767
f 1770 	1773 	1788
f 1789 	1792 	1796
f 1788 	1773 	1791
f 1814 	1743 	1740
f 1791 	1773 	1775
f 1797 	1743 	1814
f 2009 	1785 	1798
f 1789 	1796 	1795
f 1789 	1795 	1765
f 1746 	1799 	1515
f 1795 	1801 	1767
f 1772 	1802 	1803
f 1746 	1797 	1799
f 1515 	1799 	1804
f 1772 	1803 	1778
f 1791 	1805 	1785
f 1785 	1805 	1798
f 1798 	1806 	1800
f 1805 	1806 	1798
f 1799 	1925 	1929
f 1775 	1805 	1791
f 3908 	1805 	1775
f 1929 	1804 	1799
f 1805 	3908 	1806
f 1808 	1810 	1802
f 1808 	1291 	1810
f 1809 	1817 	1813
f 1802 	1810 	1803
f 1740 	1813 	1814
f 1812 	1811 	1816
f 1829 	1803 	1810
f 1816 	1811 	1815
f 1816 	1942 	1812
f 1810 	1301 	1829
f 1821 	1816 	1815
f 1817 	1809 	2018
f 1813 	1817 	1819
f 1301 	1810 	1291
f 1829 	1784 	1803
f 1813 	1819 	1814
f 1820 	1821 	1815
f 1925 	1799 	1797
f 1796 	1823 	1795
f 1814 	1924 	1797
f 1820 	1825 	1821
f 1824 	1825 	1820
f 1286 	1823 	1796
f 1795 	1823 	1801
f 1592 	1825 	1824
f 1808 	1802 	1823
f 1801 	1823 	1802
f 1747 	1825 	1592
f 1526 	1828 	1560
f 1828 	1830 	1560
f 1088 	1385 	1790
f 1796 	1792 	1251
f 1835 	1836 	1831
f 1831 	1836 	1832
f 1832 	1839 	1834
f 1251 	1792 	1386
f 1836 	1839 	1832
f 1823 	1286 	1255
f 1835 	1841 	1836
f 1552 	1833 	2517
f 1808 	1823 	1255
f 1840 	1841 	1835
f 2520 	1552 	2517
f 1842 	1843 	1763
f 1842 	1845 	1843
f 1843 	555 	552
f 1843 	552 	1763
f 533 	1763 	552
f 1838 	1837 	6914
f 1780 	1842 	1763
f 1812 	1841 	1840
f 1811 	1812 	1840
f 1784 	1848 	1780
f 1956 	1841 	1812
f 1848 	1842 	1780
f 1843 	1845 	555
f 1784 	1300 	1848
f 1784 	1829 	1300
f 1842 	1848 	1845
f 1860 	1852 	1849
f 2162 	1851 	1807
f 1827 	1850 	1854
f 1829 	1303 	1300
f 1386 	1790 	1385
f 1846 	2724 	2734
f 1559 	1561 	1730
f 1732 	1730 	1561
f 1856 	1936 	1857
f 1561 	1563 	1732
f 1732 	1563 	1735
f 1857 	1858 	2158
f 1724 	1728 	1682
f 1859 	1860 	1849
f 1852 	1860 	1862
f 1684 	1683 	3604
f 1861 	1981 	1980
f 1728 	3604 	1683
f 1863 	1861 	1980
f 1852 	1862 	1853
f 6656 	1864 	1617
f 1862 	2128 	1853
f 1617 	1864 	1865
f 1865 	1866 	1619
f 2128 	1855 	1853
f 1856 	1870 	1936
f 1940 	1857 	1936
f 1832 	1860 	1859
f 1831 	1832 	1859
f 1862 	1860 	1834
f 1447 	1865 	1864
f 1834 	1860 	1832
f 1447 	1450 	1865
f 1865 	1450 	1866
f 1867 	1866 	1452
f 1450 	1452 	1866
f 1827 	1854 	1826
f 1828 	1873 	1830
f 1874 	1873 	1828
f 1871 	1852 	1872
f 1826 	1874 	1828
f 1826 	1854 	1874
f 1373 	1883 	1922
f 1876 	2019 	1879
f 1875 	1855 	1877
f 1879 	2019 	2020
f 1880 	1879 	2020
f 1871 	1849 	1852
f 1885 	70 	1884
f 1872 	1852 	1853
f 2020 	9975 	1880
f 1872 	1853 	1875
f 1900 	1904 	63
f 1898 	1900 	63
f 1875 	1853 	1855
f 1904 	1906 	63
f 58 	63 	1906
f 1906 	1908 	58
f 1908 	1909 	58
f 1893 	1913 	1918
f 1893 	1918 	1902
f 134 	58 	1910
f 1914 	134 	1910
f 1909 	1910 	58
f 1821 	1907 	1816
f 1911 	1913 	1899
f 1926 	1928 	1907
f 1907 	1928 	1912
f 1850 	1846 	2734
f 1899 	1913 	1893
f 1896 	1895 	1914
f 1938 	1913 	1911
f 1881 	1914 	1882
f 1913 	1927 	1918
f 1888 	1887 	1914
f 1920 	1883 	1919
f 1913 	1938 	1927
f 1894 	1914 	1889
f 1887 	1889 	1914
f 1922 	1883 	1921
f 1884 	70 	1883
f 1874 	1854 	2766
f 1921 	1883 	1920
f 1930 	1917 	1912
f 1895 	1901 	1914
f 1930 	1933 	1917
f 1797 	1924 	1925
f 1917 	1933 	1923
f 63 	61 	1898
f 1897 	1898 	61
f 1901 	1903 	1914
f 1903 	1905 	1914
f 1892 	1897 	61
f 1825 	1926 	1821
f 2085 	1914 	1905
f 1924 	1844 	1925
f 1821 	1926 	1907
f 1886 	1890 	61
f 61 	65 	1886
f 1819 	1924 	1814
f 1888 	1914 	1881
f 9577 	1918 	9584
f 1885 	1886 	65
f 65 	70 	1885
f 1925 	1846 	1929
f 1926 	1749 	1928
f 1910 	1915 	1914
f 1827 	1524 	1804
f 1915 	1916 	1914
f 1919 	1883 	70
f 1916 	1882 	1914
f 1804 	1929 	1827
f 1826 	1526 	1524
f 1928 	1930 	1912
f 1868 	1863 	2035
f 1827 	1826 	1524
f 1826 	1828 	1526
f 1891 	1892 	61
f 1868 	2035 	2048
f 1890 	1891 	61
f 1747 	1926 	1825
f 2236 	2123 	1819
f 1924 	2123 	1844
f 1932 	1911 	1899
f 1932 	1958 	1911
f 1747 	1749 	1926
f 1749 	1750 	1928
f 1870 	1868 	2048
f 186 	185 	1914
f 133 	134 	1914
f 1925 	1844 	1846
f 1750 	1930 	1928
f 1929 	1846 	1850
f 1929 	1850 	1827
f 1937 	1938 	1911
f 1870 	2048 	2052
f 1930 	1753 	1933
f 1870 	2052 	1936
f 1750 	1753 	1930
f 1753 	1783 	1933
f 133 	1914 	158
f 157 	158 	1914
f 1941 	1762 	1939
f 1944 	1764 	1941
f 1937 	1945 	1938
f 1943 	1945 	1937
f 1938 	1945 	1947
f 1907 	1942 	1816
f 1907 	1912 	1942
f 1809 	1766 	1944
f 1942 	1912 	1946
f 1912 	1917 	1946
f 1927 	1938 	1947
f 1939 	1949 	1948
f 1946 	1917 	1994
f 1943 	1876 	1879
f 185 	147 	1914
f 1879 	1945 	1943
f 1947 	1945 	1880
f 1923 	2004 	1995
f 1945 	1879 	1880
f 147 	157 	1914
f 1939 	1948 	1941
f 1905 	1950 	2085
f 1955 	1958 	1931
f 806 	807 	188
f 807 	809 	188
f 809 	810 	188
f 1955 	1961 	1958
f 1960 	1961 	1955
f 1958 	1932 	1931
f 2010 	2085 	1934
f 1950 	1951 	2085
f 1951 	1952 	2085
f 1960 	1955 	1982
f 1952 	1954 	2085
f 810 	1869 	188
f 1953 	1935 	2085
f 1954 	1953 	2085
f 1935 	1934 	2085
f 1958 	1937 	1911
f 1961 	1937 	1958
f 817 	804 	188
f 804 	803 	188
f 806 	188 	803
f 1960 	1968 	1961
f 1963 	1968 	1960
f 1961 	1943 	1937
f 1968 	1943 	1961
f 876 	865 	188
f 865 	864 	188
f 1968 	1963 	1736
f 905 	907 	188
f 903 	905 	188
f 864 	903 	188
f 906 	188 	907
f 906 	817 	188
f 1968 	1736 	1876
f 1968 	1876 	1943
f 1977 	1955 	1931
f 1970 	1999 	1964
f 1967 	1999 	1970
f 1934 	1965 	2010
f 1940 	1858 	1857
f 1858 	1978 	671
f 812 	1869 	810
f 1549 	188 	1869
f 1858 	1940 	1978
f 671 	1978 	685
f 1976 	1982 	1977
f 1979 	1982 	1976
f 1982 	1955 	1977
f 1980 	2311 	2315
f 1942 	1956 	1812
f 1965 	1962 	2010
f 1962 	1964 	2010
f 1956 	1946 	1957
f 1969 	1999 	1966
f 1966 	1999 	1967
f 1971 	1999 	1969
f 2010 	1964 	1999
f 1942 	1946 	1956
f 1979 	1984 	1982
f 1971 	1972 	1999
f 1946 	1994 	1957
f 1972 	1974 	1999
f 1983 	1984 	1979
f 1974 	1973 	1999
f 1984 	1960 	1982
f 1975 	1999 	1973
f 12029 	12031 	1986
f 12029 	1986 	1975
f 1869 	812 	799
f 1983 	1991 	1984
f 1986 	1640 	1975
f 1991 	1963 	1984
f 1957 	1994 	1959
f 1985 	1640 	1986
f 1985 	1989 	1640
f 1999 	1975 	1640
f 1959 	1995 	1987
f 1989 	1988 	1640
f 1994 	1995 	1959
f 1987 	1996 	1990
f 1988 	1992 	1640
f 1984 	1963 	1960
f 1995 	1996 	1987
f 1506 	1640 	1992
f 799 	2144 	1869
f 1994 	1917 	1923
f 1994 	1923 	1995
f 1995 	2004 	1996
f 1933 	2003 	1923
f 1933 	1783 	2003
f 1783 	1785 	2003
f 1785 	2009 	2003
f 1640 	1641 	1999
f 1997 	2005 	2000
f 2000 	1979 	1976
f 1999 	1641 	1998
f 2005 	1979 	2000
f 1666 	1998 	1641
f 1666 	2001 	1998
f 2005 	1983 	1979
f 1692 	2002 	2001
f 1692 	2001 	1666
f 2004 	1923 	2003
f 1692 	1695 	2002
f 2003 	2009 	2004
f 2004 	2009 	2006
f 2006 	2012 	2007
f 2009 	2012 	2006
f 2012 	2014 	2007
f 1941 	2015 	1944
f 1941 	1948 	2015
f 2017 	1876 	1736
f 1944 	2015 	2018
f 1948 	1949 	2140
f 2001 	2011 	2010
f 2019 	1876 	2017
f 1944 	2018 	1809
f 2023 	2019 	2017
f 2019 	2023 	2024
f 2019 	2024 	2020
f 1999 	1998 	2010
f 2001 	2010 	1998
f 2001 	2002 	2011
f 2017 	2022 	2023
f 2013 	2011 	2002
f 2007 	2014 	2008
f 2023 	2029 	2033
f 2023 	2033 	2024
f 2009 	1798 	2012
f 2002 	2025 	2013
f 1800 	2014 	2012
f 2002 	1695 	2025
f 1798 	1800 	2012
f 2022 	2026 	2029
f 2028 	1993 	1990
f 2028 	1990 	1996
f 2032 	1993 	2028
f 2028 	2007 	2032
f 2022 	2029 	2023
f 1993 	2032 	2041
f 2006 	2028 	1996
f 1696 	2025 	1695
f 1996 	2004 	2006
f 2025 	1696 	2027
f 2028 	2006 	2007
f 2027 	1699 	2030
f 1696 	1699 	2027
f 2007 	2008 	2032
f 2034 	2030 	1699
f 2008 	2038 	2036
f 2014 	2038 	2008
f 2039 	2044 	2040
f 1980 	2315 	2035
f 2040 	1736 	1963
f 3566 	2034 	1699
f 2346 	2042 	2039
f 2035 	1863 	1980
f 2016 	2013 	2025
f 2041 	2047 	2043
f 2027 	2016 	2025
f 2041 	2032 	2047
f 2027 	2021 	2016
f 2043 	2049 	2045
f 2134 	2021 	2030
f 2047 	2049 	2043
f 2049 	2050 	2045
f 2027 	2030 	2021
f 2030 	2051 	2134
f 2045 	2050 	2046
f 2048 	2319 	2052
f 2032 	2008 	2047
f 2051 	2030 	2034
f 2008 	2036 	2047
f 2051 	2037 	2053
f 1936 	2052 	2308
f 2034 	2037 	2051
f 2047 	2036 	2049
f 2048 	2035 	2314
f 2049 	2054 	2050
f 2036 	2054 	2049
f 2054 	4346 	2050
f 2053 	2055 	2136
f 2048 	2314 	2319
f 1940 	1936 	2308
f 1836 	1841 	2058
f 1940 	2308 	2339
f 2058 	1839 	1836
f 2037 	4287 	2053
f 1940 	2339 	1978
f 2058 	1957 	2059
f 4287 	2055 	2053
f 1956 	1957 	2058
f 2056 	2055 	4292
f 4292 	4305 	2056
f 2056 	4305 	2057
f 2044 	2039 	2042
f 1956 	2058 	1841
f 2040 	2044 	2063
f 2040 	2063 	1736
f 2059 	1959 	2060
f 1959 	2059 	1957
f 1959 	1987 	2060
f 2060 	1987 	2061
f 2063 	2017 	1736
f 2064 	2065 	2248
f 1987 	1990 	2061
f 2065 	2078 	997
f 2073 	2078 	2065
f 2067 	2077 	2068
f 2042 	2066 	2070
f 2076 	2077 	2067
f 2064 	2072 	2073
f 2044 	2042 	2070
f 2074 	2063 	2044
f 2064 	2073 	2065
f 2074 	2044 	2070
f 2063 	2074 	2022
f 1834 	1839 	2076
f 2074 	2026 	2022
f 2067 	1834 	2076
f 2064 	2062 	2072
f 2069 	2072 	2062
f 2063 	2022 	2017
f 2068 	2079 	2071
f 2077 	2079 	2068
f 2078 	1001 	997
f 2071 	2086 	2075
f 2079 	2086 	2071
f 2070 	2206 	2074
f 2059 	1839 	2058
f 2081 	2072 	2069
f 1839 	2059 	2076
f 2074 	2206 	2026
f 2069 	2080 	2081
f 2059 	2060 	2076
f 2072 	2081 	2082
f 2076 	2060 	2077
f 2077 	2061 	2079
f 2060 	2061 	2077
f 2083 	2026 	2206
f 2073 	2072 	2082
f 2084 	2026 	2083
f 2108 	1914 	2088
f 2078 	1055 	1001
f 2085 	2011 	2087
f 2085 	2010 	2011
f 2011 	2013 	2087
f 2075 	2086 	2089
f 2087 	2013 	2088
f 2013 	2016 	2088
f 2094 	2089 	2086
f 2088 	2016 	2108
f 2073 	2082 	2091
f 2099 	2082 	2081
f 2099 	2100 	2082
f 2073 	2091 	2078
f 2016 	2021 	2108
f 2079 	2092 	2086
f 2078 	2091 	1055
f 2079 	2061 	2092
f 2092 	2094 	2086
f 2083 	2098 	2102
f 2092 	1993 	2094
f 2080 	2093 	2095
f 2083 	2102 	2084
f 2029 	2026 	2084
f 2093 	2105 	2095
f 2033 	2029 	2096
f 2084 	2096 	2029
f 2106 	2090 	2089
f 2093 	2103 	2105
f 2080 	2095 	2081
f 1990 	2092 	2061
f 2081 	2095 	2099
f 1990 	1993 	2092
f 2091 	2082 	2100
f 2100 	2101 	2091
f 1993 	2041 	2094
f 2149 	2015 	1948
f 2091 	2101 	1055
f 2067 	2128 	1862
f 1862 	1834 	2067
f 2068 	2128 	2067
f 2018 	2230 	1817
f 2104 	2099 	2095
f 2095 	2105 	2104
f 1894 	1896 	1914
f 2094 	2106 	2089
f 2090 	2106 	2107
f 2109 	2100 	2099
f 2088 	1914 	2087
f 1847 	2162 	1807
f 2094 	2041 	2106
f 1807 	6867 	1847
f 2106 	2043 	2107
f 2041 	2043 	2106
f 2107 	2045 	2110
f 2043 	2045 	2107
f 2031 	580 	1655
f 2045 	2046 	2110
f 2115 	2407 	2046
f 2050 	2115 	2046
f 2050 	4346 	2115
f 4377 	2115 	4346
f 2183 	2075 	2089
f 2124 	2187 	2090
f 2114 	2368 	2125
f 2128 	2130 	1855
f 1844 	2894 	1846
f 2135 	2113 	2112
f 2134 	2135 	2112
f 2108 	2021 	2111
f 1818 	1822 	2191
f 2134 	2112 	2111
f 2191 	1822 	2125
f 2131 	2075 	2132
f 2130 	2128 	2068
f 2021 	2134 	2111
f 2068 	2071 	2130
f 2130 	2071 	2131
f 2113 	2135 	2136
f 2237 	1838 	2242
f 2131 	2071 	2075
f 1949 	2137 	2140
f 1838 	1793 	2242
f 2113 	2136 	2118
f 2138 	2118 	2136
f 2242 	1793 	2126
f 2137 	3066 	2140
f 1877 	1855 	2145
f 2146 	2182 	2031
f 2143 	2147 	2121
f 2179 	2148 	2139
f 2145 	1878 	1877
f 2140 	2149 	1948
f 2139 	2150 	2141
f 2139 	2148 	2150
f 2141 	2150 	2153
f 2142 	2119 	2138
f 2151 	2145 	2131
f 2141 	2153 	11099
f 2156 	2096 	2084
f 2084 	2102 	2156
f 2099 	2104 	2109
f 1837 	1838 	2237
f 2101 	2109 	2158
f 2109 	2101 	2100
f 2154 	2152 	1847
f 2101 	2158 	1089
f 2154 	1847 	1794
f 2135 	2134 	2051
f 2150 	3460 	2153
f 2154 	1794 	1837
f 2051 	2053 	2135
f 2109 	1856 	1857
f 2053 	2136 	2135
f 2109 	1857 	2158
f 2145 	1855 	2130
f 2138 	2136 	2055
f 2102 	2602 	2599
f 1858 	1089 	2158
f 2098 	2598 	2602
f 2130 	2131 	2145
f 2055 	2056 	2138
f 2098 	2602 	2102
f 2101 	1089 	1066
f 1869 	2144 	2031
f 2599 	2156 	2102
f 1851 	2162 	2159
f 2151 	2132 	2155
f 2103 	2164 	2163
f 2151 	2131 	2132
f 2132 	2133 	2155
f 2133 	2157 	2155
f 2160 	2165 	2166
f 2152 	2162 	1847
f 2165 	2141 	2166
f 2133 	2171 	2157
f 2147 	4335 	2167
f 2160 	2166 	2161
f 2181 	2178 	2031
f 2144 	2146 	2031
f 2139 	2165 	2208
f 2056 	2142 	2138
f 1851 	2159 	2168
f 2180 	2181 	2031
f 2141 	2165 	2139
f 2057 	2143 	2142
f 2166 	2141 	11099
f 2142 	2056 	2057
f 2185 	2104 	2105
f 2143 	2057 	2177
f 2168 	2987 	1851
f 2190 	2194 	2172
f 2147 	2143 	2177
f 2172 	2194 	2175
f 2163 	2105 	2103
f 2223 	2176 	2097
f 2182 	2180 	2031
f 2132 	2183 	2133
f 2163 	2185 	2105
f 2177 	4335 	2147
f 2114 	2370 	2368
f 2132 	2075 	2183
f 4335 	4338 	2167
f 2370 	2114 	2116
f 2185 	2163 	1868
f 2187 	2133 	2183
f 1863 	1868 	2163
f 2174 	2188 	2179
f 2173 	2594 	2176
f 2174 	2186 	2188
f 2183 	2090 	2187
f 2148 	2179 	2188
f 2133 	2187 	2171
f 1863 	2163 	2164
f 2171 	2190 	2172
f 2148 	2188 	5562
f 2187 	2190 	2171
f 2104 	1856 	2109
f 5556 	2186 	2184
f 2104 	2185 	1856
f 2175 	2418 	2305
f 2202 	1914 	2199
f 2189 	2195 	2200
f 671 	1089 	1858
f 2418 	2175 	2194
f 2127 	2129 	2207
f 2164 	1861 	1863
f 2200 	2066 	2189
f 2119 	2118 	2138
f 1870 	1856 	2185
f 2066 	2204 	2070
f 2089 	2090 	2183
f 2211 	2220 	2031
f 2142 	2143 	2120
f 2143 	2121 	2120
f 2185 	1868 	1870
f 2066 	2200 	2204
f 2178 	2211 	2031
f 2206 	2070 	2204
f 2187 	2124 	2190
f 2201 	2205 	2208
f 2204 	2251 	2206
f 2218 	2217 	2031
f 2167 	2122 	2147
f 2201 	2208 	2203
f 2220 	2218 	2031
f 2203 	2165 	2160
f 2120 	2119 	2142
f 2203 	2208 	2165
f 2174 	2297 	2310
f 2121 	2147 	2122
f 2209 	2221 	2219
f 2174 	2205 	2297
f 2122 	2167 	2192
f 2193 	2301 	2195
f 2217 	2216 	2031
f 2216 	435 	2031
f 2205 	2174 	2179
f 2212 	1139 	1116
f 2208 	2205 	2179
f 2229 	2196 	2192
f 2232 	2198 	2197
f 2179 	2139 	2208
f 2196 	2235 	2197
f 2207 	2129 	2210
f 2215 	2239 	2224
f 2219 	2244 	2254
f 1818 	2191 	2210
f 2223 	2204 	2200
f 435 	434 	2031
f 2210 	2129 	1818
f 2015 	2149 	2226
f 2151 	1878 	2145
f 2198 	2241 	2199
f 2244 	2219 	2221
f 2151 	2213 	1878
f 2151 	2155 	2213
f 429 	580 	433
f 2213 	2155 	2214
f 2226 	2018 	2015
f 2167 	2229 	2192
f 2226 	2230 	2018
f 2212 	2209 	2219
f 2167 	4338 	2229
f 427 	580 	428
f 434 	433 	580
f 427 	426 	580
f 2490 	2227 	2231
f 2214 	2157 	2215
f 2477 	2127 	2207
f 2212 	2219 	2233
f 425 	580 	426
f 2477 	2126 	2127
f 2219 	2254 	2233
f 2232 	2197 	2235
f 2214 	2155 	2157
f 2229 	2235 	2196
f 2222 	2238 	2225
f 2236 	1819 	1817
f 2239 	2215 	2157
f 428 	580 	429
f 2199 	2240 	2202
f 2222 	2234 	2238
f 1817 	2230 	2236
f 2157 	2171 	2239
f 2212 	2233 	1139
f 2199 	2241 	2240
f 2233 	1209 	1139
f 580 	2031 	434
f 2249 	2202 	2240
f 2239 	2243 	2224
f 2221 	2228 	2244
f 1924 	1819 	2123
f 2232 	2241 	2198
f 2228 	2248 	2244
f 2126 	2476 	2242
f 2227 	2245 	2231
f 2228 	2246 	2248
f 2231 	2245 	2250
f 1837 	2237 	2487
f 4340 	2235 	2229
f 2231 	2250 	2234
f 3057 	3066 	2137
f 2239 	2172 	2243
f 2258 	2261 	2247
f 2234 	2253 	2238
f 2247 	2261 	2252
f 2250 	2253 	2234
f 2232 	4358 	2241
f 2252 	2265 	2255
f 2261 	2265 	2252
f 2254 	1227 	2233
f 2149 	2140 	2849
f 4364 	2249 	2240
f 2254 	1241 	1227
f 2171 	2172 	2239
f 2149 	2844 	2226
f 2244 	2248 	2257
f 2250 	2270 	2272
f 2085 	2087 	1914
f 2250 	2272 	2253
f 2112 	1914 	2111
f 2112 	2113 	1914
f 2152 	2154 	2484
f 2230 	2866 	2236
f 2111 	1914 	2108
f 2119 	1914 	2118
f 2062 	2064 	2246
f 2118 	1914 	2113
f 2121 	1914 	2120
f 2192 	1914 	2122
f 2260 	2245 	2227
f 2246 	2064 	2248
f 2192 	2196 	1914
f 2866 	2895 	2236
f 2121 	2122 	1914
f 2065 	2257 	2248
f 2258 	2313 	2261
f 2264 	3147 	2224
f 2120 	1914 	2119
f 2065 	997 	2257
f 2198 	1914 	2197
f 2260 	2263 	2266
f 2198 	2199 	1914
f 2254 	2244 	2257
f 2197 	1914 	2196
f 2259 	2159 	2162
f 1914 	2202 	2268
f 2260 	2266 	2245
f 2162 	2152 	2259
f 2281 	186 	2268
f 2249 	2268 	2202
f 2245 	2270 	2250
f 2293 	2292 	2249
f 1241 	2254 	2257
f 997 	1241 	2257
f 2266 	2270 	2245
f 2273 	2274 	1491
f 2253 	2272 	11127
f 2258 	2309 	2313
f 2251 	2204 	2223
f 2275 	4793 	1494
f 2206 	2251 	2083
f 2243 	2264 	2224
f 2274 	2273 	2277
f 2276 	2277 	2273
f 2275 	2274 	2278
f 2277 	2278 	2274
f 2263 	2203 	2266
f 2098 	2083 	2251
f 2278 	4805 	2275
f 2263 	2201 	2203
f 2289 	2267 	2264
f 2266 	2203 	2160
f 2277 	2340 	2278
f 2266 	2160 	2270
f 2270 	2161 	2272
f 2270 	2160 	2161
f 2269 	2267 	2295
f 2272 	11084 	11127
f 2272 	2161 	11084
f 2296 	469 	2300
f 2289 	2295 	2267
f 2098 	2251 	2097
f 2281 	2282 	175
f 175 	2282 	2300
f 175 	186 	2281
f 1914 	2268 	186
f 2282 	2281 	2268
f 2981 	2992 	2285
f 5668 	2284 	5654
f 2243 	2289 	2264
f 2493 	2286 	2290
f 2302 	2288 	2284
f 2288 	2306 	2291
f 2288 	2302 	2306
f 2292 	2293 	465
f 2293 	2307 	465
f 2285 	2298 	2287
f 2296 	2292 	469
f 465 	469 	2292
f 2262 	2168 	2159
f 2294 	2298 	2285
f 175 	2300 	469
f 2301 	2193 	2290
f 2298 	2299 	2287
f 2268 	2249 	2282
f 2290 	2286 	2169
f 2294 	3545 	2298
f 2292 	2296 	2249
f 2296 	2300 	2249
f 2243 	2172 	2175
f 2282 	2249 	2300
f 3546 	3547 	2298
f 2195 	2303 	2200
f 2787 	2279 	2304
f 2289 	2243 	2175
f 2175 	2305 	2289
f 2195 	2301 	2303
f 2303 	2223 	2200
f 2305 	2295 	2289
f 2293 	2249 	4364
f 2256 	2309 	2258
f 2305 	2312 	2295
f 2291 	2310 	2297
f 2293 	4364 	2307
f 2304 	2309 	2256
f 2310 	2291 	2306
f 1981 	2311 	1980
f 2314 	2035 	2315
f 2309 	2324 	2313
f 2186 	2174 	2310
f 2313 	2317 	2261
f 2261 	2317 	2265
f 2302 	5581 	2306
f 2290 	2169 	2170
f 2052 	2342 	2308
f 2290 	2170 	2301
f 2052 	2319 	2342
f 2534 	2316 	2312
f 2318 	2304 	2279
f 2301 	2173 	2303
f 2279 	2280 	2318
f 2310 	2306 	2184
f 93 	2809 	102
f 2318 	2320 	2304
f 2301 	2170 	2173
f 2321 	2271 	2269
f 2303 	2173 	2176
f 2295 	2321 	2269
f 2186 	2310 	2184
f 2318 	2352 	2320
f 2295 	2312 	2321
f 2176 	2223 	2303
f 2309 	2304 	2320
f 2097 	2251 	2223
f 2325 	2327 	102
f 102 	2323 	2325
f 2320 	2324 	2309
f 2313 	2326 	2317
f 2327 	2329 	102
f 2321 	2328 	2271
f 2324 	2326 	2313
f 2329 	2330 	102
f 2330 	103 	102
f 2040 	1991 	2039
f 105 	102 	103
f 2040 	1963 	1991
f 2260 	2227 	2322
f 2318 	2350 	2352
f 1978 	2335 	685
f 2572 	2332 	2322
f 2336 	2337 	2277
f 2336 	2277 	2276
f 2308 	2338 	2339
f 2320 	2357 	2324
f 2337 	2340 	2277
f 2308 	2342 	2338
f 2352 	2357 	2320
f 2316 	2328 	2321
f 2312 	2316 	2321
f 2342 	2430 	2338
f 2324 	2361 	2326
f 2343 	2345 	2337
f 2343 	2337 	2336
f 2455 	2331 	2328
f 2357 	2361 	2324
f 2345 	2347 	2340
f 2345 	2340 	2337
f 2328 	2316 	2455
f 2342 	2433 	2430
f 2343 	7484 	2348
f 2332 	2349 	2322
f 2287 	2350 	2280
f 2348 	2351 	2343
f 2318 	2280 	2350
f 2332 	2344 	2349
f 2322 	2349 	2260
f 2339 	2335 	1978
f 2343 	2351 	2345
f 2351 	2353 	2347
f 2335 	1547 	685
f 2354 	2194 	2190
f 2339 	2338 	2355
f 2347 	2345 	2351
f 2333 	2378 	2334
f 2339 	2355 	2335
f 2124 	2354 	2190
f 2335 	2359 	1547
f 2334 	2356 	2341
f 2335 	2355 	2359
f 2341 	2362 	2346
f 2344 	2358 	2363
f 1547 	2359 	2392
f 7491 	7500 	2348
f 2299 	2350 	2287
f 2341 	2356 	2362
f 2346 	2362 	2042
f 2350 	2365 	2352
f 2358 	2376 	2363
f 2299 	2365 	2350
f 1547 	2392 	1548
f 2349 	2344 	2363
f 2365 	2367 	2352
f 2377 	2353 	2351
f 2349 	2363 	2263
f 2124 	2090 	2107
f 2107 	2110 	2124
f 2352 	2367 	2357
f 2349 	2263 	2260
f 2367 	2371 	2357
f 2354 	2124 	2110
f 2189 	2362 	2356
f 2369 	2372 	2348
f 2362 	2066 	2042
f 2354 	2373 	2360
f 2362 	2189 	2066
f 2357 	2371 	2361
f 2373 	2354 	2110
f 2373 	2386 	2360
f 2376 	2358 	2374
f 2348 	2372 	2351
f 2372 	2377 	2351
f 2299 	3555 	2365
f 2338 	2430 	2355
f 2375 	2378 	2333
f 2470 	2355 	2443
f 2365 	3559 	2367
f 2363 	2201 	2263
f 2386 	2364 	2360
f 2363 	2376 	2201
f 2364 	2399 	2366
f 2378 	2356 	2334
f 7506 	2379 	2369
f 2379 	2381 	2369
f 2374 	2297 	2376
f 1981 	2380 	2311
f 2374 	2291 	2297
f 2396 	2397 	2379
f 2046 	2373 	2110
f 2376 	2205 	2201
f 2379 	2397 	2381
f 2376 	2297 	2205
f 2375 	2384 	2378
f 2375 	2382 	2384
f 2372 	2369 	2381
f 2381 	2388 	2372
f 1548 	2392 	1551
f 2372 	2388 	2377
f 2385 	2398 	2401
f 2385 	2401 	2391
f 2392 	2467 	1551
f 1570 	1551 	2645
f 2379 	7506 	2396
f 2392 	2359 	2467
f 2386 	2399 	2364
f 2394 	2438 	2395
f 2388 	2381 	2400
f 2397 	2400 	2381
f 1781 	3479 	1755
f 2438 	2440 	2395
f 2391 	2404 	2393
f 2391 	2401 	2404
f 2315 	2311 	2402
f 2404 	2374 	2393
f 2373 	2046 	2407
f 2402 	2311 	2408
f 2386 	2373 	2407
f 2415 	2417 	2396
f 2386 	2409 	2399
f 2393 	2374 	2358
f 2407 	2409 	2386
f 2396 	2417 	2397
f 2409 	2410 	2399
f 2417 	2423 	2397
f 2397 	2423 	2400
f 2311 	2380 	2408
f 2398 	2284 	2401
f 2401 	2284 	2288
f 2411 	2408 	2380
f 2839 	2406 	2405
f 2401 	2288 	2404
f 2115 	4369 	2407
f 2404 	2288 	2291
f 2404 	2291 	2374
f 2407 	4369 	2409
f 2426 	2428 	2415
f 2305 	2418 	2420
f 2739 	2453 	2403
f 2432 	2421 	2413
f 2194 	2354 	2360
f 2432 	2437 	2421
f 2419 	2422 	2412
f 2417 	2415 	2428
f 2194 	2360 	2418
f 2413 	2424 	2416
f 2418 	2364 	2420
f 2360 	2364 	2418
f 2421 	2424 	2413
f 2412 	2422 	2414
f 2416 	2424 	2344
f 2364 	2366 	2420
f 2422 	2425 	2414
f 2344 	2424 	2358
f 2424 	2393 	2358
f 2423 	5185 	2400
f 2416 	2344 	2332
f 2534 	2366 	2427
f 2414 	2425 	2436
f 2402 	2403 	2315
f 2314 	2315 	2403
f 2437 	2391 	2421
f 2441 	2314 	2403
f 2421 	2391 	2393
f 2426 	2446 	2428
f 2445 	2446 	2426
f 2421 	2393 	2424
f 2434 	2439 	2427
f 2427 	2439 	2429
f 2425 	2422 	2836
f 2428 	2431 	2417
f 2446 	2447 	2428
f 2434 	2427 	2366
f 2428 	2447 	2431
f 2417 	2431 	2423
f 2431 	5195 	2423
f 2436 	2394 	2540
f 2399 	2434 	2366
f 2436 	2438 	2394
f 2342 	2319 	2433
f 2441 	2433 	2319
f 2443 	2355 	2430
f 2439 	2444 	2429
f 2436 	2405 	2438
f 2435 	2442 	2385
f 2436 	2425 	2405
f 2405 	2406 	2438
f 2398 	2385 	2442
f 2405 	2425 	2838
f 2437 	2435 	2385
f 2438 	2406 	2440
f 2410 	2434 	2399
f 2391 	2437 	2385
f 5792 	2398 	2442
f 2439 	4481 	2444
f 2447 	2448 	2431
f 2451 	2402 	2408
f 2408 	2682 	2451
f 2445 	2465 	2446
f 2456 	2331 	2455
f 2378 	2387 	2356
f 2378 	2384 	2387
f 2370 	2116 	2389
f 2356 	2387 	2189
f 2472 	2448 	2447
f 2450 	2458 	2454
f 2449 	2491 	2452
f 2389 	2116 	2117
f 2382 	2488 	2493
f 2450 	2457 	2458
f 2390 	2389 	2117
f 7578 	2463 	2445
f 2382 	2493 	2384
f 7578 	2629 	2463
f 2384 	2193 	2387
f 2387 	2195 	2189
f 2193 	2195 	2387
f 2457 	2461 	2458
f 2457 	2486 	2461
f 2403 	2453 	2441
f 2319 	2314 	2441
f 2625 	2477 	2207
f 2463 	2465 	2445
f 2207 	2210 	2514
f 2461 	2222 	2225
f 2468 	2447 	2446
f 2467 	2359 	2470
f 2465 	2468 	2446
f 2491 	2469 	2471
f 2468 	2472 	2447
f 2125 	2368 	2191
f 2191 	2368 	2459
f 2460 	2491 	2471
f 2460 	2475 	2464
f 2758 	2441 	2453
f 2471 	2475 	2460
f 2475 	2383 	2464
f 2465 	2635 	2468
f 2430 	2433 	2479
f 2473 	2478 	2457
f 2497 	2906 	2469
f 2474 	2242 	2476
f 2478 	2486 	2457
f 2476 	2126 	2477
f 2473 	2457 	2450
f 2471 	2716 	2475
f 2483 	2466 	2462
f 2716 	2719 	2475
f 2475 	2719 	2383
f 2486 	2478 	2482
f 2483 	2462 	2480
f 2482 	2492 	2486
f 2466 	2483 	2488
f 2489 	2491 	2449
f 2488 	2382 	2466
f 2492 	2482 	2490
f 2580 	2487 	2237
f 2237 	2242 	2474
f 2492 	2222 	2486
f 2460 	2452 	2491
f 2492 	2234 	2222
f 2493 	2193 	2384
f 2486 	2222 	2461
f 2596 	2152 	2484
f 2555 	2227 	2490
f 2484 	2154 	2487
f 2492 	2490 	2231
f 2496 	2483 	2480
f 2487 	2154 	1837
f 2496 	2480 	2917
f 2231 	2234 	2492
f 2283 	2483 	2496
f 2489 	2485 	2497
f 2495 	2497 	2485
f 2491 	2489 	2469
f 2497 	2469 	2489
f 2283 	2488 	2483
f 2493 	2488 	2286
f 2498 	2500 	2501
f 2488 	2283 	2286
f 2262 	2499 	2609
f 2159 	2259 	2499
f 2499 	2262 	2159
f 2575 	2506 	2505
f 2500 	2509 	2501
f 2575 	2577 	2506
f 2577 	2507 	2506
f 2507 	2579 	2508
f 2500 	2504 	2509
f 2501 	2509 	11210
f 2748 	2368 	2370
f 2504 	2503 	2511
f 2390 	2752 	2389
f 2753 	2389 	2752
f 2390 	2754 	2752
f 2757 	2389 	2753
f 2509 	2504 	2511
f 2389 	2757 	2370
f 2513 	2561 	2512
f 2503 	2454 	2511
f 2503 	2450 	2454
f 2561 	2513 	2510
f 2513 	2516 	2510
f 2510 	2516 	2527
f 2512 	2585 	2513
f 2493 	2290 	2193
f 2521 	2518 	2582
f 2518 	2521 	2522
f 2412 	2516 	2513
f 2207 	2514 	2625
f 2518 	2522 	2519
f 2516 	2414 	2540
f 2519 	2500 	2498
f 2412 	2414 	2516
f 2519 	2522 	2500
f 2514 	2210 	2515
f 2414 	2436 	2540
f 2459 	2515 	2191
f 2191 	2515 	2210
f 2521 	2524 	2528
f 2420 	2312 	2305
f 2524 	2530 	2528
f 2521 	2528 	2522
f 2534 	2312 	2420
f 2528 	2503 	2504
f 2528 	2537 	2503
f 2523 	4033 	2535
f 2522 	2528 	2504
f 2538 	2316 	2534
f 2533 	2536 	2526
f 2537 	2528 	2530
f 2535 	4033 	2532
f 2523 	2535 	2539
f 2537 	2450 	2503
f 2534 	2427 	2538
f 2316 	2538 	2455
f 2516 	2540 	2527
f 2522 	2504 	2500
f 2525 	2523 	2539
f 2527 	2540 	2531
f 2538 	2541 	2455
f 2394 	2533 	2531
f 2525 	2542 	2529
f 2540 	2394 	2531
f 2525 	2539 	2542
f 2455 	2541 	2456
f 2394 	2395 	2533
f 2529 	2542 	2375
f 2456 	2543 	2657
f 2473 	2537 	2530
f 2541 	2543 	2456
f 2533 	2395 	2536
f 2382 	2375 	2542
f 2366 	2534 	2420
f 2537 	2473 	2450
f 2529 	2375 	2333
f 2427 	2429 	2538
f 2538 	2429 	2541
f 2541 	2548 	2543
f 2532 	2547 	2535
f 2548 	2541 	2429
f 2462 	2539 	2535
f 2550 	2544 	2565
f 2557 	2561 	2545
f 2429 	2444 	2548
f 2545 	2561 	2549
f 2544 	2551 	2546
f 2462 	2535 	2547
f 2539 	2462 	2466
f 2544 	2550 	2551
f 2546 	2551 	2482
f 2539 	2466 	2542
f 2490 	2482 	2551
f 2331 	2456 	2553
f 2546 	2482 	2478
f 2542 	2466 	2382
f 2552 	2452 	2554
f 2449 	2452 	2552
f 2547 	2480 	2462
f 2547 	2903 	2480
f 2555 	2551 	2550
f 2556 	3283 	2553
f 2551 	2555 	2490
f 2555 	2572 	2322
f 2555 	2322 	2227
f 3289 	2557 	2545
f 2557 	2554 	2567
f 2559 	1991 	1983
f 2561 	2510 	2549
f 2562 	2568 	2565
f 2583 	2341 	2558
f 2583 	2334 	2341
f 2558 	2341 	2346
f 2553 	2456 	2657
f 2558 	2346 	2559
f 2568 	2562 	2566
f 2553 	2657 	2556
f 2567 	2554 	2452
f 2566 	2570 	2568
f 2566 	2569 	2570
f 2557 	2512 	2561
f 2556 	2661 	2560
f 2039 	1991 	2559
f 2559 	2346 	2039
f 2557 	2567 	2512
f 2550 	2565 	2568
f 2663 	2564 	2560
f 2661 	2663 	2560
f 2452 	2460 	2567
f 2460 	2464 	2567
f 2464 	2512 	2567
f 2672 	3308 	2563
f 2571 	2005 	1997
f 2568 	2570 	2572
f 2568 	2572 	2550
f 2572 	2555 	2550
f 2573 	2576 	4091
f 2795 	2580 	2474
f 2237 	2474 	2580
f 2575 	2505 	2549
f 2569 	2413 	2416
f 4091 	2576 	2571
f 2569 	2416 	2570
f 2571 	2578 	2005
f 2576 	2578 	2571
f 2332 	2572 	2570
f 2577 	2579 	2507
f 2578 	1983 	2005
f 2570 	2416 	2332
f 2579 	2526 	2508
f 2575 	2549 	2510
f 2573 	2583 	2576
f 2801 	2596 	2484
f 2577 	2575 	2527
f 2581 	2583 	2573
f 2578 	2576 	2558
f 2510 	2527 	2575
f 2579 	2577 	2531
f 2706 	2801 	2484
f 2558 	2576 	2583
f 2521 	2582 	2584
f 2706 	2484 	2487
f 2527 	2531 	2577
f 2558 	2559 	2578
f 2531 	2533 	2579
f 2524 	2521 	2584
f 2487 	2580 	2706
f 2578 	2559 	1983
f 2579 	2533 	2526
f 2581 	2334 	2583
f 2512 	2464 	2585
f 2581 	2333 	2334
f 2585 	2412 	2513
f 2585 	2419 	2412
f 2587 	2584 	2601
f 2584 	2587 	2524
f 2585 	2464 	2383
f 2587 	2586 	2530
f 2383 	2419 	2585
f 2586 	2589 	2591
f 2589 	2546 	2591
f 2588 	2529 	2333
f 2586 	2591 	2530
f 2588 	2333 	2581
f 2473 	2530 	2591
f 2794 	2788 	2580
f 2589 	2544 	2546
f 2591 	2478 	2473
f 2097 	2176 	2597
f 2591 	2546 	2478
f 2598 	2098 	2097
f 2587 	2530 	2524
f 2592 	3386 	2603
f 2598 	2097 	2597
f 2600 	2586 	2601
f 2586 	2587 	2601
f 2589 	2586 	2626
f 2592 	2603 	2604
f 2600 	2626 	2586
f 2626 	2544 	2589
f 2592 	2604 	2595
f 2596 	2709 	2259
f 2582 	2994 	3000
f 2595 	2604 	2605
f 2259 	2152 	2596
f 2611 	2604 	2603
f 2601 	2584 	2606
f 2606 	2612 	2601
f 2603 	2608 	2611
f 2604 	2613 	2605
f 1553 	2520 	2614
f 2604 	2611 	2613
f 2609 	2730 	2502
f 2605 	2613 	2590
f 2610 	2615 	2616
f 2502 	2730 	3054
f 2609 	2502 	2262
f 2610 	2616 	2612
f 2616 	2600 	2601
f 2614 	1643 	1553
f 1651 	2617 	1652
f 2619 	2600 	2616
f 1651 	2618 	2617
f 2612 	2616 	2601
f 2608 	2655 	2611
f 2615 	2620 	2616
f 2620 	2669 	2619
f 2613 	2659 	2623
f 2613 	2623 	2590
f 2769 	2770 	2515
f 2622 	2562 	2565
f 2622 	2565 	2626
f 2619 	2616 	2620
f 2776 	2768 	2514
f 2600 	2619 	2626
f 2619 	2622 	2626
f 2623 	2624 	2627
f 2780 	2774 	2459
f 2626 	2565 	2544
f 2621 	1647 	1643
f 2614 	2621 	1643
f 2629 	2633 	2463
f 1652 	2631 	1653
f 2617 	2631 	1652
f 2624 	2630 	2634
f 2637 	2639 	2630
f 2463 	2633 	2465
f 2413 	2569 	2632
f 2624 	2634 	2627
f 2633 	2635 	2465
f 2443 	2481 	2470
f 2468 	2638 	2472
f 2628 	2636 	2432
f 2635 	2638 	2468
f 2359 	2355 	2470
f 2634 	2630 	2639
f 2636 	2437 	2432
f 2754 	2390 	2742
f 1551 	2467 	2640
f 2432 	2632 	2628
f 2785 	2642 	2786
f 2641 	2643 	2629
f 2632 	2432 	2413
f 1570 	2645 	2644
f 2548 	2444 	2574
f 2435 	2437 	2636
f 2633 	2629 	2643
f 2633 	2648 	2635
f 2637 	3593 	2639
f 2643 	2648 	2633
f 2635 	2649 	2638
f 2640 	2645 	1551
f 2648 	2649 	2635
f 2647 	2656 	2651
f 2617 	2707 	2631
f 2574 	4624 	2646
f 2653 	2608 	2607
f 3746 	3747 	2647
f 2646 	4625 	2650
f 2607 	2652 	2653
f 2655 	2608 	2653
f 2656 	2647 	2654
f 2643 	2671 	2648
f 2643 	2668 	2671
f 1830 	1873 	2658
f 2644 	1576 	1570
f 2659 	2613 	2611
f 2651 	2566 	2562
f 2651 	2656 	2566
f 2611 	2655 	2659
f 2658 	1833 	1830
f 2673 	2676 	2649
f 2654 	2632 	2656
f 2657 	2661 	2556
f 2658 	2517 	1833
f 2660 	1576 	2644
f 2628 	2632 	2654
f 2656 	2632 	2569
f 2656 	2569 	2566
f 2652 	2662 	2666
f 2663 	2665 	2564
f 2668 	2641 	2664
f 2732 	1854 	1850
f 2675 	2678 	2661
f 2661 	2678 	2663
f 2652 	2666 	2653
f 2641 	2668 	2643
f 2622 	2619 	2669
f 2564 	2665 	2563
f 2653 	2670 	2655
f 2645 	2640 	2974
f 2667 	2647 	2651
f 2665 	2672 	2563
f 2653 	2666 	2670
f 2660 	1571 	1576
f 2671 	2673 	2648
f 2655 	2670 	2674
f 2651 	2669 	2667
f 2710 	2673 	2708
f 2669 	2651 	2562
f 2669 	2562 	2622
f 2645 	2971 	2644
f 2648 	2673 	2649
f 2655 	2674 	2659
f 2766 	1854 	2732
f 2543 	2675 	2657
f 2623 	2659 	2624
f 2671 	2708 	2673
f 2659 	2674 	2624
f 2657 	2675 	2661
f 2793 	2790 	2520
f 2763 	2762 	2625
f 1664 	1661 	3093
f 2517 	2796 	2520
f 2666 	2684 	2670
f 2614 	2520 	2790
f 2677 	2679 	2615
f 2625 	2768 	2763
f 2674 	2670 	2688
f 2644 	2976 	2660
f 2680 	2679 	3790
f 2514 	2515 	2770
f 2668 	2708 	2671
f 2658 	2796 	2517
f 2630 	2624 	2674
f 2515 	2774 	2769
f 2679 	2680 	2615
f 2620 	2615 	2680
f 2677 	2615 	2610
f 2674 	2688 	2630
f 2515 	2459 	2774
f 2697 	2614 	2790
f 2673 	2711 	2676
f 3790 	3788 	2680
f 2776 	2514 	2770
f 2625 	2514 	2768
f 2618 	2621 	2695
f 2680 	2667 	2669
f 2679 	3786 	3790
f 2621 	2697 	2695
f 2451 	2739 	2402
f 2680 	2669 	2620
f 2662 	2681 	2683
f 2681 	2696 	2683
f 2681 	2691 	2696
f 179 	2725 	2723
f 2662 	2683 	2666
f 179 	2727 	2725
f 2684 	2666 	2683
f 2477 	2625 	2642
f 2664 	2687 	2668
f 179 	2737 	2733
f 2664 	2685 	2687
f 2743 	2737 	179
f 2682 	2408 	2411
f 2688 	2670 	2684
f 2642 	2476 	2477
f 179 	2733 	2731
f 2614 	2697 	2621
f 2685 	7700 	2690
f 2682 	2411 	2692
f 2690 	2693 	2685
f 179 	2594 	2593
f 179 	2597 	2594
f 2618 	2695 	2698
f 179 	2598 	2597
f 2686 	2694 	2699
f 2580 	2795 	2794
f 179 	2599 	2602
f 2685 	2693 	2687
f 2695 	3047 	2698
f 2683 	2696 	2700
f 2618 	2698 	2617
f 2694 	2704 	2705
f 179 	2602 	2598
f 2744 	2693 	2690
f 2694 	2705 	2699
f 2663 	2701 	2665
f 2686 	2699 	2689
f 2698 	2707 	2617
f 2663 	2678 	2701
f 2683 	2700 	2684
f 2665 	2736 	2672
f 2684 	2700 	2703
f 2702 	2169 	2286
f 2785 	2474 	2476
f 2701 	2736 	2665
f 7700 	1415 	2690
f 2700 	3611 	2703
f 2476 	2642 	2785
f 2684 	2703 	2688
f 2688 	2703 	2637
f 2713 	2675 	2543
f 7078 	7027 	2707
f 2705 	11369 	2699
f 2688 	2637 	2630
f 2737 	2169 	2702
f 2687 	2708 	2668
f 2498 	2705 	2704
f 2498 	2704 	2519
f 2169 	2737 	2743
f 3607 	2696 	2691
f 2801 	2880 	2596
f 2169 	2743 	2170
f 2711 	2673 	2710
f 2170 	2593 	2173
f 2693 	2715 	2687
f 2713 	2543 	2548
f 2712 	2694 	2686
f 2678 	2675 	2717
f 2708 	2687 	2715
f 2173 	2593 	2594
f 2715 	2718 	2710
f 2715 	2710 	2708
f 2675 	2713 	2717
f 2710 	2720 	2711
f 2717 	2721 	2678
f 2594 	2597 	2176
f 2728 	2735 	2716
f 2717 	2650 	2721
f 2718 	2720 	2710
f 2743 	179 	2593
f 2646 	2650 	2717
f 2720 	2722 	2711
f 2721 	2701 	2678
f 2709 	2499 	2259
f 2719 	2716 	2735
f 2735 	2738 	2719
f 2886 	2499 	2709
f 2872 	2419 	2383
f 2123 	2894 	1844
f 2713 	2548 	2574
f 2715 	2750 	2756
f 2749 	2682 	2692
f 2574 	2646 	2713
f 2713 	2646 	2717
f 2756 	2718 	2715
f 2682 	2765 	2451
f 2731 	2792 	2727
f 2720 	2718 	2764
f 1850 	2734 	2732
f 2755 	2451 	2765
f 2720 	2772 	2722
f 2764 	2772 	2720
f 2733 	2737 	2702
f 2721 	2741 	2701
f 2744 	2690 	2740
f 2701 	2741 	2736
f 2459 	2368 	2745
f 2758 	2453 	2842
f 2721 	2747 	2741
f 2743 	2593 	2170
f 2368 	2748 	2746
f 2721 	2650 	2747
f 2370 	2751 	2748
f 2728 	2807 	2735
f 2765 	2682 	2749
f 2750 	2715 	2693
f 3027 	2734 	2952
f 2650 	4629 	2747
f 2728 	2805 	2807
f 2744 	2750 	2693
f 2755 	2739 	2451
f 179 	2731 	2727
f 2739 	2403 	2402
f 2370 	2757 	2751
f 2759 	2735 	2807
f 2761 	1873 	1874
f 2642 	2762 	2760
f 2760 	2786 	2642
f 2692 	3001 	2749
f 2642 	2625 	2762
f 2756 	2764 	2718
f 2766 	2761 	1874
f 2735 	2759 	2738
f 2773 	1873 	2761
f 2772 	2778 	2722
f 2772 	2837 	2778
f 2780 	2459 	2745
f 1873 	2773 	2658
f 2775 	2944 	2779
f 2746 	2745 	2368
f 3031 	3030 	2766
f 2784 	2785 	2786
f 2779 	2787 	2759
f 2761 	3030 	2773
f 2855 	2781 	2783
f 2740 	2809 	2816
f 2788 	2791 	2706
f 2744 	2740 	2819
f 2792 	2283 	2496
f 2706 	2580 	2788
f 2496 	2789 	2792
f 2744 	2822 	2750
f 2943 	2944 	2775
f 2819 	2822 	2744
f 2702 	2286 	2283
f 2793 	2520 	2796
f 2283 	2792 	2702
f 2474 	2797 	2795
f 2781 	1871 	1872
f 2785 	2784 	2474
f 2781 	1872 	2783
f 2279 	2787 	2779
f 2441 	2758 	2433
f 1872 	1875 	2783
f 2797 	2474 	2784
f 2826 	2771 	2767
f 2758 	2479 	2433
f 2833 	2835 	2764
f 2771 	2723 	2777
f 2802 	2481 	2443
f 2796 	2658 	2773
f 2835 	2772 	2764
f 2712 	2714 	2694
f 2879 	2801 	2882
f 2777 	2725 	2782
f 2777 	2723 	2725
f 2772 	2835 	2837
f 2726 	2800 	2805
f 2782 	2725 	2727
f 2801 	2706 	2882
f 2806 	2882 	2706
f 2791 	2806 	2706
f 2727 	2789 	2782
f 2714 	2803 	2704
f 2805 	2728 	2726
f 2481 	2843 	2828
f 2789 	2727 	2792
f 2430 	2479 	2802
f 2792 	2731 	2733
f 2714 	2704 	2694
f 93 	2846 	2808
f 2809 	93 	2808
f 2792 	2733 	2702
f 2323 	102 	2809
f 2758 	2810 	2479
f 2808 	2816 	2809
f 2809 	2740 	2323
f 2803 	2519 	2704
f 2932 	2812 	2800
f 2803 	2518 	2519
f 2893 	2596 	2880
f 2479 	2810 	2873
f 2800 	2812 	2818
f 2709 	2596 	2892
f 2893 	2892 	2596
f 2819 	2740 	2816
f 2812 	2941 	2818
f 2479 	2873 	2802
f 2800 	2818 	2805
f 2807 	2805 	2775
f 2825 	2859 	2823
f 2775 	2805 	2818
f 2821 	2714 	2712
f 2775 	2779 	2807
f 2822 	2831 	2750
f 2807 	2779 	2759
f 2723 	2771 	2826
f 2430 	2802 	2443
f 2499 	2886 	2609
f 2827 	2640 	2467
f 2467 	2828 	2827
f 2812 	2937 	2941
f 179 	2813 	2811
f 9223 	9209 	2729
f 2858 	2816 	2846
f 2817 	2686 	2689
f 2813 	179 	2814
f 2729 	3656 	2742
f 2816 	2858 	2819
f 179 	2815 	2814
f 2819 	2860 	2822
f 1878 	2798 	2825
f 2824 	2820 	179
f 2815 	179 	2820
f 2830 	2714 	2821
f 2858 	2860 	2819
f 2826 	2824 	179
f 2860 	2865 	2822
f 2830 	2803 	2714
f 2481 	2828 	2470
f 179 	2723 	2826
f 2754 	2742 	3656
f 2750 	2831 	2756
f 2739 	2755 	2832
f 2761 	2766 	3030
f 2764 	2756 	2833
f 2745 	2746 	3656
f 2746 	2748 	3656
f 2748 	2751 	3656
f 2751 	2757 	3656
f 2757 	2753 	3656
f 2833 	2756 	2831
f 2754 	3656 	2752
f 2765 	3109 	2755
f 2857 	2811 	2813
f 2753 	2752 	3656
f 2814 	2861 	2813
f 2823 	2783 	1875
f 1877 	1878 	2825
f 2762 	2763 	3656
f 2836 	2838 	2425
f 2778 	2899 	5864
f 2763 	2768 	3656
f 2768 	2776 	3656
f 2213 	2214 	2799
f 2405 	2838 	2839
f 2837 	2899 	2778
f 2760 	2762 	3656
f 2732 	2963 	2766
f 2776 	2770 	3656
f 2824 	2834 	2820
f 2770 	2769 	3656
f 3656 	2769 	2774
f 2822 	2865 	2831
f 2774 	2780 	3656
f 2834 	2824 	2767
f 2826 	2767 	2824
f 2864 	5528 	2863
f 2799 	2798 	2213
f 2798 	1878 	2213
f 3656 	2780 	2745
f 2823 	1877 	2825
f 2833 	2907 	2835
f 2832 	2453 	2739
f 1875 	1877 	2823
f 5545 	2863 	5528
f 2842 	2810 	2758
f 2907 	2915 	2835
f 2835 	2915 	2837
f 2836 	2876 	2841
f 2784 	3656 	2797
f 2856 	2970 	2855
f 2841 	2845 	2836
f 2846 	93 	2847
f 2784 	2786 	3656
f 2786 	2760 	3656
f 2149 	2849 	2844
f 2847 	2877 	2846
f 2838 	2836 	2845
f 2838 	2853 	2839
f 2847 	2850 	2983
f 2845 	2853 	2838
f 2847 	93 	2850
f 2226 	2844 	2854
f 2795 	3656 	2794
f 2808 	2846 	2816
f 2839 	2853 	6489
f 2854 	2230 	2226
f 2863 	5545 	2862
f 2852 	2862 	5545
f 2795 	2797 	3656
f 2841 	2840 	2891
f 2840 	2888 	2891
f 2791 	3656 	2806
f 2788 	2794 	3656
f 2854 	2866 	2230
f 2845 	2841 	2247
f 2861 	2815 	2867
f 3658 	2806 	3656
f 2891 	2247 	2841
f 2783 	2823 	2856
f 2247 	2252 	2845
f 2858 	2846 	2877
f 2845 	2252 	2853
f 3656 	2791 	2788
f 2783 	2856 	2855
f 2858 	2878 	2860
f 2730 	2869 	2870
f 2252 	2255 	2853
f 2856 	2823 	2859
f 2860 	2881 	2865
f 2868 	2834 	2905
f 2730 	2870 	2871
f 2878 	2881 	2860
f 2383 	2719 	2872
f 2817 	2864 	2863
f 2862 	2817 	2863
f 2719 	2738 	2872
f 2730 	2609 	2869
f 2881 	2883 	2865
f 2825 	2848 	2859
f 2876 	2422 	2419
f 2874 	2875 	3054
f 2872 	2876 	2419
f 3054 	2730 	2874
f 2874 	2730 	2871
f 2836 	2422 	2876
f 2801 	2879 	2880
f 2858 	2877 	2878
f 2852 	2920 	2862
f 2817 	2862 	2920
f 2876 	2872 	2840
f 3117 	3033 	2873
f 2872 	2738 	2840
f 2840 	2841 	2876
f 2777 	2913 	2771
f 2885 	2886 	2887
f 2829 	3147 	2925
f 2777 	2782 	2916
f 2738 	2888 	2840
f 2886 	2709 	2887
f 2889 	2887 	2709
f 2759 	2888 	2738
f 2921 	2799 	2804
f 2947 	2946 	2849
f 2864 	2817 	2884
f 11336 	2884 	2817
f 2609 	2886 	2885
f 2811 	2857 	2851
f 2857 	2813 	2861
f 2983 	2877 	2847
f 2709 	2892 	2889
f 2787 	2888 	2759
f 2877 	2986 	2878
f 2256 	2888 	2787
f 2304 	2256 	2787
f 2815 	2861 	2814
f 2891 	2888 	2256
f 2869 	2609 	2885
f 2867 	2815 	2820
f 11336 	11499 	2884
f 2256 	2258 	2891
f 2891 	2258 	2247
f 2867 	2820 	2868
f 2894 	2123 	2895
f 2820 	2834 	2868
f 2825 	2798 	2848
f 2869 	3658 	2870
f 2798 	2799 	2923
f 2870 	3658 	2871
f 2896 	2900 	2494
f 2123 	2236 	2895
f 2592 	2896 	3373
f 2896 	2592 	2595
f 2871 	3658 	2874
f 2900 	2495 	2494
f 2724 	1846 	2894
f 2900 	2902 	2495
f 2900 	2918 	2902
f 2831 	2865 	2904
f 2844 	2849 	2946
f 2894 	2895 	2950
f 2902 	2497 	2495
f 2882 	3658 	2879
f 2904 	2833 	2831
f 2902 	2906 	2497
f 2892 	2893 	3658
f 2894 	2950 	2952
f 2952 	2724 	2894
f 2804 	2829 	2924
f 2910 	5545 	2909
f 2908 	2909 	5545
f 2910 	2919 	5545
f 2880 	2879 	3658
f 2972 	2905 	2897
f 2911 	2897 	2905
f 2882 	2806 	3658
f 2904 	2907 	2833
f 3066 	2948 	2849
f 2908 	2912 	2909
f 2897 	2913 	2898
f 2914 	2471 	2469
f 2958 	2950 	2895
f 2906 	2914 	2469
f 2892 	3658 	2889
f 2897 	2911 	2913
f 2914 	2716 	2471
f 2898 	2913 	2916
f 2959 	2958 	2866
f 2880 	3658 	2893
f 2896 	2595 	2900
f 2898 	2916 	2903
f 2912 	2910 	2909
f 2837 	2934 	2899
f 2844 	2946 	2854
f 2903 	2917 	2480
f 2875 	2874 	3658
f 5545 	2919 	2852
f 2837 	2915 	2934
f 3027 	2963 	2734
f 2903 	2916 	2917
f 2887 	2889 	3658
f 2798 	2923 	2848
f 3043 	3042 	2796
f 2918 	2900 	2595
f 2767 	2911 	2834
f 2773 	3036 	2796
f 2902 	2918 	2922
f 2920 	2852 	2919
f 2905 	2834 	2911
f 2911 	2767 	2771
f 2887 	3658 	2885
f 2869 	2885 	3658
f 2920 	2919 	2912
f 2911 	2771 	2913
f 2902 	2922 	2906
f 3030 	2963 	5760
f 2777 	2916 	2913
f 2906 	2922 	2726
f 2919 	2910 	2912
f 2800 	2726 	2922
f 2908 	5545 	2929
f 2726 	2914 	2906
f 2916 	2782 	2917
f 2865 	2883 	2904
f 2789 	2496 	2917
f 2726 	2728 	2914
f 2908 	2821 	2912
f 2917 	2782 	2789
f 2907 	2904 	2890
f 3042 	3041 	2793
f 2914 	2728 	2716
f 2918 	2595 	2605
f 2907 	3075 	2915
f 2793 	2796 	3042
f 2918 	2605 	2932
f 2929 	2821 	2908
f 3047 	2695 	2697
f 2605 	2590 	2932
f 2922 	2918 	2932
f 2800 	2922 	2932
f 2821 	2712 	2912
f 2932 	2590 	2812
f 2868 	2936 	2933
f 2904 	2883 	2890
f 1593 	2939 	1582
f 2920 	2912 	2712
f 2812 	2590 	2937
f 2868 	2905 	2936
f 2938 	1580 	2940
f 1582 	2940 	1580
f 2920 	2686 	2817
f 2920 	2712 	2686
f 2937 	2590 	2623
f 3050 	3052 	2707
f 3050 	2707 	2698
f 2832 	2842 	2453
f 2907 	2890 	3075
f 2937 	2955 	2941
f 2799 	2921 	2923
f 2773 	3030 	3036
f 2939 	6156 	2940
f 2938 	2940 	6156
f 2930 	2861 	2931
f 2924 	2829 	2925
f 2930 	2857 	2861
f 3031 	2766 	2963
f 2818 	2943 	2775
f 2931 	2861 	2867
f 2915 	3078 	2934
f 2931 	2867 	2933
f 2915 	3075 	3078
f 2724 	2952 	2734
f 2941 	2943 	2818
f 2933 	2867 	2868
f 2957 	2943 	2941
f 2954 	2934 	3081
f 2804 	2924 	2921
f 2946 	2947 	2945
f 2948 	2945 	2947
f 5760 	2946 	2945
f 2934 	3078 	3081
f 3109 	3128 	2755
f 2952 	2950 	5760
f 2944 	2279 	2779
f 2958 	2959 	2950
f 2627 	2937 	2623
f 2934 	2954 	2899
f 2927 	3177 	2928
f 2955 	2937 	2627
f 2828 	2467 	2470
f 2954 	2901 	2899
f 2959 	2866 	2946
f 5760 	2950 	2959
f 2946 	5760 	2959
f 2955 	2957 	2941
f 2954 	2956 	2901
f 2925 	3147 	2935
f 2965 	2953 	2951
f 2943 	2961 	2944
f 2942 	2803 	2830
f 2895 	2866 	2958
f 2957 	2961 	2943
f 2582 	2942 	2994
f 2961 	2280 	2944
f 2582 	2518 	2942
f 2942 	2518 	2803
f 2951 	3275 	2965
f 2952 	5760 	2963
f 3030 	5761 	3036
f 2961 	2287 	2280
f 7003 	2953 	2965
f 2949 	2968 	2532
f 2944 	2280 	2279
f 2859 	2848 	2970
f 2949 	2964 	2968
f 2968 	2547 	2532
f 2923 	2921 	2970
f 2645 	2974 	2971
f 2973 	2168 	2262
f 2897 	2964 	2972
f 2972 	2964 	2960
f 2964 	2897 	2898
f 2976 	2644 	2971
f 2964 	2898 	2968
f 2956 	3087 	2962
f 2977 	2955 	2627
f 2968 	2903 	2547
f 2973 	2975 	2978
f 2968 	2898 	2903
f 3087 	3088 	2962
f 2969 	2979 	3121
f 3124 	3121 	2979
f 2966 	2962 	3088
f 2977 	2627 	2634
f 2969 	2984 	2989
f 2980 	3093 	1661
f 2977 	2981 	2955
f 3007 	3008 	2970
f 2969 	2989 	2979
f 2975 	2993 	2978
f 2976 	2980 	2660
f 2925 	2935 	2970
f 2955 	2981 	2957
f 2978 	2168 	2973
f 2970 	2848 	2923
f 2957 	2285 	2961
f 2983 	2986 	2877
f 2856 	2859 	2970
f 2987 	2168 	2978
f 2976 	2971 	3100
f 2981 	2285 	2957
f 2978 	2996 	2987
f 2285 	2287 	2961
f 2634 	2639 	2988
f 3008 	3113 	2970
f 2990 	3009 	2881
f 2988 	2977 	2634
f 2977 	2992 	2981
f 2878 	2990 	2881
f 2988 	2992 	2977
f 2878 	2986 	2990
f 2980 	1661 	2660
f 2979 	2830 	2821
f 2881 	3009 	2883
f 2294 	2285 	2992
f 2970 	2924 	2925
f 2979 	2989 	2830
f 2827 	2974 	2640
f 2970 	2935 	2926
f 3009 	3010 	2883
f 2927 	2928 	2970
f 2988 	3638 	2992
f 2928 	3003 	2970
f 2984 	3025 	2994
f 2926 	2927 	2970
f 2984 	2994 	2989
f 2989 	2942 	2830
f 3013 	3075 	2890
f 2924 	2970 	2921
f 2993 	2996 	2978
f 2989 	2994 	2942
f 2999 	2985 	2995
f 2995 	2985 	2982
f 3002 	2991 	2985
f 2987 	2996 	7028
f 2997 	3362 	2998
f 3002 	2985 	2999
f 2997 	3443 	3362
f 2991 	3002 	2972
f 2972 	2960 	2991
f 3000 	3040 	2606
f 3000 	2606 	2584
f 2584 	2582 	3000
f 2995 	2931 	2999
f 2933 	2999 	2931
f 2890 	3010 	3013
f 2832 	2755 	3128
f 2999 	2936 	3002
f 2883 	3010 	2890
f 2999 	2933 	2936
f 3015 	2993 	2975
f 3002 	2936 	2905
f 3002 	2905 	2972
f 3022 	3023 	4291
f 3011 	3020 	3015
f 2854 	2946 	2866
f 3011 	3019 	3020
f 2963 	3027 	2952
f 3015 	3020 	3028
f 2732 	2734 	2963
f 3030 	3031 	2963
f 2481 	3033 	2843
f 3022 	3026 	3034
f 3015 	3028 	2993
f 2843 	3084 	2828
f 3035 	3017 	3012
f 2843 	3219 	3084
f 3032 	3039 	3014
f 3017 	3035 	3040
f 2802 	2873 	3033
f 3022 	3034 	3023
f 3023 	3034 	2995
f 3019 	2951 	3020
f 3017 	3040 	3025
f 3014 	3039 	3016
f 3025 	3000 	2994
f 3036 	5761 	3043
f 3041 	3042 	5761
f 3044 	3021 	3016
f 3020 	2953 	3028
f 2790 	2793 	3041
f 3025 	3040 	3000
f 3020 	2951 	2953
f 3047 	3041 	5761
f 3023 	2995 	2982
f 3049 	2697 	3041
f 3039 	3044 	3016
f 3040 	3035 	2612
f 3044 	2449 	3021
f 3035 	2610 	2612
f 3049 	3041 	3047
f 2697 	3049 	3047
f 2930 	3026 	3046
f 3044 	2489 	2449
f 3040 	2612 	2606
f 2485 	2489 	3044
f 3046 	2857 	2930
f 3021 	2449 	2552
f 3050 	2698 	3047
f 3043 	2796 	3036
f 2930 	3034 	3026
f 2983 	151 	2986
f 2990 	2986 	151
f 2931 	2995 	3034
f 3048 	3015 	2975
f 3034 	2930 	2931
f 3050 	5761 	3052
f 3047 	5761 	3050
f 3097 	3101 	3032
f 3156 	3071 	3073
f 3052 	7334 	2707
f 3101 	3039 	3032
f 3064 	3068 	3156
f 2875 	3193 	3054
f 3053 	3156 	3085
f 3055 	3156 	3053
f 3073 	3085 	3156
f 3039 	2485 	3044
f 3046 	2851 	2857
f 2967 	5537 	3055
f 2790 	3041 	2697
f 2967 	3055 	2969
f 3053 	2969 	3055
f 3216 	2842 	3215
f 3056 	3062 	3059
f 3056 	3060 	3062
f 3064 	3149 	3063
f 3059 	3062 	3067
f 2810 	2842 	3216
f 3071 	3156 	3068
f 3063 	3061 	3069
f 3014 	3306 	3067
f 3067 	3062 	3082
f 3063 	3069 	3064
f 3069 	3068 	3064
f 3051 	3065 	3072
f 2849 	2140 	3066
f 3216 	2873 	2810
f 3057 	3112 	2945
f 3051 	3072 	3054
f 3060 	3079 	3062
f 3215 	2842 	2832
f 2947 	2849 	2948
f 2502 	3054 	3080
f 3060 	3076 	3079
f 3057 	2945 	3066
f 2948 	3066 	2945
f 3074 	3073 	3071
f 3054 	3072 	3080
f 3079 	3082 	3062
f 2262 	2502 	2973
f 2802 	3033 	2481
f 3067 	3082 	3032
f 2502 	3080 	2973
f 3083 	2954 	3081
f 3092 	3082 	3079
f 3069 	3074 	3068
f 3071 	3068 	3074
f 3077 	3086 	11678
f 3085 	3073 	2984
f 3074 	2984 	3073
f 2954 	3083 	2956
f 7078 	2707 	7334
f 3067 	3032 	3014
f 2828 	3084 	2827
f 2956 	3083 	3087
f 3098 	3096 	2974
f 3074 	3025 	2984
f 2974 	2827 	3098
f 2969 	3053 	2984
f 3085 	2984 	3053
f 3072 	3048 	3080
f 3069 	3012 	3017
f 3080 	2975 	2973
f 3074 	3069 	3017
f 3048 	2975 	3080
f 1664 	3093 	3094
f 3025 	3074 	3017
f 3013 	3018 	3075
f 3188 	3004 	3181
f 2971 	2974 	3096
f 3005 	3004 	3188
f 3097 	3032 	3082
f 3078 	3075 	3018
f 3141 	3099 	3065
f 3018 	3024 	3078
f 3092 	3097 	3082
f 3099 	3141 	3095
f 3096 	3100 	2971
f 3065 	3102 	3072
f 3029 	3081 	3024
f 3078 	3024 	3081
f 3065 	3099 	3102
f 2976 	3100 	3103
f 3029 	3083 	3081
f 3102 	3048 	3072
f 3039 	3101 	2485
f 2976 	3103 	2980
f 3095 	3105 	3099
f 3250 	3103 	3100
f 3095 	3104 	3105
f 3101 	2495 	2485
f 3100 	3096 	3250
f 2970 	3003 	3004
f 3099 	3107 	3102
f 2970 	3004 	3005
f 3005 	3006 	2970
f 3105 	3107 	3099
f 3084 	3098 	2827
f 3006 	3007 	2970
f 3102 	3107 	3011
f 3108 	3110 	3092
f 3107 	3019 	3011
f 3112 	5760 	2945
f 3092 	3110 	3097
f 3011 	3048 	3102
f 3011 	3015 	3048
f 2494 	3101 	3097
f 3121 	3124 	5537
f 3110 	2494 	3097
f 4870 	4874 	3114
f 2494 	2495 	3101
f 3001 	3189 	3196
f 2749 	3001 	3196
f 3111 	2966 	3090
f 3110 	3108 	3373
f 3108 	3367 	3373
f 3114 	2970 	3116
f 3113 	3116 	2970
f 2896 	2494 	3110
f 3115 	3107 	3105
f 3088 	3090 	2966
f 3373 	2896 	3110
f 3125 	5545 	3123
f 3090 	3119 	3111
f 3107 	3115 	3019
f 3090 	3132 	3119
f 3118 	3120 	3076
f 3121 	5537 	2967
f 3219 	2843 	3033
f 3118 	3127 	3120
f 3076 	3120 	3079
f 2969 	3121 	2967
f 3120 	3092 	3079
f 3222 	3084 	3219
f 3123 	5537 	3124
f 3125 	2929 	5545
f 5537 	3123 	5545
f 3134 	3119 	3132
f 3417 	3126 	3122
f 2998 	3127 	3118
f 3087 	3037 	3088
f 3124 	2979 	3123
f 3127 	3108 	3120
f 3038 	3037 	3087
f 2979 	3125 	3123
f 3215 	2832 	3128
f 3029 	3038 	3083
f 3083 	3038 	3087
f 3120 	3108 	3092
f 3129 	3430 	3131
f 2998 	3365 	3127
f 3037 	3045 	3088
f 3109 	3199 	3128
f 3088 	3045 	3090
f 3132 	3090 	3045
f 3108 	3127 	3367
f 2979 	2821 	3125
f 2929 	3125 	2821
f 3437 	3131 	3430
f 3116 	3113 	3264
f 3131 	3437 	3135
f 3094 	1725 	1664
f 3270 	3114 	3116
f 3195 	3202 	3051
f 3135 	3058 	11692
f 3094 	3140 	1725
f 3202 	3198 	3065
f 3203 	3141 	3201
f 2980 	3103 	3144
f 3147 	3148 	2935
f 3249 	3157 	3144
f 3103 	3249 	3144
f 11745 	3142 	3145
f 3172 	3175 	3149
f 3061 	3063 	3149
f 3142 	11745 	11741
f 3141 	3203 	3095
f 3064 	3156 	3149
f 2804 	2799 	2214
f 2980 	3144 	3093
f 3151 	3145 	3517
f 2804 	2215 	2829
f 3154 	3152 	3140
f 3153 	3155 	7039
f 3094 	3154 	3140
f 2215 	2804 	2214
f 3157 	3154 	3094
f 151 	3139 	3137
f 3122 	11712 	3151
f 3104 	3095 	3168
f 3152 	3170 	3143
f 3140 	3152 	3143
f 2215 	2224 	2829
f 3134 	151 	3137
f 2829 	2224 	3147
f 3139 	151 	3146
f 3138 	3289 	3159
f 3156 	3055 	5537
f 5538 	5533 	3156
f 3147 	2264 	3148
f 3152 	3154 	3226
f 3156 	5537 	5538
f 3094 	3093 	3157
f 3093 	3144 	3157
f 2267 	3176 	3148
f 3200 	3201 	3141
f 1715 	1726 	3143
f 2264 	2267 	3148
f 3158 	3178 	3163
f 2271 	2328 	3165
f 3163 	3184 	3166
f 3161 	2549 	2505
f 3178 	3184 	3163
f 2328 	2331 	3165
f 3153 	2506 	3155
f 3143 	3170 	3167
f 2505 	2506 	3153
f 3166 	3086 	3208
f 3095 	3237 	3241
f 3171 	3069 	3061
f 3175 	3171 	3149
f 3152 	3226 	3170
f 2506 	2507 	3155
f 3184 	3089 	3166
f 3143 	3167 	1715
f 3166 	3089 	3086
f 3208 	3086 	3077
f 3148 	2926 	2935
f 3061 	3149 	3171
f 2927 	3176 	3177
f 3069 	3171 	3012
f 3175 	3012 	3171
f 2545 	3161 	3159
f 3172 	3173 	3012
f 3175 	3172 	3012
f 3158 	3252 	3178
f 3181 	3004 	3180
f 3161 	2545 	2549
f 3003 	3180 	3004
f 3150 	3174 	3169
f 3173 	3179 	3187
f 3173 	3187 	3012
f 3035 	3012 	3187
f 3209 	3199 	3109
f 3119 	3134 	3160
f 3197 	3184 	3178
f 3134 	3137 	3160
f 5484 	5486 	3179
f 3190 	3130 	3415
f 3137 	3162 	3160
f 3192 	3051 	3193
f 3162 	3139 	3164
f 3179 	2677 	3187
f 2610 	3035 	3187
f 3051 	3192 	3195
f 3187 	2677 	2610
f 3137 	3139 	3162
f 3051 	3054 	3193
f 3256 	3197 	3178
f 3191 	3161 	3194
f 3139 	3146 	3164
f 3198 	3200 	3141
f 3169 	3164 	3146
f 7039 	7037 	3153
f 3184 	3091 	3089
f 3194 	3153 	7037
f 3141 	3065 	3198
f 3146 	3150 	3169
f 3197 	3091 	3184
f 3065 	3051 	3202
f 3256 	3266 	3197
f 3237 	3095 	3203
f 3136 	3138 	3185
f 2983 	2850 	151
f 3185 	3138 	3186
f 96 	151 	2850
f 3138 	3159 	3186
f 3009 	2990 	151
f 151 	3013 	3010
f 3239 	3168 	3241
f 151 	3018 	3013
f 3159 	3191 	3186
f 151 	3024 	3018
f 3159 	3161 	3191
f 151 	3010 	3009
f 151 	3029 	3024
f 151 	3038 	3029
f 3161 	2505 	3194
f 151 	3037 	3038
f 3199 	3196 	3189
f 3194 	2505 	3153
f 151 	3132 	3045
f 151 	3134 	3132
f 151 	3045 	3037
f 3190 	3203 	3130
f 3205 	3070 	3204
f 3199 	3209 	3196
f 3077 	3070 	3205
f 3208 	3077 	3205
f 3150 	3146 	151
f 3070 	3058 	3204
f 3195 	3130 	3202
f 3192 	3130 	3195
f 3192 	3193 	3130
f 3208 	3205 	3220
f 3130 	3193 	2875
f 151 	3211 	3150
f 3198 	3130 	3200
f 3202 	3130 	3198
f 3211 	3182 	3174
f 3200 	3130 	3201
f 3174 	3150 	3211
f 3249 	3199 	3223
f 3201 	3130 	3203
f 3199 	3226 	3223
f 151 	153 	3211
f 3245 	3462 	3240
f 3168 	3095 	3241
f 3209 	3109 	2765
f 194 	196 	3224
f 3213 	3214 	3459
f 3233 	3224 	196
f 3214 	3204 	3465
f 3220 	3205 	3214
f 3215 	3199 	3216
f 3207 	3306 	3210
f 3204 	3214 	3205
f 2873 	3217 	3117
f 3033 	3117 	3219
f 3117 	3199 	3219
f 3220 	3214 	3213
f 3222 	3096 	3098
f 3218 	3220 	3213
f 3223 	3154 	3157
f 2928 	3180 	3003
f 2928 	3177 	3180
f 3177 	2271 	3180
f 2926 	3176 	2927
f 3220 	3218 	3234
f 3232 	3234 	3218
f 3176 	2926 	3148
f 3259 	3006 	3183
f 3234 	3208 	3220
f 2267 	2269 	3176
f 3158 	3163 	3232
f 3177 	3176 	2269
f 3232 	3163 	3234
f 3228 	3224 	3227
f 3180 	3165 	3181
f 3234 	3163 	3166
f 3234 	3166 	3208
f 3228 	3229 	3224
f 3185 	3225 	3221
f 3177 	2269 	2271
f 3221 	3236 	3185
f 3168 	3239 	3240
f 3185 	3186 	3225
f 3233 	3227 	3224
f 3238 	3213 	3678
f 3225 	3186 	3231
f 194 	3224 	3242
f 3181 	3247 	3188
f 3186 	3191 	3231
f 3165 	3180 	2271
f 1216 	6366 	3243
f 3265 	3462 	3246
f 3245 	3246 	3462
f 3238 	3218 	3213
f 3247 	3181 	3165
f 3168 	3240 	3462
f 3244 	3218 	3238
f 3243 	3242 	3229
f 6366 	6374 	3243
f 3283 	3188 	3247
f 3133 	3236 	3235
f 3399 	3232 	3244
f 3212 	3133 	3235
f 3133 	3136 	3236
f 3244 	3232 	3218
f 3136 	3185 	3236
f 3154 	3223 	3226
f 3230 	3246 	3190
f 3203 	3190 	3237
f 3223 	3157 	3249
f 3250 	3249 	3103
f 3248 	3267 	3268
f 3252 	3158 	3274
f 3248 	3268 	3251
f 3239 	3241 	3190
f 3247 	3165 	2331
f 3183 	3006 	3005
f 3096 	3254 	3250
f 3005 	3188 	3183
f 3240 	3239 	3190
f 3222 	3254 	3096
f 3251 	3269 	3255
f 3178 	3252 	3256
f 3251 	3268 	3269
f 3245 	3190 	3246
f 3237 	3190 	3241
f 3253 	3256 	3252
f 3098 	3084 	3222
f 3183 	3285 	3259
f 3240 	3190 	3245
f 3257 	3260 	3253
f 3006 	3259 	3007
f 3221 	7150 	3258
f 3263 	3262 	3008
f 1932 	1899 	3257
f 3261 	3462 	3265
f 3253 	3260 	3256
f 3199 	3222 	3219
f 3217 	2873 	3216
f 3256 	3260 	3266
f 3261 	3265 	3523
f 3197 	3266 	3106
f 3327 	3267 	3248
f 3007 	3263 	3008
f 3259 	3263 	3007
f 3199 	3117 	3217
f 3262 	3113 	3008
f 3106 	3091 	3197
f 1931 	1932 	3294
f 3113 	3262 	3264
f 3264 	3270 	3116
f 1932 	3257 	3294
f 3258 	3255 	3235
f 3257 	1899 	3260
f 3230 	3265 	3246
f 3199 	3254 	3222
f 3266 	3260 	1893
f 3199 	3249 	3250
f 3269 	3235 	3255
f 1899 	1893 	3260
f 3250 	3254 	3199
f 3236 	3258 	3235
f 3258 	3236 	3221
f 3266 	1893 	1902
f 3019 	3115 	3271
f 3266 	1902 	3106
f 3217 	3216 	3199
f 3128 	3199 	3215
f 2951 	3019 	3271
f 2749 	3196 	3209
f 3207 	3267 	3206
f 3267 	3207 	3268
f 3271 	3273 	3275
f 3269 	3268 	3210
f 3207 	3210 	3268
f 3269 	3210 	3212
f 3209 	2765 	2749
f 3269 	3212 	3235
f 3271 	3275 	2951
f 3276 	3277 	3212
f 3277 	3133 	3212
f 3272 	3281 	3274
f 3264 	3300 	3270
f 3278 	3281 	3272
f 3280 	3136 	3133
f 3273 	3282 	3275
f 3277 	3280 	3133
f 3273 	3279 	3282
f 3281 	3252 	3274
f 3188 	3283 	3183
f 3280 	3284 	3136
f 3183 	3283 	3285
f 3280 	2552 	3284
f 3021 	2552 	3280
f 3287 	3263 	3259
f 3284 	3138 	3136
f 3259 	3285 	3287
f 3278 	3288 	3281
f 3284 	3289 	3138
f 3286 	3288 	3278
f 2331 	2553 	3247
f 3288 	3253 	3281
f 3253 	3288 	3257
f 3247 	2553 	3283
f 3281 	3253 	3252
f 2545 	3159 	3289
f 2556 	3285 	3283
f 3285 	2560 	3287
f 2556 	2560 	3285
f 3276 	3016 	3277
f 3014 	3016 	3276
f 3290 	3294 	3286
f 3016 	3021 	3277
f 3263 	3287 	3295
f 3277 	3021 	3280
f 3263 	3295 	3262
f 3264 	3262 	3298
f 3294 	3288 	3286
f 3295 	3298 	3262
f 2552 	2554 	3284
f 3294 	3257 	3288
f 3289 	3284 	2554
f 3305 	3297 	3292
f 3297 	3305 	3310
f 3297 	3310 	3302
f 3298 	3300 	3264
f 2554 	2557 	3289
f 3298 	3295 	2563
f 2564 	2563 	3295
f 3271 	3115 	3302
f 3303 	3304 	3293
f 3290 	1931 	3294
f 3287 	2564 	3295
f 3206 	3056 	3059
f 3303 	3324 	3304
f 3059 	3207 	3206
f 2560 	2564 	3287
f 3293 	3304 	3296
f 3298 	2563 	3308
f 3306 	3207 	3059
f 3292 	3340 	3305
f 3276 	3212 	3210
f 3296 	3309 	3299
f 3298 	3308 	3300
f 3210 	3306 	3276
f 3067 	3306 	3059
f 3305 	3314 	3310
f 3304 	3309 	3296
f 3305 	3346 	3314
f 3309 	3311 	3299
f 3313 	3278 	3307
f 3302 	3273 	3271
f 3014 	3276 	3306
f 3307 	3278 	3272
f 3302 	3310 	3273
f 3299 	3311 	3301
f 5110 	5033 	3300
f 3312 	3060 	3056
f 5151 	5110 	3308
f 3312 	3315 	3060
f 3315 	3316 	3076
f 3310 	3314 	3279
f 3315 	3076 	3060
f 1452 	3291 	3318
f 3118 	3076 	3316
f 3313 	3286 	3278
f 3316 	3319 	3118
f 3319 	2998 	3118
f 3323 	3317 	1311
f 1463 	1467 	3326
f 3319 	2997 	2998
f 1321 	3323 	1311
f 3323 	3328 	3317
f 3320 	3324 	3303
f 3326 	3291 	1463
f 3327 	3329 	3267
f 3326 	3331 	3291
f 3324 	3332 	3304
f 3206 	3267 	3329
f 3317 	3328 	3321
f 3313 	3307 	3325
f 3328 	3334 	3321
f 3291 	3331 	3318
f 3318 	3336 	3322
f 3330 	3313 	3325
f 3331 	3336 	3318
f 3336 	3338 	3322
f 3310 	3279 	3273
f 3361 	3324 	3333
f 3337 	3339 	3330
f 3534 	3334 	3328
f 3326 	1467 	3348
f 3324 	3361 	3332
f 3534 	3540 	3334
f 3292 	3358 	3340
f 3333 	3350 	3387
f 3330 	3339 	3313
f 1321 	1292 	3341
f 3286 	3313 	3339
f 3304 	3332 	3309
f 3341 	3323 	1321
f 3309 	3344 	3311
f 3328 	3323 	3345
f 3340 	3342 	3346
f 3336 	3355 	3338
f 3343 	3337 	4509
f 3341 	3345 	3323
f 3309 	3332 	3344
f 3340 	3346 	3305
f 3343 	3347 	3337
f 3380 	3344 	3332
f 3347 	3339 	3337
f 3342 	5563 	3346
f 3326 	3349 	3331
f 3348 	3349 	3326
f 3347 	3290 	3339
f 3331 	3352 	3336
f 1292 	1341 	3341
f 1341 	3353 	3341
f 3349 	3352 	3331
f 3341 	3353 	3345
f 3352 	3355 	3336
f 3339 	3290 	3286
f 3320 	3333 	3324
f 3368 	3352 	3349
f 3548 	3345 	3353
f 2000 	3343 	4515
f 3329 	3335 	3206
f 3350 	3333 	3320
f 2000 	1976 	3343
f 3056 	3206 	3335
f 3357 	3348 	1476
f 3360 	3361 	3333
f 3343 	1976 	3347
f 3335 	3312 	3056
f 1476 	1480 	3357
f 3357 	3363 	3348
f 1976 	1977 	3347
f 3364 	3412 	3413
f 2998 	3362 	3365
f 3347 	1977 	3290
f 3354 	3366 	3356
f 3348 	3363 	3349
f 3127 	3365 	3367
f 3363 	3368 	3349
f 1977 	1931 	3290
f 3365 	3384 	3367
f 3354 	4906 	3366
f 1482 	3370 	3369
f 3356 	3366 	3372
f 1482 	1490 	3370
f 3370 	3375 	3369
f 3352 	3376 	3355
f 3356 	3372 	3358
f 3352 	3368 	3376
f 3372 	3340 	3358
f 3443 	3377 	3362
f 3366 	4906 	3379
f 3362 	3377 	3382
f 3385 	3244 	3374
f 3366 	3381 	3372
f 1490 	3378 	3370
f 3374 	3244 	3238
f 3379 	3381 	3366
f 3362 	3382 	3365
f 3361 	3380 	3332
f 3389 	3370 	3378
f 3342 	3372 	3381
f 3383 	3371 	4524
f 3384 	3365 	3382
f 3372 	3342 	3340
f 3317 	3378 	1493
f 3367 	3384 	3386
f 3374 	3371 	3385
f 3321 	3389 	3378
f 3350 	3351 	3387
f 3317 	3321 	3378
f 3385 	3371 	3383
f 1483 	3369 	3359
f 3375 	3388 	3369
f 3367 	3386 	3373
f 3433 	3388 	3375
f 3360 	3387 	378
f 3396 	3398 	3357
f 3369 	3388 	3364
f 3369 	3364 	3359
f 3373 	3386 	2592
f 3357 	3398 	3363
f 3399 	3244 	3385
f 3389 	3375 	3370
f 376 	378 	3387
f 3375 	3389 	3392
f 3368 	3406 	3376
f 378 	492 	3360
f 3389 	3400 	3392
f 3104 	3390 	3394
f 3391 	3393 	3383
f 3360 	3333 	3387
f 3377 	3405 	3382
f 3360 	3395 	3361
f 3396 	3357 	1480
f 3391 	3272 	3393
f 3394 	3105 	3104
f 3384 	3382 	3411
f 3394 	3115 	3105
f 3396 	1480 	1489
f 492 	559 	3395
f 3360 	492 	3395
f 3385 	3383 	3393
f 3416 	3386 	3384
f 3361 	3395 	3380
f 3393 	3399 	3385
f 3396 	3431 	3398
f 3429 	3431 	3396
f 3393 	3274 	3399
f 3292 	3297 	3390
f 3416 	2603 	3386
f 3390 	3297 	3394
f 3398 	3402 	3363
f 3400 	3389 	3321
f 3394 	3297 	3302
f 3392 	3637 	3397
f 3398 	3435 	3402
f 3431 	3435 	3398
f 3302 	3115 	3394
f 3363 	3402 	3368
f 3400 	3637 	3392
f 3637 	3640 	3397
f 3397 	3640 	3634
f 3405 	3377 	3401
f 3400 	3321 	3334
f 3307 	3272 	3391
f 3411 	3382 	3405
f 3334 	3526 	3400
f 3408 	3467 	3409
f 3272 	3274 	3393
f 3232 	3399 	3158
f 3403 	3409 	3404
f 3414 	3404 	3409
f 3384 	3411 	3416
f 3412 	3425 	3413
f 3410 	3434 	3415
f 3274 	3158 	3399
f 3364 	3388 	3412
f 3405 	3401 	3419
f 3422 	4345 	3423
f 3418 	3419 	3401
f 3413 	3425 	3426
f 3405 	3419 	3427
f 3421 	3126 	3417
f 3418 	3484 	3419
f 3402 	3406 	3368
f 3419 	3484 	3491
f 3419 	3491 	3427
f 3405 	3427 	3411
f 3411 	3427 	2607
f 3396 	1489 	3429
f 3852 	3428 	3407
f 3428 	3432 	3410
f 3428 	3410 	3407
f 3412 	3388 	3433
f 3412 	3436 	3425
f 3411 	2607 	3416
f 3421 	3129 	3126
f 3433 	3436 	3412
f 3416 	2608 	2603
f 3416 	2607 	2608
f 3129 	3421 	3430
f 3434 	3410 	3432
f 3436 	3632 	3425
f 3457 	3437 	3430
f 3435 	3438 	3402
f 3415 	3434 	3190
f 3433 	3375 	3392
f 3439 	3437 	3457
f 3392 	3397 	3433
f 3402 	3438 	3406
f 3433 	3397 	3436
f 3457 	3465 	3439
f 3439 	3135 	3437
f 1494 	4793 	3429
f 1341 	1212 	3440
f 3058 	3135 	3439
f 2652 	2607 	3427
f 3613 	3424 	3420
f 3204 	3058 	3439
f 4796 	4799 	3431
f 3424 	3619 	3428
f 3431 	4799 	3435
f 1212 	1568 	3440
f 1568 	3446 	3440
f 3443 	3444 	3377
f 3432 	3502 	3523
f 3355 	3447 	3338
f 3523 	3434 	3432
f 3440 	3446 	3441
f 3444 	3448 	3401
f 3446 	3451 	3441
f 3434 	3230 	3190
f 3376 	3452 	3355
f 3355 	3452 	3447
f 3444 	3401 	3377
f 3441 	3451 	3442
f 3673 	3454 	3445
f 3454 	3457 	3450
f 3454 	3450 	3445
f 3448 	3418 	3401
f 3430 	3450 	3457
f 3376 	3458 	3452
f 3448 	3456 	3418
f 2150 	3449 	3460
f 3376 	3406 	3458
f 3451 	3455 	3442
f 3459 	3454 	3673
f 3456 	3480 	3418
f 3458 	3461 	3452
f 3449 	3479 	3460
f 3470 	3414 	3409
f 3438 	3464 	3406
f 3459 	3465 	3454
f 3453 	3476 	3485
f 3453 	3485 	3462
f 3470 	3863 	3414
f 3438 	4814 	3464
f 4816 	3464 	4814
f 3459 	3214 	3465
f 3422 	3467 	3408
f 3462 	3104 	3168
f 1568 	6629 	3446
f 3406 	3464 	3458
f 3467 	3470 	3409
f 3463 	3471 	3466
f 3464 	3473 	3458
f 3454 	3465 	3457
f 3463 	3469 	3471
f 3471 	3474 	3466
f 3458 	3473 	3461
f 3678 	3213 	3459
f 3435 	4814 	3438
f 3471 	3469 	3653
f 5562 	3475 	3449
f 3472 	3356 	3476
f 3473 	3464 	4818
f 4816 	4818 	3464
f 3423 	3477 	3422
f 3479 	3449 	3475
f 3439 	3465 	3204
f 3422 	3477 	3467
f 3470 	3467 	3486
f 3477 	3486 	3467
f 3486 	3489 	3470
f 3418 	3480 	3484
f 3493 	3497 	3481
f 3390 	3104 	3462
f 3481 	3497 	3488
f 3485 	3390 	3462
f 3490 	3455 	3451
f 4235 	3293 	4345
f 3475 	3468 	3503
f 3516 	3483 	1563
f 3516 	3521 	3483
f 3455 	3492 	3478
f 3423 	3296 	3477
f 3483 	3521 	3487
f 3293 	3296 	3423
f 3492 	3455 	3490
f 3492 	3494 	3478
f 3354 	3356 	3472
f 3486 	3477 	3299
f 2652 	3427 	3491
f 3296 	3299 	3477
f 1612 	1622 	3496
f 3299 	3301 	3486
f 3489 	3486 	3301
f 3478 	3494 	3482
f 1622 	3830 	3496
f 3476 	3358 	3485
f 3358 	3476 	3356
f 3480 	3495 	3500
f 3485 	3292 	3390
f 3445 	3450 	3493
f 3485 	3358 	3292
f 3488 	3421 	3417
f 3502 	3432 	3428
f 3497 	3421 	3488
f 3500 	3484 	3480
f 3503 	3468 	3499
f 3475 	3505 	3479
f 3484 	3504 	3491
f 3497 	3493 	3450
f 3833 	3498 	3496
f 3501 	3489 	3301
f 3475 	3503 	3505
f 3830 	3833 	3496
f 3484 	3500 	3504
f 3505 	1755 	3479
f 3491 	3504 	2662
f 3450 	3430 	3497
f 3497 	3430 	3421
f 3502 	3428 	3619
f 3511 	1563 	1561
f 3491 	2662 	2652
f 3514 	3508 	3482
f 1561 	1612 	3511
f 3499 	3509 	3515
f 3453 	3462 	3261
f 3531 	3463 	3495
f 3511 	3516 	1563
f 3482 	3494 	3514
f 3514 	3518 	3508
f 3495 	3466 	3500
f 3463 	3466 	3495
f 3512 	3145 	3142
f 3499 	3515 	3503
f 3508 	3518 	3510
f 3517 	3145 	3512
f 3503 	3515 	3520
f 3504 	3500 	3519
f 3515 	3509 	3612
f 3500 	3466 	3519
f 3516 	3535 	3521
f 3503 	3520 	3505
f 3504 	3519 	2681
f 3522 	3151 	3517
f 3514 	7009 	3518
f 3487 	3521 	3524
f 3504 	2681 	2662
f 3466 	3474 	3519
f 3334 	3540 	3526
f 3519 	2691 	2681
f 3522 	3122 	3151
f 2691 	3519 	3474
f 3417 	3122 	3522
f 3515 	3615 	3520
f 3496 	3511 	1612
f 3516 	3511 	3498
f 3529 	3480 	3456
f 3515 	3612 	3615
f 3529 	3495 	3480
f 3527 	3574 	3564
f 3529 	3531 	3495
f 3496 	3498 	3511
f 3328 	3345 	3534
f 3498 	3535 	3516
f 3498 	3836 	3535
f 3531 	3533 	3463
f 3524 	3521 	3539
f 3528 	3541 	3530
f 3533 	3469 	3463
f 3535 	3539 	3521
f 3536 	3541 	3528
f 3434 	3523 	3230
f 3533 	3537 	3469
f 3530 	3517 	3512
f 3524 	3542 	3525
f 3541 	3517 	3530
f 3570 	3527 	3526
f 3539 	3542 	3524
f 3540 	3570 	3526
f 3542 	3561 	3525
f 3570 	3574 	3527
f 3546 	2298 	3545
f 3345 	3548 	3534
f 2299 	2298 	3547
f 3543 	3549 	3536
f 3354 	3472 	5004
f 3547 	3555 	2299
f 3534 	3551 	3540
f 3545 	3553 	3546
f 3552 	3553 	3545
f 3543 	3488 	3549
f 3548 	3551 	3534
f 3553 	3554 	3547
f 3553 	3547 	3546
f 3555 	3547 	3554
f 3619 	3550 	3502
f 3536 	3549 	3541
f 3560 	3538 	3532
f 3261 	3580 	3453
f 3549 	3522 	3541
f 3563 	3538 	3560
f 3544 	3538 	3563
f 3549 	3417 	3522
f 3541 	3522 	3517
f 3440 	3353 	1341
f 3539 	3893 	3542
f 3544 	3563 	3499
f 3499 	3468 	3544
f 3557 	3476 	3556
f 3558 	3476 	3557
f 3441 	3548 	3353
f 3440 	3441 	3353
f 3502 	3550 	3558
f 3555 	3559 	2365
f 3548 	3442 	3551
f 3559 	3562 	2367
f 3543 	3481 	3488
f 3571 	3572 	3559
f 3572 	3573 	3559
f 3557 	3502 	3558
f 3559 	3573 	3562
f 2367 	3562 	2371
f 3597 	3600 	3472
f 3417 	3549 	3488
f 3558 	3597 	3476
f 3472 	3476 	3597
f 3597 	3558 	3550
f 3569 	2034 	3566
f 3555 	3554 	3571
f 3536 	3755 	3543
f 3571 	3559 	3555
f 3557 	3556 	3502
f 3560 	3507 	3563
f 3579 	3586 	3570
f 3560 	3568 	3507
f 3570 	3586 	3574
f 3563 	3509 	3499
f 3563 	3507 	3509
f 3837 	3839 	3571
f 3513 	3578 	3576
f 3575 	3481 	3567
f 3577 	3578 	3513
f 3523 	3502 	3556
f 3668 	3671 	3566
f 3566 	3671 	3569
f 3616 	3625 	3577
f 3551 	3579 	3540
f 3577 	3625 	3578
f 3572 	3571 	3839
f 3839 	3841 	3572
f 3584 	3453 	3582
f 3580 	3582 	3453
f 3585 	3556 	3476
f 3540 	3579 	3570
f 3552 	3818 	3553
f 3453 	3584 	3476
f 3585 	3476 	3584
f 3818 	3554 	3553
f 3556 	3585 	3523
f 3595 	3579 	3551
f 3579 	3602 	3586
f 3585 	3584 	3523
f 3595 	3602 	3579
f 3576 	3717 	3963
f 3573 	3572 	3841
f 3582 	3523 	3584
f 3311 	3589 	3301
f 4401 	3587 	3583
f 2703 	3590 	2637
f 3583 	3587 	3591
f 3586 	3705 	3574
f 3593 	2637 	3590
f 3596 	3593 	3590
f 3582 	3580 	3523
f 3523 	3265 	3230
f 3583 	3591 	3532
f 3592 	3501 	3589
f 3301 	3589 	3501
f 3580 	3261 	3523
f 3548 	3441 	3442
f 3594 	2988 	2639
f 3592 	3506 	3501
f 3591 	3560 	3532
f 2639 	3593 	3594
f 3592 	3577 	3506
f 3609 	3592 	3589
f 3551 	3442 	3595
f 3614 	3596 	3590
f 3593 	3596 	3599
f 3506 	3577 	3513
f 3599 	3601 	3594
f 3599 	3594 	3593
f 3576 	3578 	3719
f 3565 	3591 	3587
f 3550 	3600 	3597
f 3576 	3719 	3717
f 3565 	3587 	3598
f 3344 	3605 	3311
f 3603 	2691 	3474
f 3591 	3565 	3568
f 3591 	3568 	3560
f 3311 	3605 	3589
f 2691 	3603 	3607
f 3618 	3622 	3603
f 3442 	3455 	3595
f 3605 	3609 	3589
f 1728 	3606 	3610
f 3455 	3478 	3595
f 2700 	2696 	3611
f 3344 	3380 	3605
f 3631 	3605 	3380
f 2696 	3607 	3611
f 3595 	3478 	3602
f 3613 	3420 	3608
f 3614 	2703 	3611
f 3610 	3604 	1728
f 3590 	2703 	3614
f 3616 	3577 	3592
f 3619 	3424 	3613
f 3592 	3609 	3616
f 3607 	3603 	3622
f 3610 	3617 	3604
f 3611 	3607 	3624
f 3622 	3624 	3607
f 3612 	3623 	3615
f 3574 	3741 	3564
f 3641 	3616 	3609
f 3614 	3611 	3627
f 3624 	3627 	3611
f 3621 	3623 	3612
f 3614 	3627 	3596
f 3608 	3628 	3613
f 3564 	3741 	3620
f 1949 	3615 	3623
f 3608 	4341 	3628
f 3613 	3628 	3629
f 1735 	1563 	3483
f 3426 	3425 	3660
f 3426 	3660 	3661
f 1735 	3483 	3606
f 3380 	3630 	3631
f 3606 	3487 	3610
f 3613 	3629 	3619
f 3632 	3660 	3425
f 3621 	3729 	3623
f 3619 	3629 	3550
f 3606 	3483 	3487
f 3487 	3633 	3610
f 3436 	3397 	3634
f 3630 	3664 	3631
f 3610 	3633 	3617
f 3634 	3632 	3436
f 3627 	4003 	3596
f 3507 	3635 	3636
f 3647 	3626 	3617
f 4003 	3599 	3596
f 3634 	3677 	3632
f 3626 	3650 	3643
f 3647 	3650 	3626
f 3630 	559 	3664
f 3507 	3636 	3509
f 2988 	3594 	3638
f 3631 	3639 	3609
f 3601 	3642 	3594
f 3487 	3524 	3633
f 3609 	3605 	3631
f 2992 	3545 	2294
f 3639 	3641 	3609
f 3638 	3545 	2992
f 3636 	3612 	3509
f 3638 	3594 	3642
f 3545 	3638 	3552
f 3642 	3552 	3638
f 3637 	3527 	3640
f 3616 	3645 	3625
f 3633 	3647 	3617
f 3649 	3469 	3537
f 3688 	3677 	3634
f 3641 	3645 	3616
f 3537 	3648 	3649
f 3400 	3526 	3637
f 3469 	3649 	3653
f 3645 	3734 	3625
f 3655 	3474 	3471
f 3650 	3654 	3643
f 3471 	3653 	3655
f 3652 	9204 	3646
f 3526 	3527 	3637
f 3636 	3621 	3612
f 3527 	3564 	3640
f 3636 	3657 	3621
f 3603 	3474 	3655
f 9204 	3652 	3656
f 3395 	559 	3630
f 3525 	3647 	3633
f 3649 	3648 	3659
f 202 	3659 	3648
f 3635 	3651 	3657
f 3653 	3649 	3662
f 3659 	3662 	3649
f 3647 	3721 	3650
f 3655 	3653 	3663
f 3662 	3663 	3653
f 3525 	3721 	3647
f 3395 	3630 	3380
f 3655 	3618 	3603
f 3651 	3814 	3813
f 3655 	3663 	3618
f 3814 	3651 	3644
f 3575 	3493 	3481
f 559 	564 	3664
f 2875 	3658 	3130
f 3481 	3543 	3567
f 202 	4214 	3659
f 4214 	4216 	3659
f 564 	565 	3664
f 3662 	4216 	3663
f 3639 	3631 	3664
f 4218 	3618 	3663
f 4026 	3622 	3618
f 3604 	3668 	1684
f 3624 	3622 	4027
f 4026 	4027 	3622
f 3665 	3493 	3575
f 3624 	4027 	3627
f 4028 	3627 	4027
f 3664 	565 	3669
f 4028 	4003 	3627
f 565 	570 	3669
f 3632 	3667 	3660
f 3668 	3566 	1684
f 3665 	3689 	3670
f 3599 	4006 	3601
f 3670 	3445 	3665
f 4006 	3642 	3601
f 3641 	3639 	3669
f 3664 	3669 	3639
f 3552 	3642 	3816
f 3651 	3813 	3657
f 3445 	3670 	3673
f 3816 	3818 	3552
f 3635 	3657 	3636
f 3818 	3819 	3554
f 3677 	3667 	3632
f 3676 	3581 	3569
f 3837 	3571 	3554
f 3671 	3676 	3569
f 3677 	3683 	3667
f 3665 	3445 	3493
f 3676 	3687 	3581
f 3688 	3634 	3640
f 3670 	3698 	3673
f 3662 	3659 	4216
f 3678 	3673 	3701
f 3698 	3701 	3673
f 4218 	3663 	4216
f 3666 	3956 	3672
f 3581 	3687 	3588
f 3678 	3459 	3673
f 3701 	3238 	3678
f 3687 	3690 	3588
f 3599 	4003 	4005
f 3672 	3680 	3674
f 3599 	4005 	4006
f 3674 	3680 	3681
f 3668 	3604 	3617
f 3626 	3668 	3617
f 3680 	3686 	3681
f 3674 	3681 	3675
f 3668 	3626 	3671
f 3667 	3683 	3679
f 3536 	3528 	3749
f 3643 	3676 	3671
f 3774 	3778 	3682
f 3686 	3680 	3684
f 3682 	3778 	3770
f 3691 	3683 	3677
f 3684 	3646 	3686
f 3671 	3626 	3643
f 3665 	3575 	3685
f 3688 	3691 	3677
f 3689 	3665 	3685
f 3643 	3696 	3676
f 2435 	2636 	3694
f 3670 	3689 	3695
f 3643 	3654 	3696
f 7454 	7455 	2435
f 3688 	3640 	3564
f 3676 	3696 	3687
f 3687 	3699 	3690
f 3670 	3695 	3698
f 7454 	3694 	3327
f 3697 	3694 	2636
f 3696 	3699 	3687
f 3564 	3620 	3688
f 3800 	3693 	3692
f 3693 	3800 	3804
f 3690 	3702 	4421
f 3620 	3691 	3688
f 3693 	3804 	3700
f 3699 	3702 	3690
f 3374 	3238 	3701
f 3654 	3707 	3696
f 3586 	3709 	3705
f 3709 	3711 	3705
f 3705 	3711 	3706
f 3696 	3707 	3699
f 3707 	3737 	3699
f 3602 	3709 	3586
f 3669 	570 	3710
f 3708 	3689 	3685
f 3742 	3710 	618
f 3723 	3726 	2628
f 3704 	3658 	3656
f 3645 	3641 	3710
f 3669 	3710 	3641
f 2636 	2628 	3726
f 570 	618 	3710
f 3743 	3703 	3702
f 3727 	3697 	2636
f 3710 	3742 	3645
f 3712 	3708 	4600
f 3711 	3714 	3706
f 3689 	3708 	3712
f 3722 	3712 	4605
f 3684 	3715 	3646
f 3717 	330 	3963
f 3695 	3689 	3712
f 3633 	3524 	3525
f 3722 	3695 	3712
f 2628 	2654 	3732
f 3482 	3709 	3602
f 3719 	331 	3717
f 3602 	3478 	3482
f 3578 	3725 	3719
f 3711 	3709 	3508
f 3621 	3716 	3729
f 3727 	2636 	3726
f 3725 	3578 	3625
f 3721 	3754 	3650
f 3508 	3709 	3482
f 331 	3719 	3725
f 3695 	3722 	3698
f 3728 	3698 	3722
f 3721 	3758 	3754
f 3711 	3510 	3714
f 3717 	331 	330
f 3508 	3510 	3711
f 2628 	3732 	3723
f 3730 	3701 	3728
f 3732 	2654 	3733
f 3748 	3733 	2654
f 3525 	3561 	3721
f 3724 	3693 	3731
f 3727 	3329 	3697
f 3730 	3374 	3701
f 3734 	3725 	3625
f 3371 	3374 	3730
f 3718 	8383 	8376
f 3723 	3329 	3726
f 3728 	3701 	3698
f 3726 	3329 	3727
f 3327 	3697 	3329
f 3713 	3735 	3739
f 3733 	3329 	3732
f 3329 	3723 	3732
f 3737 	3702 	3699
f 3737 	3743 	3702
f 3620 	3741 	3745
f 3713 	3739 	3715
f 3739 	3652 	3715
f 2654 	2647 	3747
f 3741 	3706 	3745
f 3656 	3652 	3739
f 3747 	3748 	2654
f 3620 	3745 	3738
f 3715 	3652 	3646
f 3745 	3750 	3738
f 3753 	3744 	3740
f 3692 	3724 	3720
f 3738 	3750 	3793
f 3746 	3798 	3747
f 3747 	3798 	3748
f 3329 	3733 	3335
f 3720 	3787 	3692
f 3748 	3335 	3733
f 3737 	3799 	3743
f 3693 	3724 	3692
f 3737 	3796 	3799
f 3799 	3801 	3743
f 3731 	3693 	3700
f 3743 	3801 	4474
f 3753 	3740 	3752
f 3574 	3705 	3741
f 3731 	3700 	3735
f 3705 	3706 	3741
f 3744 	3753 	3755
f 3739 	3735 	3704
f 3650 	3754 	3654
f 3654 	3756 	3707
f 3735 	3700 	3704
f 3754 	3756 	3654
f 3757 	3745 	3706
f 3744 	3755 	3749
f 3656 	3739 	3704
f 3755 	3536 	3749
f 3745 	3757 	3750
f 3757 	3759 	3750
f 3758 	3721 	3561
f 3758 	3761 	3754
f 3795 	2647 	2667
f 3750 	3759 	3751
f 618 	621 	3742
f 3645 	3742 	3734
f 3757 	3706 	3714
f 3742 	621 	3736
f 3742 	3736 	3734
f 3752 	3766 	3753
f 3759 	3757 	3718
f 3752 	3763 	3766
f 3714 	3718 	3757
f 3785 	3764 	3783
f 3755 	3753 	3567
f 3718 	8376 	3759
f 2677 	3764 	2679
f 3764 	3785 	2679
f 3753 	3766 	3567
f 3567 	3543 	3755
f 4698 	3708 	3763
f 3760 	3773 	3762
f 3774 	3682 	3679
f 3763 	3708 	3685
f 3679 	3683 	3774
f 3760 	3771 	3773
f 3762 	3773 	3777
f 3763 	3685 	3766
f 2647 	3795 	3746
f 3766 	3575 	3567
f 3781 	3772 	3780
f 3772 	3769 	3780
f 3768 	3780 	3769
f 3685 	3575 	3766
f 3768 	3776 	3780
f 3764 	3782 	3783
f 3781 	3805 	3772
f 3762 	3777 	3765
f 3786 	2679 	3785
f 3765 	3777 	3787
f 3788 	3779 	2667
f 2667 	2680 	3788
f 3683 	3691 	3789
f 3754 	3761 	3756
f 3945 	3784 	3740
f 3765 	3787 	3720
f 3789 	3774 	3683
f 3761 	3791 	3756
f 3789 	3792 	3774
f 3789 	3793 	3792
f 3782 	5508 	3783
f 3916 	3758 	3561
f 3774 	3792 	3778
f 3783 	5508 	3785
f 3792 	3817 	3778
f 3785 	5508 	3786
f 3771 	3827 	3773
f 3789 	3691 	3738
f 3786 	5508 	3788
f 3790 	3786 	3788
f 3691 	3620 	3738
f 3779 	3788 	5508
f 3791 	3761 	3991
f 3831 	3777 	3773
f 2667 	3794 	3795
f 3777 	3835 	3787
f 3991 	3995 	3791
f 3756 	3796 	3707
f 3794 	2667 	3779
f 3738 	3793 	3789
f 3404 	3797 	4064
f 3615 	1949 	1939
f 3707 	3796 	3737
f 3779 	3798 	3794
f 3335 	3748 	3798
f 3794 	3798 	3795
f 3795 	3798 	3746
f 3750 	3751 	3793
f 3767 	3776 	3768
f 3798 	3779 	5508
f 5600 	3312 	3798
f 3799 	3812 	3801
f 3797 	3776 	3767
f 3407 	3800 	3838
f 3775 	3772 	3805
f 3800 	3407 	3410
f 3796 	3756 	3791
f 3770 	3806 	3802
f 3796 	3791 	3808
f 3700 	3804 	3810
f 3778 	3806 	3770
f 3806 	3811 	3802
f 3804 	3800 	3410
f 3796 	3808 	3799
f 3804 	3415 	3810
f 3805 	3781 	3857
f 3807 	3857 	3781
f 3808 	3812 	3799
f 3802 	3811 	3803
f 3810 	3704 	3700
f 3704 	3810 	3658
f 3817 	3806 	3778
f 3812 	3815 	3801
f 3752 	3740 	3784
f 3806 	3820 	3811
f 3740 	3881 	3945
f 3813 	4975 	3716
f 3817 	3820 	3806
f 3995 	3808 	3791
f 4147 	3821 	3816
f 3808 	3997 	3812
f 3821 	3822 	3816
f 3415 	3804 	3410
f 3995 	3997 	3808
f 3809 	3814 	3644
f 3793 	3823 	3792
f 3816 	3822 	3818
f 3819 	3818 	3825
f 3822 	3825 	3818
f 3810 	3130 	3658
f 3793 	3751 	3823
f 3810 	3415 	3130
f 3792 	3823 	3817
f 3657 	3813 	3716
f 3823 	8396 	3817
f 4147 	3826 	3821
f 3822 	3821 	3828
f 3826 	3828 	3821
f 3828 	3829 	3825
f 3828 	3825 	3822
f 11741 	11796 	3142
f 3773 	3827 	3831
f 3817 	8396 	3820
f 4385 	3844 	3827
f 3657 	3716 	3621
f 3833 	3836 	3498
f 3835 	3777 	3831
f 3819 	3837 	3554
f 3787 	3835 	3838
f 3834 	3824 	6440
f 3797 	3840 	3776
f 3842 	3776 	3840
f 1690 	1700 	3864
f 3834 	3142 	3824
f 3825 	3845 	3819
f 3824 	6434 	6440
f 3842 	3850 	3776
f 3787 	3838 	3692
f 3838 	3800 	3692
f 3841 	3839 	3849
f 3842 	3860 	3850
f 3530 	3512 	3832
f 3849 	7481 	3841
f 1720 	3853 	3843
f 3414 	3840 	3404
f 3831 	3827 	3844
f 3837 	3819 	3845
f 3512 	3834 	3832
f 3809 	4968 	3814
f 3845 	3846 	3837
f 3839 	3837 	3846
f 3404 	3840 	3797
f 3847 	3835 	3831
f 3512 	3142 	3834
f 3780 	3776 	3850
f 3846 	3849 	3839
f 3844 	3847 	3831
f 3835 	3847 	3852
f 3850 	3807 	3780
f 3825 	3851 	3845
f 3865 	3850 	3860
f 3829 	3851 	3825
f 3835 	3852 	3838
f 3851 	3855 	3845
f 3865 	3868 	3850
f 1720 	1690 	3853
f 3850 	3868 	3807
f 3853 	3856 	3843
f 3851 	3901 	3855
f 3407 	3838 	3852
f 3780 	3807 	3781
f 3853 	3866 	3856
f 3845 	3855 	3846
f 3864 	3866 	3853
f 3846 	3858 	3849
f 3855 	3858 	3846
f 3843 	3856 	3848
f 3854 	3530 	3832
f 3860 	3842 	3840
f 3420 	3847 	3844
f 3847 	3424 	3852
f 3860 	3840 	3863
f 3414 	3863 	3840
f 3847 	3420 	3424
f 1700 	3359 	3864
f 3897 	3851 	3829
f 3852 	3424 	3428
f 3853 	1690 	3864
f 1867 	1452 	3869
f 3866 	3889 	3856
f 1452 	3318 	3869
f 3869 	3830 	1867
f 1483 	3359 	1700
f 3869 	3871 	3830
f 3870 	3873 	3826
f 3874 	3857 	3807
f 3864 	3364 	3866
f 3869 	3322 	3871
f 3870 	3885 	3873
f 3359 	3364 	3864
f 3830 	3871 	3833
f 3826 	3873 	3828
f 3833 	3875 	3836
f 3868 	3874 	3807
f 3871 	3875 	3833
f 3854 	3931 	3528
f 3874 	3957 	3857
f 3876 	3878 	3955
f 3875 	3877 	3836
f 3528 	3530 	3854
f 3872 	3867 	3886
f 3861 	5025 	3862
f 3856 	3882 	3848
f 3470 	3489 	3863
f 3956 	3879 	3684
f 3856 	3889 	3882
f 3883 	3863 	3489
f 3885 	3924 	3873
f 3848 	3882 	3876
f 3882 	3884 	3876
f 3956 	3684 	3680
f 3318 	3322 	3869
f 3876 	3884 	3878
f 3863 	3883 	3860
f 3883 	3887 	3860
f 3883 	3489 	3501
f 3867 	3922 	3886
f 3875 	3907 	3877
f 4185 	3888 	3885
f 3872 	3886 	3713
f 3882 	3890 	3884
f 3501 	3506 	3883
f 3886 	3735 	3713
f 3535 	3836 	3891
f 3889 	3890 	3882
f 3883 	3506 	3887
f 3890 	3988 	3884
f 3879 	3872 	3713
f 3891 	3539 	3535
f 3860 	3887 	3865
f 3874 	3868 	3892
f 3891 	3893 	3539
f 3879 	3715 	3684
f 3879 	3713 	3715
f 3364 	3413 	3866
f 3892 	3868 	3894
f 3865 	3894 	3868
f 3828 	3873 	3895
f 3866 	3413 	3889
f 3914 	3542 	3893
f 3887 	3894 	3865
f 3635 	3507 	3568
f 3889 	3413 	3426
f 3890 	3889 	3426
f 3568 	3910 	3635
f 3891 	3836 	3877
f 3731 	3735 	3886
f 3895 	3829 	3828
f 3895 	3897 	3829
f 2014 	1800 	3898
f 3892 	3963 	3874
f 3893 	3923 	3914
f 3871 	3322 	3902
f 1800 	3903 	3898
f 3897 	3901 	3851
f 3322 	3338 	3902
f 1800 	1806 	3903
f 3905 	3858 	3855
f 3871 	3902 	3875
f 3887 	3513 	3894
f 3902 	3907 	3875
f 3506 	3513 	3887
f 3901 	3905 	3855
f 3513 	3576 	3894
f 3905 	7496 	3858
f 3906 	3598 	3899
f 3894 	3576 	3892
f 3576 	3963 	3892
f 1806 	3911 	3903
f 3565 	3906 	3910
f 3895 	3873 	3924
f 3908 	3911 	1806
f 3895 	3926 	3897
f 3914 	3561 	3542
f 1653 	2631 	7027
f 3900 	3915 	3904
f 3914 	3916 	3561
f 2631 	2707 	7027
f 3928 	3933 	3901
f 3805 	3919 	3775
f 3989 	3758 	3916
f 3904 	3918 	3909
f 3917 	3908 	1775
f 3891 	3877 	3920
f 3933 	3905 	3901
f 3904 	3915 	3918
f 1775 	1779 	3917
f 3775 	3919 	3912
f 3917 	3921 	3908
f 3909 	3918 	3922
f 3920 	3893 	3891
f 3920 	3923 	3893
f 3917 	3848 	3921
f 3843 	3848 	3917
f 3920 	3960 	3923
f 3908 	3921 	3911
f 3909 	3922 	3867
f 3923 	3927 	3914
f 3926 	3895 	3924
f 3926 	3928 	3897
f 3914 	3927 	3916
f 3915 	3720 	3918
f 3955 	3921 	3876
f 3927 	3929 	3916
f 3848 	3876 	3921
f 3899 	3930 	3906
f 3744 	3925 	3881
f 3918 	3724 	3922
f 3897 	3928 	3901
f 3918 	3720 	3724
f 3922 	3724 	3731
f 3644 	3910 	3906
f 3943 	3920 	3877
f 3940 	3928 	3926
f 3886 	3922 	3731
f 3644 	3906 	3930
f 3910 	3644 	3651
f 3898 	3934 	3932
f 3910 	3651 	3635
f 3920 	3943 	3960
f 3903 	3934 	3898
f 3888 	3936 	3885
f 3934 	3937 	3932
f 3934 	3946 	3937
f 3885 	3936 	3924
f 3930 	3809 	3644
f 3881 	3740 	3744
f 3925 	3744 	3749
f 3924 	3939 	3926
f 3939 	3924 	3936
f 3925 	3749 	3931
f 3939 	3940 	3926
f 3911 	3942 	3903
f 3943 	3877 	3907
f 3931 	3749 	3528
f 3966 	3969 	3939
f 3903 	3942 	3934
f 3902 	3947 	3907
f 3940 	3948 	3928
f 3338 	3947 	3902
f 3919 	3913 	3912
f 3940 	3939 	3969
f 3907 	3951 	3943
f 3950 	3919 	3805
f 3942 	3946 	3934
f 3940 	3971 	3948
f 3946 	3952 	3937
f 3947 	3951 	3907
f 3969 	3971 	3940
f 3928 	3948 	3933
f 3951 	3953 	3943
f 3950 	3805 	3857
f 3950 	3954 	3919
f 3937 	3952 	4072
f 3447 	3947 	3338
f 3447 	4029 	3947
f 3947 	4029 	3951
f 3911 	3955 	3942
f 3951 	4031 	3953
f 3956 	3666 	3949
f 3966 	3939 	3936
f 3921 	3955 	3911
f 3956 	3680 	3672
f 3955 	3958 	3942
f 3957 	3950 	3857
f 3950 	3959 	3954
f 3957 	3959 	3950
f 3946 	3942 	3958
f 3904 	3909 	3938
f 3923 	3960 	3961
f 3958 	3962 	3946
f 3874 	3963 	3957
f 3867 	3944 	3941
f 3960 	3968 	3961
f 3963 	3959 	3957
f 3909 	3867 	3941
f 3923 	3961 	3927
f 3888 	3964 	3936
f 3927 	3965 	3929
f 3946 	3962 	3952
f 3867 	3872 	3944
f 3965 	3927 	3961
f 3944 	3872 	3949
f 3964 	3966 	3936
f 3949 	3872 	3879
f 3953 	3960 	3943
f 3964 	3975 	3966
f 3960 	3953 	3968
f 3949 	3879 	3956
f 3967 	3404 	4064
f 3878 	3958 	3955
f 3403 	3404 	3967
f 3961 	3970 	3965
f 3878 	3880 	3958
f 3968 	3970 	3961
f 3958 	3880 	3962
f 7527 	3948 	3971
f 4443 	3975 	3964
f 3966 	3979 	3969
f 3980 	3880 	3878
f 3878 	3884 	3980
f 3975 	3979 	3966
f 3980 	3996 	3880
f 3979 	3983 	3969
f 3968 	4045 	3970
f 3969 	3983 	3971
f 3890 	3426 	3988
f 3916 	3929 	3989
f 3884 	3988 	3980
f 3989 	3761 	3758
f 3989 	3991 	3761
f 3972 	3986 	3990
f 3661 	3988 	3426
f 3990 	3993 	3972
f 3989 	4004 	3991
f 3975 	4463 	3979
f 4018 	3993 	3990
f 3992 	3930 	3899
f 3996 	3994 	3880
f 3941 	3982 	3981
f 3812 	3999 	3815
f 3981 	3938 	3941
f 3997 	3999 	3812
f 3980 	4000 	3996
f 3980 	3988 	4000
f 3982 	3944 	3985
f 3982 	3941 	3944
f 3998 	3767 	4001
f 3985 	3944 	3949
f 3929 	4004 	3989
f 3985 	3949 	3666
f 4020 	4062 	3996
f 4001 	3767 	4002
f 3768 	4002 	3767
f 3991 	4007 	3995
f 4004 	4007 	3991
f 3661 	4010 	3988
f 4000 	3988 	4010
f 3984 	5277 	4002
f 4005 	4003 	4011
f 4008 	4011 	4003
f 4007 	4088 	3995
f 4006 	4005 	4014
f 4011 	4014 	4005
f 3984 	4013 	3986
f 4015 	4008 	4052
f 3661 	3660 	4017
f 3973 	4056 	3977
f 4008 	4016 	4011
f 4002 	4013 	3984
f 4088 	3997 	3995
f 3660 	3667 	4017
f 4008 	4015 	4016
f 3667 	3679 	4017
f 3997 	4092 	3999
f 4019 	4018 	3990
f 4015 	4058 	4016
f 3661 	4017 	4010
f 3992 	3861 	3930
f 3862 	3930 	3861
f 3862 	3809 	3930
f 4000 	4020 	3996
f 4009 	4066 	4012
f 4004 	3929 	4022
f 3987 	3861 	3992
f 4013 	4019 	3986
f 4013 	3772 	4019
f 4025 	4020 	4000
f 3929 	3965 	4022
f 4023 	3618 	4218
f 4023 	4026 	3618
f 6708 	3945 	3881
f 3976 	3935 	3978
f 3978 	3938 	3981
f 4218 	4032 	4023
f 3978 	3935 	3938
f 4010 	4024 	4025
f 4027 	4038 	4028
f 4028 	4008 	4003
f 4028 	4040 	4008
f 2000 	4515 	1997
f 3974 	4030 	4035
f 4024 	4010 	4017
f 4029 	4031 	3951
f 4024 	4041 	4025
f 4031 	4036 	3953
f 4032 	4037 	4026
f 4032 	4026 	4023
f 4026 	4037 	4027
f 4038 	4027 	4037
f 3974 	4035 	3976
f 4010 	4025 	4000
f 4040 	4028 	4038
f 4035 	3935 	3976
f 4031 	4054 	4036
f 4041 	4043 	4025
f 3953 	4036 	3968
f 4252 	2532 	4033
f 4036 	4045 	3968
f 4032 	4046 	4037
f 4048 	4029 	3447
f 4025 	4043 	4020
f 4032 	4044 	4046
f 4037 	4046 	4049
f 3447 	3452 	4048
f 4048 	4051 	4029
f 4037 	4049 	4038
f 4030 	3896 	4035
f 4040 	4038 	4052
f 4049 	4052 	4038
f 4008 	4040 	4052
f 4051 	4031 	4029
f 4020 	4043 	4021
f 3935 	4035 	3900
f 3896 	3900 	4035
f 4051 	4054 	4031
f 3935 	3900 	3904
f 3935 	3904 	3938
f 4044 	4081 	4046
f 3977 	3859 	3987
f 3941 	3938 	3909
f 3977 	4056 	3859
f 4087 	4052 	4049
f 3859 	3861 	3987
f 3679 	4024 	4017
f 4019 	3990 	3986
f 3679 	3682 	4024
f 3973 	4055 	4056
f 4048 	3452 	3461
f 4058 	4015 	4052
f 4018 	4109 	3993
f 3682 	4041 	4024
f 4059 	4016 	4058
f 4048 	4067 	4051
f 3682 	3770 	4041
f 4051 	4068 	4054
f 4054 	4068 	4155
f 4062 	4060 	3994
f 3994 	3996 	4062
f 4058 	4063 	4059
f 4009 	4090 	4066
f 4067 	4048 	3461
f 4062 	4065 	4060
f 4058 	4061 	4063
f 3473 	4069 	3461
f 4059 	4063 	4179
f 4064 	3767 	3998
f 3974 	4012 	4030
f 3768 	3769 	4002
f 4068 	4051 	4067
f 4012 	4066 	4030
f 4020 	4021 	4062
f 4002 	3769 	4013
f 4021 	4065 	4062
f 4067 	3461 	4069
f 4069 	4071 	4067
f 4177 	4066 	4090
f 4061 	4190 	4063
f 4013 	3769 	3772
f 4061 	4070 	4190
f 4067 	4071 	4068
f 3772 	3775 	4019
f 4018 	4019 	3775
f 4064 	3797 	3767
f 3965 	3970 	4079
f 4081 	4044 	4076
f 4077 	4164 	4083
f 4057 	4085 	4047
f 4084 	4049 	4046
f 4046 	4081 	4084
f 7660 	4082 	4086
f 4087 	4049 	4084
f 4047 	4085 	4050
f 4072 	4089 	4075
f 4050 	4091 	4053
f 4052 	4087 	4058
f 4085 	4091 	4050
f 4088 	4092 	3997
f 4053 	2571 	1997
f 4089 	4072 	3952
f 4091 	2571 	4053
f 4076 	4100 	4081
f 4057 	4093 	4085
f 4160 	4077 	4075
f 4076 	4097 	4100
f 4007 	4004 	4095
f 4057 	4111 	4093
f 4004 	4022 	4095
f 4077 	4160 	4164
f 4078 	4170 	4082
f 4093 	2573 	4085
f 4098 	4088 	4007
f 4081 	4103 	4084
f 4078 	4206 	4170
f 4094 	4089 	3952
f 4170 	4086 	4082
f 3952 	3962 	4094
f 4086 	4175 	4090
f 4085 	2573 	4091
f 4087 	4061 	4058
f 4080 	4096 	5309
f 4093 	4111 	2588
f 4095 	4098 	4007
f 4080 	4106 	4096
f 4088 	4101 	4092
f 4093 	2581 	2573
f 4098 	4101 	4088
f 4093 	2588 	2581
f 3965 	4079 	4022
f 4103 	4081 	4100
f 4022 	4079 	4105
f 3993 	4080 	3972
f 4079 	4178 	4105
f 4080 	3993 	4106
f 4106 	4107 	4096
f 4095 	4022 	4105
f 4169 	4104 	4111
f 4105 	4110 	4095
f 4084 	4103 	4112
f 4109 	4018 	3912
f 4104 	4121 	4123
f 4099 	4108 	4113
f 4104 	4123 	4111
f 4109 	4106 	3993
f 4084 	4112 	4087
f 4106 	4114 	4107
f 4095 	4110 	4098
f 4169 	4111 	4057
f 4109 	4114 	4106
f 4112 	4061 	4087
f 4110 	4115 	4098
f 4099 	4113 	3896
f 4096 	4107 	4102
f 3896 	4118 	3900
f 4098 	4115 	4101
f 4100 	4097 	4119
f 3896 	4113 	4118
f 4115 	4120 	4101
f 3915 	3900 	4118
f 4097 	4116 	4119
f 4121 	4104 	4180
f 4100 	4119 	4122
f 4018 	3775 	3912
f 3913 	4109 	3912
f 4180 	4117 	4121
f 4103 	4100 	4122
f 3913 	4114 	4109
f 4103 	4124 	4112
f 4113 	3762 	4118
f 4103 	4122 	4124
f 4112 	4124 	4070
f 3915 	4118 	3765
f 4181 	4110 	4105
f 4111 	4123 	2588
f 4118 	3762 	3765
f 3765 	3720 	3915
f 4186 	4115 	4110
f 4112 	4070 	4061
f 4627 	4128 	4131
f 4116 	4308 	4119
f 4117 	2523 	4121
f 4135 	4296 	4130
f 4117 	4033 	2523
f 3970 	4045 	4134
f 4134 	4045 	4141
f 4122 	4311 	4316
f 2525 	4123 	4121
f 3970 	4134 	4079
f 4121 	2523 	2525
f 4124 	4122 	4316
f 4036 	4139 	4045
f 4123 	2525 	2529
f 4054 	4139 	4036
f 2529 	2588 	4123
f 3642 	4006 	4144
f 4127 	4140 	4145
f 3816 	3642 	4144
f 4132 	4143 	4133
f 4147 	4144 	4014
f 4006 	4014 	4144
f 4139 	4141 	4045
f 4147 	3816 	4144
f 4011 	4016 	4152
f 4140 	4151 	4145
f 4133 	4148 	4108
f 4140 	4146 	4151
f 4152 	4014 	4011
f 4148 	4133 	4143
f 4014 	4153 	4147
f 4108 	4148 	3760
f 4127 	4145 	4130
f 4152 	4153 	4014
f 4157 	4135 	4156
f 4130 	4156 	4135
f 4153 	3826 	4147
f 4150 	4047 	4780
f 4155 	4139 	4054
f 4150 	4142 	4169
f 4113 	4108 	3760
f 4141 	4139 	4158
f 3760 	3762 	4113
f 4130 	4145 	4156
f 4161 	4167 	4152
f 4155 	4158 	4139
f 4157 	4138 	4135
f 4167 	4153 	4152
f 4089 	4160 	4075
f 3973 	3977 	4196
f 4151 	4162 	4163
f 4161 	4152 	4016
f 3977 	4199 	4196
f 4161 	4016 	4059
f 4068 	4166 	4155
f 4071 	4166 	4068
f 4183 	4184 	4162
f 4148 	3771 	3760
f 4166 	4168 	4158
f 4166 	4158 	4155
f 4165 	4169 	4142
f 4160 	4089 	4171
f 4145 	4151 	4163
f 4094 	4171 	4089
f 3826 	4153 	3870
f 4167 	3870 	4153
f 4160 	4173 	4164
f 4059 	4179 	4161
f 4128 	5273 	4131
f 4171 	4173 	4160
f 4086 	4174 	4175
f 4150 	4057 	4047
f 4136 	4137 	4034
f 4166 	4853 	4168
f 4169 	4057 	4150
f 4137 	4039 	4034
f 4042 	4136 	4034
f 4185 	3870 	4167
f 3994 	4094 	3962
f 4172 	4162 	4151
f 4136 	4042 	4149
f 4159 	4176 	4180
f 4063 	4192 	4179
f 4090 	4175 	4177
f 4079 	4134 	4178
f 3880 	3994 	3962
f 4066 	4177 	4099
f 4105 	4178 	4181
f 4161 	4182 	4167
f 4094 	3994 	4060
f 4163 	4156 	4145
f 4131 	4039 	4137
f 4159 	4180 	4165
f 4163 	4162 	4184
f 4161 	4179 	4182
f 4177 	4108 	4099
f 4165 	4104 	4169
f 4094 	4060 	4171
f 4182 	4185 	4167
f 4030 	4066 	4099
f 4171 	4060 	4187
f 4055 	3973 	4149
f 4060 	4065 	4187
f 3896 	4030 	4099
f 4149 	4042 	4055
f 4195 	4202 	4182
f 4165 	4180 	4104
f 4182 	4202 	4185
f 4181 	4186 	4110
f 4173 	4171 	4187
f 4186 	4189 	4115
f 4185 	3885 	3870
f 4200 	4186 	4181
f 4187 	4277 	4173
f 4186 	4205 	4189
f 4200 	4205 	4186
f 4175 	4174 	4132
f 4115 	4189 	4120
f 4156 	4163 	4184
f 4690 	4120 	4189
f 4176 	4117 	4180
f 4134 	4141 	4194
f 4192 	4063 	4190
f 4192 	4195 	4179
f 4175 	4133 	4177
f 4134 	4194 	4178
f 4175 	4132 	4133
f 4177 	4133 	4108
f 4178 	4197 	4181
f 4172 	4213 	4162
f 4194 	4197 	4178
f 4065 	4198 	4187
f 4179 	4195 	4182
f 4197 	4200 	4181
f 820 	4183 	4162
f 4188 	4199 	4203
f 4162 	822 	820
f 4197 	4223 	4200
f 4199 	3987 	4203
f 820 	878 	4183
f 4202 	3888 	4185
f 4065 	4204 	4198
f 4188 	4203 	4191
f 4156 	4184 	4157
f 4191 	4203 	3899
f 4021 	4204 	4065
f 4204 	4207 	4198
f 4074 	4217 	4078
f 4203 	3987 	3992
f 4215 	4219 	4194
f 3992 	3899 	4203
f 4198 	4207 	4201
f 4191 	3899 	3598
f 4174 	4086 	4170
f 4194 	4219 	4197
f 3906 	3565 	3598
f 4197 	4219 	4223
f 4041 	4208 	4043
f 4209 	4043 	4208
f 4146 	4154 	4172
f 4200 	4225 	4205
f 3910 	3568 	3565
f 3888 	4202 	4367
f 4021 	4043 	4209
f 4154 	4210 	4213
f 4215 	4141 	4158
f 4073 	4212 	4217
f 4210 	826 	4213
f 4215 	4194 	4141
f 1129 	826 	4210
f 4021 	4209 	4204
f 4220 	4221 	4216
f 4220 	4216 	4214
f 4154 	4213 	4172
f 4073 	4217 	4074
f 4221 	4222 	4218
f 3973 	4196 	4193
f 4206 	4078 	4217
f 822 	4162 	4213
f 4218 	4216 	4221
f 4213 	826 	834
f 4218 	4222 	4032
f 4232 	4219 	4215
f 4151 	4146 	4172
f 4032 	4222 	4044
f 4199 	3977 	3987
f 4247 	4209 	4208
f 4211 	4578 	4212
f 4633 	4137 	4136
f 4223 	4225 	4200
f 3770 	3802 	4208
f 4220 	4224 	4221
f 4226 	4221 	4224
f 4227 	4221 	4226
f 4228 	4215 	4158
f 3770 	4208 	4041
f 4158 	4168 	4228
f 4217 	4581 	4231
f 4135 	4138 	4125
f 4227 	4222 	4221
f 4193 	4149 	3973
f 4228 	4232 	4215
f 4231 	4206 	4217
f 4044 	4222 	4227
f 4234 	4170 	4206
f 4219 	4233 	4223
f 4138 	4238 	4229
f 4206 	4231 	4234
f 4232 	4233 	4219
f 4237 	8418 	4230
f 4044 	4227 	4076
f 4233 	4236 	4223
f 4229 	4125 	4138
f 4235 	4229 	4238
f 4237 	4230 	4201
f 4223 	4236 	4225
f 4235 	3303 	3293
f 4224 	4251 	4226
f 4238 	3303 	4235
f 4207 	4237 	4201
f 4157 	4239 	4138
f 4227 	4254 	4076
f 4760 	4751 	4225
f 4209 	4240 	4204
f 4239 	4238 	4138
f 4168 	4853 	4228
f 4214 	202 	205
f 4239 	3320 	4238
f 4204 	4240 	4207
f 4242 	4239 	4157
f 205 	4241 	4214
f 4220 	4214 	4241
f 4240 	4245 	4207
f 4241 	4243 	4224
f 4242 	4157 	4184
f 4207 	4245 	4237
f 4241 	4224 	4220
f 4848 	4244 	4142
f 4247 	4208 	3802
f 3802 	3803 	4247
f 4244 	4165 	4142
f 4159 	4165 	4244
f 4247 	4240 	4209
f 4243 	4248 	4224
f 4240 	4250 	4245
f 3351 	4242 	4246
f 4251 	4224 	4248
f 4247 	4250 	4240
f 3320 	3303 	4238
f 4247 	3803 	4250
f 3351 	3350 	4242
f 4249 	4253 	2949
f 4254 	4227 	4226
f 4242 	3350 	4239
f 4251 	4254 	4226
f 4249 	2949 	4252
f 4252 	2949 	2532
f 4254 	4097 	4076
f 4253 	2960 	2964
f 4258 	4255 	4083
f 4253 	2964 	2949
f 4083 	4164 	4258
f 3350 	3320 	4239
f 4248 	4257 	4261
f 4255 	4260 	4256
f 4246 	4184 	4183
f 4258 	4260 	4255
f 4260 	4285 	4256
f 4248 	4261 	4251
f 4259 	4271 	4262
f 4251 	4261 	4263
f 878 	4246 	4183
f 4259 	4266 	4271
f 3351 	4246 	881
f 878 	881 	4246
f 4251 	4263 	4254
f 4265 	4164 	4173
f 4246 	4242 	4184
f 4173 	4277 	4265
f 4284 	4264 	4266
f 4265 	4258 	4164
f 4097 	4254 	4263
f 4264 	2985 	4266
f 3351 	881 	3387
f 376 	3387 	881
f 4264 	2982 	2985
f 4265 	4268 	4258
f 4284 	4266 	4259
f 4270 	4261 	4257
f 4268 	4260 	4258
f 4262 	4253 	4249
f 4257 	4267 	4270
f 4268 	4295 	4260
f 4262 	4271 	4253
f 4269 	4272 	4273
f 4270 	4274 	4261
f 4261 	4274 	4263
f 4273 	4272 	4276
f 4275 	4276 	4272
f 4263 	4116 	4097
f 4263 	4274 	4116
f 4275 	4281 	4283
f 4268 	4265 	4278
f 4275 	4283 	4276
f 4266 	2985 	2991
f 4277 	4278 	4265
f 4271 	4266 	2991
f 4273 	4276 	4279
f 2960 	4253 	4271
f 4289 	4279 	4276
f 4862 	4866 	4228
f 4861 	4270 	4267
f 4271 	2991 	2960
f 4198 	4277 	4187
f 4232 	4869 	4233
f 4198 	4201 	4277
f 4861 	4867 	4270
f 4568 	4281 	4275
f 4277 	4201 	4278
f 4230 	4278 	4201
f 4230 	4334 	4278
f 4281 	4296 	4283
f 4281 	4293 	4296
f 4248 	4243 	4286
f 4283 	4289 	4276
f 4288 	4291 	4282
f 4288 	4282 	4280
f 4264 	4284 	4282
f 2055 	4287 	4292
f 4264 	4282 	4291
f 2037 	2034 	3569
f 4295 	4285 	4260
f 4286 	4294 	4257
f 3581 	2037 	3569
f 4283 	4296 	4289
f 4286 	4257 	4248
f 4125 	4289 	4296
f 4287 	2037 	3581
f 3022 	4291 	4288
f 4289 	4125 	4229
f 3581 	3588 	4287
f 4291 	3023 	2982
f 4294 	4297 	4267
f 4287 	3588 	4292
f 4291 	2982 	4264
f 4602 	4127 	4293
f 3588 	4298 	4292
f 4267 	4257 	4294
f 4296 	4293 	4130
f 4296 	4135 	4125
f 4298 	3588 	3690
f 4269 	4273 	4301
f 4301 	4313 	4303
f 4301 	4273 	4313
f 4292 	4298 	4305
f 4306 	2177 	2057
f 4170 	4234 	4129
f 4308 	4116 	4304
f 2057 	4305 	4306
f 4252 	4033 	4299
f 4299 	4033 	4117
f 4170 	4129 	4174
f 4119 	4311 	4122
f 4132 	4174 	4129
f 4303 	4313 	4314
f 4119 	4308 	4311
f 4418 	4310 	4159
f 4303 	4314 	4307
f 4307 	4332 	4312
f 4306 	4305 	4300
f 4310 	4322 	4176
f 4298 	4300 	4305
f 4307 	4314 	4332
f 4159 	4310 	4176
f 4528 	4234 	4231
f 4306 	4320 	4309
f 4300 	4320 	4306
f 4124 	4302 	4070
f 4309 	4323 	4315
f 4313 	4273 	4279
f 4320 	4323 	4309
f 4124 	4316 	4302
f 4321 	4308 	4304
f 4308 	4321 	4325
f 4315 	4323 	4324
f 4318 	3608 	3420
f 4312 	3408 	4326
f 4298 	4421 	4300
f 3408 	3409 	4326
f 4311 	4308 	4325
f 4320 	4300 	4425
f 4372 	4299 	4322
f 4295 	4330 	4285
f 4332 	3408 	4312
f 4428 	4432 	4323
f 4285 	4330 	4290
f 4323 	4432 	4324
f 4317 	4329 	4333
f 4318 	4331 	3608
f 4268 	4334 	4295
f 4311 	4325 	4328
f 4268 	4278 	4334
f 4327 	4337 	4331
f 4353 	4325 	4321
f 4332 	3422 	3408
f 4334 	4339 	4295
f 4326 	3409 	3403
f 4336 	4337 	4327
f 4331 	4337 	4341
f 2229 	4338 	4340
f 4311 	4328 	4316
f 4313 	4279 	4342
f 4316 	4328 	4495
f 4279 	4344 	4342
f 4335 	4315 	4338
f 4295 	4339 	4330
f 4289 	4344 	4279
f 4331 	4341 	3608
f 4316 	4495 	4302
f 4313 	4342 	4314
f 4332 	4314 	4343
f 4342 	4343 	4314
f 4309 	2177 	4306
f 4343 	3422 	4332
f 2177 	4309 	4335
f 4321 	4349 	4353
f 4230 	8414 	4334
f 5076 	4341 	4337
f 4342 	4345 	4343
f 4334 	8414 	4339
f 4342 	4344 	4345
f 3422 	4343 	4345
f 4335 	4309 	4315
f 2054 	4354 	4346
f 4315 	4348 	4338
f 4338 	4348 	4340
f 4350 	2054 	2036
f 4340 	4352 	4356
f 2036 	2038 	4350
f 4348 	4352 	4340
f 4325 	4497 	4328
f 2054 	4350 	4354
f 4325 	4353 	4497
f 4351 	5117 	4355
f 4324 	4386 	4348
f 4348 	4386 	4352
f 4349 	4908 	4506
f 4347 	4336 	4327
f 4229 	4344 	4289
f 4347 	4355 	4336
f 3898 	2038 	2014
f 4344 	4229 	4235
f 4349 	4506 	4507
f 2038 	3898 	3932
f 4344 	4235 	4345
f 4356 	2232 	2235
f 4349 	4507 	4353
f 4350 	2038 	3932
f 3423 	4345 	3293
f 2235 	4340 	4356
f 4357 	4354 	4350
f 4353 	4507 	4510
f 4351 	5116 	5117
f 4356 	4358 	2232
f 4355 	5118 	4336
f 4357 	4350 	3932
f 2241 	4361 	2240
f 4355 	5117 	5118
f 4357 	4397 	4354
f 4381 	4362 	4192
f 2241 	4358 	4361
f 4192 	4362 	4195
f 4361 	4364 	2240
f 4195 	4365 	4202
f 3937 	4357 	3932
f 4357 	4072 	4397
f 4362 	4365 	4195
f 3937 	4072 	4357
f 4365 	4367 	4202
f 4143 	4366 	4370
f 4371 	4356 	4352
f 4317 	4333 	4319
f 4371 	4358 	4356
f 4319 	4333 	4372
f 4371 	4374 	4358
f 4369 	4373 	2409
f 4370 	4148 	4143
f 4370 	3771 	4148
f 4375 	4365 	4362
f 2409 	4373 	2410
f 4322 	4319 	4372
f 4358 	4374 	4361
f 4366 	4551 	4411
f 4361 	4376 	4364
f 4176 	4322 	4299
f 4374 	4376 	4361
f 4366 	4411 	4416
f 4299 	4117 	4176
f 4377 	4369 	2115
f 4366 	4416 	4370
f 4369 	4378 	4373
f 4419 	3771 	4370
f 4259 	4329 	4395
f 4377 	4378 	4369
f 3827 	3771 	4419
f 4070 	4302 	4379
f 4259 	4395 	4284
f 4371 	4392 	4374
f 4262 	4329 	4259
f 4190 	4070 	4379
f 4329 	4262 	4333
f 4190 	4381 	4192
f 4190 	4379 	4381
f 4333 	4262 	4249
f 4383 	4377 	4346
f 4333 	4249 	4372
f 4324 	4348 	4315
f 4379 	4302 	4384
f 4252 	4299 	4372
f 4346 	4354 	4383
f 4372 	4249 	4252
f 4383 	4388 	4377
f 4379 	4387 	4381
f 6956 	2164 	6954
f 4379 	4384 	4387
f 4352 	4390 	4371
f 4387 	4391 	4381
f 4419 	4385 	3827
f 4378 	4377 	4388
f 4386 	4390 	4352
f 4381 	4391 	4362
f 4390 	4392 	4371
f 4388 	4383 	4400
f 4391 	4375 	4362
f 4389 	4282 	4393
f 4380 	4394 	4382
f 4384 	4403 	4387
f 4382 	4396 	4385
f 4475 	4393 	4395
f 4382 	4394 	4396
f 4374 	4398 	4376
f 4384 	4402 	4403
f 4397 	4383 	4354
f 3844 	4385 	4318
f 4392 	4398 	4374
f 4385 	4396 	4318
f 4397 	4400 	4383
f 4318 	3420 	3844
f 4282 	4389 	4280
f 4072 	4075 	4397
f 4393 	4284 	4395
f 4327 	4396 	4394
f 4393 	4282 	4284
f 4397 	4075 	4400
f 4396 	4327 	4331
f 4437 	4441 	4386
f 5588 	4401 	3583
f 4396 	4331 	4318
f 4386 	4441 	4390
f 4387 	4403 	4406
f 4075 	4077 	4400
f 4390 	4458 	4392
f 4378 	4388 	4410
f 4403 	4434 	4406
f 4408 	4360 	4359
f 4387 	4406 	4391
f 4486 	4398 	4392
f 4410 	4449 	4378
f 4551 	4405 	4411
f 4408 	4359 	4404
f 4375 	4391 	4412
f 4410 	4414 	4449
f 4407 	4436 	4413
f 4433 	4436 	4407
f 4360 	4415 	4363
f 4406 	4412 	4391
f 4360 	4408 	4415
f 4298 	3690 	4421
f 4363 	4415 	4422
f 4370 	4416 	4419
f 4423 	4401 	4399
f 4399 	4417 	4423
f 4421 	4425 	4300
f 4426 	4410 	4388
f 4400 	4426 	4388
f 4408 	4424 	4429
f 4403 	4402 	4427
f 4320 	4428 	4323
f 4401 	4423 	3587
f 4426 	4430 	4410
f 4425 	4428 	4320
f 4400 	4077 	4426
f 4402 	4517 	4427
f 4077 	4083 	4426
f 4426 	4083 	4430
f 4434 	4403 	4427
f 4410 	4430 	4414
f 4430 	4435 	4414
f 4408 	4429 	4415
f 4437 	4386 	4324
f 4432 	4437 	4324
f 4414 	4435 	4420
f 4434 	4427 	4531
f 4413 	4310 	4418
f 4423 	4417 	4191
f 4436 	4310 	4413
f 4421 	3703 	4425
f 3702 	3703 	4421
f 4423 	3598 	3587
f 4363 	4422 	4368
f 4159 	4244 	4418
f 4191 	3598 	4423
f 4368 	4140 	4127
f 4466 	4428 	4425
f 4317 	4433 	4465
f 4368 	4422 	4140
f 4433 	4319 	4436
f 4433 	4317 	4319
f 4436 	4322 	4310
f 4404 	4438 	4424
f 3964 	3888 	4367
f 4405 	4459 	4464
f 4440 	4367 	4365
f 4365 	4375 	4440
f 4405 	4464 	4411
f 4443 	3964 	4367
f 4411 	4380 	4416
f 4440 	4443 	4367
f 4436 	4319 	4322
f 4404 	4424 	4408
f 4464 	4380 	4411
f 4416 	4382 	4419
f 4416 	4380 	4382
f 4373 	4378 	4449
f 4419 	4382 	4385
f 4460 	3975 	4443
f 4449 	4439 	4373
f 4439 	4450 	4442
f 4375 	4412 	4453
f 4449 	4450 	4439
f 4415 	4447 	4422
f 4442 	4454 	4445
f 4429 	4446 	4447
f 4440 	4375 	4453
f 4453 	4456 	4440
f 4458 	4390 	4441
f 4453 	4468 	4456
f 4154 	4146 	4446
f 4465 	4433 	4451
f 4443 	4440 	4456
f 4451 	4433 	4407
f 4452 	4457 	4459
f 4456 	4460 	4443
f 4458 	4486 	4392
f 4457 	4492 	4459
f 4415 	4429 	4447
f 4447 	4446 	4146
f 4444 	4462 	4448
f 4441 	4437 	4489
f 4446 	4210 	4154
f 4452 	4459 	4405
f 4460 	4463 	3975
f 4461 	4462 	4444
f 4489 	4458 	4441
f 4462 	4465 	4448
f 4422 	4447 	4146
f 4425 	3703 	4466
f 4485 	4453 	4412
f 4459 	4496 	4464
f 4453 	4485 	4468
f 4428 	4469 	4432
f 4448 	4465 	4451
f 4456 	4470 	4460
f 4469 	4428 	4466
f 4450 	4454 	4442
f 4469 	4471 	4432
f 4468 	4470 	4456
f 4470 	4472 	4460
f 4432 	4471 	4437
f 4471 	4489 	4437
f 4460 	4472 	4463
f 4474 	4466 	3703
f 4446 	4467 	4210
f 4450 	4449 	4414
f 4461 	4475 	4462
f 3703 	3743 	4474
f 4461 	4473 	4475
f 4474 	4476 	4466
f 4450 	4420 	4454
f 4414 	4420 	4450
f 4422 	4146 	4140
f 4474 	4511 	4476
f 4477 	4465 	4462
f 4255 	4435 	4430
f 4438 	5913 	4478
f 4469 	4466 	4476
f 4255 	4430 	4083
f 4477 	4462 	4475
f 4469 	4479 	4471
f 4468 	4561 	4542
f 4476 	4479 	4469
f 4480 	2439 	2434
f 4424 	4438 	4431
f 4317 	4465 	4477
f 2434 	2410 	4480
f 4468 	4542 	4470
f 4477 	4329 	4317
f 4480 	4481 	2439
f 4477 	4395 	4329
f 4431 	4438 	4478
f 3801 	4511 	4474
f 4482 	4446 	4429
f 4434 	4483 	4406
f 4431 	4482 	4424
f 4473 	4389 	4393
f 2410 	4439 	4480
f 4406 	4483 	4412
f 4473 	4393 	4475
f 4483 	4485 	4412
f 4439 	2410 	4373
f 4395 	4477 	4475
f 4439 	4442 	4480
f 4484 	4431 	4478
f 4480 	4442 	4481
f 4481 	4445 	4618
f 4442 	4445 	4481
f 4431 	4487 	4482
f 4431 	4484 	4487
f 4482 	4487 	4467
f 4455 	4490 	4457
f 4458 	4489 	4491
f 4491 	4494 	4458
f 4484 	1117 	4487
f 4502 	4504 	4491
f 4492 	4457 	4490
f 4302 	4495 	4384
f 4487 	1124 	1126
f 4496 	4459 	4492
f 4458 	4494 	4486
f 4482 	4467 	4446
f 4494 	4567 	4486
f 4495 	4328 	4501
f 4494 	4491 	4504
f 4328 	4497 	4501
f 4384 	4495 	4402
f 1124 	4487 	1117
f 4471 	4499 	4489
f 4464 	4500 	4380
f 4467 	4487 	1126
f 4479 	4499 	4471
f 4464 	4496 	4500
f 4500 	4394 	4380
f 4467 	1126 	1129
f 4489 	4499 	4491
f 4502 	4491 	4499
f 4488 	4503 	4493
f 4495 	4501 	4402
f 4429 	4424 	4482
f 4498 	4503 	4488
f 4503 	3330 	4493
f 4490 	4756 	4492
f 4503 	3337 	3330
f 4493 	3330 	3325
f 4518 	4499 	4479
f 4505 	4484 	4478
f 4534 	4502 	4499
f 4498 	4509 	4503
f 4505 	1117 	4484
f 4508 	4509 	4498
f 4509 	3337 	4503
f 4497 	4353 	4510
f 4492 	4756 	4512
f 4513 	4501 	4497
f 4497 	4510 	4513
f 4492 	4512 	4496
f 4496 	4516 	4500
f 4476 	4514 	4479
f 4501 	4517 	4402
f 4496 	4512 	4516
f 4501 	4513 	4517
f 4515 	4509 	4508
f 4511 	4514 	4476
f 1117 	4505 	1116
f 4514 	4518 	4479
f 4394 	4500 	4347
f 4515 	3343 	4509
f 4514 	4521 	4518
f 4347 	4500 	4516
f 4519 	4521 	4514
f 4327 	4394 	4347
f 4534 	4499 	4518
f 4467 	1129 	4210
f 3801 	3815 	4511
f 4738 	1997 	4515
f 3815 	4519 	4511
f 4512 	4767 	4351
f 4514 	4511 	4519
f 4516 	4512 	4351
f 4516 	4351 	4355
f 4516 	4355 	4347
f 4521 	4546 	4518
f 4445 	4454 	4527
f 4526 	4522 	5940
f 4522 	4530 	4525
f 4527 	4523 	4445
f 4519 	4603 	4521
f 4522 	4526 	4530
f 4527 	4532 	4523
f 4533 	4129 	4234
f 4529 	3383 	4524
f 4533 	4234 	4528
f 4518 	4546 	4534
f 4535 	4132 	4129
f 4529 	3391 	3383
f 4129 	4533 	4535
f 4536 	4504 	4502
f 4535 	4143 	4132
f 4548 	4532 	4527
f 4540 	4537 	4823
f 4534 	4536 	4502
f 4536 	4576 	4504
f 4540 	4525 	4541
f 4539 	3391 	4529
f 4530 	4541 	4525
f 4470 	4545 	4472
f 4527 	4454 	4544
f 4470 	4542 	4545
f 4454 	4420 	4544
f 4539 	3325 	3307
f 4528 	4543 	4547
f 4544 	4548 	4527
f 4539 	3307 	3391
f 4537 	4549 	4827
f 4534 	4580 	4536
f 4537 	4568 	4549
f 4528 	4547 	4533
f 4537 	4554 	4568
f 4533 	4551 	4535
f 4827 	4549 	4520
f 4533 	4547 	4551
f 4549 	4272 	4520
f 4269 	4520 	4272
f 4535 	4366 	4143
f 4540 	4541 	4554
f 4553 	4483 	4434
f 4535 	4551 	4366
f 4671 	4550 	4552
f 4434 	4531 	4553
f 4553 	4556 	4483
f 4526 	4555 	4530
f 4530 	4555 	4559
f 4364 	4376 	4558
f 4553 	4597 	4556
f 4376 	4398 	4560
f 4544 	4566 	4548
f 4555 	4595 	4559
f 4560 	4558 	4376
f 4483 	4556 	4485
f 4530 	4559 	4541
f 4485 	4556 	4561
f 4627 	4131 	4626
f 4562 	4544 	4420
f 4486 	4564 	4398
f 4486 	4567 	4564
f 4435 	4562 	4420
f 4398 	4564 	4560
f 4562 	4566 	4544
f 4537 	4540 	4554
f 4547 	4405 	4551
f 4550 	4563 	4569
f 4563 	4586 	4569
f 4549 	4275 	4272
f 4494 	4572 	4567
f 4275 	4549 	4568
f 4504 	4572 	4494
f 4550 	4569 	4552
f 4574 	4557 	4552
f 4504 	4576 	4572
f 4256 	4562 	4435
f 4569 	4574 	4552
f 4574 	4529 	4557
f 4578 	4211 	4573
f 4575 	4555 	4526
f 4591 	4575 	5954
f 4591 	4593 	4575
f 4580 	4534 	4546
f 4557 	4529 	4524
f 4581 	4217 	4212
f 4536 	4580 	4583
f 4541 	4585 	4554
f 4532 	4582 	4579
f 4578 	4581 	4212
f 4541 	4559 	4585
f 4548 	4582 	4532
f 4536 	4583 	4576
f 4554 	4585 	4587
f 4588 	4574 	4569
f 4586 	4588 	4569
f 4565 	4589 	4571
f 3815 	4599 	4519
f 4539 	4529 	4574
f 4554 	4587 	4568
f 4599 	4603 	4519
f 4584 	4589 	4565
f 4588 	4539 	4574
f 4573 	4616 	4578
f 4571 	4589 	4590
f 4587 	4281 	4568
f 4607 	4546 	4521
f 4596 	4582 	4548
f 4578 	4620 	4581
f 4603 	4607 	4521
f 4485 	4561 	4468
f 4488 	4493 	4586
f 4231 	4581 	4592
f 4409 	4571 	4590
f 4588 	4586 	4493
f 4555 	4575 	4593
f 4531 	4705 	4594
f 4610 	4580 	4546
f 4409 	4590 	4188
f 4539 	4588 	3325
f 4566 	4596 	4548
f 4493 	3325 	4588
f 4595 	4555 	4593
f 4680 	4583 	4580
f 4199 	4188 	4590
f 4594 	4553 	4531
f 4528 	4231 	4592
f 3815 	3999 	4599
f 4595 	4598 	4585
f 4595 	4585 	4559
f 4409 	4188 	4417
f 4597 	4553 	4594
f 4435 	4255 	4256
f 4585 	4598 	4587
f 4188 	4191 	4417
f 4556 	4601 	4561
f 4566 	4562 	4604
f 4602 	4587 	4598
f 4599 	4617 	4603
f 3708 	4698 	4600
f 4556 	4597 	4601
f 4587 	4602 	4293
f 4561 	4601 	4606
f 4577 	4637 	4584
f 4604 	4562 	4256
f 4604 	4609 	4566
f 4605 	4600 	4630
f 4598 	4368 	4602
f 4637 	4193 	4584
f 4607 	4610 	4546
f 3712 	4600 	4605
f 4566 	4609 	4596
f 4561 	4606 	4542
f 4570 	4608 	4611
f 4130 	4293 	4127
f 4542 	4612 	4545
f 4584 	4193 	4589
f 4608 	4642 	4611
f 4256 	4285 	4604
f 4542 	4606 	4612
f 4587 	4293 	4281
f 4580 	4610 	4680
f 4589 	4196 	4590
f 4570 	4611 	4573
f 4604 	4290 	4609
f 4615 	4599 	3999
f 4196 	4589 	4193
f 4285 	4290 	4604
f 3999 	4092 	4615
f 4593 	4591 	4359
f 4614 	4359 	4591
f 4593 	4359 	4595
f 4196 	4199 	4590
f 3722 	4605 	4613
f 2444 	4481 	4618
f 4616 	4573 	4611
f 4360 	4595 	4359
f 4620 	4578 	4616
f 4615 	4617 	4599
f 3722 	4613 	3728
f 4619 	3728 	4613
f 4618 	2574 	2444
f 4595 	4360 	4363
f 4617 	4622 	4603
f 4597 	4631 	4601
f 4618 	4624 	2574
f 4595 	4363 	4598
f 3730 	3728 	4623
f 4619 	4623 	3728
f 4620 	4592 	4581
f 4603 	4622 	4607
f 4598 	4363 	4368
f 4624 	4625 	2646
f 4607 	4628 	4610
f 4601 	4634 	4606
f 3730 	4623 	3371
f 4625 	4629 	2650
f 4602 	4368 	4127
f 4524 	3371 	4623
f 4622 	4628 	4607
f 4627 	4656 	4621
f 4614 	4404 	4359
f 4618 	4523 	4624
f 4666 	4626 	4633
f 4445 	4523 	4618
f 4615 	4092 	4644
f 4601 	4631 	4634
f 4620 	4538 	4592
f 4624 	4635 	4625
f 4630 	4632 	4605
f 4666 	4633 	4577
f 4592 	4543 	4528
f 4615 	4647 	4617
f 4523 	4635 	4624
f 4635 	4638 	4625
f 4543 	4592 	4538
f 4632 	4613 	4605
f 4617 	4649 	4622
f 4637 	4577 	4633
f 4523 	4532 	4635
f 4647 	4649 	4617
f 4649 	4653 	4622
f 4625 	4638 	4629
f 4622 	4653 	4628
f 4092 	4101 	4644
f 4579 	4635 	4532
f 4101 	4120 	4644
f 4613 	4632 	4641
f 4645 	4513 	4510
f 4635 	4579 	4638
f 4644 	4647 	4615
f 4613 	4641 	4619
f 4646 	4619 	4641
f 4137 	4633 	4626
f 4644 	4655 	4647
f 4513 	4645 	4648
f 4646 	4623 	4619
f 4128 	4627 	4621
f 4646 	4651 	4623
f 4621 	4126 	4128
f 4648 	4517 	4513
f 4665 	4651 	4646
f 4650 	4652 	4636
f 4517 	4648 	4654
f 4665 	4673 	4651
f 4626 	4131 	4137
f 4654 	4427 	4517
f 4637 	4633 	4136
f 4673 	4557 	4651
f 4693 	4700 	4650
f 4531 	4427 	4654
f 4193 	4637 	4149
f 4623 	4651 	4524
f 4650 	4700 	4652
f 4637 	4136 	4149
f 4557 	4524 	4651
f 4657 	4648 	4645
f 4120 	4655 	4644
f 4636 	4652 	4639
f 4647 	4660 	4649
f 4648 	4657 	4663
f 4639 	4661 	4643
f 4655 	4660 	4647
f 4660 	4664 	4649
f 4648 	4663 	4654
f 4641 	4659 	4646
f 4665 	4646 	4659
f 4661 	4639 	4652
f 4661 	4667 	4668
f 4649 	4664 	4653
f 4663 	4657 	4710
f 4659 	4658 	4665
f 4669 	4665 	4658
f 4669 	4671 	4673
f 4690 	4655 	4120
f 4661 	4668 	4643
f 4506 	4674 	4507
f 4671 	4552 	4673
f 4642 	4608 	4640
f 4506 	4672 	4674
f 4669 	4673 	4665
f 4507 	4676 	4510
f 4611 	4677 	4616
f 4670 	4126 	4621
f 4507 	4674 	4676
f 4660 	4692 	4694
f 4803 	4621 	4656
f 4645 	4510 	4676
f 4611 	4642 	4677
f 4679 	4616 	4677
f 4672 	4678 	4674
f 4662 	4627 	4626
f 4673 	4552 	4557
f 4616 	4679 	4620
f 4674 	4678 	4681
f 4656 	4627 	4662
f 4679 	4538 	4620
f 4666 	4662 	4626
f 4628 	4683 	4610
f 4610 	4683 	4680
f 4675 	4667 	4661
f 4674 	4681 	4676
f 4676 	4681 	4686
f 4628 	4685 	4683
f 4653 	4685 	4628
f 4733 	4667 	4675
f 4664 	4688 	4653
f 4676 	4686 	4645
f 4645 	4686 	4657
f 4653 	4688 	4685
f 4682 	4687 	4689
f 4643 	4668 	5194
f 4682 	4689 	4684
f 4684 	4632 	4630
f 4684 	4689 	4632
f 4660 	4655 	4692
f 4956 	4691 	4693
f 4690 	4692 	4655
f 4687 	4659 	4689
f 4687 	4658 	4659
f 4689 	4659 	4641
f 4692 	4702 	4694
f 4689 	4641 	4632
f 4664 	4660 	4694
f 4678 	4696 	4681
f 4697 	4686 	4681
f 4696 	4697 	4681
f 4652 	4675 	4661
f 4686 	4697 	4744
f 4695 	4698 	3763
f 4652 	4700 	4675
f 4699 	4690 	4189
f 4189 	4205 	4699
f 4699 	4701 	4690
f 4695 	3763 	3752
f 4692 	4690 	4701
f 4696 	4746 	4747
f 4702 	4692 	4701
f 4667 	4704 	4668
f 4702 	4781 	4694
f 4696 	4747 	4697
f 4722 	4675 	4700
f 4765 	4702 	4701
f 4705 	4531 	4654
f 4654 	4663 	4705
f 4733 	4675 	4722
f 4677 	4642 	4734
f 4710 	4712 	4663
f 4703 	4708 	4706
f 4679 	4716 	4538
f 4538 	4720 	4543
f 4703 	4707 	4708
f 4700 	4693 	4719
f 4538 	4716 	4720
f 4706 	4708 	4695
f 4452 	4547 	4543
f 4695 	4708 	4698
f 4709 	4711 	4691
f 4710 	4717 	4712
f 4706 	4695 	3784
f 4695 	3752 	3784
f 4712 	4705 	4663
f 4715 	4594 	4705
f 4705 	4712 	4715
f 4716 	4679 	4713
f 4711 	4693 	4691
f 4770 	4717 	4710
f 4693 	4711 	4719
f 4707 	4718 	4721
f 4684 	4718 	4714
f 4452 	4543 	4720
f 4700 	4719 	4722
f 4718 	4630 	4721
f 4715 	4723 	4594
f 4452 	4405 	4547
f 4715 	4727 	4723
f 4724 	4711 	4709
f 4594 	4723 	4597
f 4721 	4708 	4707
f 4723 	4631 	4597
f 4708 	4721 	4698
f 4712 	4726 	4715
f 4711 	4725 	4719
f 4717 	4726 	4712
f 4711 	4724 	4725
f 4713 	4728 	4716
f 4725 	4761 	4719
f 4715 	4726 	4727
f 4716 	4728 	4720
f 4455 	4720 	4728
f 4727 	4729 	4723
f 4720 	4457 	4452
f 4720 	4455 	4457
f 4727 	4735 	4729
f 4723 	4729 	4631
f 4714 	4682 	4684
f 4719 	4761 	4722
f 4634 	4631 	4730
f 4718 	4684 	4630
f 4729 	4730 	4631
f 4600 	4698 	4721
f 4730 	7632 	4634
f 4642 	4640 	4732
f 4721 	4630 	4600
f 4732 	4640 	4731
f 4734 	4642 	4732
f 5038 	4669 	4658
f 5043 	5047 	4669
f 4808 	4727 	4726
f 4713 	4679 	4677
f 4677 	4734 	4713
f 4750 	4508 	4498
f 4667 	4737 	4704
f 4737 	4667 	4733
f 4735 	7638 	4729
f 4737 	4739 	4704
f 4731 	4813 	4819
f 4515 	4508 	4738
f 4731 	4819 	4732
f 4722 	4740 	4733
f 7638 	4730 	4729
f 4050 	4053 	4736
f 4778 	4734 	4732
f 4736 	4053 	4738
f 4734 	4782 	4713
f 4740 	4741 	4733
f 4053 	1997 	4738
f 4742 	4455 	4728
f 4742 	4490 	4455
f 4733 	4741 	4737
f 4737 	3967 	4739
f 4686 	4744 	4657
f 4741 	3967 	4737
f 4710 	4657 	4744
f 4753 	4490 	4742
f 4743 	4750 	4745
f 4326 	3403 	4741
f 4751 	4699 	4205
f 4748 	4750 	4743
f 4750 	4498 	4745
f 4205 	4225 	4751
f 4751 	4754 	4699
f 4753 	4742 	4752
f 4490 	4753 	4756
f 4760 	4769 	4751
f 4762 	4753 	4752
f 4745 	4498 	4488
f 4754 	4701 	4699
f 4751 	4769 	4754
f 4757 	4758 	4748
f 4724 	4709 	4755
f 4772 	4736 	4757
f 4225 	4236 	4760
f 4740 	4722 	4761
f 4749 	4759 	4752
f 4752 	4759 	4762
f 4748 	4758 	4750
f 4758 	4508 	4750
f 4761 	4725 	4307
f 4753 	4764 	4756
f 4754 	4765 	4701
f 4753 	4762 	4764
f 4756 	4767 	4512
f 4756 	4764 	4767
f 4768 	4697 	4747
f 4765 	4784 	4702
f 3967 	4064 	4739
f 4747 	4774 	4768
f 4771 	4765 	4754
f 5688 	4766 	4565
f 4768 	4744 	4697
f 3967 	4741 	3403
f 4702 	4784 	4781
f 4744 	4768 	4770
f 4763 	4792 	4666
f 4766 	4763 	4577
f 4755 	4301 	4724
f 4769 	4771 	4754
f 4762 	5445 	4764
f 4758 	4738 	4508
f 4763 	4666 	4577
f 4769 	4901 	4771
f 4755 	4269 	4301
f 4766 	4577 	4584
f 4766 	4584 	4565
f 4303 	4724 	4301
f 4744 	4770 	4710
f 4905 	4907 	4771
f 5116 	4351 	4767
f 4779 	4772 	4757
f 4758 	4757 	4736
f 4724 	4303 	4725
f 4747 	4746 	5174
f 4773 	4759 	4749
f 5171 	5174 	4746
f 4307 	4725 	4303
f 4760 	4901 	4769
f 4307 	4312 	4761
f 4736 	4738 	4758
f 4747 	5174 	4774
f 4773 	5459 	5465
f 4905 	4771 	4901
f 4761 	4312 	4740
f 4768 	4775 	4770
f 4773 	5465 	4759
f 4772 	4050 	4736
f 4694 	4776 	4664
f 4740 	4326 	4741
f 4047 	4050 	4772
f 4694 	4781 	4776
f 4774 	4775 	4768
f 4664 	4776 	4688
f 4770 	4775 	4795
f 4312 	4326 	4740
f 4782 	4734 	4778
f 4728 	4713 	4782
f 4780 	4772 	4779
f 4777 	4803 	4783
f 4777 	4798 	4803
f 4795 	4717 	4770
f 4771 	4786 	4765
f 4771 	4907 	4786
f 4778 	4785 	4787
f 4765 	4786 	4784
f 4778 	4787 	4782
f 4047 	4772 	4780
f 4791 	4728 	4782
f 3429 	4796 	3431
f 4788 	4797 	4790
f 4782 	4787 	4791
f 4868 	4563 	4550
f 4795 	4775 	4833
f 4788 	5981 	4797
f 4793 	4796 	3429
f 4742 	4728 	4791
f 4798 	4777 	5515
f 4806 	4809 	4796
f 4801 	4794 	4800
f 4790 	4800 	4794
f 4791 	4752 	4742
f 4795 	4802 	4717
f 4868 	4880 	4563
f 4790 	4797 	4800
f 4814 	3435 	4799
f 4656 	4789 	4783
f 4802 	4726 	4717
f 4793 	2275 	4805
f 4880 	4804 	4563
f 4793 	4806 	4796
f 4804 	4586 	4563
f 4805 	4806 	4793
f 4802 	4808 	4726
f 4823 	4801 	4800
f 4804 	4893 	4745
f 4656 	4783 	4803
f 4799 	4796 	4809
f 4789 	4656 	4662
f 4804 	4488 	4586
f 4789 	4662 	4792
f 2340 	4805 	2278
f 4745 	4488 	4804
f 4808 	4735 	4727
f 4792 	4662 	4666
f 4791 	4749 	4752
f 4774 	4815 	4775
f 4798 	4670 	4803
f 4748 	4743 	4811
f 4803 	4670 	4621
f 4812 	4817 	4797
f 4817 	4800 	4797
f 4809 	4821 	4799
f 4814 	4799 	4821
f 4732 	4819 	4778
f 4816 	4814 	4822
f 4800 	4817 	4823
f 4821 	4822 	4814
f 4822 	4824 	4816
f 4785 	4778 	4819
f 4820 	4748 	4811
f 4817 	4540 	4823
f 4817 	4525 	4540
f 4816 	4824 	4818
f 4820 	4757 	4748
f 4801 	4827 	4807
f 4801 	4823 	4827
f 4807 	4827 	4520
f 4774 	5193 	4815
f 4827 	4823 	4537
f 4819 	4813 	4832
f 4813 	4829 	4832
f 4775 	4815 	4833
f 5371 	5372 	4830
f 4819 	4832 	4785
f 4807 	4520 	4810
f 4835 	5376 	4830
f 4810 	4520 	4269
f 4831 	4811 	4926
f 4802 	4795 	4834
f 4833 	4834 	4795
f 4834 	4837 	4802
f 5377 	5376 	4835
f 4812 	4522 	4525
f 4828 	4838 	4831
f 4806 	5050 	4809
f 4812 	4525 	4817
f 6954 	2103 	6934
f 4822 	4821 	5080
f 4836 	4838 	4828
f 5080 	4824 	4822
f 4802 	4837 	4808
f 4838 	4820 	4831
f 4835 	4839 	5380
f 4826 	4886 	4829
f 2340 	5049 	4805
f 4837 	7708 	4808
f 4805 	5050 	4806
f 4826 	4882 	4886
f 4779 	4820 	4838
f 5051 	4809 	5050
f 4831 	4820 	4811
f 4821 	5079 	5080
f 3473 	4818 	4844
f 4808 	7708 	4735
f 4844 	4069 	3473
f 4854 	4785 	4832
f 4069 	4849 	4071
f 4845 	4838 	4836
f 4843 	4845 	4836
f 4844 	4849 	4069
f 4846 	4787 	4785
f 4952 	4955 	4840
f 4818 	4824 	4844
f 4847 	4844 	4824
f 4785 	4854 	4846
f 4855 	4849 	4847
f 4845 	4779 	4838
f 4749 	4787 	4846
f 4779 	4757 	4820
f 4815 	5278 	4833
f 4848 	4843 	4931
f 5282 	4855 	4847
f 4071 	4849 	4851
f 4749 	4791 	4787
f 4844 	4847 	4849
f 4855 	4856 	4849
f 4848 	4852 	4843
f 4071 	4851 	4166
f 4773 	4749 	4846
f 4842 	4840 	4955
f 4851 	4853 	4166
f 4837 	4834 	7792
f 4843 	4852 	4845
f 4845 	4780 	4779
f 4851 	4849 	4856
f 4853 	4851 	4857
f 4856 	4857 	4851
f 4852 	4780 	4845
f 4857 	4883 	4853
f 4835 	5380 	5377
f 4858 	4267 	4297
f 4848 	4142 	4852
f 4861 	4267 	4858
f 4142 	4150 	4852
f 4852 	4150 	4780
f 5366 	5386 	4825
f 4839 	4825 	5386
f 4854 	4860 	4863
f 4228 	4853 	4862
f 4270 	4867 	4274
f 4232 	4228 	4866
f 4846 	4854 	4863
f 4866 	4869 	4232
f 5047 	4868 	4550
f 4846 	4863 	4773
f 4274 	4867 	4304
f 4871 	4236 	4233
f 4274 	4304 	4116
f 4550 	4671 	5047
f 4865 	4874 	4870
f 4869 	4871 	4233
f 4859 	5572 	4860
f 4872 	4876 	4877
f 4872 	4877 	4874
f 4872 	4874 	4865
f 4873 	4879 	4858
f 4876 	4872 	5390
f 4878 	5390 	4872
f 4864 	4875 	4880
f 4873 	4897 	4900
f 4883 	4862 	4853
f 4873 	4900 	4879
f 4858 	4879 	4861
f 4883 	4884 	4866
f 4883 	4866 	4862
f 4861 	4885 	4867
f 4864 	4880 	4868
f 4861 	4879 	4885
f 4866 	4884 	4869
f 4887 	4869 	4884
f 4867 	4889 	4304
f 4869 	4887 	4871
f 4888 	4871 	4887
f 4867 	4885 	4889
f 4875 	4921 	4890
f 4321 	4304 	4889
f 4871 	4888 	4911
f 4891 	4829 	4886
f 4891 	4832 	4829
f 4875 	4890 	4893
f 4854 	4832 	4891
f 4892 	5411 	5409
f 4892 	5409 	4881
f 4882 	4895 	4886
f 4882 	4894 	4895
f 4830 	5372 	4892
f 4875 	4893 	4880
f 4855 	5282 	4856
f 5283 	4856 	5282
f 4886 	4859 	4891
f 4892 	5372 	5411
f 4893 	4804 	4880
f 4908 	4889 	4885
f 5284 	4857 	5283
f 4886 	4895 	4859
f 4889 	4908 	4349
f 4891 	4860 	4854
f 4889 	4349 	4321
f 4859 	4860 	4891
f 4887 	5308 	4888
f 4871 	4899 	4236
f 4811 	4743 	4890
f 4899 	4760 	4236
f 4890 	4743 	4893
f 4899 	4901 	4760
f 4911 	4901 	4899
f 4743 	4745 	4893
f 4902 	4885 	4879
f 3354 	4954 	4906
f 4879 	4900 	4902
f 4885 	4902 	4908
f 4898 	5032 	5033
f 4920 	4902 	4900
f 4984 	5032 	4904
f 4909 	3379 	4906
f 4865 	4985 	4904
f 4911 	4899 	4871
f 4901 	4911 	4913
f 4913 	4916 	4905
f 4913 	4905 	4901
f 4897 	4917 	4900
f 4905 	4916 	4907
f 38 	4907 	4916
f 4924 	4927 	3354
f 4897 	4912 	4917
f 4900 	4917 	4920
f 4903 	4915 	4921
f 1335 	1334 	5095
f 5095 	5044 	1335
f 4903 	4921 	4910
f 4902 	4922 	4908
f 4910 	4875 	4864
f 4902 	4920 	4922
f 4910 	4921 	4875
f 4856 	5283 	4857
f 5284 	5304 	4857
f 4922 	4506 	4908
f 4883 	5304 	4884
f 5306 	5307 	4884
f 4923 	4915 	4994
f 4887 	5307 	5308
f 4915 	4926 	4921
f 4915 	4923 	4926
f 5075 	4917 	4912
f 4913 	5456 	4916
f 4890 	4921 	4926
f 4927 	4934 	3354
f 4954 	3354 	4934
f 5049 	5050 	4805
f 5079 	4821 	4809
f 4923 	4828 	4831
f 4824 	5080 	5083
f 4923 	4831 	4926
f 4922 	4672 	4506
f 4847 	4824 	5221
f 11313 	11318 	4925
f 4811 	4890 	4926
f 4858 	4297 	4929
f 4847 	5221 	5282
f 4929 	4930 	4873
f 5306 	4884 	5304
f 4850 	4650 	4636
f 4913 	4911 	5455
f 5455 	5456 	4913
f 42 	38 	5456
f 38 	4916 	5456
f 4848 	4931 	4933
f 5011 	4939 	4945
f 4932 	4958 	4413
f 4933 	4932 	4418
f 4413 	4418 	4932
f 4418 	4244 	4933
f 4918 	4934 	4927
f 4933 	4244 	4848
f 4944 	4945 	4906
f 871 	4941 	4942
f 4941 	465 	2307
f 4945 	4949 	4906
f 4949 	4957 	4906
f 4364 	4942 	4941
f 4941 	2307 	4364
f 4938 	4947 	4940
f 4938 	4946 	4947
f 4918 	5011 	4944
f 4940 	4947 	4836
f 4364 	4558 	4942
f 4946 	4931 	4947
f 4957 	4961 	4906
f 4836 	4947 	4843
f 4940 	4836 	4828
f 4949 	4945 	4939
f 4950 	4952 	4841
f 4948 	4970 	4950
f 4943 	4951 	4953
f 4874 	4877 	3114
f 2970 	3114 	4877
f 4951 	4932 	4953
f 4841 	4952 	4840
f 4944 	4906 	4954
f 4943 	4953 	4946
f 4985 	4865 	4870
f 4962 	4959 	861
f 4954 	4934 	4918
f 4944 	4954 	4918
f 4953 	4931 	4946
f 5110 	5151 	4898
f 4896 	4898 	5151
f 4931 	4843 	4947
f 4842 	4955 	4956
f 4898 	5033 	5110
f 4933 	4931 	4953
f 5151 	5152 	4896
f 4949 	4939 	4957
f 4842 	4956 	4850
f 4904 	4985 	4984
f 4967 	4979 	892
f 4956 	4650 	4850
f 4932 	4951 	4958
f 4914 	4919 	4987
f 4932 	4933 	4953
f 4936 	4960 	4937
f 892 	861 	4959
f 861 	871 	4964
f 1334 	7315 	5095
f 861 	4964 	4962
f 4960 	4936 	4790
f 4961 	4957 	5066
f 4942 	4963 	871
f 4407 	4413 	4958
f 4936 	4788 	4790
f 4960 	4935 	4937
f 884 	892 	4981
f 4925 	4928 	5046
f 4965 	4948 	4935
f 4959 	4967 	892
f 4969 	3814 	4968
f 4960 	4965 	4935
f 4959 	4962 	4558
f 4964 	4558 	4962
f 4969 	3813 	3814
f 4970 	4948 	4965
f 4558 	4964 	4963
f 4952 	4973 	4955
f 4963 	4942 	4558
f 4974 	4973 	4952
f 4966 	4972 	4951
f 4975 	3813 	4969
f 5076 	4976 	4341
f 4972 	4958 	4951
f 2970 	4877 	4876
f 4558 	4967 	4959
f 4973 	4974 	4988
f 4966 	4951 	4943
f 4341 	4976 	3628
f 4979 	4981 	892
f 4952 	4950 	4974
f 4970 	4974 	4950
f 4971 	4978 	4982
f 4981 	4977 	884
f 4693 	4650 	4956
f 3716 	4980 	3729
f 4955 	4973 	4691
f 4971 	4982 	4972
f 3716 	4975 	4980
f 3628 	4983 	3629
f 4898 	4904 	5032
f 4982 	4958 	4972
f 4983 	3628 	4976
f 4981 	4979 	4560
f 4560 	4977 	4981
f 4955 	4691 	4956
f 4978 	4451 	4982
f 5003 	5004 	3472
f 4967 	4558 	4560
f 4924 	3354 	5017
f 4448 	4451 	4978
f 4979 	4967 	4560
f 4451 	4407 	4982
f 4914 	4987 	4986
f 4709 	4691 	4973
f 4982 	4407 	4958
f 4919 	4925 	4990
f 3629 	4983 	4992
f 4929 	4873 	4858
f 4990 	4987 	4919
f 4930 	4897 	4873
f 4903 	4989 	4915
f 4930 	4991 	4897
f 4991 	4993 	4912
f 4969 	4995 	4975
f 4925 	5046 	4990
f 4912 	4993 	5000
f 4991 	4912 	4897
f 4960 	4790 	4794
f 4960 	4794 	4965
f 5027 	5006 	917
f 917 	901 	5027
f 3629 	4992 	3550
f 4965 	4794 	4970
f 4996 	4970 	4794
f 4801 	4996 	4794
f 4915 	4989 	4994
f 4993 	4998 	5000
f 1225 	911 	4997
f 4999 	4988 	4974
f 3600 	5003 	3472
f 4923 	4994 	5001
f 5004 	5005 	3354
f 5010 	914 	5015
f 917 	5015 	914
f 4970 	4999 	4974
f 5012 	5013 	911
f 4997 	911 	5013
f 4970 	4996 	4999
f 4985 	4870 	3270
f 4984 	4985 	3270
f 4988 	4709 	4973
f 5002 	4938 	4940
f 4996 	4801 	4807
f 5021 	5027 	901
f 5002 	4940 	5001
f 4992 	5004 	3550
f 3114 	3270 	4870
f 5001 	4828 	4923
f 5015 	917 	5006
f 4999 	4996 	4807
f 5004 	5003 	3550
f 5001 	4940 	4828
f 3600 	3550 	5003
f 4999 	4807 	4810
f 5008 	6388 	4997
f 5004 	4992 	5005
f 4997 	5013 	5008
f 4995 	5025 	5040
f 914 	5010 	5012
f 4999 	4810 	4988
f 4995 	5026 	5025
f 5076 	5011 	4976
f 4976 	5011 	4918
f 4810 	4755 	4988
f 4995 	5028 	5026
f 4810 	4269 	4755
f 5000 	4998 	5087
f 4945 	4944 	5011
f 5009 	5019 	5014
f 4995 	4968 	5028
f 4755 	4709 	4988
f 4918 	4983 	4976
f 4995 	4969 	4968
f 3354 	5029 	5017
f 5000 	5087 	5091
f 4980 	4975 	4995
f 5016 	5031 	5023
f 5016 	5042 	5031
f 5013 	6389 	5008
f 5017 	4983 	4924
f 5010 	6389 	5012
f 5006 	6389 	5010
f 5013 	5012 	6389
f 4995 	3112 	4980
f 5014 	5019 	4707
f 5010 	5015 	5006
f 4928 	5022 	5046
f 4983 	5017 	4992
f 4707 	5019 	4718
f 901 	884 	5024
f 4928 	4896 	5022
f 5014 	4707 	4703
f 4998 	5232 	5087
f 5024 	5021 	901
f 5136 	4714 	5019
f 4918 	4927 	4983
f 4924 	4983 	4927
f 3862 	5028 	3809
f 5005 	5029 	3354
f 4992 	5029 	5005
f 4714 	5136 	5146
f 5022 	4896 	5152
f 5028 	3862 	5026
f 4992 	5017 	5029
f 4718 	5019 	4714
f 5024 	4977 	6466
f 5028 	4968 	3809
f 5042 	5016 	5018
f 5030 	4920 	4917
f 4560 	6466 	4977
f 5021 	5024 	6466
f 4920 	5030 	5034
f 4682 	4714 	5146
f 5021 	6466 	5027
f 5027 	6466 	5006
f 4961 	5035 	4906
f 5035 	5039 	4906
f 4687 	4682 	5056
f 5056 	5063 	4687
f 5039 	5035 	5262
f 5041 	5043 	5038
f 5041 	5038 	5037
f 5018 	5044 	5042
f 5043 	4669 	5038
f 5041 	5045 	5047
f 5041 	5047 	5043
f 4671 	4669 	5047
f 5045 	4864 	5047
f 4868 	5047 	4864
f 5052 	5049 	2347
f 2340 	2347 	5049
f 5052 	5053 	5049
f 4920 	5034 	4922
f 5099 	5042 	5044
f 5052 	5065 	5053
f 5034 	4672 	4922
f 5049 	5053 	5050
f 5053 	5057 	5051
f 5053 	5051 	5050
f 5085 	5079 	5057
f 2347 	2353 	5058
f 5023 	5031 	5060
f 5030 	5075 	5062
f 5058 	5052 	2347
f 5056 	5054 	5063
f 5059 	5063 	5054
f 5058 	5065 	5052
f 5034 	5030 	5064
f 5048 	5066 	4939
f 5030 	5062 	5064
f 5048 	5061 	5066
f 5034 	5064 	5067
f 5059 	5038 	5063
f 4939 	5066 	4957
f 5059 	5037 	5038
f 4056 	5069 	5040
f 5053 	5068 	5057
f 5106 	5031 	5042
f 5064 	5104 	5067
f 5038 	4658 	5063
f 4687 	5063 	4658
f 5026 	3862 	5025
f 5065 	5068 	5053
f 5034 	5067 	4672
f 5068 	5070 	5057
f 5067 	4678 	4672
f 3859 	5025 	3861
f 5066 	5061 	5262
f 3859 	5040 	5025
f 5057 	5070 	5085
f 5023 	5060 	5020
f 5066 	5035 	4961
f 5062 	5100 	5064
f 5059 	5114 	5037
f 5066 	5262 	5035
f 5037 	5078 	5041
f 5084 	5041 	5078
f 5071 	5036 	5020
f 5104 	5064 	5100
f 5045 	5041 	5092
f 5084 	5092 	5041
f 5073 	4337 	4336
f 7357 	5954 	5947
f 5092 	4864 	5045
f 5058 	5103 	5065
f 5069 	4056 	4055
f 5060 	5071 	5020
f 4336 	5118 	5073
f 4912 	5000 	5075
f 4337 	5073 	5076
f 5036 	5071 	5077
f 5046 	5022 	5161
f 5051 	5079 	4809
f 5033 	5032 	3270
f 5082 	5084 	5078
f 5082 	5078 	5074
f 5030 	4917 	5075
f 5051 	5057 	5079
f 5085 	5088 	5080
f 5085 	5080 	5079
f 4995 	5040 	5069
f 5080 	5090 	5083
f 5069 	5072 	4995
f 5088 	5090 	5080
f 5081 	5077 	4850
f 5090 	5223 	5083
f 5075 	5000 	5091
f 4850 	4636 	5081
f 3270 	5032 	4984
f 5082 	5086 	5092
f 5088 	5085 	5093
f 5070 	5093 	5085
f 4636 	5089 	5081
f 5093 	5094 	5090
f 5093 	5090 	5088
f 5075 	5091 	5062
f 5086 	4910 	5092
f 5082 	5092 	5084
f 5127 	5007 	4986
f 5087 	5129 	5091
f 5072 	4055 	4042
f 5093 	5164 	5094
f 5353 	5352 	5007
f 5087 	5126 	5129
f 5096 	5072 	4042
f 4910 	5086 	4903
f 5058 	2353 	5098
f 5133 	5062 	5091
f 5217 	5127 	4987
f 5118 	5097 	5073
f 5095 	5099 	5044
f 4987 	4990 	5217
f 5092 	4910 	4864
f 5940 	5982 	7297
f 5095 	4937 	4935
f 2353 	2377 	5098
f 5073 	5097 	5102
f 5098 	5103 	5058
f 5048 	5102 	5097
f 5099 	5095 	4935
f 5073 	5102 	5076
f 5182 	5046 	5161
f 5107 	4678 	5067
f 5076 	5102 	5011
f 5042 	5099 	5106
f 5103 	5108 	5065
f 5121 	5161 	5022
f 5067 	5104 	5107
f 5103 	5125 	5108
f 4678 	5107 	4696
f 5071 	5060 	4840
f 4841 	4840 	5060
f 5065 	5108 	5068
f 5068 	5112 	5070
f 5071 	4840 	5077
f 4842 	5077 	4840
f 5108 	5112 	5068
f 5101 	5109 	5114
f 5100 	5113 	5104
f 5097 	5128 	5154
f 5060 	5031 	4841
f 5100 	5111 	5113
f 5104 	5113 	5115
f 5119 	5098 	2377
f 5031 	5106 	4841
f 5101 	5114 	5105
f 4842 	4850 	5077
f 5105 	5114 	5059
f 5102 	5048 	4939
f 5104 	5115 	5107
f 5107 	4746 	4696
f 4939 	5011 	5102
f 5105 	5059 	5054
f 5107 	5115 	4746
f 5103 	5122 	5125
f 5111 	5162 	5165
f 3270 	3300 	5033
f 4639 	5448 	5089
f 5109 	5078 	5114
f 5111 	5165 	5113
f 5109 	5074 	5078
f 4636 	4639 	5089
f 2377 	2388 	5119
f 5078 	5037 	5114
f 5115 	5113 	5169
f 5099 	4948 	5106
f 5098 	5122 	5103
f 5119 	5122 	5098
f 4948 	4950 	5106
f 5116 	5124 	5117
f 5099 	4935 	4948
f 5116 	5177 	5124
f 5117 	5124 	5128
f 4986 	4987 	5127
f 5136 	5009 	5120
f 5125 	5130 	5108
f 4950 	4841 	5106
f 5120 	5134 	5136
f 5117 	5128 	5118
f 5133 	5091 	5129
f 5131 	5199 	5132
f 5108 	5130 	5112
f 5118 	5128 	5097
f 5062 	5133 	5100
f 2388 	2400 	5135
f 5135 	5119 	2388
f 5136 	5019 	5009
f 5119 	5140 	5122
f 5135 	5140 	5119
f 5128 	5149 	5154
f 5126 	5139 	5142
f 5144 	5125 	5122
f 5134 	5146 	5136
f 5140 	5144 	5122
f 5134 	5141 	5146
f 5142 	5129 	5126
f 5144 	5148 	5125
f 5124 	5149 	5128
f 5129 	5142 	5133
f 5150 	5133 	5142
f 5133 	5111 	5100
f 5133 	5150 	5111
f 5125 	5148 	5130
f 5124 	5147 	5149
f 5022 	5152 	5123
f 5137 	5163 	5138
f 5982 	5981 	7294
f 5022 	5123 	5121
f 5138 	5167 	5145
f 5141 	5056 	5146
f 5163 	5167 	5138
f 5141 	5054 	5056
f 5146 	5056 	4682
f 5139 	5153 	5155
f 5153 	5212 	5155
f 3308 	5121 	5123
f 5153 	5211 	5212
f 5097 	5154 	5048
f 5139 	5155 	5142
f 5144 	5140 	5188
f 5155 	5150 	5142
f 3300 	3308 	5110
f 5162 	5111 	5150
f 5147 	5242 	5158
f 5151 	3308 	5152
f 5123 	5152 	3308
f 5158 	5149 	5147
f 5441 	5143 	5159
f 5070 	5160 	5093
f 5154 	5149 	5055
f 5112 	5160 	5070
f 5160 	5164 	5093
f 5158 	5055 	5149
f 5203 	5163 	5137
f 5154 	5055 	5061
f 5154 	5061 	5048
f 5130 	5168 	5112
f 5156 	5196 	5166
f 5130 	5175 	5168
f 5156 	5170 	5157
f 5112 	5168 	5160
f 5127 	5339 	5007
f 5158 	5255 	5055
f 5113 	5165 	5169
f 5156 	5166 	5170
f 5115 	5169 	5171
f 5170 	5134 	5157
f 5183 	5169 	5165
f 5169 	5186 	5171
f 5169 	5183 	5186
f 5116 	4767 	5172
f 5137 	5132 	5203
f 5199 	5203 	5132
f 5127 	5316 	5343
f 5171 	4746 	5115
f 5157 	5134 	5120
f 5116 	5172 	5177
f 5172 	5173 	5177
f 5175 	5130 	5148
f 5179 	5165 	5162
f 5145 	5167 	5180
f 5175 	5256 	5168
f 5166 	5176 	5181
f 5180 	5167 	5248
f 5178 	5046 	5182
f 5165 	5179 	5183
f 5143 	5145 	5180
f 5143 	5184 	5159
f 5589 	5175 	5148
f 5166 	5181 	5170
f 5184 	5143 	5180
f 5182 	5161 	2672
f 5170 	5181 	5141
f 5185 	5135 	2400
f 5096 	5208 	4995
f 5181 	5054 	5141
f 5191 	5174 	5171
f 5185 	5187 	5135
f 3308 	2672 	5161
f 5170 	5141 	5134
f 5178 	5182 	2672
f 5174 	5193 	4774
f 5187 	5140 	5135
f 5187 	5188 	5140
f 5096 	4995 	5072
f 5105 	5181 	5176
f 5179 	5265 	5183
f 5176 	5101 	5105
f 5105 	5054 	5181
f 5144 	5190 	5148
f 5188 	5190 	5144
f 3859 	4056 	5040
f 4055 	5072 	5069
f 5191 	5171 	5186
f 4639 	4643 	5448
f 5174 	5191 	5193
f 5217 	4990 	5293
f 2423 	5195 	5185
f 5178 	5270 	5046
f 4990 	5046 	5270
f 5197 	5187 	5185
f 5270 	5271 	4990
f 5195 	5197 	5185
f 5197 	5201 	5187
f 5194 	5199 	5131
f 5274 	5193 	5191
f 5203 	5228 	5163
f 5192 	5205 	5196
f 5178 	2672 	5270
f 5187 	5201 	5188
f 5184 	5206 	5159
f 5192 	5204 	5205
f 5196 	5205 	5166
f 5275 	5278 	4815
f 5161 	5121 	3308
f 5155 	5207 	5150
f 5188 	5526 	5190
f 5206 	5189 	5159
f 5207 	5162 	5150
f 5206 	5309 	5189
f 5210 	5205 	5204
f 2431 	2448 	5195
f 5205 	5176 	5166
f 8844 	8902 	5349
f 5205 	5210 	5176
f 5251 	5184 	5180
f 5155 	5212 	5215
f 5195 	5548 	5197
f 5210 	5214 	5101
f 5147 	5124 	5177
f 5155 	5215 	5207
f 5101 	5214 	5109
f 5286 	5316 	5217
f 5207 	5215 	5219
f 5273 	5213 	5216
f 5210 	5101 	5176
f 4995 	5213 	5202
f 5207 	5219 	5162
f 2448 	2472 	5561
f 4668 	5220 	5194
f 5083 	5221 	4824
f 5219 	5179 	5162
f 4668 	4704 	5220
f 5109 	5214 	5358
f 5221 	5083 	5223
f 5223 	5287 	5221
f 4995 	5208 	5216
f 5224 	5223 	5090
f 5173 	5225 	5177
f 5074 	5337 	5082
f 5341 	5082 	5337
f 5173 	5222 	5225
f 5224 	5090 	5094
f 5220 	5199 	5194
f 5224 	5226 	5223
f 5227 	5228 	5203
f 5177 	5225 	5147
f 5086 	5082 	5341
f 5341 	5344 	5086
f 5223 	5226 	5287
f 4995 	5216 	5213
f 5094 	5164 	5224
f 5218 	5230 	5222
f 5218 	5229 	5230
f 5222 	5230 	5237
f 5164 	5236 	5224
f 5238 	5226 	5224
f 5222 	5237 	5225
f 5236 	5238 	5224
f 5199 	5227 	5203
f 5225 	5242 	5147
f 5225 	5237 	5242
f 5232 	5240 	5126
f 5199 	5220 	5227
f 7285 	7288 	4936
f 5228 	5243 	5163
f 5232 	5126 	5087
f 5630 	5245 	5231
f 4995 	5200 	5234
f 5139 	5126 	5240
f 5228 	5269 	5277
f 5240 	5244 	5139
f 5228 	5277 	5243
f 5250 	5252 	5236
f 4995 	5234 	5241
f 5231 	5245 	4966
f 7290 	5981 	4788
f 5252 	5238 	5236
f 5198 	5200 	4995
f 5246 	5153 	5244
f 5245 	4972 	4966
f 4995 	5202 	5198
f 5230 	5364 	5237
f 5163 	5243 	5167
f 5160 	5168 	5247
f 5231 	4966 	5235
f 4995 	5241 	5233
f 5244 	5153 	5139
f 5235 	4943 	5239
f 5247 	5164 	5160
f 5167 	5243 	5248
f 5235 	4966 	4943
f 5164 	5250 	5236
f 5239 	4946 	4938
f 5211 	5246 	5249
f 5239 	4943 	4946
f 5180 	5248 	5251
f 5247 	5250 	5164
f 5242 	5350 	5158
f 5243 	3984 	5248
f 5246 	5211 	5153
f 4971 	4972 	5245
f 5243 	5277 	3984
f 5248 	3986 	5251
f 3984 	3986 	5248
f 5055 	5257 	5061
f 5168 	5256 	5247
f 5055 	5255 	5257
f 5247 	5260 	5250
f 3972 	4080 	5206
f 5256 	5260 	5247
f 5250 	5261 	5252
f 5254 	4994 	4989
f 5254 	5267 	4994
f 5303 	4909 	5302
f 5184 	3972 	5206
f 5262 	5061 	5257
f 5260 	5261 	5250
f 5261 	5263 	5252
f 5251 	3972 	5184
f 5302 	4909 	5280
f 5264 	5227 	5220
f 5344 	4989 	4903
f 5220 	4704 	5264
f 5183 	5268 	5186
f 5264 	5269 	5227
f 5183 	5265 	5268
f 5271 	5293 	4990
f 4739 	5264 	4704
f 5191 	5186 	5272
f 5272 	5186 	5268
f 5175 	5590 	5256
f 5255 	5299 	5257
f 5590 	5175 	5589
f 5274 	5191 	5272
f 5255 	5294 	5299
f 4039 	4131 	5273
f 5256 	5594 	5260
f 5193 	5275 	4815
f 5227 	5269 	5228
f 5262 	5257 	5302
f 5266 	5002 	5267
f 5193 	5274 	5275
f 5303 	5302 	5257
f 5266 	5276 	5002
f 3998 	5269 	5264
f 5267 	5001 	4994
f 5277 	5269 	4001
f 5257 	5299 	5303
f 2672 	5271 	5270
f 5267 	5002 	5001
f 5279 	4906 	5039
f 5253 	5198 	5258
f 5253 	5200 	5198
f 4938 	5002 	5276
f 5262 	5302 	5280
f 5239 	4938 	5276
f 5259 	5258 	5202
f 5198 	5202 	5258
f 5278 	7790 	4833
f 5262 	5280 	5279
f 5262 	5279 	5039
f 3986 	3972 	5251
f 5200 	5340 	5234
f 5278 	7825 	7790
f 5127 	5217 	5316
f 5221 	5287 	5282
f 5288 	5286 	5217
f 5287 	5289 	5283
f 5287 	5283 	5282
f 5283 	5289 	5284
f 5291 	5284 	5289
f 5273 	5259 	5213
f 5202 	5213 	5259
f 7894 	5272 	5268
f 5285 	5266 	5292
f 5288 	5217 	5293
f 4906 	5279 	4909
f 4739 	3998 	5264
f 5271 	2672 	2736
f 5287 	5295 	5289
f 3998 	4001 	5269
f 5286 	5288 	2736
f 4001 	4002 	5277
f 5226 	5295 	5287
f 5290 	5312 	5315
f 5208 	4034 	4039
f 5295 	5297 	5289
f 5290 	5315 	5294
f 4039 	5216 	5208
f 5289 	5297 	5291
f 5280 	4909 	5279
f 5297 	5328 	5291
f 5281 	5296 	5298
f 4739 	4064 	3998
f 4034 	5208 	5096
f 4034 	5096 	4042
f 5189 	5300 	5443
f 5296 	5310 	5314
f 5296 	5314 	5298
f 5303 	5305 	4909
f 5305 	5330 	4909
f 5189 	5309 	5300
f 5281 	5298 	5285
f 5293 	2736 	5288
f 5300 	5311 	5301
f 5309 	5311 	5300
f 4883 	4857 	5304
f 5216 	4039 	5273
f 5331 	4909 	5330
f 5293 	5271 	2736
f 4887 	4884 	5307
f 5266 	5285 	5298
f 5299 	5305 	5303
f 5292 	5266 	5267
f 5340 	5333 	5234
f 4080 	5309 	5206
f 5292 	5267 	5254
f 5324 	5318 	5233
f 5307 	5306 	5319
f 5319 	5320 	5307
f 5353 	5007 	5339
f 5333 	5241 	5234
f 5405 	5408 	5312
f 5291 	5313 	5284
f 4788 	7289 	7290
f 5324 	5233 	5241
f 5284 	5313 	5304
f 5309 	4096 	5311
f 5306 	5304 	5317
f 5313 	5317 	5304
f 5306 	5317 	5319
f 4096 	4102 	5311
f 5308 	5307 	5320
f 5276 	5266 	5298
f 5298 	5314 	5276
f 5294 	5322 	5299
f 2736 	5316 	5286
f 5320 	5458 	5308
f 5315 	5322 	5294
f 5313 	5291 	5328
f 5328 	5329 	5317
f 5328 	5317 	5313
f 5332 	5319 	5317
f 5310 	5235 	5314
f 5310 	5231 	5235
f 5331 	5330 	5322
f 5299 	5322 	5330
f 5314 	5235 	5239
f 5329 	5332 	5317
f 5332 	5335 	5319
f 5314 	5239 	5276
f 5319 	5335 	5320
f 5384 	5338 	5336
f 5384 	5336 	5370
f 5334 	5327 	5131
f 5338 	5341 	5337
f 5338 	5337 	5336
f 5330 	5305 	5299
f 5384 	5400 	5338
f 5342 	5344 	5341
f 5342 	5341 	5338
f 5339 	5127 	5343
f 5316 	2736 	2741
f 5329 	5399 	5332
f 5321 	5346 	5323
f 5200 	5253 	5340
f 5342 	5254 	4989
f 4911 	4888 	5308
f 5339 	5343 	2741
f 5241 	5333 	5324
f 5347 	5583 	5345
f 5322 	5587 	5592
f 5343 	5316 	2741
f 5342 	4989 	5344
f 5226 	5238 	5348
f 5592 	5331 	5322
f 5259 	4128 	5258
f 4126 	5258 	4128
f 4903 	5086 	5344
f 5347 	5346 	5321
f 5209 	5007 	5352
f 3520 	1762 	3505
f 5158 	5350 	5255
f 5275 	5274 	7820
f 5345 	5406 	5347
f 5351 	5214 	5453
f 5352 	5354 	5209
f 5273 	4128 	5259
f 5349 	5209 	5354
f 5358 	5214 	5351
f 5369 	5290 	5350
f 5351 	5356 	5358
f 5350 	5290 	5294
f 5214 	5210 	5453
f 5350 	5294 	5255
f 5348 	5295 	5226
f 5405 	5312 	5290
f 5297 	5295 	5357
f 5348 	5357 	5295
f 2747 	5349 	5354
f 5352 	5353 	2747
f 5362 	5357 	5348
f 5352 	2747 	5354
f 5211 	5417 	5212
f 5353 	5339 	2747
f 2741 	2747 	5339
f 5238 	5360 	5348
f 5358 	5356 	5337
f 5336 	5337 	5356
f 5421 	5215 	5212
f 5229 	5359 	5361
f 5358 	5337 	5074
f 5252 	5360 	5238
f 5358 	5074 	5109
f 5360 	5362 	5348
f 5421 	5368 	5215
f 5361 	5230 	5229
f 5233 	5318 	11063
f 5364 	5230 	5361
f 5367 	5366 	4825
f 5237 	5364 	5369
f 5215 	5368 	5219
f 5233 	11063 	4995
f 5252 	5263 	5360
f 5382 	5373 	5365
f 5263 	5374 	5360
f 5370 	5365 	5384
f 5373 	5384 	5365
f 5242 	5237 	5369
f 5368 	5375 	5219
f 5360 	5374 	5362
f 5369 	5350 	5242
f 5368 	5383 	5375
f 4830 	5376 	5371
f 5219 	5375 	5179
f 5379 	5380 	4839
f 5985 	5374 	5263
f 5375 	5265 	5179
f 4839 	5386 	5379
f 5365 	5363 	5382
f 5374 	5985 	5987
f 5422 	5359 	5575
f 5297 	5357 	5387
f 5359 	5425 	5361
f 5375 	5383 	5391
f 5359 	5422 	5425
f 5328 	5297 	5387
f 5392 	5393 	4881
f 4878 	4881 	5393
f 5361 	5425 	5402
f 5389 	4670 	4798
f 5387 	5394 	5328
f 5382 	5388 	5396
f 5364 	5361 	5402
f 5387 	5420 	5394
f 5375 	5391 	5265
f 5378 	5395 	5398
f 5388 	5285 	5396
f 5265 	5397 	5268
f 5394 	5329 	5328
f 5388 	5281 	5285
f 5394 	5399 	5329
f 5382 	5396 	5373
f 5265 	5391 	5397
f 5369 	5405 	5290
f 5373 	5400 	5384
f 5346 	5401 	5323
f 5396 	5400 	5373
f 5342 	5338 	5400
f 5378 	5398 	5381
f 5332 	5403 	5335
f 5381 	5398 	5404
f 5364 	5405 	5369
f 5399 	5403 	5332
f 5364 	5402 	5405
f 5396 	5285 	5292
f 5387 	5357 	5418
f 5396 	5292 	5400
f 5393 	5390 	4878
f 5400 	5254 	5342
f 5402 	5407 	5408
f 5409 	5392 	4881
f 5400 	5292 	5254
f 5387 	5418 	5420
f 5426 	5346 	5347
f 5325 	5412 	5326
f 5407 	5705 	5408
f 5334 	5412 	5325
f 5402 	5408 	5405
f 5414 	5326 	5412
f 5424 	5428 	5399
f 7283 	4937 	5095
f 5399 	5428 	5403
f 5249 	5415 	5211
f 5705 	5407 	5702
f 5418 	5357 	5362
f 5417 	5211 	5415
f 5421 	5212 	5417
f 5422 	5575 	5419
f 5393 	5392 	2970
f 5377 	5380 	2970
f 5394 	5424 	5399
f 5326 	5414 	5345
f 5419 	5431 	5422
f 5423 	5410 	5635
f 5414 	5406 	5345
f 5372 	5371 	2970
f 5420 	5424 	5394
f 5635 	5639 	5423
f 2970 	5371 	5376
f 5410 	5423 	5429
f 5406 	5426 	5347
f 5137 	5138 	5414
f 5430 	5417 	5415
f 5414 	5138 	5406
f 5377 	2970 	5376
f 5380 	5379 	2970
f 5410 	5429 	5413
f 5430 	5415 	5427
f 5432 	5416 	5413
f 5417 	5430 	5433
f 5414 	5412 	5137
f 2970 	5379 	5386
f 5430 	7938 	5433
f 5422 	5434 	5425
f 5430 	7936 	7938
f 5432 	5413 	5429
f 5362 	5435 	5418
f 5431 	5434 	5422
f 5416 	5432 	5356
f 5417 	5433 	5421
f 5425 	5434 	5407
f 5374 	5435 	5362
f 5421 	5433 	5436
f 5435 	5437 	5418
f 5370 	5336 	5432
f 5416 	5356 	5351
f 5426 	5406 	5145
f 5425 	5407 	5402
f 5323 	5401 	5355
f 5421 	5436 	5368
f 5418 	5437 	5420
f 5436 	5383 	5368
f 5401 	5438 	5355
f 4876 	5390 	2970
f 5424 	5420 	5439
f 5423 	5365 	5429
f 5393 	2970 	5390
f 5401 	5440 	5438
f 5423 	5363 	5365
f 5430 	5427 	7936
f 5431 	5736 	5741
f 5392 	5409 	2970
f 5437 	5439 	5420
f 5441 	5440 	5401
f 5429 	5365 	5370
f 5439 	5442 	5424
f 5431 	5741 	5434
f 5440 	5443 	5438
f 5429 	5370 	5432
f 5439 	5996 	5442
f 5441 	5159 	5440
f 5356 	5432 	5336
f 5409 	5411 	2970
f 5363 	5423 	5639
f 7315 	7283 	5095
f 5424 	5442 	5428
f 5639 	5642 	5363
f 5189 	5443 	5440
f 5442 	5499 	5428
f 5159 	5189 	5440
f 5642 	5382 	5363
f 4759 	5444 	4762
f 5346 	5441 	5401
f 5445 	4762 	5444
f 5428 	5499 	5491
f 5441 	5346 	5426
f 5411 	5372 	2970
f 5415 	5249 	5446
f 5447 	5192 	5560
f 4764 	5172 	4767
f 5987 	5435 	5374
f 4764 	5445 	5172
f 5427 	5415 	5446
f 1331 	1332 	5018
f 5448 	4643 	5450
f 5447 	5449 	5204
f 9507 	9510 	4243
f 5444 	5481 	5451
f 9510 	9515 	4286
f 5437 	5993 	5439
f 5447 	5204 	5192
f 9520 	4929 	4297
f 5444 	5451 	5445
f 5445 	5451 	5173
f 5450 	5131 	5327
f 5439 	5993 	5996
f 9735 	9742 	4930
f 5131 	5132 	5334
f 5449 	5452 	5453
f 5445 	5173 	5172
f 5132 	5412 	5334
f 5453 	5204 	5449
f 5454 	4911 	5308
f 5453 	5210 	5204
f 5232 	9785 	5240
f 5454 	5455 	4911
f 5244 	5240 	9794
f 5452 	5351 	5453
f 5244 	9794 	5246
f 5451 	5218 	5222
f 5451 	5222 	5173
f 5143 	5441 	5426
f 5308 	5458 	5454
f 5426 	5145 	5143
f 5455 	5454 	5460
f 5458 	5460 	5454
f 5459 	4773 	4863
f 5456 	5455 	5462
f 5460 	5462 	5455
f 5406 	5138 	5145
f 4286 	4243 	9510
f 5457 	5459 	4863
f 5464 	5458 	5320
f 4294 	9515 	4297
f 5320 	5335 	5464
f 5412 	5132 	5137
f 5458 	5466 	5460
f 5464 	5466 	5458
f 5462 	5460 	5467
f 5466 	5467 	5460
f 5459 	5474 	5465
f 4991 	9742 	4993
f 5463 	5449 	5447
f 5444 	4759 	5465
f 4643 	5194 	5450
f 5450 	5194 	5131
f 5464 	5487 	5466
f 5459 	5457 	5471
f 5466 	5510 	5467
f 5438 	5470 	5355
f 5461 	5469 	5473
f 5457 	5468 	5471
f 5474 	5459 	5471
f 5461 	5473 	5463
f 42 	5456 	5477
f 5462 	5477 	5456
f 5449 	5463 	5473
f 5462 	5480 	5477
f 5465 	5481 	5444
f 5467 	5480 	5462
f 5465 	5474 	5481
f 5492 	5479 	5478
f 5469 	5483 	5473
f 5335 	5485 	5464
f 5335 	5403 	5485
f 5486 	3782 	3179
f 5468 	8035 	5471
f 5469 	5482 	5483
f 5485 	5487 	5464
f 5381 	5404 	5385
f 2677 	3179 	3764
f 5488 	5489 	5472
f 5473 	5483 	5452
f 5385 	5404 	5490
f 5428 	5491 	5403
f 5534 	5474 	5471
f 5488 	5496 	5489
f 5472 	5489 	5476
f 5403 	5491 	5485
f 5485 	5493 	5487
f 5473 	5452 	5449
f 5491 	5493 	5485
f 5494 	5492 	5478
f 5494 	5478 	5476
f 5489 	5494 	5476
f 5493 	5495 	5487
f 5385 	5490 	5389
f 5486 	5484 	5475
f 5496 	5498 	5489
f 5482 	5413 	5483
f 5475 	5866 	5870
f 5389 	5497 	4670
f 5482 	5410 	5413
f 5501 	5500 	3149
f 5389 	5490 	5497
f 5483 	5413 	5416
f 5491 	5502 	5493
f 5501 	3149 	5503
f 5483 	5416 	5452
f 5533 	5504 	5503
f 5498 	5494 	5489
f 5497 	4126 	4670
f 5416 	5351 	5452
f 3764 	3179 	3782
f 5499 	5502 	5491
f 5498 	5492 	5494
f 5502 	5505 	5493
f 5475 	5500 	5508
f 5502 	6166 	5505
f 5496 	5301 	5498
f 5500 	5501 	5508
f 5395 	5318 	5324
f 5493 	5505 	5495
f 5501 	5503 	5508
f 5470 	5488 	5472
f 5504 	5508 	5503
f 5398 	5395 	5324
f 5470 	5438 	5488
f 5333 	5398 	5324
f 5438 	5443 	5488
f 5333 	5404 	5398
f 5443 	5496 	5488
f 3782 	5486 	5508
f 5475 	5508 	5486
f 5490 	5253 	5497
f 6165 	5502 	5499
f 6984 	5507 	3945
f 5300 	5496 	5443
f 5584 	5504 	5533
f 5497 	5253 	5258
f 5507 	3784 	3945
f 1329 	1331 	5745
f 5300 	5301 	5496
f 5504 	5584 	5508
f 6165 	6166 	5502
f 5404 	5340 	5490
f 5404 	5333 	5340
f 5490 	5340 	5253
f 5258 	4126 	5497
f 5506 	4703 	4706
f 5487 	5510 	5466
f 5507 	5506 	4706
f 5510 	5514 	5467
f 5487 	5495 	5510
f 5507 	4706 	3784
f 5514 	5480 	5467
f 5509 	5762 	5516
f 5510 	5518 	5514
f 5495 	5518 	5510
f 5763 	5762 	5509
f 5495 	5520 	5518
f 5516 	5527 	5509
f 5505 	5520 	5495
f 7008 	5517 	5519
f 5512 	5521 	5523
f 5506 	7011 	5519
f 5188 	5201 	5526
f 5516 	5525 	5527
f 5513 	5512 	5523
f 5517 	5009 	5014
f 5513 	5523 	5529
f 5517 	5014 	5519
f 5190 	5526 	5530
f 5523 	5385 	5529
f 4703 	5506 	5519
f 5519 	5014 	4703
f 5513 	5529 	5515
f 4798 	5515 	5529
f 3279 	3314 	5531
f 5481 	5218 	5451
f 3156 	5533 	3149
f 3279 	5531 	5535
f 5381 	5523 	5521
f 5534 	5471 	8035
f 5521 	5378 	5381
f 5534 	5540 	5474
f 3279 	5535 	3282
f 5523 	5381 	5385
f 5542 	3282 	5535
f 5389 	4798 	5529
f 5540 	5481 	5474
f 5529 	5385 	5389
f 5535 	5120 	5542
f 5544 	5539 	5541
f 5218 	5481 	5540
f 5526 	5201 	5557
f 5539 	5544 	5546
f 5526 	5558 	5530
f 5557 	5558 	5526
f 5156 	5531 	5566
f 5539 	5546 	5536
f 5195 	2448 	5548
f 5536 	5569 	5543
f 8035 	5547 	5534
f 5156 	5157 	5531
f 5546 	5569 	5536
f 5534 	5549 	5540
f 5528 	5565 	5545
f 5157 	5535 	5531
f 5197 	5548 	5552
f 5534 	5547 	5549
f 5561 	5548 	2448
f 5548 	5564 	5552
f 5540 	5549 	5229
f 5561 	5564 	5548
f 5120 	5535 	5157
f 5538 	5537 	5554
f 2184 	5551 	5556
f 5197 	5552 	5201
f 5549 	5359 	5229
f 5542 	5120 	5009
f 5545 	5554 	5537
f 5517 	5542 	5009
f 5540 	5229 	5218
f 5552 	5557 	5201
f 2188 	2186 	5559
f 3314 	5566 	5531
f 5560 	3342 	3381
f 5559 	2186 	5556
f 5545 	5565 	5554
f 5549 	5575 	5359
f 2188 	5559 	5562
f 5563 	3342 	5560
f 5554 	5565 	5576
f 3346 	5563 	5566
f 5564 	5567 	5552
f 2148 	5562 	3449
f 5562 	5559 	3468
f 5543 	5569 	5570
f 4859 	4895 	5568
f 5533 	5503 	3149
f 5562 	3468 	3475
f 3346 	5566 	3314
f 5571 	5884 	5570
f 5543 	5570 	5550
f 5552 	5567 	5557
f 5568 	4895 	8056
f 5567 	5580 	5557
f 5645 	5646 	5538
f 2148 	3449 	2150
f 5884 	5550 	5570
f 5572 	4859 	5568
f 5601 	5655 	5538
f 5567 	5713 	5580
f 3532 	5551 	5591
f 5321 	5553 	5573
f 5645 	5538 	5647
f 5557 	5580 	5558
f 5556 	5551 	3538
f 4863 	4860 	5457
f 5321 	5323 	5553
f 5192 	5563 	5560
f 5580 	5582 	5558
f 4860 	5572 	5457
f 3532 	3538 	5551
f 5563 	5192 	5196
f 5556 	3538 	3544
f 5555 	5553 	5323
f 5563 	5196 	5566
f 5568 	8056 	8066
f 5559 	5556 	3544
f 5572 	5568 	8067
f 8066 	8067 	5568
f 5691 	5692 	5561
f 5156 	5566 	5196
f 5572 	5468 	5457
f 5559 	3544 	3468
f 5323 	5355 	5555
f 5561 	5692 	5564
f 5572 	8067 	5468
f 5547 	5575 	5549
f 3379 	4909 	5586
f 5564 	5712 	5567
f 5564 	5692 	5712
f 5578 	3379 	5586
f 5573 	5884 	5571
f 3381 	3379 	5578
f 5565 	5734 	5576
f 5560 	3381 	5578
f 5577 	5591 	5581
f 5583 	5321 	5573
f 5577 	5588 	5591
f 5583 	5347 	5321
f 5571 	5583 	5573
f 5578 	5463 	5447
f 5581 	2184 	2306
f 5593 	5618 	4909
f 5331 	5592 	4909
f 5579 	5583 	5571
f 5578 	5447 	5560
f 5461 	5586 	5722
f 5574 	5585 	5588
f 5578 	5586 	5463
f 5190 	5589 	5148
f 5647 	5538 	5655
f 5586 	5461 	5463
f 5190 	5530 	5589
f 5601 	5538 	5554
f 5585 	4401 	5588
f 5574 	5588 	5577
f 5587 	5322 	5315
f 5592 	5593 	4909
f 5590 	5594 	5256
f 5581 	5551 	2184
f 5593 	5592 	5587
f 5595 	5569 	5546
f 5581 	5591 	5551
f 5597 	5579 	5571
f 5597 	5571 	5570
f 3798 	5508 	5584
f 5597 	5326 	5579
f 5345 	5583 	5579
f 5530 	5598 	5589
f 5597 	5570 	5569
f 5595 	5597 	5569
f 5599 	5584 	5533
f 5589 	5598 	5590
f 5598 	5609 	5590
f 5600 	5599 	5533
f 4401 	5585 	4399
f 5590 	5609 	5594
f 5345 	5579 	5326
f 5588 	3583 	5591
f 5554 	5576 	5601
f 3532 	5591 	3583
f 4971 	5245 	5602
f 5261 	5260 	5603
f 5599 	3798 	5584
f 5648 	4571 	4409
f 5602 	5604 	4971
f 4978 	4971 	5604
f 5603 	5260 	5594
f 5596 	4409 	4417
f 5760 	1320 	5511
f 3335 	3798 	3312
f 5603 	5606 	5261
f 5596 	4417 	4399
f 5599 	5600 	3798
f 4444 	4448 	5604
f 5604 	4448 	4978
f 5261 	5606 	5263
f 6733 	4909 	5618
f 5581 	2302 	5577
f 5524 	5605 	5532
f 5594 	5610 	5603
f 5611 	5605 	5524
f 5594 	5609 	5610
f 5613 	5544 	5541
f 5610 	5614 	5603
f 5665 	5612 	5574
f 5617 	5595 	5546
f 5612 	5585 	5574
f 5603 	5614 	5606
f 5612 	5640 	5585
f 5622 	6733 	5618
f 5607 	5615 	5296
f 5544 	5617 	5546
f 5616 	5618 	5587
f 12471 	12464 	5615
f 5618 	5593 	5587
f 5310 	5296 	5615
f 5615 	5619 	5310
f 5617 	5544 	5629
f 5607 	5296 	5281
f 5532 	5613 	5541
f 5532 	5605 	5613
f 5623 	5605 	5611
f 5621 	5622 	5616
f 5629 	5544 	5613
f 5618 	5616 	5622
f 5605 	5628 	5613
f 5619 	5231 	5310
f 5530 	5627 	5598
f 5605 	5623 	5628
f 5619 	5625 	5231
f 5613 	5628 	5629
f 5558 	5627 	5530
f 5627 	5631 	5598
f 5630 	5231 	5625
f 5631 	5609 	5598
f 5630 	5602 	5245
f 5687 	5622 	5621
f 5626 	5690 	5632
f 5609 	5633 	5610
f 5631 	5633 	5609
f 5620 	5632 	5636
f 5633 	5637 	5610
f 5638 	5315 	5312
f 5610 	5637 	5614
f 5620 	5636 	5624
f 5312 	5634 	5638
f 5611 	5524 	5509
f 5624 	5636 	5640
f 5587 	5315 	5638
f 5638 	5616 	5587
f 5582 	5627 	5558
f 5509 	5527 	5611
f 5638 	5649 	5616
f 5627 	5641 	5631
f 5624 	5640 	5612
f 5627 	5582 	5641
f 5685 	5595 	5617
f 5633 	5631 	5644
f 5533 	5538 	5646
f 5641 	5644 	5631
f 5533 	5646 	5600
f 5670 	5633 	5644
f 5597 	5595 	5325
f 5685 	5325 	5595
f 5325 	5326 	5597
f 5648 	5636 	5632
f 5633 	5670 	5637
f 5638 	5634 	5649
f 5643 	5649 	5634
f 5601 	5576 	5608
f 5651 	5623 	5611
f 5636 	5648 	5596
f 5650 	5652 	5649
f 5650 	5649 	5643
f 3312 	5600 	3315
f 5652 	5621 	5616
f 5652 	5616 	5649
f 5648 	4409 	5596
f 5623 	5662 	5628
f 5600 	5646 	3315
f 5664 	5617 	5629
f 5636 	5596 	5640
f 5645 	3315 	5646
f 5640 	4399 	5585
f 5664 	5685 	5617
f 5645 	5647 	3315
f 5596 	4399 	5640
f 5606 	5614 	5653
f 5656 	5382 	5642
f 5527 	5651 	5611
f 5655 	5601 	5657
f 5527 	5659 	5651
f 5684 	5676 	5608
f 5661 	5653 	5614
f 5651 	5662 	5623
f 5658 	5388 	5656
f 5614 	5637 	5661
f 5711 	5660 	5665
f 5661 	5666 	5653
f 3315 	5647 	3316
f 5622 	5687 	6733
f 5650 	5663 	5652
f 5660 	5612 	5665
f 5658 	5281 	5388
f 5656 	5388 	5382
f 5655 	3316 	5647
f 2137 	1949 	3623
f 5669 	5628 	5662
f 5667 	5652 	5663
f 5654 	5665 	5668
f 5281 	5658 	5607
f 5668 	2302 	2284
f 5682 	5664 	5629
f 5719 	5624 	5660
f 5637 	5670 	5672
f 5657 	3316 	5655
f 5652 	5667 	5674
f 5624 	5612 	5660
f 5601 	5675 	5657
f 5671 	5673 	5469
f 5672 	5661 	5637
f 5629 	5628 	5682
f 5675 	5601 	5676
f 5608 	5676 	5601
f 5672 	5677 	5661
f 5657 	3319 	3316
f 5574 	5668 	5665
f 5671 	5469 	5461
f 5668 	5577 	2302
f 12518 	5678 	12517
f 5661 	5677 	5666
f 5668 	5574 	5577
f 5657 	5675 	3319
f 5673 	5678 	5482
f 5677 	5679 	5666
f 5482 	5469 	5673
f 5676 	3319 	5675
f 5674 	5621 	5652
f 5678 	5410 	5482
f 5670 	5644 	5920
f 5919 	5920 	5644
f 5693 	6733 	5687
f 5674 	5687 	5621
f 5680 	5686 	5688
f 5825 	2997 	5684
f 5686 	4766 	5688
f 5684 	2997 	5676
f 3729 	2137 	3623
f 5688 	5626 	5680
f 5682 	5689 	5664
f 3319 	5676 	2997
f 5688 	5690 	5626
f 5664 	5327 	5685
f 5829 	3443 	5827
f 5327 	5664 	5689
f 5663 	5787 	5667
f 5939 	5942 	5679
f 5685 	5334 	5325
f 5679 	5942 	5681
f 5648 	5632 	5690
f 5327 	5334 	5685
f 3444 	5881 	3448
f 5695 	4792 	5683
f 5683 	4792 	4763
f 5691 	2472 	2638
f 5683 	4763 	5686
f 5760 	3112 	1319
f 5667 	5796 	5674
f 2472 	5691 	5561
f 4766 	5686 	4763
f 4565 	5690 	5688
f 5709 	5682 	5669
f 5678 	5635 	5410
f 5667 	5787 	5796
f 5669 	5706 	5709
f 5628 	5669 	5682
f 5690 	4565 	4571
f 5673 	12516 	12517
f 5674 	5693 	5687
f 5690 	4571 	5648
f 5673 	12517 	5678
f 5809 	6733 	5693
f 5525 	5659 	5527
f 12528 	5635 	12527
f 5678 	12527 	5635
f 5699 	5691 	2638
f 5634 	5312 	5408
f 3057 	2137 	3729
f 5691 	5701 	5692
f 5408 	5705 	5634
f 5701 	5704 	5692
f 5698 	5662 	5651
f 5528 	5696 	5714
f 5643 	5725 	5650
f 5728 	5650 	5725
f 5705 	5643 	5634
f 5714 	5565 	5528
f 5754 	4777 	4783
f 5706 	5669 	5662
f 5699 	2638 	2649
f 5701 	5691 	5699
f 5651 	5659 	5698
f 5697 	5698 	5659
f 4789 	5694 	4783
f 5703 	5698 	5036
f 5694 	4789 	5695
f 4980 	3057 	3729
f 5036 	5077 	5703
f 5434 	5741 	5702
f 5695 	4789 	4792
f 5703 	5662 	5698
f 2649 	2676 	5699
f 5662 	5703 	5706
f 5699 	5727 	5701
f 2284 	2398 	5654
f 1339 	1338 	5707
f 5081 	5706 	5703
f 2676 	5727 	5699
f 4980 	3112 	3057
f 8599 	8600 	5604
f 5789 	5710 	5711
f 1343 	1342 	5715
f 5712 	5713 	5567
f 5081 	5703 	5077
f 5580 	5716 	5582
f 5715 	1344 	1343
f 5713 	5716 	5580
f 5081 	5089 	5706
f 5707 	1338 	5717
f 1346 	5717 	1338
f 5565 	5714 	5734
f 5706 	5089 	5709
f 5704 	5712 	5692
f 5696 	5720 	5714
f 1344 	5715 	5717
f 1346 	1344 	5717
f 5712 	5704 	5718
f 5719 	5707 	5717
f 5697 	5036 	5698
f 5712 	5718 	5713
f 5696 	5700 	5720
f 5718 	5721 	5713
f 5709 	5689 	5682
f 5719 	5710 	5707
f 5710 	5719 	5660
f 5713 	5721 	5716
f 5722 	5586 	4909
f 5710 	5660 	5711
f 5461 	5722 	5671
f 5711 	5665 	5654
f 5741 	5723 	5702
f 5708 	5724 	5700
f 5705 	5702 	5725
f 5448 	5689 	5089
f 5709 	5089 	5689
f 5723 	5725 	5702
f 5700 	5724 	5720
f 5450 	5689 	5448
f 5705 	5725 	5643
f 5689 	5450 	5327
f 5725 	5723 	5728
f 5731 	5728 	5723
f 5726 	5717 	5715
f 5724 	5753 	5720
f 5701 	5729 	5704
f 5727 	5729 	5701
f 5719 	5717 	5620
f 4444 	8555 	4461
f 5726 	5620 	5717
f 5750 	5731 	5723
f 5719 	5620 	5624
f 8647 	8522 	4461
f 5732 	5525 	5516
f 5732 	5516 	5522
f 5716 	5733 	5582
f 5641 	5582 	5733
f 5731 	5757 	5728
f 5730 	5732 	5522
f 5730 	5522 	5511
f 5728 	5663 	5650
f 5726 	5626 	5632
f 5663 	5728 	5758
f 5726 	5632 	5620
f 5737 	1348 	1347
f 5732 	5738 	5739
f 5737 	1347 	5810
f 1375 	5810 	1347
f 5714 	5720 	5744
f 5739 	5525 	5732
f 5659 	5525 	5739
f 1350 	5740 	1351
f 5744 	5734 	5714
f 5737 	5740 	1350
f 5737 	1350 	1348
f 5744 	5767 	5734
f 1354 	1351 	5742
f 5740 	5742 	1351
f 5730 	5738 	5732
f 5434 	5702 	5407
f 5730 	5735 	5738
f 1354 	5742 	1355
f 5735 	5745 	5743
f 5736 	5748 	5741
f 1356 	1355 	5746
f 5742 	5746 	1355
f 5736 	5747 	5748
f 5741 	5748 	5723
f 5742 	5695 	5746
f 5683 	5749 	5746
f 5723 	5748 	5750
f 5766 	5749 	5680
f 5743 	5738 	5735
f 5749 	5686 	5680
f 5739 	5697 	5659
f 5748 	5747 	5750
f 5751 	5750 	5747
f 5749 	5683 	5686
f 5671 	12513 	5673
f 5739 	5752 	5697
f 5739 	5738 	5752
f 5720 	5753 	5744
f 5756 	5750 	5751
f 5743 	5752 	5738
f 5743 	5745 	5016
f 5753 	5769 	5744
f 5754 	5740 	5737
f 5016 	5745 	5018
f 5740 	5694 	5742
f 5756 	5751 	5755
f 5754 	5694 	5740
f 5962 	5753 	5724
f 5742 	5694 	5695
f 5731 	5750 	5757
f 5750 	5756 	5757
f 5697 	5752 	5020
f 5615 	5607 	12470
f 5758 	5728 	5757
f 5752 	5023 	5020
f 5020 	5036 	5697
f 5683 	5746 	5695
f 5743 	5016 	5023
f 5734 	5759 	5576
f 5743 	5023 	5752
f 5734 	5767 	5759
f 5764 	5761 	5763
f 5762 	5763 	5761
f 5764 	5765 	5761
f 5757 	5931 	5758
f 11774 	11782 	5604
f 5694 	5754 	4783
f 5767 	5793 	5759
f 1361 	1359 	5766
f 12501 	5671 	602
f 5768 	5733 	5716
f 1361 	5766 	1362
f 5716 	5721 	5768
f 5715 	1342 	5770
f 1363 	5770 	1342
f 1363 	1362 	5770
f 5766 	5770 	1362
f 5771 	5762 	5761
f 5769 	5767 	5744
f 5770 	5726 	5715
f 5772 	5773 	5761
f 5774 	5793 	5769
f 5773 	5775 	5761
f 5775 	5776 	5761
f 1356 	5746 	1359
f 12542 	12544 	5639
f 5746 	5749 	1359
f 1359 	5749 	5766
f 5758 	5777 	5663
f 5680 	5770 	5766
f 12545 	5642 	12544
f 5639 	12544 	5642
f 5779 	5772 	5761
f 5770 	5626 	5726
f 5776 	5778 	5761
f 5759 	5608 	5576
f 5770 	5680 	5626
f 5780 	5781 	5761
f 5782 	5783 	5761
f 5704 	5729 	5784
f 5785 	5786 	5761
f 5759 	5802 	5608
f 5777 	5787 	5663
f 5729 	5727 	5794
f 5786 	5788 	5761
f 5704 	5784 	5718
f 5784 	5826 	5718
f 5790 	5727 	2676
f 5783 	5785 	5761
f 5790 	2676 	2711
f 5707 	1369 	1339
f 5727 	5790 	5794
f 5767 	5769 	5793
f 5710 	5789 	1371
f 1370 	5710 	1371
f 5813 	5786 	5785
f 5707 	5710 	1369
f 1370 	1369 	5710
f 5797 	5835 	5774
f 5711 	5792 	5789
f 5729 	5798 	5784
f 5792 	5654 	2398
f 5825 	5684 	5608
f 5794 	5798 	5729
f 5711 	5654 	5792
f 5798 	5801 	5784
f 5781 	5782 	5761
f 5791 	5803 	5795
f 5817 	5512 	5513
f 5819 	5513 	5515
f 5829 	5608 	5802
f 5791 	5800 	5803
f 5838 	5856 	5809
f 6733 	5809 	5856
f 5842 	5822 	5856
f 5805 	5781 	5804
f 5780 	5804 	5781
f 2711 	2722 	5790
f 5805 	5806 	5782
f 5790 	5807 	5794
f 5802 	5759 	5793
f 1374 	1373 	5808
f 1374 	5808 	5810
f 5782 	5806 	5783
f 2722 	5807 	5790
f 5799 	5811 	5800
f 5674 	5796 	5693
f 5809 	5693 	5796
f 5812 	5813 	5785
f 5858 	5794 	5807
f 1374 	5810 	1375
f 5800 	5811 	5815
f 5816 	5788 	5786
f 5815 	5803 	5800
f 5813 	5816 	5786
f 5819 	5808 	5817
f 5801 	5798 	5859
f 5777 	5818 	5787
f 5808 	5819 	5810
f 5810 	5821 	5737
f 5777 	5814 	5818
f 5810 	5819 	5821
f 5821 	5754 	5737
f 5824 	5856 	5823
f 5822 	5823 	5856
f 5513 	5819 	5817
f 5787 	5818 	5823
f 5608 	5829 	5827
f 5608 	5827 	5825
f 5826 	5721 	5718
f 5515 	5821 	5819
f 5821 	4777 	5754
f 5826 	5828 	5721
f 5821 	5515 	4777
f 5824 	5823 	5818
f 2997 	5825 	5827
f 5806 	5812 	5783
f 5785 	5783 	5812
f 5826 	5832 	5828
f 5768 	5721 	5828
f 5828 	5830 	5768
f 5829 	5802 	5831
f 5818 	5860 	5872
f 5784 	5801 	5826
f 5801 	5832 	5826
f 5851 	5813 	5812
f 3443 	5829 	5831
f 2997 	5827 	3443
f 5832 	5892 	5828
f 5831 	5802 	5833
f 5833 	5834 	5831
f 5812 	5806 	5851
f 5811 	6874 	5815
f 5835 	5837 	5833
f 5820 	6874 	5811
f 5877 	5833 	5878
f 5805 	5782 	5781
f 5823 	5822 	5787
f 5808 	13144 	5817
f 5788 	5816 	5836
f 5835 	5833 	5802
f 5802 	5793 	5835
f 5796 	5787 	5822
f 5793 	5774 	5835
f 5852 	5813 	5851
f 5842 	5856 	5838
f 7374 	5917 	7369
f 5838 	5809 	5796
f 5854 	5867 	8146
f 5846 	5844 	5839
f 5837 	6058 	5840
f 5822 	5842 	5796
f 5842 	5838 	5796
f 5835 	5797 	5845
f 5841 	5839 	5844
f 5835 	5845 	5837
f 5555 	5805 	5804
f 5845 	6058 	5837
f 5500 	5475 	5870
f 5555 	5849 	5805
f 5806 	5805 	5849
f 5847 	5848 	5846
f 5847 	5850 	5848
f 3149 	5869 	3172
f 5555 	5355 	5849
f 5848 	7026 	7022
f 3443 	5831 	5834
f 3149 	5500 	5869
f 5853 	5854 	8146
f 5813 	5852 	5855
f 5957 	5954 	7358
f 5476 	5855 	5472
f 6958 	5722 	4909
f 5813 	5855 	5816
f 5848 	5844 	5846
f 5479 	5843 	5857
f 5794 	5858 	5798
f 7022 	5844 	5848
f 5957 	7358 	7360
f 5872 	5856 	5824
f 5858 	5859 	5798
f 5855 	5857 	5816
f 5801 	5861 	5832
f 5860 	5818 	5814
f 5801 	5859 	5861
f 5852 	5472 	5855
f 5872 	5873 	5856
f 5478 	5479 	5857
f 2778 	5807 	2722
f 5476 	5478 	5855
f 5857 	5855 	5478
f 5858 	5807 	5864
f 5849 	5470 	5851
f 5807 	2778 	5864
f 5865 	5850 	5847
f 5849 	5355 	5470
f 5470 	5472 	5851
f 5858 	5868 	5859
f 5849 	5851 	5806
f 5864 	5868 	5858
f 5873 	5896 	5856
f 5868 	5874 	5859
f 5873 	5872 	5860
f 5857 	5843 	5836
f 5871 	5863 	5862
f 5836 	5816 	5857
f 5863 	5871 	5791
f 5500 	5870 	5869
f 5859 	5874 	5861
f 5852 	5851 	5472
f 5871 	5800 	5791
f 5871 	5799 	5800
f 5833 	5876 	5834
f 5833 	5877 	5876
f 5778 	5780 	5761
f 5791 	5865 	5863
f 5837 	5878 	5833
f 5875 	5861 	5874
f 5865 	5791 	5795
f 5536 	5773 	5772
f 5865 	5795 	5850
f 5894 	5895 	1650
f 5896 	5894 	5856
f 5891 	5837 	5840
f 5882 	5883 	5879
f 5837 	5881 	5878
f 5897 	5893 	6059
f 5880 	5879 	5883
f 5873 	5860 	5896
f 5773 	5536 	5543
f 5775 	5773 	5550
f 5543 	5550 	5773
f 5834 	5876 	3444
f 5834 	3444 	3443
f 5776 	5550 	5778
f 5884 	5778 	5550
f 5885 	5804 	5780
f 5818 	5872 	5824
f 5876 	5877 	3444
f 5553 	5555 	5804
f 5882 	5846 	5883
f 5553 	5804 	5885
f 5854 	8151 	5867
f 3444 	5877 	5878
f 5780 	5778 	5885
f 5884 	5885 	5778
f 5881 	3444 	5878
f 5830 	5898 	5889
f 5573 	5885 	5884
f 5891 	5840 	5890
f 5879 	5887 	5882
f 5881 	5837 	5891
f 5776 	5775 	5550
f 5882 	5887 	5846
f 5847 	5846 	5887
f 5916 	5888 	5860
f 5893 	5890 	5840
f 5869 	5870 	3173
f 5573 	5553 	5885
f 5886 	5863 	5887
f 5840 	6059 	5893
f 1650 	5856 	5894
f 5828 	5892 	5830
f 5870 	5866 	3173
f 5886 	5862 	5863
f 5887 	5865 	5847
f 5867 	3173 	5866
f 5887 	5863 	5865
f 5892 	5898 	5830
f 5883 	5846 	5839
f 3172 	5869 	3173
f 5896 	5860 	5888
f 5761 	5765 	5779
f 5898 	5899 	5889
f 5890 	3448 	5891
f 5891 	3448 	5881
f 5895 	5894 	5888
f 5894 	5896 	5888
f 5887 	5879 	5886
f 5763 	5509 	5524
f 5763 	5524 	5764
f 5764 	5532 	5765
f 5832 	5902 	5892
f 5893 	3448 	5890
f 5516 	5762 	5771
f 5901 	5912 	5903
f 5861 	5902 	5832
f 5902 	5904 	5892
f 5764 	5524 	5532
f 5772 	5779 	5536
f 5539 	5536 	5779
f 5897 	3448 	5893
f 5779 	5541 	5539
f 5892 	5904 	5898
f 5765 	5532 	5779
f 5541 	5779 	5532
f 5760 	5771 	5761
f 5522 	5516 	5771
f 5760 	5522 	5771
f 6037 	5899 	5898
f 5760 	5511 	5522
f 6037 	6038 	5899
f 5906 	3456 	5897
f 5899 	6038 	5900
f 6244 	3456 	5907
f 5909 	5912 	5901
f 5905 	5903 	7095
f 5907 	3456 	5906
f 5861 	5875 	5902
f 5910 	296 	5913
f 296 	297 	5914
f 297 	5917 	5915
f 6034 	5904 	5902
f 5915 	5914 	297
f 296 	5914 	5913
f 5908 	1083 	5909
f 5860 	5814 	5916
f 5641 	5733 	5919
f 5918 	5916 	5973
f 5919 	5644 	5641
f 5973 	5983 	5918
f 5910 	5913 	5911
f 5888 	5916 	5918
f 5909 	1214 	5912
f 5911 	4438 	4404
f 5911 	5913 	4438
f 5921 	5672 	5670
f 5917 	5925 	5915
f 5920 	5921 	5670
f 5921 	5937 	5672
f 5914 	4478 	5913
f 5914 	5915 	4505
f 5768 	5924 	5733
f 5919 	5733 	5924
f 5777 	5758 	5931
f 5919 	5927 	5920
f 5814 	5777 	5931
f 1116 	4505 	5915
f 5922 	5928 	5923
f 5924 	5927 	5919
f 5925 	1116 	5915
f 5926 	5928 	5922
f 5927 	5950 	5920
f 5928 	5930 	5923
f 5756 	5929 	5757
f 2212 	1116 	5925
f 5914 	4505 	4478
f 5931 	5757 	5929
f 5923 	5930 	5908
f 5950 	5921 	5920
f 5930 	1083 	5908
f 5830 	5924 	5768
f 5933 	5925 	5917
f 5929 	5936 	5931
f 5926 	1107 	1090
f 5929 	5934 	5936
f 5926 	1090 	5928
f 5936 	5814 	5931
f 1090 	1093 	5928
f 5936 	5916 	5814
f 5928 	1093 	5930
f 5933 	2209 	2212
f 1093 	1219 	5930
f 5935 	5932 	5961
f 5943 	5961 	5932
f 5933 	2212 	5925
f 5672 	5937 	5677
f 5937 	5939 	5677
f 5934 	5971 	5973
f 5934 	5973 	5936
f 5677 	5939 	5679
f 5922 	6105 	5941
f 5955 	5939 	5937
f 5938 	8926 	5945
f 5940 	5947 	4526
f 5948 	5756 	5755
f 5979 	5997 	5943
f 5938 	5949 	5941
f 5755 	5944 	5948
f 5938 	5945 	5949
f 5929 	5756 	5948
f 4575 	4526 	5947
f 5941 	5949 	5926
f 5921 	5953 	5937
f 5926 	5922 	5941
f 5921 	5950 	5953
f 5947 	5954 	4575
f 8930 	1102 	5945
f 5932 	5968 	5943
f 1102 	1105 	5945
f 5953 	5955 	5937
f 5945 	1105 	5949
f 5954 	5957 	4591
f 5955 	6089 	5939
f 5946 	5943 	5997
f 5926 	5949 	1107
f 5944 	5956 	5958
f 5946 	5997 	5951
f 6001 	5951 	5997
f 5960 	4591 	5957
f 5949 	1105 	1107
f 5708 	5961 	5724
f 5708 	5935 	5961
f 5944 	5958 	5948
f 5948 	5934 	5929
f 5724 	5961 	5962
f 4591 	5960 	4614
f 5948 	5958 	5934
f 4614 	5960 	5911
f 5960 	5910 	5911
f 4404 	4614 	5911
f 5986 	5959 	6086
f 5963 	5769 	5753
f 5962 	5963 	5753
f 5956 	5969 	5958
f 5964 	5967 	5965
f 5943 	5946 	5961
f 5952 	5966 	5956
f 5962 	5961 	5946
f 5951 	5963 	5946
f 6071 	5965 	5799
f 5946 	5963 	5962
f 5952 	5994 	5966
f 5951 	6009 	5963
f 5939 	6089 	5942
f 5969 	5956 	5966
f 5924 	5830 	5889
f 5965 	5967 	5970
f 5924 	5889 	5927
f 5967 	5972 	5974
f 5967 	5974 	5970
f 5958 	5971 	5934
f 5927 	5976 	5950
f 5965 	5970 	5799
f 5970 	5811 	5799
f 5969 	5971 	5958
f 5971 	5983 	5973
f 5971 	5980 	5983
f 5916 	5936 	5973
f 5970 	5974 	5820
f 5966 	5977 	5969
f 5889 	5976 	5927
f 1155 	1149 	7138
f 5976 	5978 	5950
f 1155 	7138 	7117
f 5970 	5820 	5811
f 5943 	5968 	5979
f 5950 	5978 	5953
f 5975 	5977 	5966
f 5953 	6110 	5955
f 5969 	5977 	5980
f 5978 	6110 	5953
f 5889 	5899 	5976
f 5903 	5974 	5972
f 5969 	5980 	5971
f 5903 	5905 	5974
f 5976 	5900 	5978
f 5974 	5905 	5820
f 5899 	5900 	5976
f 5900 	6116 	5978
f 5981 	5982 	4812
f 5982 	4522 	4812
f 5978 	6116 	6110
f 5985 	5263 	5606
f 5975 	6910 	6913
f 5986 	5984 	5959
f 5981 	4812 	4797
f 5975 	6913 	5977
f 5940 	4522 	5982
f 5985 	5606 	5653
f 5984 	5988 	5964
f 5984 	5986 	5988
f 6915 	5980 	5977
f 5988 	5967 	5964
f 5990 	5437 	5435
f 6746 	5983 	5980
f 6750 	5918 	5983
f 5986 	5992 	5988
f 5987 	5990 	5435
f 5986 	5989 	5992
f 5990 	5993 	5437
f 5988 	5972 	5967
f 5990 	6020 	5993
f 5988 	5992 	5972
f 5989 	5995 	6000
f 5995 	5908 	6000
f 5989 	6000 	5992
f 5968 	214 	5979
f 214 	6001 	5997
f 214 	5997 	5979
f 6002 	5975 	5994
f 5901 	5972 	5992
f 5992 	6000 	5901
f 5972 	5901 	5903
f 5994 	5975 	5966
f 6007 	6008 	5998
f 5923 	5908 	5995
f 6002 	5999 	7020
f 5908 	5909 	6000
f 5909 	5901 	6000
f 5985 	6014 	5987
f 5653 	6014 	5985
f 6012 	6011 	5880
f 6018 	5990 	5987
f 6014 	6018 	5987
f 6031 	6030 	6009
f 6009 	5951 	6031
f 6018 	6020 	5990
f 6030 	6010 	6009
f 5993 	6169 	5996
f 6020 	6169 	5993
f 5963 	6025 	5769
f 5653 	5666 	6014
f 5769 	6025 	5774
f 6003 	5991 	6004
f 6005 	6006 	5991
f 6005 	5991 	6003
f 6025 	6026 	5774
f 6006 	6008 	5991
f 6008 	6007 	5991
f 6027 	6014 	5666
f 5666 	5679 	6027
f 6014 	6027 	6018
f 6027 	6028 	6018
f 6013 	6016 	5991
f 1687 	1707 	1689
f 6016 	6017 	5991
f 5963 	6009 	6025
f 6025 	6010 	6026
f 1715 	3167 	1721
f 6009 	6010 	6025
f 6004 	5991 	6019
f 6061 	6026 	6010
f 6018 	6028 	6020
f 5879 	5880 	6011
f 6028 	6194 	6020
f 6027 	5681 	6028
f 5951 	6001 	6031
f 5679 	5681 	6027
f 6015 	6030 	6033
f 6010 	6030 	6015
f 5681 	5942 	6084
f 6015 	6033 	6039
f 5875 	6034 	5902
f 6034 	6035 	5904
f 6036 	6032 	6045
f 5898 	5904 	6037
f 6080 	6072 	6029
f 6021 	6013 	5991
f 6055 	6067 	6036
f 6037 	6052 	6038
f 6024 	6021 	5991
f 6038 	6042 	5900
f 6048 	1644 	1646
f 6035 	6037 	5904
f 6050 	6068 	1644
f 1646 	6023 	6048
f 6051 	6045 	6043
f 6036 	6045 	6051
f 11378 	5521 	5512
f 6035 	6052 	6037
f 6050 	6049 	6046
f 6051 	6055 	6036
f 6052 	6054 	6038
f 5774 	6026 	5797
f 5797 	6026 	5845
f 6051 	6053 	6055
f 6015 	6061 	6010
f 6038 	6054 	6042
f 6042 	6056 	6044
f 6054 	6056 	6042
f 6046 	6068 	6050
f 6056 	6070 	6044
f 5959 	6053 	6125
f 6046 	6060 	6072
f 5984 	6055 	6053
f 6049 	6048 	6860
f 5959 	5984 	6053
f 6044 	6070 	6047
f 6055 	5984 	5964
f 6023 	6860 	6048
f 6075 	6098 	6104
f 6069 	6079 	1591
f 5906 	5897 	6059
f 6011 	6057 	5886
f 6058 	6059 	5840
f 5862 	5886 	6057
f 5886 	5879 	6011
f 6061 	5845 	6026
f 6032 	6036 	6063
f 5845 	6062 	6058
f 6063 	6057 	6032
f 6046 	6997 	6060
f 6061 	6062 	5845
f 6057 	6063 	5862
f 6062 	6065 	6058
f 6036 	6067 	6063
f 6068 	6069 	1591
f 1591 	1644 	6068
f 6063 	6071 	5862
f 6063 	6067 	6071
f 6047 	6073 	6064
f 11346 	5378 	11378
f 5871 	5862 	6071
f 6070 	6073 	6047
f 6058 	6065 	6059
f 6065 	6075 	6059
f 6055 	5964 	6067
f 6064 	6074 	6066
f 6067 	5964 	5965
f 6073 	6074 	6064
f 6074 	6076 	6066
f 6067 	5965 	6071
f 6068 	6046 	6069
f 6072 	6069 	6046
f 6071 	5799 	5871
f 6061 	6095 	6062
f 1590 	6079 	6080
f 6080 	6029 	1590
f 1590 	1591 	6079
f 5959 	6125 	6078
f 11371 	5512 	5817
f 6095 	6097 	6062
f 6080 	6079 	6072
f 6062 	6097 	6065
f 5512 	11371 	11378
f 6069 	6072 	6079
f 5521 	11378 	5378
f 11346 	5395 	5378
f 1588 	1590 	6040
f 6029 	6040 	1590
f 6075 	6104 	6077
f 6078 	6086 	5959
f 6078 	6083 	6086
f 13144 	5808 	1373
f 5906 	6059 	5907
f 6085 	5907 	6059
f 6075 	6085 	6059
f 6077 	6198 	6085
f 6081 	6090 	6082
f 6081 	6088 	6090
f 5942 	6091 	6084
f 5942 	6089 	6091
f 6091 	6092 	6084
f 6075 	6077 	6085
f 6072 	6106 	6029
f 6198 	6077 	6093
f 6084 	6092 	6087
f 10953 	4995 	11063
f 6088 	6100 	6103
f 6111 	6115 	1588
f 6088 	6103 	6090
f 6082 	6094 	6083
f 6049 	6050 	1644
f 6082 	6090 	6094
f 6112 	6114 	6089
f 6083 	6096 	6086
f 6015 	6095 	6061
f 6089 	6114 	6091
f 6015 	6039 	6095
f 6083 	6094 	6096
f 5989 	6086 	6096
f 6096 	5995 	5989
f 6065 	6098 	6075
f 6086 	5989 	5986
f 6040 	6111 	1588
f 6092 	6101 	6087
f 6092 	6135 	6101
f 6087 	6101 	6099
f 6060 	6234 	6072
f 6101 	6102 	6099
f 6098 	6065 	6097
f 6105 	6090 	6103
f 1659 	1598 	7526
f 6103 	5941 	6105
f 7497 	1578 	1574
f 6094 	6090 	6105
f 6072 	6234 	6106
f 6108 	6096 	6094
f 6094 	6105 	6108
f 8299 	1871 	8380
f 5995 	6096 	6108
f 6130 	1587 	6115
f 8278 	1835 	1831
f 6112 	5955 	6110
f 6100 	5938 	6103
f 6113 	6111 	6106
f 6110 	6118 	6112
f 6116 	6118 	6110
f 5941 	6103 	5938
f 5955 	6112 	6089
f 6106 	6040 	6029
f 6097 	6122 	6098
f 1167 	7151 	1149
f 6111 	6040 	6106
f 6041 	6122 	6097
f 5922 	6108 	6105
f 6108 	5922 	5923
f 6095 	6039 	6041
f 5923 	5995 	6108
f 6095 	6041 	6097
f 6113 	6115 	6111
f 6124 	6104 	6122
f 6131 	6138 	1587
f 6126 	6107 	6104
f 6107 	6128 	6109
f 6118 	6120 	6112
f 6117 	6121 	6043
f 6117 	6119 	6121
f 6051 	6043 	6121
f 6112 	6120 	6114
f 6120 	6141 	6114
f 6098 	6122 	6104
f 6119 	6125 	6121
f 6119 	6123 	6125
f 6104 	6124 	6126
f 6120 	6064 	6141
f 6121 	6053 	6051
f 6121 	6125 	6053
f 6042 	6116 	5900
f 6042 	6044 	6116
f 6107 	6126 	6128
f 6118 	6116 	6044
f 7151 	1167 	7152
f 1626 	1587 	6138
f 6139 	1626 	6138
f 6047 	6120 	6118
f 6044 	6047 	6118
f 6047 	6064 	6120
f 6091 	6133 	6092
f 6114 	6133 	6091
f 6113 	6203 	6115
f 6135 	6092 	6133
f 1589 	7512 	1598
f 6135 	6137 	6101
f 6132 	214 	6134
f 6142 	6135 	6133
f 6135 	6143 	6137
f 6142 	6143 	6135
f 1578 	7497 	1583
f 7502 	1583 	7497
f 6101 	6137 	6102
f 7502 	1163 	1583
f 6141 	6133 	6114
f 6130 	6131 	1587
f 6124 	214 	6126
f 1588 	6115 	1587
f 6141 	6142 	6133
f 6128 	214 	6129
f 6132 	6129 	214
f 6134 	214 	6136
f 6048 	6049 	1644
f 6142 	6141 	6066
f 6064 	6066 	6141
f 6109 	6128 	6129
f 6143 	6142 	6148
f 6066 	6148 	6142
f 6144 	6109 	6129
f 1121 	7117 	1127
f 7127 	1131 	7119
f 1104 	1131 	7103
f 2080 	6921 	2093
f 6132 	6145 	6144
f 6066 	6076 	6148
f 6129 	6132 	6144
f 6076 	6157 	6148
f 6132 	6134 	6145
f 1167 	1168 	7152
f 6146 	6139 	6147
f 6138 	6147 	6139
f 6145 	6134 	6159
f 7152 	1168 	1163
f 6102 	6150 	6149
f 6158 	1595 	6160
f 6163 	6161 	6140
f 6150 	6102 	6137
f 7117 	1121 	1155
f 7119 	1127 	7117
f 6143 	6154 	6137
f 1127 	7119 	1131
f 7127 	7103 	1131
f 6150 	6137 	6154
f 6152 	6151 	6147
f 7103 	1112 	1104
f 6151 	6153 	6147
f 6143 	6155 	6154
f 6147 	6153 	6146
f 6148 	6155 	6143
f 6171 	6144 	6145
f 7518 	7526 	1598
f 6148 	6157 	6155
f 2939 	1593 	6158
f 6145 	6159 	6174
f 1596 	6152 	6160
f 2939 	6158 	6156
f 8299 	1849 	1871
f 1859 	1849 	8299
f 6158 	6160 	6156
f 6160 	6152 	6156
f 6147 	6156 	6152
f 6162 	5499 	5442
f 8278 	1840 	1835
f 8222 	1811 	1840
f 6136 	6140 	6161
f 5442 	5996 	6162
f 6123 	6127 	6078
f 8222 	1815 	1811
f 6162 	6165 	5499
f 8234 	1820 	1815
f 6127 	6083 	6078
f 1820 	8234 	1824
f 8239 	1824 	8234
f 6127 	6082 	6083
f 1824 	8239 	1589
f 6134 	6136 	6159
f 2970 	5991 	2855
f 6123 	6078 	6125
f 6161 	6159 	6136
f 2970 	6182 	5991
f 6193 	6082 	6127
f 6166 	6214 	5505
f 6182 	5367 	6170
f 6168 	6179 	6172
f 6168 	6175 	6179
f 6169 	6173 	5996
f 6117 	6467 	6172
f 6173 	6162 	5996
f 6173 	6178 	6162
f 6173 	6169 	6195
f 6195 	6196 	6173
f 6173 	6196 	6178
f 6172 	6179 	6119
f 6162 	6178 	6165
f 5367 	4825 	6170
f 6165 	6183 	6166
f 6178 	6183 	6165
f 6107 	6093 	6077
f 6170 	6184 	6182
f 6170 	8148 	6184
f 6077 	6104 	6107
f 6172 	6119 	6117
f 6109 	6093 	6107
f 6167 	6093 	6109
f 6175 	6188 	6189
f 6144 	6171 	6167
f 6109 	6144 	6167
f 6175 	6189 	6179
f 6145 	6174 	6171
f 6179 	6189 	6123
f 6189 	6127 	6123
f 5366 	5367 	2970
f 5386 	5366 	2970
f 6179 	6123 	6119
f 6159 	6161 	6208
f 6193 	6189 	6188
f 6169 	6020 	6194
f 6188 	9007 	6193
f 6127 	6189 	6193
f 6106 	6234 	6192
f 6194 	6195 	6169
f 6193 	6081 	6082
f 6195 	6207 	6196
f 1626 	6139 	1624
f 6178 	6197 	6183
f 6199 	6106 	6192
f 6196 	6197 	6178
f 6113 	6106 	6199
f 6093 	6213 	6198
f 6028 	5681 	6202
f 6146 	1624 	6139
f 5681 	6084 	6202
f 6093 	6167 	6213
f 6202 	6194 	6028
f 6202 	6204 	6194
f 6131 	6130 	6203
f 6195 	6194 	6204
f 6200 	6206 	6201
f 6130 	6115 	6203
f 6208 	6306 	6174
f 6205 	6206 	6200
f 6159 	6208 	6174
f 6207 	6195 	6204
f 6207 	6209 	6196
f 6203 	6113 	6199
f 6209 	6197 	6196
f 6147 	6138 	6203
f 6131 	6203 	6138
f 6210 	6211 	6205
f 6202 	6087 	6204
f 6205 	6211 	6206
f 6202 	6084 	6087
f 6244 	5907 	6085
f 6198 	6246 	6085
f 5839 	6210 	6230
f 5367 	6182 	2970
f 6177 	5991 	6176
f 6180 	5991 	6181
f 5839 	5841 	6210
f 6191 	5991 	6180
f 5520 	5505 	6214
f 6181 	5991 	6177
f 6210 	5841 	6211
f 5841 	7005 	6211
f 6166 	6216 	6214
f 6183 	6216 	6166
f 6192 	6218 	6199
f 6197 	6220 	6183
f 6192 	6215 	6218
f 6183 	6220 	6216
f 6203 	6199 	6221
f 6199 	6218 	6221
f 6197 	6222 	6220
f 6156 	6147 	6203
f 6209 	6222 	6197
f 6156 	6203 	6221
f 6219 	6225 	6223
f 1653 	6353 	1636
f 6185 	5991 	6184
f 6184 	5991 	6182
f 1653 	7027 	6353
f 1569 	6255 	1112
f 6212 	6265 	6333
f 6186 	5991 	6187
f 6187 	5991 	6185
f 6217 	6364 	6224
f 6174 	6298 	6171
f 6297 	6171 	6298
f 6219 	6217 	6224
f 6099 	6204 	6087
f 6225 	6219 	6224
f 6207 	6204 	6099
f 6279 	1586 	1601
f 6207 	6227 	6209
f 6223 	6205 	6200
f 6215 	6341 	6218
f 6227 	6207 	6099
f 6223 	6225 	6205
f 6300 	6290 	1620
f 6332 	6208 	6226
f 6312 	6208 	6332
f 6209 	6229 	6222
f 6176 	5991 	6186
f 6228 	6224 	6364
f 6208 	6161 	6226
f 6227 	6229 	6209
f 6190 	8355 	5991
f 6099 	6102 	6227
f 6364 	6367 	6228
f 6163 	6233 	6226
f 6161 	6163 	6226
f 6224 	6228 	6230
f 6190 	5991 	6191
f 6227 	6149 	6229
f 6102 	6149 	6227
f 6233 	6163 	6164
f 1586 	6275 	1581
f 6224 	6230 	6225
f 6225 	6230 	6210
f 2899 	2901 	5864
f 5868 	6235 	5874
f 6225 	6210 	6205
f 5880 	6228 	6367
f 6228 	5880 	6230
f 5883 	6230 	5880
f 6060 	6232 	6234
f 5864 	2901 	5868
f 2901 	6235 	5868
f 5883 	5839 	6230
f 6236 	6336 	6233
f 6237 	5875 	5874
f 5874 	6235 	6237
f 6237 	6242 	5875
f 6164 	6236 	6233
f 6239 	6241 	6231
f 6231 	6241 	6243
f 6255 	1569 	6260
f 6242 	6034 	5875
f 1581 	6269 	1573
f 6242 	6245 	6034
f 6243 	6232 	6231
f 6244 	6085 	6246
f 6246 	6198 	6248
f 6232 	6247 	6234
f 6242 	3111 	6245
f 6249 	6240 	6285
f 6034 	6245 	6035
f 6247 	6232 	6243
f 6245 	6250 	6035
f 6234 	6247 	6192
f 6249 	6251 	6240
f 1373 	1922 	13144
f 1573 	6260 	1569
f 6247 	6215 	6192
f 6250 	6052 	6035
f 6250 	6252 	6052
f 6275 	1586 	6279
f 6249 	6266 	6253
f 6300 	1620 	1627
f 6249 	6254 	6251
f 6241 	6239 	6261
f 6054 	6052 	6252
f 6253 	6254 	6249
f 6054 	6252 	6267
f 6265 	6243 	6241
f 6260 	1573 	6269
f 6247 	6243 	6212
f 1581 	6275 	6269
f 2901 	2956 	6235
f 6265 	6212 	6243
f 2956 	2962 	6235
f 6255 	6256 	1112
f 6247 	6212 	6215
f 6253 	6273 	6200
f 6237 	6235 	2962
f 6200 	6201 	6253
f 6253 	6201 	6254
f 2966 	6242 	6237
f 6255 	6263 	6256
f 2962 	2966 	6237
f 2966 	3111 	6242
f 6250 	6245 	6274
f 6287 	6198 	6213
f 6260 	6263 	6255
f 6248 	6198 	6264
f 6261 	6239 	6258
f 6289 	6286 	6213
f 6241 	6261 	6265
f 6360 	6261 	6258
f 6256 	6263 	6391
f 6263 	6260 	6271
f 6213 	6167 	6289
f 6263 	6400 	6391
f 6271 	6400 	6263
f 6266 	6249 	6285
f 6269 	6271 	6260
f 6259 	6272 	6262
f 6174 	6302 	6298
f 6259 	6268 	6272
f 6262 	6273 	6266
f 6262 	6272 	6273
f 6273 	6253 	6266
f 2729 	7794 	9223
f 1601 	6290 	6279
f 6274 	6245 	3111
f 6226 	6233 	6334
f 6268 	6219 	6272
f 6268 	6217 	6219
f 6250 	6274 	6276
f 6272 	6219 	6223
f 6336 	6236 	6337
f 2940 	1582 	2939
f 6335 	6233 	6336
f 6273 	6272 	6223
f 6158 	1593 	1595
f 6252 	6250 	6276
f 6223 	6200 	6273
f 6252 	6278 	6267
f 6451 	6271 	6277
f 1596 	6160 	1595
f 1596 	1597 	6152
f 6151 	6152 	1597
f 6278 	6252 	6276
f 1597 	1624 	6153
f 1597 	6153 	6151
f 6279 	6281 	6275
f 6278 	6315 	6267
f 1624 	6146 	6153
f 3448 	5897 	3456
f 6244 	6246 	3456
f 6276 	3162 	6278
f 6275 	6281 	6277
f 6282 	6156 	6221
f 6284 	6282 	6342
f 6248 	3456 	6246
f 6264 	3456 	6248
f 6270 	6267 	6315
f 6285 	6280 	6534
f 6287 	6213 	6286
f 6285 	6534 	6283
f 6285 	6240 	6280
f 6264 	6198 	6287
f 6274 	3111 	3119
f 3119 	3160 	6274
f 6274 	3160 	6276
f 6280 	6240 	6238
f 6279 	6291 	6281
f 6289 	6167 	6293
f 6293 	6167 	6294
f 6171 	6294 	6167
f 6290 	6291 	6279
f 6291 	6295 	6281
f 3160 	3162 	6276
f 6294 	6171 	6297
f 6291 	6311 	6295
f 6283 	6262 	6266
f 6304 	6311 	6291
f 6283 	6266 	6285
f 6288 	6296 	6301
f 6320 	6301 	6296
f 6300 	6304 	6290
f 6302 	6174 	6306
f 6288 	6301 	6292
f 6306 	6208 	6307
f 6291 	6290 	6304
f 6307 	6208 	6312
f 6331 	6226 	6334
f 6334 	6233 	6335
f 6270 	6316 	6299
f 6316 	6270 	6315
f 6314 	6318 	6436
f 3456 	6264 	3529
f 6305 	6299 	6319
f 6316 	6319 	6299
f 6287 	3529 	6264
f 6289 	3529 	6286
f 6317 	6011 	6012
f 6305 	6319 	6321
f 6286 	3529 	6287
f 6289 	6293 	3529
f 6275 	6277 	6269
f 6320 	6296 	6318
f 6313 	6317 	6367
f 6012 	6367 	6317
f 6293 	6294 	3529
f 6277 	6271 	6269
f 6319 	3182 	6321
f 10766 	10759 	6320
f 6305 	6321 	6310
f 6323 	6300 	1627
f 1636 	6344 	1627
f 6322 	6032 	6057
f 6297 	3529 	6294
f 6302 	3529 	6298
f 3162 	3164 	6278
f 6322 	6057 	6011
f 6322 	6011 	6317
f 3164 	6315 	6278
f 6323 	6325 	6300
f 3164 	3169 	6315
f 6315 	3169 	6316
f 6304 	6300 	6325
f 6298 	3529 	6297
f 3169 	3174 	6316
f 6302 	6306 	3529
f 6325 	6329 	6304
f 6306 	6307 	3529
f 3174 	6319 	6316
f 6319 	3174 	3182
f 3529 	6307 	6312
f 6304 	6329 	6311
f 6641 	6311 	6329
f 6226 	6331 	6332
f 3182 	6345 	6321
f 6265 	6330 	6333
f 6056 	6054 	6267
f 6056 	6270 	6070
f 6323 	1627 	6344
f 6267 	6270 	6056
f 6270 	6299 	6070
f 6325 	6323 	6346
f 6340 	6215 	6212
f 6070 	6299 	6073
f 6212 	6333 	6340
f 6073 	6305 	6074
f 6324 	6339 	6326
f 6073 	6299 	6305
f 6338 	6339 	6327
f 6328 	6327 	6339
f 6305 	6310 	6074
f 6338 	6322 	6339
f 6074 	6310 	6076
f 6341 	6215 	6340
f 6076 	6343 	6157
f 6218 	6341 	6342
f 1636 	6353 	6344
f 6343 	6076 	6310
f 6341 	6350 	6342
f 6342 	6221 	6218
f 6321 	6345 	6310
f 6331 	3531 	6332
f 6344 	6346 	6323
f 6282 	6221 	6342
f 6310 	6345 	6343
f 6324 	6328 	6339
f 6398 	6330 	6360
f 6338 	6032 	6322
f 6346 	6347 	6325
f 6334 	3531 	6331
f 6326 	6339 	6317
f 6332 	3531 	6312
f 6325 	6347 	6329
f 6336 	3531 	6335
f 3529 	6312 	3531
f 6336 	6337 	3531
f 6333 	6368 	6340
f 6348 	6329 	6347
f 6338 	6045 	6032
f 5998 	6431 	6434
f 6339 	6322 	6317
f 6317 	6313 	6326
f 6340 	6349 	6341
f 9507 	4243 	4241
f 6327 	6043 	6045
f 6350 	6341 	6349
f 6045 	6338 	6327
f 6284 	6342 	6350
f 6347 	6359 	6348
f 4991 	4930 	9742
f 6349 	6288 	6350
f 6346 	6344 	6354
f 6354 	6344 	6353
f 6346 	6354 	6357
f 6257 	6355 	6358
f 6351 	6356 	6308
f 6357 	6347 	6346
f 6308 	6356 	6313
f 6357 	6359 	6347
f 6358 	6258 	6257
f 6351 	6308 	6303
f 6360 	6258 	6358
f 6330 	6265 	6261
f 6356 	6352 	6326
f 2742 	7857 	2729
f 6330 	6261 	6360
f 6352 	6324 	6326
f 6348 	6359 	6361
f 6384 	6382 	1198
f 6313 	6356 	6326
f 193 	194 	6362
f 3242 	6362 	194
f 6355 	6596 	6358
f 1198 	6362 	6363
f 1198 	6363 	6384
f 9809 	10509 	5249
f 6303 	6364 	6217
f 1216 	1226 	6366
f 6303 	6308 	6364
f 6358 	6396 	6360
f 6308 	6313 	6367
f 6367 	6364 	6308
f 6360 	6396 	6398
f 1225 	4997 	1226
f 1226 	4997 	6388
f 6367 	6012 	5880
f 214 	6031 	6001
f 6368 	6349 	6340
f 6365 	1226 	6369
f 214 	6030 	6031
f 6359 	6357 	7044
f 214 	6033 	6030
f 3224 	3229 	3242
f 214 	6039 	6033
f 6362 	3242 	6374
f 214 	6122 	6041
f 214 	6124 	6122
f 214 	6041 	6039
f 6128 	6126 	214
f 6371 	6377 	6380
f 6371 	6380 	6373
f 6374 	3242 	3243
f 6363 	6362 	6374
f 6365 	6374 	6366
f 6375 	1186 	1115
f 6368 	6376 	6349
f 6376 	6368 	6372
f 1115 	6256 	6375
f 6374 	6365 	6369
f 6375 	6379 	1186
f 6288 	6349 	6376
f 6382 	6383 	1204
f 6422 	1204 	6383
f 6288 	6376 	6296
f 1204 	1198 	6382
f 6386 	6163 	6140
f 6163 	6386 	6164
f 6383 	6385 	6422
f 6386 	6378 	6164
f 6381 	6378 	6387
f 6386 	6387 	6378
f 6351 	6380 	6377
f 6292 	6284 	6350
f 6350 	6288 	6292
f 214 	6140 	6136
f 1226 	6388 	6369
f 6384 	6374 	6382
f 214 	6386 	6140
f 6383 	6382 	6389
f 6384 	6363 	6374
f 6387 	6386 	214
f 7855 	7857 	2390
f 6389 	6385 	6383
f 6236 	6164 	6378
f 6391 	6375 	6256
f 6351 	6377 	6390
f 6389 	6382 	6374
f 6391 	6392 	6375
f 6380 	6351 	6303
f 6389 	6374 	6388
f 6352 	6390 	6494
f 6236 	6378 	6399
f 6390 	6352 	6356
f 6369 	6388 	6374
f 6378 	6381 	6399
f 6404 	6399 	6381
f 6390 	6356 	6351
f 6376 	6436 	6296
f 5008 	6389 	6388
f 6421 	6381 	6423
f 6397 	6592 	6395
f 6385 	6389 	6466
f 6389 	5006 	6466
f 6330 	6398 	6403
f 6391 	6402 	6392
f 6337 	6236 	6415
f 4560 	4564 	6466
f 6400 	6402 	6391
f 6403 	6333 	6330
f 6368 	6333 	6403
f 6736 	6734 	4680
f 6393 	6392 	6507
f 6283 	6405 	6262
f 6507 	6510 	6393
f 6381 	6421 	6404
f 6393 	6510 	6394
f 6399 	6414 	6415
f 6395 	6474 	6371
f 6395 	6371 	6373
f 6399 	6415 	6236
f 6395 	6373 	6397
f 6404 	6417 	6399
f 6397 	6409 	6401
f 6397 	6373 	6409
f 6396 	6408 	6412
f 6259 	6401 	6409
f 6411 	6413 	6410
f 6409 	6419 	6268
f 6396 	6412 	6398
f 6398 	6370 	6403
f 6259 	6409 	6268
f 6411 	6422 	6413
f 6259 	6405 	6401
f 6414 	6399 	6417
f 6412 	6370 	6398
f 6405 	6259 	6262
f 6417 	6404 	6418
f 6403 	6370 	6372
f 6373 	6380 	6419
f 6420 	6418 	6404
f 6403 	6372 	6368
f 6380 	6303 	6419
f 6404 	6421 	6420
f 1204 	6422 	6411
f 6419 	6409 	6373
f 6414 	6417 	3531
f 6535 	6407 	6406
f 6426 	6408 	6407
f 6419 	6303 	6217
f 6335 	3531 	6334
f 6419 	6217 	6268
f 6426 	6412 	6408
f 6414 	3531 	6415
f 6418 	3531 	6417
f 6337 	6415 	3531
f 6418 	6420 	3531
f 6420 	6421 	3531
f 6428 	6412 	6426
f 6428 	6430 	6412
f 6413 	6424 	6410
f 6413 	6524 	6424
f 6421 	6423 	3531
f 6429 	6352 	6494
f 6412 	6430 	6370
f 6370 	6433 	6372
f 6324 	6352 	6429
f 6370 	6430 	6433
f 6372 	6436 	6376
f 6410 	6424 	6432
f 6372 	6433 	6436
f 6429 	6427 	6437
f 6427 	6435 	6437
f 6450 	3533 	6423
f 6429 	6437 	6324
f 6438 	6437 	6435
f 6437 	6328 	6324
f 6437 	6438 	6328
f 6416 	1192 	1188
f 6379 	6416 	1188
f 6449 	6426 	6425
f 6435 	6462 	6438
f 6392 	6379 	6375
f 6416 	6379 	6393
f 6438 	6439 	6328
f 6327 	6328 	6439
f 6392 	6393 	6379
f 6393 	6394 	6416
f 6327 	6439 	6043
f 6416 	6394 	1201
f 3531 	6423 	3533
f 6441 	1218 	1201
f 6318 	6296 	6436
f 6441 	1201 	6394
f 6450 	3537 	3533
f 6439 	6438 	6462
f 6498 	6440 	6447
f 6117 	6439 	6467
f 6442 	6447 	6443
f 6443 	6431 	6444
f 6447 	6431 	6443
f 6439 	6117 	6043
f 6450 	6423 	6381
f 6426 	6449 	6428
f 6381 	6454 	6450
f 6453 	6428 	6449
f 6450 	6454 	3537
f 6309 	6433 	6430
f 6434 	6431 	6447
f 6440 	6434 	6447
f 6422 	6481 	6413
f 6309 	6430 	6457
f 6424 	6484 	6459
f 6451 	6463 	6455
f 6428 	6453 	6457
f 6460 	6463 	6451
f 6452 	6456 	6435
f 6428 	6457 	6430
f 6452 	6435 	6427
f 6459 	6583 	6572
f 6572 	6432 	6459
f 6460 	6451 	6277
f 6314 	6433 	6309
f 6277 	6281 	6460
f 6456 	6462 	6435
f 6433 	6314 	6436
f 6432 	6424 	6459
f 6456 	6461 	6462
f 6381 	6387 	6454
f 6454 	6387 	6464
f 6470 	6455 	6463
f 3537 	6454 	6464
f 6385 	6466 	6422
f 6478 	6422 	6466
f 6465 	6467 	6461
f 6463 	6475 	6470
f 6465 	6172 	6467
f 6461 	6467 	6462
f 6464 	3648 	3537
f 6464 	8317 	3648
f 6295 	6460 	6281
f 3648 	8318 	202
f 6467 	6439 	6462
f 6463 	6472 	6475
f 6455 	6470 	6458
f 6468 	6459 	6484
f 6465 	6168 	6172
f 6470 	6487 	6458
f 6463 	6460 	6472
f 6546 	6471 	6445
f 5240 	9785 	9794
f 6472 	6460 	6295
f 6472 	6634 	6475
f 6470 	6477 	6487
f 6475 	6477 	6470
f 4294 	4286 	9515
f 6473 	6476 	6479
f 6480 	6422 	6478
f 6535 	6446 	6448
f 6476 	6486 	6479
f 6631 	6472 	6295
f 6448 	6449 	6425
f 6476 	6485 	6486
f 6473 	6479 	6474
f 6472 	6631 	6634
f 6371 	6474 	6479
f 6479 	6377 	6371
f 6480 	6481 	6422
f 6542 	6540 	6484
f 6524 	6525 	6424
f 6377 	6479 	6486
f 6489 	2853 	2255
f 6492 	6485 	6514
f 6485 	6492 	6494
f 6482 	6493 	6483
f 6487 	6477 	6496
f 6482 	6659 	6493
f 6487 	6496 	6488
f 6485 	6494 	6486
f 6493 	6498 	6483
f 6486 	6390 	6377
f 6488 	6497 	6490
f 6390 	6486 	6494
f 6495 	6513 	6499
f 6496 	6497 	6488
f 6509 	6513 	6495
f 6490 	6497 	6666
f 6483 	6498 	6442
f 6498 	6447 	6442
f 6494 	6492 	6429
f 6466 	4564 	6478
f 6491 	6489 	6504
f 6427 	6429 	6492
f 6480 	4564 	6481
f 6504 	6489 	2255
f 6493 	6501 	6498
f 6509 	6495 	6491
f 4564 	6480 	6478
f 6500 	6501 	6493
f 6440 	6498 	6501
f 6672 	6497 	6496
f 6506 	6413 	6505
f 6524 	6413 	6506
f 3834 	6440 	6501
f 3832 	3834 	6501
f 6392 	6402 	6507
f 6413 	6508 	6505
f 6508 	6413 	6481
f 6504 	6509 	6491
f 6458 	6507 	6402
f 6507 	6523 	6510
f 6458 	6523 	6507
f 6441 	6394 	6512
f 6484 	6424 	6525
f 3854 	3832 	6500
f 6502 	6514 	6503
f 6394 	6510 	6512
f 6502 	6511 	6514
f 6501 	6500 	3832
f 6525 	6530 	6484
f 6503 	6485 	6476
f 6484 	6544 	6542
f 6503 	6514 	6485
f 6400 	6271 	6451
f 2255 	6515 	6504
f 2255 	2265 	6515
f 6451 	6455 	6400
f 6515 	6519 	6504
f 6511 	6518 	6514
f 6516 	6468 	6551
f 6400 	6455 	6402
f 6517 	6518 	6511
f 6492 	6514 	6518
f 6508 	6481 	4567
f 6506 	6505 	4567
f 6505 	6508 	4567
f 4564 	4567 	6481
f 6504 	6519 	6509
f 6455 	6458 	6402
f 6519 	6522 	6509
f 6510 	6526 	6512
f 6509 	6522 	6513
f 6517 	6452 	6518
f 6523 	6526 	6510
f 6517 	9039 	6452
f 6526 	6528 	6512
f 6427 	6492 	6518
f 6468 	6484 	6540
f 6518 	6452 	6427
f 6551 	6553 	6516
f 6544 	6484 	6530
f 6458 	6487 	6523
f 6523 	6488 	6526
f 6487 	6488 	6523
f 6539 	6543 	6519
f 6529 	6532 	6533
f 6490 	6528 	6526
f 6488 	6490 	6526
f 6525 	6524 	4572
f 6524 	6506 	4572
f 4567 	4572 	6506
f 6528 	6490 	6536
f 6280 	6532 	6534
f 6536 	6490 	6666
f 2265 	6537 	6515
f 6425 	6407 	6535
f 6530 	6525 	4572
f 6280 	6533 	6532
f 2265 	2317 	6537
f 6425 	6426 	6407
f 6515 	6537 	6539
f 6280 	6238 	6533
f 6537 	6552 	6539
f 6540 	6541 	6468
f 6446 	6535 	6531
f 6515 	6539 	6519
f 6668 	6840 	6538
f 6535 	6448 	6425
f 6519 	6543 	6522
f 6668 	6538 	6536
f 6541 	6540 	4576
f 6540 	6542 	4576
f 6542 	6544 	4576
f 6546 	6531 	6675
f 4572 	4576 	6530
f 2317 	2326 	6548
f 6544 	6530 	4576
f 6548 	6537 	2317
f 6551 	6468 	6541
f 6545 	6549 	6555
f 6548 	6552 	6537
f 6552 	6556 	6539
f 6545 	6555 	6547
f 4576 	4583 	6541
f 6588 	6595 	6552
f 6551 	6541 	4583
f 6552 	6595 	6556
f 6539 	6556 	6543
f 6529 	6547 	6555
f 6725 	6553 	4583
f 6557 	1223 	6554
f 6527 	6444 	6558
f 6549 	6561 	6555
f 6602 	6558 	6520
f 7813 	7810 	6558
f 6561 	6549 	6559
f 6445 	6531 	6546
f 6561 	6532 	6555
f 6550 	6441 	6562
f 6446 	6531 	6445
f 6483 	6442 	6638
f 6555 	6532 	6529
f 6562 	6441 	6512
f 6521 	6443 	6527
f 6562 	6565 	6550
f 6442 	6443 	6521
f 6550 	6565 	6554
f 6443 	6444 	6527
f 6559 	6564 	6568
f 6567 	6711 	6566
f 6557 	6554 	6586
f 6554 	6565 	6586
f 6561 	6559 	6568
f 6561 	6534 	6532
f 6591 	6560 	6557
f 6561 	6568 	6534
f 6591 	6597 	6560
f 6592 	6397 	6594
f 6572 	6583 	6570
f 6512 	6528 	6562
f 6397 	6401 	6594
f 6571 	6582 	6575
f 6401 	6564 	6594
f 6571 	6579 	6582
f 6568 	6564 	6405
f 6401 	6405 	6564
f 1220 	6550 	6554
f 6568 	6405 	6283
f 6554 	1223 	1220
f 6534 	6568 	6283
f 1223 	6557 	1566
f 6548 	6588 	6552
f 6569 	7831 	7833
f 6557 	6560 	1566
f 6580 	6576 	6570
f 7833 	6573 	6569
f 6570 	6583 	6580
f 6560 	1568 	1566
f 6584 	2326 	2361
f 6573 	6469 	6574
f 6584 	6548 	2326
f 6471 	6546 	6574
f 6574 	6469 	6471
f 6575 	6582 	6587
f 6584 	6588 	6548
f 6591 	6557 	6586
f 6578 	6592 	6581
f 6578 	6589 	6592
f 6575 	6587 	6577
f 6594 	6585 	6581
f 6587 	7822 	6577
f 6594 	6581 	6592
f 6588 	6604 	6595
f 6585 	6594 	6564
f 6396 	6358 	6596
f 6408 	6396 	6596
f 6598 	6584 	2361
f 6585 	6564 	6559
f 2361 	2371 	6598
f 6598 	6601 	6584
f 6589 	6474 	6395
f 6600 	6602 	6579
f 6589 	6395 	6592
f 6600 	6527 	6602
f 6584 	6601 	6588
f 6562 	6603 	6565
f 6601 	6604 	6588
f 6579 	6602 	6582
f 6528 	6603 	6562
f 6603 	6606 	6565
f 6587 	6582 	6520
f 6520 	6582 	6602
f 6603 	6538 	6606
f 6406 	6593 	6590
f 6598 	7425 	6601
f 6586 	6565 	6606
f 6406 	6590 	6607
f 7426 	6601 	7425
f 6586 	6609 	6591
f 6593 	6406 	6407
f 7427 	6604 	6601
f 6593 	6407 	6596
f 6606 	6609 	6586
f 6609 	6922 	6591
f 6600 	6521 	6527
f 6596 	6407 	6408
f 6527 	6558 	6602
f 6597 	6591 	6922
f 6607 	6535 	6406
f 6571 	6799 	6611
f 6611 	6579 	6571
f 6611 	6620 	6579
f 6597 	6926 	6599
f 6605 	6613 	6617
f 2536 	2395 	6616
f 6603 	6528 	6536
f 6605 	6617 	6608
f 6608 	6617 	6622
f 6536 	6538 	6603
f 6608 	6622 	6610
f 6610 	6549 	6545
f 6610 	6622 	6549
f 6625 	6628 	6615
f 6613 	6578 	6581
f 2395 	2440 	6616
f 6560 	6629 	1568
f 6617 	6613 	6581
f 6560 	6597 	6629
f 6622 	6617 	6585
f 6628 	6620 	6615
f 6583 	6642 	6580
f 6617 	6581 	6585
f 6622 	6559 	6549
f 6636 	6640 	6619
f 6628 	6600 	6620
f 6597 	6599 	6629
f 6583 	6468 	6642
f 6622 	6585 	6559
f 6619 	6640 	6621
f 6621 	6644 	6624
f 6631 	6295 	6311
f 6640 	6644 	6621
f 6620 	6600 	6579
f 6644 	6649 	6624
f 6624 	6649 	6627
f 6636 	6616 	2440
f 6580 	6632 	6576
f 6475 	6637 	6477
f 6651 	6636 	2440
f 6739 	6608 	6630
f 6475 	6634 	6637
f 6616 	6636 	6619
f 6635 	6638 	6625
f 6630 	6610 	6633
f 6496 	6477 	6639
f 6608 	6610 	6630
f 6637 	6639 	6477
f 6610 	6545 	6633
f 6636 	6652 	6640
f 6651 	6652 	6636
f 6628 	6625 	6638
f 6631 	6311 	6641
f 6631 	6645 	6634
f 6628 	6638 	6521
f 6641 	6645 	6631
f 6648 	6637 	6634
f 6583 	6459 	6468
f 6516 	6642 	6468
f 6655 	6656 	6644
f 6638 	6442 	6521
f 6643 	6646 	6647
f 6644 	6656 	6649
f 6612 	6626 	6590
f 6679 	6647 	6473
f 6645 	6648 	6634
f 6600 	6628 	6521
f 6648 	6650 	6637
f 6626 	6607 	6590
f 6612 	6590 	6614
f 2440 	2406 	6651
f 6637 	6650 	6639
f 6679 	6473 	6681
f 6614 	6593 	6355
f 6483 	6638 	6635
f 6614 	6590 	6593
f 6635 	6482 	6483
f 6650 	6653 	6639
f 6580 	6642 	6654
f 6640 	6655 	6644
f 6593 	6596 	6355
f 6329 	6348 	6641
f 6652 	6655 	6640
f 6646 	6502 	6503
f 6684 	6654 	6642
f 6503 	6647 	6646
f 6635 	6732 	6482
f 6647 	6476 	6473
f 6647 	6503 	6476
f 6632 	6580 	6654
f 6482 	6680 	6659
f 6675 	6626 	6623
f 6675 	6607 	6626
f 6613 	6605 	6658
f 6651 	6906 	6652
f 6657 	6663 	6659
f 6752 	6756 	6653
f 6661 	6663 	6657
f 6659 	6663 	6500
f 6632 	6654 	6660
f 6497 	6674 	6666
f 6659 	6500 	6493
f 6668 	6536 	6666
f 6613 	6658 	6667
f 3881 	3925 	6710
f 6672 	6496 	6639
f 6710 	3925 	6661
f 6639 	6653 	6672
f 6665 	6673 	6667
f 6661 	3925 	3931
f 6618 	6671 	6623
f 6661 	3931 	6663
f 6665 	6670 	6673
f 6497 	6672 	6674
f 3854 	6500 	6663
f 6667 	6673 	6578
f 6671 	6675 	6623
f 6663 	3931 	3854
f 6672 	6776 	6674
f 6667 	6578 	6613
f 6674 	6678 	6666
f 6676 	6680 	6728
f 6670 	6681 	6673
f 6666 	6678 	6668
f 6657 	6680 	6676
f 6678 	6683 	6668
f 6684 	6689 	6654
f 6735 	6734 	6684
f 6653 	6776 	6672
f 6642 	6516 	6684
f 6685 	6699 	6686
f 6662 	6711 	6567
f 6696 	6699 	6685
f 6569 	6662 	6567
f 6676 	6706 	6657
f 6662 	6569 	6664
f 6843 	6687 	6688
f 6659 	6680 	6657
f 6569 	6573 	6664
f 6669 	6664 	6573
f 6706 	6661 	6657
f 6669 	6574 	6671
f 6689 	6687 	6660
f 6706 	6710 	6661
f 6660 	6654 	6689
f 6689 	6700 	6687
f 6688 	6687 	6700
f 6641 	6348 	6690
f 6669 	6573 	6574
f 6546 	6671 	6574
f 6677 	6694 	6682
f 6671 	6546 	6675
f 6677 	6691 	6694
f 6694 	6696 	6682
f 6670 	6679 	6681
f 6531 	6607 	6675
f 6676 	6724 	6695
f 6684 	6516 	6726
f 6725 	6726 	6516
f 6681 	6589 	6673
f 6531 	6535 	6607
f 6682 	6696 	6685
f 6681 	6474 	6589
f 6695 	6702 	6706
f 6673 	6589 	6578
f 6697 	6688 	6747
f 6700 	6747 	6688
f 7570 	6698 	6701
f 6692 	6979 	6702
f 6689 	6684 	6704
f 6681 	6473 	6474
f 6692 	6702 	6695
f 6704 	6700 	6689
f 6676 	6695 	6706
f 6704 	6741 	6700
f 6708 	6702 	6979
f 6702 	6710 	6706
f 6702 	6708 	6710
f 6691 	6737 	6694
f 6705 	6709 	6670
f 6694 	6738 	6696
f 6705 	6670 	6665
f 6709 	6679 	6670
f 3881 	6710 	6708
f 6709 	6643 	6679
f 6643 	6647 	6679
f 6698 	6662 	6664
f 6698 	6664 	6701
f 6618 	6701 	6669
f 6744 	6766 	6704
f 6741 	6747 	6700
f 6664 	6669 	6701
f 6735 	6684 	6726
f 6618 	6669 	6671
f 6704 	6736 	6744
f 6699 	6721 	6686
f 6686 	6721 	6713
f 6714 	6625 	6615
f 6553 	6725 	6516
f 6707 	6703 	6563
f 6720 	6625 	6714
f 6713 	6722 	6716
f 6566 	6711 	6707
f 6721 	6722 	6713
f 6707 	6563 	6566
f 6722 	6727 	6716
f 6361 	6690 	6348
f 6690 	6361 	6729
f 6361 	7058 	6729
f 6690 	6729 	6693
f 6716 	6727 	6719
f 6553 	6551 	4583
f 6740 	6782 	1650
f 6730 	6740 	1650
f 6730 	1650 	5895
f 6724 	6728 	6884
f 6699 	6791 	6721
f 6726 	6725 	4583
f 6693 	6731 	6723
f 6728 	6732 	6717
f 6721 	6879 	6722
f 6729 	6731 	6693
f 6704 	6684 	6734
f 6723 	6731 	7414
f 6717 	6732 	6720
f 6882 	6727 	6722
f 6635 	6625 	6720
f 6734 	6736 	6704
f 6732 	6635 	6720
f 2526 	2536 	6737
f 5895 	5888 	6730
f 6734 	6735 	4680
f 4583 	4680 	6726
f 6735 	6726 	4680
f 6605 	6739 	6718
f 6724 	6676 	6728
f 6732 	6728 	6680
f 6732 	6680 	6482
f 6712 	6743 	6715
f 6741 	6704 	6766
f 6742 	6743 	6712
f 7840 	2390 	2117
f 6743 	6658 	6715
f 6945 	7837 	2117
f 6658 	6718 	6715
f 7840 	2117 	7837
f 6697 	6748 	6745
f 6690 	6645 	6641
f 6718 	6658 	6605
f 6747 	6748 	6697
f 6748 	6749 	6745
f 6690 	6693 	6645
f 6605 	6608 	6739
f 6645 	6693 	6648
f 6648 	6723 	6650
f 6743 	6742 	6665
f 6693 	6723 	6648
f 6742 	6705 	6665
f 6750 	5983 	6746
f 6743 	6667 	6658
f 6749 	6792 	6947
f 6650 	6752 	6653
f 6743 	6665 	6667
f 6650 	6723 	6752
f 5918 	6750 	6757
f 6759 	6751 	6785
f 6773 	6772 	6747
f 6747 	6772 	6748
f 6756 	6761 	6776
f 6741 	6765 	6747
f 6751 	6759 	6762
f 6757 	5888 	5918
f 6759 	6575 	6762
f 6751 	6762 	6753
f 1649 	1650 	6782
f 6753 	6764 	6755
f 6753 	6762 	6764
f 6752 	6723 	7414
f 6744 	6736 	4680
f 5888 	6757 	6730
f 6766 	6768 	6741
f 6757 	6740 	6730
f 6756 	7418 	6761
f 6758 	6754 	6767
f 6741 	6768 	6765
f 6759 	6571 	6575
f 6754 	7097 	6767
f 6758 	6767 	6770
f 1197 	6767 	7097
f 6746 	6769 	6771
f 6764 	6762 	6577
f 6762 	6575 	6577
f 6758 	6770 	6760
f 6750 	6746 	6771
f 6760 	6770 	6774
f 6773 	6747 	6765
f 6796 	6748 	6777
f 6772 	6777 	6748
f 6796 	6797 	6748
f 6760 	6774 	6763
f 6674 	6779 	6678
f 6750 	6778 	6757
f 6674 	6776 	6779
f 6808 	6949 	6947
f 6778 	6750 	6771
f 6779 	6781 	6678
f 6770 	6767 	1199
f 1649 	6782 	6783
f 6784 	1649 	6783
f 4680 	4683 	6744
f 6765 	6768 	4683
f 6779 	6816 	6781
f 6770 	1125 	6774
f 1818 	6780 	6785
f 6770 	1199 	1125
f 6678 	6781 	6683
f 6774 	1125 	1150
f 6766 	6744 	4683
f 6774 	1150 	6806
f 6784 	6783 	6778
f 6834 	6763 	6787
f 6800 	6738 	6737
f 6757 	6778 	6783
f 6738 	6803 	6788
f 6800 	6803 	6738
f 6773 	4683 	6772
f 6765 	4683 	6773
f 6768 	6766 	4683
f 4683 	6777 	6772
f 6788 	6791 	6699
f 6801 	6947 	6792
f 6784 	6778 	6819
f 6789 	6793 	6920
f 6775 	6794 	6780
f 6879 	6721 	6791
f 6749 	6748 	6797
f 6749 	6798 	6792
f 6775 	6790 	6794
f 6798 	6749 	6797
f 6795 	7105 	6786
f 6780 	6794 	6799
f 2536 	6800 	6737
f 6947 	6801 	6802
f 6802 	6808 	6947
f 6780 	6799 	6785
f 6781 	6807 	6683
f 6782 	6740 	6757
f 6783 	6782 	6757
f 6785 	6799 	6759
f 6790 	6827 	6804
f 1180 	6789 	6787
f 6771 	6769 	6894
f 6789 	1136 	6793
f 6790 	6804 	6805
f 6653 	6756 	6776
f 6793 	1140 	6795
f 6771 	6815 	6778
f 6804 	6615 	6805
f 1136 	1140 	6793
f 6819 	1649 	6784
f 6792 	6798 	4685
f 6761 	6779 	6776
f 1140 	1567 	6795
f 6805 	6794 	6790
f 6795 	1567 	7105
f 6796 	4685 	6797
f 4683 	4685 	6777
f 6796 	6777 	4685
f 6787 	6763 	6806
f 6797 	4685 	6798
f 6794 	6611 	6799
f 6763 	6774 	6806
f 6806 	1180 	6787
f 6792 	4685 	6801
f 6802 	6801 	4685
f 6781 	6818 	6807
f 6794 	6805 	6611
f 6806 	1153 	1180
f 6865 	6683 	6807
f 1180 	1136 	6789
f 6571 	6759 	6799
f 6807 	6810 	6865
f 6808 	6802 	4688
f 4685 	4688 	6802
f 6808 	4688 	6809
f 6611 	6805 	6620
f 6805 	6615 	6620
f 2126 	1793 	6814
f 6814 	2127 	2126
f 6816 	6779 	6761
f 6775 	2129 	2127
f 6811 	6817 	6813
f 6775 	2127 	6814
f 6818 	6781 	6816
f 6862 	6817 	6811
f 6868 	6871 	1648
f 6844 	6845 	1648
f 2129 	6775 	6780
f 6844 	1649 	6819
f 1648 	1649 	6844
f 6812 	6810 	7522
f 1793 	6827 	6814
f 6814 	6827 	6790
f 6814 	6790 	6775
f 6803 	6822 	6791
f 6791 	6788 	6803
f 6576 	6632 	6823
f 6823 	6632 	6839
f 6821 	6819 	6778
f 6828 	6606 	6538
f 6538 	6840 	6828
f 1793 	6825 	6827
f 6609 	6606 	6828
f 6820 	6833 	6824
f 6832 	6609 	6828
f 6848 	6830 	6839
f 6823 	6839 	6830
f 6845 	6868 	1648
f 6824 	6834 	6826
f 6833 	6834 	6824
f 6834 	6837 	6826
f 6821 	6778 	6815
f 6825 	6835 	6838
f 6826 	6837 	6829
f 6825 	6838 	6827
f 6841 	6843 	6851
f 6828 	6842 	6832
f 6804 	6827 	6838
f 6840 	6842 	6828
f 6839 	6660 	6841
f 6632 	6660 	6839
f 6660 	6687 	6841
f 6841 	6687 	6843
f 6835 	6831 	6846
f 6835 	6847 	6838
f 6821 	6845 	6844
f 6787 	6837 	6834
f 6844 	6819 	6821
f 6830 	6848 	6861
f 6668 	6683 	6840
f 6846 	6847 	6835
f 6851 	6849 	6863
f 6838 	6847 	6714
f 6863 	6848 	6851
f 6842 	6855 	6832
f 6852 	6853 	7026
f 6832 	6855 	6836
f 5795 	5803 	6856
f 1333 	1335 	5044
f 6838 	6714 	6804
f 6850 	6997 	6854
f 6714 	6615 	6804
f 6848 	6841 	6851
f 6839 	6841 	6848
f 6856 	6852 	5795
f 6856 	6858 	6852
f 6849 	6851 	6843
f 6857 	6836 	6855
f 6846 	6717 	6847
f 6870 	6857 	6855
f 6852 	6858 	6853
f 6847 	6720 	6714
f 6853 	6862 	6811
f 6858 	6862 	6853
f 6717 	6720 	6847
f 6815 	6860 	6821
f 6865 	6840 	6683
f 6884 	6728 	6717
f 6840 	6865 	6842
f 6815 	6854 	6860
f 6848 	6863 	6861
f 6820 	6824 	6856
f 6855 	6842 	6866
f 6849 	6864 	6863
f 6856 	6824 	6858
f 6858 	6826 	6862
f 6865 	6866 	6842
f 6824 	6826 	6858
f 6866 	6870 	6855
f 6829 	6817 	6862
f 6845 	6821 	6868
f 6826 	6829 	6862
f 6820 	6856 	5803
f 5815 	6820 	5803
f 1646 	1645 	6022
f 6867 	6869 	6872
f 1645 	1648 	6871
f 6876 	5815 	6874
f 6022 	6871 	6860
f 6022 	6860 	6023
f 6849 	6843 	6875
f 6867 	6872 	6831
f 6616 	6800 	2536
f 6872 	6846 	6831
f 5815 	6876 	6820
f 6868 	6821 	6871
f 6860 	6871 	6821
f 6800 	6619 	6803
f 6833 	6820 	6876
f 6616 	6619 	6800
f 5820 	5905 	6754
f 6803 	6619 	6822
f 6874 	5820 	6754
f 6621 	6822 	6619
f 6876 	6874 	6758
f 6621 	6624 	6822
f 6874 	6754 	6758
f 6758 	6760 	6876
f 6688 	6875 	6843
f 6878 	6880 	6869
f 6833 	6876 	6760
f 6833 	6763 	6834
f 6878 	6893 	6880
f 6760 	6763 	6833
f 6688 	6697 	6875
f 6722 	6879 	6882
f 6869 	6880 	6872
f 6880 	6884 	6872
f 6883 	6887 	6898
f 6822 	6888 	6791
f 6872 	6884 	6846
f 6877 	6887 	6883
f 6884 	6717 	6846
f 6791 	6888 	6879
f 6888 	6892 	6879
f 6896 	6886 	6881
f 6857 	6873 	6859
f 6896 	6900 	6886
f 6886 	6900 	6890
f 6849 	6875 	6883
f 6879 	6892 	6882
f 6870 	6873 	6857
f 6769 	6889 	6894
f 6888 	6822 	6624
f 6875 	6877 	6883
f 6771 	6894 	6815
f 6888 	6627 	6892
f 6813 	6817 	6895
f 6624 	6627 	6888
f 6895 	6881 	6813
f 6815 	6894 	6854
f 2526 	6691 	2508
f 2526 	6737 	6691
f 6896 	6881 	6895
f 6893 	6878 	7035
f 6905 	6896 	6895
f 6896 	6908 	6900
f 6902 	6885 	6897
f 6849 	6883 	6864
f 6880 	6893 	6724
f 6905 	6908 	6896
f 6738 	6694 	6737
f 6738 	6788 	6696
f 6883 	6898 	6864
f 6893 	6695 	6724
f 6699 	6696 	6788
f 6902 	6889 	6885
f 6898 	6887 	6899
f 6889 	6902 	6850
f 6880 	6724 	6884
f 6901 	6899 	6891
f 6887 	6891 	6899
f 6817 	6903 	6895
f 6903 	6817 	6829
f 6904 	2406 	2839
f 6903 	6905 	6895
f 2839 	6489 	6904
f 6889 	6850 	6894
f 7035 	6692 	6893
f 2406 	6904 	6651
f 6854 	6894 	6850
f 6903 	6927 	6905
f 6904 	6906 	6651
f 6906 	6907 	6652
f 6655 	6652 	6907
f 6810 	6866 	6865
f 6907 	6909 	6655
f 6908 	7125 	6900
f 6810 	6812 	6866
f 6866 	6812 	6870
f 6870 	7814 	6873
f 6655 	6909 	6656
f 6910 	5975 	6002
f 6002 	7020 	6910
f 6893 	6692 	6695
f 6489 	6491 	6904
f 6910 	6925 	6913
f 1837 	1794 	6914
f 6491 	6906 	6904
f 1794 	6831 	6914
f 6495 	6907 	6906
f 6491 	6495 	6906
f 6495 	6499 	6907
f 6916 	6952 	6859
f 1838 	6914 	6825
f 6907 	6499 	6909
f 6915 	5977 	6913
f 6914 	6835 	6825
f 6746 	5980 	6915
f 1838 	6825 	1793
f 6769 	6746 	6915
f 6891 	6887 	6929
f 6837 	6920 	6829
f 6875 	6697 	6877
f 6903 	6829 	6920
f 6926 	6597 	6922
f 6697 	6745 	6877
f 6922 	6836 	6926
f 6832 	6836 	6922
f 6927 	6903 	6920
f 6877 	6929 	6887
f 6835 	6914 	6831
f 6913 	6925 	6930
f 6927 	6786 	6905
f 6931 	1807 	1851
f 6929 	6932 	6891
f 1851 	2987 	6931
f 6920 	6793 	6927
f 6934 	2103 	6928
f 6927 	6795 	6786
f 6793 	6795 	6927
f 6931 	6869 	1807
f 6929 	6947 	6932
f 6905 	6786 	6908
f 2987 	7028 	6931
f 6599 	6926 	6933
f 6913 	6930 	6915
f 6931 	6878 	6869
f 6932 	6936 	7010
f 6915 	6930 	6769
f 1794 	1847 	6867
f 6789 	6837 	6787
f 6885 	6930 	6925
f 6932 	6949 	6936
f 6837 	6789 	6920
f 6947 	6949 	6932
f 6930 	6889 	6769
f 1794 	6867 	6831
f 6832 	6922 	6609
f 1807 	6869 	6867
f 2125 	1822 	6941
f 6836 	6944 	6926
f 6925 	6939 	6885
f 6948 	6950 	6938
f 6745 	6929 	6877
f 6926 	6944 	6933
f 6929 	6745 	6947
f 6889 	6930 	6885
f 6952 	6944 	6859
f 6937 	6936 	6961
f 7022 	6948 	6938
f 6942 	6938 	6950
f 6939 	6897 	6885
f 6942 	6951 	6946
f 6949 	6961 	6936
f 6919 	6918 	6719
f 6941 	1822 	6751
f 6950 	6951 	6942
f 6941 	6753 	6943
f 6937 	7079 	6940
f 6941 	6751 	6753
f 6917 	7410 	6719
f 6944 	6952 	6933
f 6918 	6917 	6719
f 6943 	6755 	6945
f 6749 	6947 	6745
f 6919 	6719 	6921
f 6943 	6753 	6755
f 6933 	6952 	6935
f 6923 	6719 	6924
f 6921 	6719 	6923
f 6928 	6719 	6934
f 6924 	6719 	6928
f 6853 	6811 	6948
f 6941 	2114 	2125
f 6950 	6948 	6811
f 6952 	6953 	6935
f 586 	6958 	6733
f 4909 	6733 	6958
f 6811 	6813 	6950
f 6943 	2116 	2114
f 6950 	6813 	6951
f 2114 	6941 	6943
f 5856 	572 	6733
f 2116 	6943 	2117
f 6813 	6881 	6951
f 6945 	2117 	6943
f 6897 	7094 	7156
f 7079 	6937 	6961
f 6944 	6836 	6857
f 6871 	6022 	1645
f 6944 	6857 	6859
f 2129 	6780 	1818
f 6940 	7099 	6960
f 6968 	6902 	6897
f 1822 	1818 	6785
f 6952 	6916 	6953
f 6967 	7004 	6966
f 6897 	7156 	6968
f 6751 	1822 	6785
f 6022 	6023 	1646
f 3446 	6976 	3451
f 6978 	6902 	6968
f 6629 	6976 	3446
f 6982 	6966 	6981
f 3490 	3451 	6976
f 6954 	6934 	6727
f 6967 	6966 	6982
f 6629 	6599 	6976
f 6708 	6979 	6984
f 7010 	6891 	6932
f 5506 	6983 	7011
f 6719 	6727 	6934
f 6954 	6727 	6956
f 6957 	6956 	6727
f 6983 	5506 	5507
f 6957 	6727 	6959
f 6976 	6985 	3490
f 6967 	6982 	7204
f 6962 	6959 	6727
f 6983 	5507 	6984
f 6976 	6599 	6985
f 6933 	6985 	6599
f 6962 	6727 	6963
f 6965 	6964 	6727
f 3945 	6708 	6984
f 6964 	6963 	6727
f 6966 	6942 	6981
f 3490 	6987 	3492
f 6985 	6987 	3490
f 6969 	6965 	6727
f 3494 	3492 	6996
f 6969 	6727 	6970
f 6971 	6727 	6972
f 6970 	6727 	6971
f 6986 	7065 	7066
f 6972 	6727 	6973
f 6973 	6727 	6974
f 7019 	6960 	6990
f 6974 	6727 	6975
f 6933 	6935 	6985
f 7159 	7161 	6960
f 6990 	6960 	7161
f 6985 	6935 	6987
f 6988 	7002 	6993
f 6978 	6850 	6902
f 6995 	6989 	6988
f 6997 	6850 	6978
f 6995 	6988 	6993
f 6987 	6996 	3492
f 6982 	6981 	6992
f 6989 	6995 	6979
f 3494 	6996 	6998
f 6860 	6854 	6046
f 6854 	6997 	6046
f 6989 	6979 	6692
f 6999 	6987 	6935
f 6049 	6860 	6046
f 6935 	6953 	6999
f 6987 	6999 	6996
f 7011 	6983 	6993
f 6996 	7000 	6998
f 6978 	6968 	7149
f 6946 	6992 	6981
f 6942 	6946 	6981
f 6999 	7000 	6996
f 6993 	6983 	6995
f 6978 	7001 	6997
f 6995 	6984 	6979
f 6995 	6983 	6984
f 6978 	7149 	7001
f 6982 	6992 	6986
f 6975 	6727 	6977
f 6980 	6977 	6727
f 6997 	7001 	6060
f 7001 	6232 	6060
f 6942 	6966 	6938
f 6953 	6955 	6999
f 7004 	7005 	5841
f 6955 	7000 	6999
f 7002 	7003 	6993
f 5844 	7004 	5841
f 7004 	6967 	7005
f 6998 	3514 	3494
f 7008 	7003 	2965
f 6998 	7009 	3514
f 572 	5856 	571
f 1650 	571 	5856
f 7003 	7008 	7011
f 7010 	6911 	6901
f 6901 	6891 	7010
f 586 	6733 	575
f 575 	6733 	572
f 7003 	7011 	6993
f 591 	593 	6958
f 7013 	7014 	6912
f 7015 	7016 	7052
f 6911 	7013 	6912
f 5519 	7011 	7008
f 7013 	6911 	7010
f 5999 	7017 	7020
f 7002 	3028 	2953
f 2953 	7003 	7002
f 6940 	7018 	7014
f 6966 	7004 	6938
f 6677 	6682 	7006
f 7004 	5844 	7022
f 7007 	7006 	6682
f 7022 	6938 	7004
f 7012 	7007 	6685
f 2965 	7024 	7008
f 7024 	5517 	7008
f 7024 	5542 	5517
f 7010 	6936 	7013
f 6682 	6685 	7007
f 7026 	5848 	5850
f 6685 	6686 	7012
f 6936 	6937 	7013
f 7026 	6948 	7022
f 7027 	7029 	6353
f 7013 	6937 	7014
f 7028 	6878 	6931
f 7030 	7017 	8378
f 3155 	2507 	7015
f 6852 	7026 	5850
f 7017 	7033 	7020
f 6937 	6940 	7014
f 6852 	5850 	5795
f 6353 	7029 	6354
f 7015 	2508 	7016
f 7017 	7030 	7033
f 7031 	6988 	7032
f 6960 	7018 	6940
f 6948 	7026 	6853
f 6910 	7020 	7034
f 7029 	7040 	6354
f 6960 	7019 	7018
f 2507 	2508 	7015
f 2996 	7032 	7028
f 7016 	6691 	6677
f 7020 	7033 	7034
f 7028 	7035 	6878
f 2508 	6691 	7016
f 7032 	7035 	7028
f 7034 	6925 	6910
f 7019 	6990 	7021
f 3028 	7002 	7031
f 7036 	6992 	6946
f 6988 	7031 	7002
f 7036 	7049 	7038
f 7023 	7101 	7025
f 7032 	6988 	6989
f 7035 	7032 	6989
f 6354 	7040 	6357
f 7035 	6989 	6692
f 7044 	6357 	7040
f 7045 	7046 	46
f 7042 	7045 	46
f 7030 	7086 	7033
f 6946 	6951 	7047
f 7014 	7041 	6912
f 7014 	7018 	7041
f 2993 	7031 	2996
f 6946 	7047 	7036
f 7042 	7041 	7018
f 2993 	3028 	7031
f 7042 	7019 	7045
f 7018 	7019 	7042
f 7047 	7049 	7036
f 7044 	7048 	6359
f 7019 	7021 	7045
f 7032 	2996 	7031
f 7038 	7050 	7043
f 7049 	7050 	7038
f 7082 	7044 	7040
f 6359 	7048 	6361
f 3275 	3282 	7024
f 7054 	46 	7053
f 7046 	7053 	46
f 6951 	6881 	7047
f 7051 	7015 	7052
f 7056 	46 	7055
f 2965 	3275 	7024
f 6925 	7034 	6939
f 5542 	7024 	3282
f 6881 	6886 	7047
f 7048 	7058 	6361
f 7047 	6886 	7049
f 7037 	7100 	3194
f 6886 	6890 	7049
f 7049 	6890 	7050
f 7054 	7068 	7055
f 7039 	3155 	7051
f 7046 	7045 	7021
f 7061 	7053 	7046
f 7051 	3155 	7015
f 7061 	7046 	7021
f 7061 	7062 	7053
f 7052 	7112 	7051
f 7062 	7054 	7053
f 7055 	7067 	7056
f 7055 	7068 	7067
f 7062 	7068 	7054
f 7048 	7044 	7173
f 7057 	7069 	7241
f 7173 	7174 	7048
f 7070 	7071 	7065
f 7006 	7007 	7129
f 7052 	7016 	7064
f 7064 	6677 	7006
f 7129 	7007 	7084
f 7040 	7029 	7074
f 7065 	6986 	6992
f 7082 	7040 	7074
f 7007 	7012 	7084
f 7056 	7067 	7057
f 7069 	7057 	7067
f 7080 	7081 	7070
f 7072 	7241 	7069
f 6991 	7021 	6990
f 7174 	7185 	7058
f 7016 	6677 	7064
f 7021 	6991 	7061
f 7073 	7083 	7012
f 7066 	7065 	7071
f 6994 	7062 	7061
f 7075 	7074 	7029
f 6994 	7061 	6991
f 7068 	7062 	7091
f 7027 	7075 	7029
f 7027 	7078 	7075
f 7091 	7109 	7068
f 7109 	7067 	7068
f 6686 	7073 	7012
f 7073 	6686 	6713
f 7073 	6713 	7076
f 7071 	7070 	7081
f 7076 	6716 	7077
f 6713 	6716 	7076
f 6716 	6719 	7077
f 7071 	7081 	7060
f 7099 	6940 	7079
f 7333 	7335 	7075
f 6949 	6808 	6809
f 7034 	7033 	7088
f 7060 	7081 	7063
f 6809 	7133 	6949
f 7080 	7143 	7144
f 7080 	7144 	7081
f 7137 	7135 	6961
f 7079 	6961 	7135
f 7034 	7088 	6939
f 7081 	7144 	7063
f 7076 	7085 	7087
f 6994 	7091 	7062
f 7086 	7093 	7088
f 7086 	7092 	7093
f 7065 	6992 	7036
f 7088 	7093 	7094
f 7084 	7012 	7083
f 7036 	7038 	7065
f 7038 	7070 	7065
f 7083 	7073 	7087
f 7080 	7070 	7043
f 7088 	7094 	6939
f 7121 	7069 	7109
f 7038 	7043 	7070
f 6897 	6939 	7094
f 7073 	7076 	7087
f 7130 	7080 	7043
f 7085 	7077 	7090
f 7089 	7382 	7092
f 7077 	7085 	7076
f 7089 	7381 	7382
f 7095 	5903 	5912
f 5905 	7095 	7097
f 7169 	6994 	6991
f 5905 	7097 	6754
f 7091 	6994 	7170
f 7171 	7170 	6994
f 5912 	1194 	7095
f 7169 	7171 	6994
f 5912 	1214 	1194
f 7095 	1195 	7097
f 7096 	3231 	7100
f 13076 	5492 	5498
f 7101 	7023 	7098
f 7095 	1194 	1195
f 7097 	1195 	1197
f 7096 	7100 	7106
f 7158 	6960 	7099
f 6767 	1197 	1199
f 7102 	7030 	7025
f 7037 	7039 	7110
f 7025 	7101 	7102
f 7110 	7039 	7111
f 7086 	7030 	7102
f 6961 	6949 	7133
f 7092 	7086 	7102
f 7100 	3231 	3191
f 6961 	7133 	7137
f 6786 	7104 	6908
f 7033 	7086 	7088
f 3191 	3194 	7100
f 7099 	7079 	7163
f 7105 	7104 	6786
f 7104 	7108 	7103
f 7105 	7108 	7104
f 7098 	7107 	7101
f 7101 	7089 	7102
f 7067 	7109 	7069
f 7101 	7107 	7089
f 1567 	1569 	7105
f 7102 	7089 	7092
f 7069 	7121 	7124
f 1569 	7108 	7105
f 7107 	7381 	7089
f 7167 	7166 	6990
f 7108 	1112 	7103
f 1569 	1112 	7108
f 7134 	7050 	7115
f 7050 	6890 	7115
f 7114 	7131 	7116
f 7114 	7128 	7131
f 7334 	7333 	7078
f 7118 	7115 	6890
f 6890 	6900 	7118
f 7118 	7119 	7115
f 7091 	7191 	7109
f 7115 	7119 	7117
f 7111 	7051 	7112
f 6900 	7125 	7118
f 7118 	7127 	7119
f 7052 	7113 	7112
f 7125 	7127 	7118
f 7052 	7064 	7113
f 7125 	6908 	7104
f 7197 	7124 	7196
f 7125 	7103 	7127
f 7058 	7048 	7174
f 7104 	7103 	7125
f 7064 	7120 	7113
f 7159 	6960 	7158
f 7006 	7129 	7120
f 7064 	7006 	7120
f 7043 	7050 	7134
f 7110 	7106 	7037
f 7116 	7131 	7136
f 7100 	7037 	7106
f 7134 	7130 	7043
f 7130 	7138 	7132
f 7044 	7082 	7173
f 7134 	7138 	7130
f 7079 	7135 	7139
f 7136 	7098 	7116
f 7079 	7139 	7140
f 7163 	7079 	7140
f 7136 	7107 	7098
f 7134 	7117 	7138
f 7115 	7117 	7134
f 7111 	7039 	7051
f 6991 	6990 	7166
f 7122 	7059 	7182
f 7141 	7152 	7142
f 7151 	7152 	7143
f 7145 	7147 	7177
f 7172 	7091 	7170
f 7130 	7132 	7143
f 7149 	6968 	7148
f 7144 	7141 	7063
f 7144 	7143 	7152
f 7194 	7196 	7121
f 7121 	7196 	7124
f 7143 	7132 	7151
f 7187 	7149 	7148
f 7149 	7187 	6231
f 7149 	6231 	7001
f 7144 	7152 	7141
f 7001 	6231 	6232
f 7075 	7078 	7333
f 4688 	7133 	6809
f 7094 	7154 	7156
f 7074 	7075 	7335
f 7150 	7147 	3258
f 7140 	7139 	4688
f 7137 	4688 	7135
f 7133 	4688 	7137
f 7143 	7080 	7130
f 7135 	4688 	7139
f 7158 	7099 	7164
f 7167 	6990 	7161
f 7164 	7099 	7163
f 7154 	7162 	7165
f 7146 	3248 	3251
f 7145 	7146 	3251
f 6991 	7166 	7168
f 3251 	3255 	7145
f 7346 	7185 	7348
f 6991 	7168 	7169
f 7154 	7165 	7156
f 7147 	7145 	3255
f 7156 	7165 	7148
f 7147 	3255 	3258
f 7156 	7148 	6968
f 7335 	7082 	7074
f 7150 	3221 	7153
f 7109 	7195 	7121
f 7155 	7153 	3225
f 7153 	3221 	3225
f 7155 	3225 	3231
f 7155 	3231 	7096
f 7176 	1316 	7175
f 7173 	7082 	7338
f 7165 	7184 	7148
f 7159 	4776 	7161
f 7158 	4776 	7159
f 7164 	4776 	7158
f 7183 	7165 	7162
f 7164 	7163 	4776
f 4688 	4776 	7140
f 7147 	7175 	7177
f 7175 	7147 	7150
f 7184 	7165 	7183
f 7163 	7140 	4776
f 7185 	7182 	7059
f 7176 	7175 	7150
f 7148 	7184 	7187
f 7178 	7155 	7179
f 7161 	4776 	7167
f 7166 	7167 	4776
f 7178 	7176 	7153
f 7176 	7150 	7153
f 7178 	7153 	7155
f 7184 	6239 	7187
f 7172 	7170 	4776
f 7168 	7166 	4776
f 6239 	6231 	7187
f 7059 	7058 	7185
f 7106 	7180 	7096
f 7179 	7096 	7180
f 7171 	4776 	7170
f 7171 	7169 	4776
f 7168 	4776 	7169
f 7179 	7155 	7096
f 7172 	7191 	7091
f 7192 	7109 	7191
f 7189 	7207 	7193
f 7194 	7121 	7195
f 7206 	7207 	7189
f 7192 	7195 	7109
f 7110 	7216 	7106
f 7184 	7208 	6239
f 7111 	7112 	7218
f 7345 	7344 	7182
f 7346 	7345 	7185
f 7202 	7186 	6206
f 4776 	4781 	7172
f 6206 	6211 	7202
f 7202 	7204 	7186
f 7348 	7185 	7174
f 7202 	6967 	7204
f 7192 	7191 	4781
f 7172 	4781 	7191
f 7195 	4781 	7194
f 7192 	4781 	7195
f 7186 	7204 	7188
f 7188 	7206 	7189
f 7194 	4781 	7196
f 7197 	7196 	4781
f 7204 	7206 	7188
f 7174 	7338 	7348
f 7338 	7174 	7173
f 7320 	7319 	4784
f 7183 	7205 	7208
f 7325 	7320 	4786
f 7226 	7083 	7227
f 7438 	7122 	7181
f 7331 	4786 	4907
f 7205 	6257 	7208
f 7122 	7182 	7181
f 7183 	7208 	7184
f 7083 	7226 	7084
f 7225 	7084 	7226
f 7129 	7084 	7225
f 7005 	6967 	7202
f 7199 	7085 	7200
f 7087 	7085 	7199
f 7227 	7083 	7087
f 7203 	7198 	7213
f 7085 	7090 	7200
f 7205 	7203 	7215
f 7200 	7090 	7201
f 7203 	7213 	7215
f 6257 	7205 	7215
f 11416 	11405 	6345
f 5477 	10384 	42
f 5477 	5480 	10384
f 7351 	7214 	7212
f 7216 	7110 	7217
f 6239 	7208 	6258
f 7217 	7111 	7218
f 7208 	6257 	6258
f 7215 	7213 	6614
f 6355 	6257 	7215
f 6355 	7215 	6614
f 7120 	7221 	7220
f 7181 	7190 	7438
f 7204 	6982 	7206
f 7218 	7112 	7219
f 7219 	7113 	7220
f 7206 	6986 	7207
f 6982 	6986 	7206
f 7157 	7223 	7224
f 6986 	7066 	7207
f 7223 	7198 	7224
f 7364 	7352 	7214
f 7224 	7160 	7157
f 7200 	1316 	7199
f 7229 	7162 	7160
f 7160 	7224 	7229
f 3182 	8223 	6345
f 7229 	7183 	7162
f 6861 	6863 	46
f 6863 	6864 	46
f 6864 	6898 	46
f 7110 	7111 	7217
f 6898 	6899 	46
f 7180 	7106 	7216
f 6899 	6901 	46
f 6901 	6911 	46
f 6912 	7041 	46
f 7041 	7042 	46
f 7222 	7303 	7236
f 7234 	7237 	7228
f 6911 	6912 	46
f 7236 	7223 	7222
f 7221 	7120 	7129
f 7054 	7055 	46
f 7120 	7220 	7113
f 7228 	7237 	7230
f 7198 	7223 	7236
f 7056 	7057 	46
f 7237 	7239 	7230
f 7229 	7224 	7203
f 7219 	7112 	7113
f 7224 	7198 	7203
f 7221 	7129 	7225
f 7229 	7203 	7205
f 7238 	7235 	7254
f 7230 	7239 	7232
f 7242 	46 	7241
f 7057 	7241 	46
f 7229 	7205 	7183
f 7227 	7087 	7199
f 7242 	7243 	46
f 6201 	6206 	7186
f 7072 	7244 	7241
f 7186 	7233 	6201
f 7186 	7188 	7233
f 7241 	7244 	7242
f 7235 	7252 	7254
f 7244 	7246 	7243
f 7244 	7243 	7242
f 7233 	7188 	7234
f 7090 	7336 	7201
f 7374 	7369 	7077
f 7248 	7240 	7238
f 7189 	7237 	7234
f 7238 	7254 	7248
f 7188 	7189 	7234
f 8136 	7240 	7248
f 7177 	7175 	1316
f 7250 	7177 	1316
f 7189 	7193 	7237
f 7250 	7145 	7177
f 7237 	7193 	7239
f 7250 	7146 	7145
f 7193 	7255 	7239
f 7178 	7179 	1316
f 6254 	6201 	7233
f 7179 	7180 	1316
f 7180 	7216 	1316
f 7202 	6211 	7005
f 7176 	7178 	1316
f 7252 	7260 	7254
f 7216 	7217 	1316
f 7217 	7218 	1316
f 7218 	7219 	1316
f 7220 	7221 	1316
f 7221 	7225 	1316
f 7069 	7124 	7072
f 7219 	7220 	1316
f 7268 	7274 	7246
f 7226 	7227 	1316
f 7227 	7199 	1316
f 7257 	7063 	7261
f 7260 	7252 	7258
f 7225 	7226 	1316
f 7254 	7260 	7262
f 7200 	7201 	1316
f 7552 	7259 	7245
f 7268 	7246 	7265
f 7248 	7254 	7262
f 7193 	7264 	7255
f 7265 	7244 	7072
f 7236 	7266 	7198
f 7193 	7207 	7264
f 7124 	7265 	7072
f 7236 	7263 	7266
f 7255 	7264 	7060
f 7244 	7265 	7246
f 7266 	7213 	7198
f 7207 	7066 	7264
f 7264 	7071 	7060
f 7066 	7071 	7264
f 7258 	7267 	7269
f 7060 	7257 	7255
f 7257 	7060 	7063
f 7124 	7276 	7265
f 7260 	7258 	7269
f 7265 	7278 	7268
f 7141 	7499 	7261
f 7063 	7141 	7261
f 7277 	7278 	7265
f 7260 	7270 	7262
f 7260 	7269 	7270
f 7274 	7275 	7246
f 7268 	7279 	7274
f 7124 	7197 	7276
f 7279 	7268 	7278
f 7538 	7269 	7267
f 7272 	7287 	7273
f 7282 	7287 	7272
f 7277 	7265 	7276
f 7280 	7271 	7232
f 7232 	7239 	7280
f 7280 	7282 	7271
f 4781 	7275 	7274
f 7263 	7559 	7266
f 7271 	7282 	7272
f 7279 	4781 	7274
f 7266 	6612 	7213
f 7197 	4781 	7276
f 7277 	7276 	4781
f 7213 	6612 	6614
f 7278 	4781 	7279
f 7287 	7494 	7273
f 7277 	4781 	7278
f 7281 	7295 	7286
f 7319 	7275 	4784
f 7239 	7255 	7280
f 7293 	7295 	7281
f 5947 	5940 	7355
f 7300 	7355 	5940
f 7252 	7235 	7286
f 7280 	7257 	7282
f 5947 	7355 	7357
f 7295 	7252 	7286
f 7255 	7257 	7280
f 7257 	7261 	7282
f 7282 	7261 	7287
f 7222 	7291 	7303
f 7301 	7303 	7291
f 7293 	7304 	7295
f 7287 	7261 	7499
f 7302 	7304 	7293
f 7245 	7301 	7299
f 7295 	7258 	7252
f 7365 	7377 	7256
f 7304 	7258 	7295
f 7245 	7299 	7326
f 7301 	7245 	7259
f 7303 	7301 	7259
f 7303 	7259 	7263
f 7303 	7263 	7236
f 7302 	7307 	7304
f 7307 	7267 	7304
f 7386 	7312 	7377
f 7304 	7267 	7258
f 7305 	7228 	7306
f 7311 	7228 	7305
f 7306 	7230 	7308
f 7344 	7345 	13131
f 7228 	7230 	7306
f 7232 	7309 	7308
f 7230 	7232 	7308
f 7231 	7341 	7316
f 7182 	7185 	7345
f 7309 	7271 	7389
f 7292 	7290 	1316
f 7201 	7300 	1316
f 7246 	7325 	7243
f 7210 	7214 	7352
f 7310 	7317 	7318
f 7231 	7316 	7211
f 7315 	1316 	7283
f 7283 	1316 	7284
f 7352 	7247 	7210
f 7319 	7320 	7246
f 7284 	1316 	7285
f 7285 	1316 	7288
f 7311 	7234 	7228
f 7275 	7319 	7246
f 7233 	7234 	7311
f 7310 	7318 	7313
f 7288 	1316 	7289
f 7320 	7325 	7246
f 7289 	1316 	7290
f 7351 	7212 	7190
f 7231 	7211 	7209
f 7313 	7322 	7314
f 4781 	4784 	7275
f 7292 	1316 	7294
f 7294 	1316 	7296
f 7313 	7318 	7322
f 7324 	7316 	7350
f 7314 	7322 	7326
f 7251 	7253 	7377
f 7297 	1316 	7298
f 7296 	1316 	7297
f 4784 	4786 	7320
f 7298 	1316 	7300
f 7316 	7324 	7329
f 7251 	7377 	7312
f 7314 	7326 	7299
f 7249 	7371 	7256
f 8884 	46 	8883
f 7328 	7330 	7321
f 7365 	7256 	7371
f 7316 	7329 	7211
f 7325 	7331 	7243
f 7247 	7366 	7249
f 1334 	1316 	7315
f 8883 	7243 	7331
f 7235 	7238 	7327
f 7321 	7330 	7323
f 7335 	7333 	13131
f 7330 	7332 	7323
f 7331 	7325 	4786
f 7324 	7327 	7238
f 7333 	7334 	13131
f 7345 	7346 	13131
f 7324 	7238 	7240
f 7368 	296 	7336
f 7324 	7240 	7329
f 7338 	7342 	7335
f 7359 	7306 	7328
f 7339 	7336 	296
f 7082 	7342 	7338
f 7328 	7308 	7330
f 296 	5910 	7339
f 62 	8884 	38
f 7306 	7308 	7328
f 7330 	7309 	7332
f 10396 	5514 	5518
f 7308 	7309 	7330
f 7338 	13131 	7348
f 7348 	13131 	7346
f 7181 	7182 	7344
f 7363 	7190 	7344
f 7347 	7350 	7340
f 7363 	7344 	7351
f 7363 	7351 	7190
f 7340 	7350 	7341
f 13131 	7352 	7351
f 7350 	7316 	7341
f 6238 	6240 	7354
f 6240 	6251 	7354
f 7354 	7343 	6238
f 7354 	7359 	7343
f 7343 	7359 	7349
f 7349 	7328 	7321
f 6154 	10680 	6150
f 7339 	7201 	7336
f 7360 	7358 	7201
f 7359 	7328 	7349
f 7347 	7327 	7350
f 7356 	7327 	7347
f 7362 	7201 	7337
f 7327 	7324 	7350
f 7337 	7201 	7339
f 7358 	7357 	7201
f 7353 	7286 	7356
f 7356 	7235 	7327
f 7300 	7201 	7355
f 7286 	7235 	7356
f 7352 	7364 	7351
f 7357 	7355 	7201
f 7360 	7201 	7361
f 7281 	7286 	7353
f 13131 	7377 	7366
f 7361 	7201 	7362
f 7253 	7256 	7377
f 7247 	7352 	7366
f 7366 	7352 	13131
f 7371 	7249 	7366
f 568 	8091 	569
f 7364 	7214 	7351
f 569 	8092 	120
f 7181 	7344 	7190
f 7391 	582 	580
f 7391 	7398 	582
f 7305 	7359 	7354
f 7305 	7354 	6251
f 7306 	7359 	7305
f 7367 	7378 	7370
f 7379 	7107 	7136
f 6251 	6254 	7311
f 7370 	7380 	7373
f 7381 	7107 	7379
f 7311 	7305 	6251
f 7371 	7366 	7365
f 7377 	7383 	7386
f 7233 	7311 	6254
f 120 	8092 	109
f 13131 	7383 	7377
f 7365 	7366 	7377
f 1300 	9733 	1848
f 7392 	327 	7391
f 7391 	327 	7398
f 425 	329 	7392
f 7406 	2228 	7395
f 7389 	7394 	7417
f 7335 	7342 	7082
f 425 	7392 	580
f 7391 	580 	7392
f 7368 	7090 	7369
f 7398 	12372 	7397
f 7397 	12372 	7403
f 7368 	7336 	7090
f 7232 	7271 	7309
f 7389 	7272 	7394
f 587 	582 	7397
f 7271 	7272 	7389
f 7398 	7397 	582
f 7092 	7382 	7401
f 7272 	7273 	7394
f 7400 	7383 	7399
f 7394 	7273 	7396
f 11621 	769 	7403
f 7402 	7403 	769
f 7395 	7393 	7077
f 7372 	7375 	7077
f 7090 	7077 	7369
f 7312 	7400 	7684
f 7376 	7077 	7375
f 7374 	7077 	7376
f 7386 	7385 	7312
f 7273 	7492 	7396
f 7403 	591 	7397
f 7387 	7077 	7388
f 7372 	7077 	7387
f 7388 	7077 	7390
f 7390 	7077 	7393
f 12501 	602 	7405
f 7385 	7383 	7400
f 12164 	3725 	3734
f 7400 	7312 	7385
f 7380 	7370 	7378
f 7383 	7413 	7399
f 7380 	7293 	7373
f 7077 	6719 	7395
f 7410 	7409 	6719
f 7409 	7408 	6719
f 7406 	7395 	6719
f 7373 	7293 	7281
f 7408 	7406 	6719
f 7416 	6752 	7414
f 7380 	7378 	7415
f 7323 	7332 	7404
f 7415 	7302 	7380
f 6752 	7416 	6756
f 7332 	7417 	7404
f 6756 	7416 	7418
f 7404 	7417 	7407
f 7380 	7302 	7293
f 7407 	7419 	7411
f 7417 	7419 	7407
f 12629 	8127 	8131
f 6729 	7058 	7059
f 7568 	7302 	7415
f 8088 	8087 	610
f 563 	610 	8087
f 8090 	567 	8087
f 7401 	7093 	7092
f 7093 	7401 	7154
f 6729 	7059 	6731
f 7059 	7122 	6731
f 796 	7479 	7480
f 7094 	7093 	7154
f 796 	7480 	827
f 7482 	827 	7480
f 7438 	7416 	7414
f 794 	7477 	796
f 7422 	7423 	11230
f 7424 	7379 	7451
f 7414 	7122 	7438
f 831 	827 	7485
f 2371 	3562 	7425
f 3562 	3573 	7425
f 7425 	6598 	2371
f 7379 	7424 	7381
f 7340 	7423 	7347
f 7381 	7424 	7157
f 7486 	7488 	831
f 6601 	7426 	7427
f 7424 	7223 	7157
f 7431 	7427 	7426
f 7416 	7440 	7418
f 7440 	7445 	7418
f 7157 	7382 	7381
f 7418 	7445 	7420
f 3573 	7429 	7425
f 7428 	7430 	7422
f 7401 	7382 	7160
f 7429 	7431 	7426
f 7429 	7426 	7425
f 7427 	7431 	7432
f 7160 	7382 	7157
f 7401 	7162 	7154
f 7401 	7160 	7162
f 3841 	7429 	3573
f 7473 	7429 	3841
f 7473 	7475 	7431
f 7473 	7431 	7429
f 7422 	7430 	7423
f 7475 	7432 	7431
f 7223 	7424 	7222
f 7430 	7347 	7423
f 7419 	7384 	7411
f 5789 	7434 	7435
f 7433 	7379 	7136
f 7435 	1371 	5789
f 5789 	7447 	7437
f 7434 	5789 	7437
f 7443 	7448 	2442
f 5792 	2442 	7448
f 7414 	6731 	7122
f 5789 	5792 	7447
f 7448 	7447 	5792
f 7353 	7430 	7428
f 1371 	7250 	1316
f 7353 	7356 	7430
f 7416 	7438 	7440
f 7430 	7356 	7347
f 7437 	7250 	7434
f 7435 	7434 	7250
f 7250 	1371 	7435
f 7462 	7463 	787
f 7454 	2435 	3694
f 769 	790 	7405
f 7443 	2442 	7442
f 7442 	2442 	7455
f 2442 	2435 	7455
f 7190 	7440 	7438
f 7250 	7437 	7146
f 7448 	7146 	7447
f 7449 	7353 	7428
f 7495 	7450 	7433
f 7443 	7146 	7448
f 7461 	7462 	781
f 7442 	7146 	7443
f 7433 	7451 	7379
f 7447 	7146 	7437
f 7457 	7405 	790
f 7444 	7373 	7449
f 7433 	7450 	7451
f 7370 	7373 	7444
f 7453 	7452 	7421
f 7281 	7353 	7449
f 7373 	7281 	7449
f 3248 	7146 	3327
f 7421 	7420 	7453
f 7436 	7514 	7439
f 7442 	3327 	7146
f 781 	842 	7470
f 3697 	3327 	3694
f 781 	7470 	7471
f 787 	781 	7462
f 7439 	7514 	7441
f 7517 	7441 	7514
f 7445 	7453 	7420
f 7457 	12501 	7405
f 7456 	7466 	7458
f 7488 	7468 	842
f 7291 	7451 	7450
f 842 	831 	7488
f 790 	7463 	7464
f 7464 	7457 	790
f 7460 	7466 	7456
f 12501 	7457 	608
f 7463 	608 	7464
f 7464 	608 	7457
f 7459 	7601 	7504
f 7461 	608 	7462
f 7463 	7462 	608
f 7467 	7123 	7465
f 7466 	7428 	7458
f 7465 	7439 	7467
f 7440 	7212 	7445
f 7467 	7126 	7123
f 7440 	7190 	7212
f 7126 	7467 	7472
f 7449 	7428 	7466
f 7468 	12532 	7469
f 7454 	3327 	7455
f 7455 	3327 	7442
f 7458 	7428 	7422
f 12532 	12529 	7469
f 7461 	7471 	608
f 7470 	7469 	608
f 7471 	7470 	608
f 7411 	7384 	7412
f 7475 	7476 	7432
f 7212 	7214 	7445
f 7473 	3841 	7481
f 7389 	7332 	7309
f 7475 	7473 	7483
f 7481 	7483 	7473
f 7482 	7485 	827
f 7389 	7417 	7332
f 7476 	7475 	7484
f 7483 	7484 	7475
f 7479 	796 	7477
f 7445 	7214 	7453
f 7394 	7419 	7417
f 7485 	7486 	831
f 7487 	7481 	3849
f 7478 	7444 	7460
f 3849 	3858 	7487
f 7419 	7396 	7384
f 7483 	7481 	7489
f 7487 	7489 	7481
f 7396 	7419 	7394
f 7573 	7567 	8038
f 7370 	7444 	7478
f 7483 	7491 	7484
f 7489 	7491 	7483
f 7477 	7490 	7479
f 7480 	7479 	7490
f 7480 	7490 	7482
f 7466 	7460 	7444
f 7482 	7490 	7485
f 3858 	7496 	7487
f 7459 	7249 	7601
f 7485 	7490 	7486
f 7468 	7490 	12532
f 7444 	7449 	7466
f 7247 	7459 	7452
f 7486 	7490 	7488
f 7488 	7490 	7468
f 7247 	7249 	7459
f 7492 	7497 	7493
f 7474 	7751 	7663
f 7128 	7126 	7472
f 7474 	7663 	7367
f 7128 	7472 	7495
f 7478 	7474 	7367
f 7472 	7446 	7495
f 7494 	7492 	7273
f 7420 	6816 	6761
f 7495 	7131 	7128
f 7487 	7498 	7489
f 7494 	7497 	7492
f 7367 	7370 	7478
f 6761 	7418 	7420
f 7131 	7433 	7136
f 7496 	7498 	7487
f 7420 	7421 	6816
f 7489 	7500 	7491
f 7287 	7499 	7494
f 7498 	7500 	7489
f 7495 	7433 	7131
f 7421 	7501 	6818
f 7499 	7502 	7494
f 3905 	7503 	7496
f 7503 	3905 	3933
f 7499 	7142 	7502
f 7496 	7505 	7498
f 7494 	7502 	7497
f 7503 	7505 	7496
f 7504 	7519 	7501
f 7439 	7465 	7436
f 7498 	7506 	7500
f 7505 	7506 	7498
f 7472 	7467 	7441
f 7141 	7142 	7499
f 7467 	7439 	7441
f 7508 	7503 	3933
f 7501 	7421 	7452
f 7452 	7459 	7501
f 7501 	7459 	7504
f 3933 	3948 	7508
f 7508 	7511 	7503
f 7446 	7472 	7441
f 7495 	7446 	7450
f 7503 	7511 	7505
f 7505 	7515 	7506
f 7412 	7384 	7516
f 7511 	7515 	7505
f 7436 	7942 	7514
f 7516 	7510 	7412
f 7516 	7518 	7510
f 7519 	6810 	6807
f 7441 	7517 	7521
f 7527 	7508 	3948
f 6807 	6818 	7519
f 7510 	7518 	7512
f 7508 	7529 	7511
f 7527 	7529 	7508
f 7441 	7521 	7446
f 7519 	7522 	6810
f 7524 	7450 	7446
f 7384 	7523 	7516
f 6812 	7522 	7525
f 7384 	7396 	7523
f 7523 	7526 	7516
f 7524 	7446 	7521
f 7291 	7450 	7524
f 7524 	7301 	7291
f 7516 	7526 	7518
f 7424 	7451 	7222
f 7396 	7492 	7523
f 7513 	7509 	9044
f 7451 	7291 	7222
f 7492 	7493 	7523
f 9044 	9062 	7513
f 7526 	7523 	7493
f 7511 	7532 	7515
f 7421 	6818 	6816
f 7529 	7532 	7511
f 7313 	7517 	7514
f 7514 	7310 	7313
f 3971 	3983 	7533
f 7501 	7519 	6818
f 7504 	7522 	7519
f 7533 	7527 	3971
f 7531 	7404 	7664
f 7527 	7535 	7529
f 7534 	7267 	7307
f 7323 	7404 	7531
f 7533 	7535 	7527
f 7529 	7537 	7532
f 7535 	7537 	7529
f 7525 	7522 	7507
f 7538 	7267 	7534
f 7504 	7507 	7522
f 7269 	7538 	7540
f 7507 	7561 	7525
f 7525 	7561 	7541
f 7564 	894 	7563
f 894 	7565 	794
f 7540 	7270 	7269
f 7540 	8216 	7270
f 7556 	7539 	7536
f 7521 	7517 	7314
f 7556 	7560 	7539
f 877 	7557 	887
f 7314 	7517 	7313
f 7539 	7560 	7542
f 7544 	3983 	3979
f 7521 	7314 	7299
f 7534 	7546 	7538
f 7524 	7521 	7299
f 3979 	4463 	7544
f 7544 	7548 	3983
f 7301 	7524 	7299
f 372 	12333 	330
f 7546 	7534 	7543
f 7550 	7538 	7546
f 3983 	7548 	7533
f 7245 	7570 	7552
f 7551 	7535 	7533
f 7546 	7520 	7550
f 7548 	7551 	7533
f 7538 	7550 	7540
f 7551 	7555 	7535
f 7259 	7554 	7263
f 7551 	7578 	7555
f 7259 	7552 	7554
f 7535 	7555 	7537
f 7563 	887 	7558
f 7553 	7556 	7536
f 7559 	7263 	7554
f 7564 	7565 	894
f 7567 	794 	7565
f 7556 	7321 	7560
f 7573 	794 	7567
f 7543 	7509 	7513
f 7547 	7542 	7531
f 7266 	7559 	6612
f 7543 	7513 	7546
f 7575 	7551 	7548
f 7662 	7561 	7601
f 7560 	7531 	7542
f 7513 	7520 	7546
f 7559 	6626 	6612
f 7541 	7562 	7545
f 887 	7563 	894
f 7561 	7562 	7541
f 7552 	6701 	6618
f 7554 	7552 	6618
f 7343 	7349 	7553
f 7349 	7556 	7553
f 7568 	7415 	7566
f 7554 	6618 	6623
f 9837 	9823 	1721
f 4463 	4472 	7569
f 7554 	6623 	7559
f 7566 	7577 	7568
f 7349 	7321 	7556
f 7560 	7323 	7531
f 7559 	6623 	6626
f 7544 	4463 	7569
f 7563 	7558 	8022
f 7323 	7560 	7321
f 7548 	7544 	7571
f 7567 	7565 	8022
f 8022 	7565 	7564
f 7563 	8022 	7564
f 7568 	7307 	7302
f 7662 	7667 	7561
f 7569 	7571 	7544
f 7571 	7575 	7548
f 7667 	7562 	7561
f 7620 	7572 	7566
f 7571 	7588 	7575
f 7490 	7477 	8038
f 7575 	7578 	7551
f 7577 	7566 	7572
f 7568 	7577 	7580
f 7585 	7569 	4472
f 8022 	8038 	7567
f 7585 	7586 	7569
f 7477 	7573 	8038
f 7568 	7580 	7307
f 7569 	7586 	7571
f 7571 	7586 	7588
f 7534 	7307 	7580
f 7590 	7578 	7575
f 7582 	7583 	7603
f 7640 	7539 	7574
f 4472 	4545 	7585
f 7539 	7542 	7574
f 13131 	7351 	7344
f 7574 	7542 	7576
f 7572 	7584 	7587
f 7583 	6662 	6698
f 7542 	7547 	7576
f 12553 	7490 	630
f 7572 	7587 	7577
f 6701 	7552 	7570
f 7577 	7589 	7580
f 7588 	7590 	7575
f 7577 	7587 	7589
f 7580 	7589 	7543
f 4545 	4612 	7592
f 6703 	7581 	7579
f 7589 	7509 	7543
f 7593 	872 	7591
f 7593 	7594 	875
f 7580 	7543 	7534
f 7581 	6707 	7582
f 7585 	4545 	7592
f 7581 	6703 	6707
f 7593 	7591 	7876
f 7592 	7595 	7585
f 7582 	6707 	6711
f 7592 	4612 	7611
f 7863 	7876 	7591
f 7583 	7582 	6711
f 7592 	7616 	7595
f 7594 	7596 	875
f 7611 	7616 	7592
f 7587 	8986 	8989
f 6711 	6662 	7583
f 7585 	7595 	7586
f 7587 	8989 	7589
f 7595 	7598 	7586
f 7589 	8989 	7509
f 7586 	7598 	7588
f 7317 	7597 	7600
f 7588 	7602 	7590
f 7597 	7581 	7600
f 7598 	7602 	7588
f 7504 	7601 	7507
f 7600 	7318 	7317
f 7600 	7603 	7318
f 7584 	8986 	7587
f 7536 	7621 	7604
f 7603 	7322 	7318
f 7675 	7378 	7367
f 7629 	7630 	872
f 7605 	7326 	7322
f 7610 	7613 	776
f 7625 	872 	7622
f 7322 	7603 	7605
f 7675 	7606 	7608
f 7628 	872 	7625
f 7570 	7326 	7605
f 7607 	7553 	7604
f 7598 	7623 	7602
f 7630 	7631 	872
f 7607 	7343 	7553
f 6238 	7343 	7607
f 7605 	6698 	7570
f 4606 	4634 	7609
f 7553 	7536 	7604
f 4634 	7632 	7609
f 7675 	7608 	7378
f 7607 	6533 	6238
f 7245 	7326 	7570
f 4606 	7609 	4612
f 7608 	7415 	7378
f 7614 	776 	7613
f 7614 	7624 	776
f 7597 	7981 	7579
f 7609 	7611 	4612
f 9733 	10134 	1845
f 7581 	7597 	7579
f 7600 	7581 	7582
f 7595 	7616 	7619
f 7600 	7582 	7603
f 7606 	7617 	7620
f 7618 	7621 	7615
f 7605 	7603 	7583
f 7892 	7613 	7890
f 7595 	7619 	7598
f 7622 	776 	7624
f 6698 	7605 	7583
f 7619 	7623 	7598
f 7507 	7601 	7561
f 7629 	872 	7628
f 7859 	7625 	7622
f 7624 	7859 	7622
f 7385 	7386 	7383
f 7452 	7453 	7210
f 7210 	7453 	7214
f 7604 	7621 	7618
f 7616 	7611 	7637
f 7614 	7892 	7624
f 7654 	7627 	7653
f 7653 	7627 	7651
f 7210 	7247 	7452
f 7604 	7618 	7626
f 7657 	7627 	7654
f 7660 	7627 	7657
f 7661 	7627 	7660
f 4009 	7627 	7661
f 7536 	7640 	7621
f 7625 	7859 	7628
f 6533 	7626 	6529
f 7256 	7253 	7662
f 6533 	7607 	7626
f 7626 	7607 	7604
f 7256 	7662 	7249
f 7249 	7662 	7601
f 4730 	7639 	7632
f 7627 	3981 	3982
f 7615 	7621 	7633
f 3985 	3666 	7627
f 7630 	7863 	7631
f 3982 	3985 	7627
f 7632 	7635 	7609
f 3666 	3672 	7627
f 7667 	7662 	7253
f 3674 	3675 	7627
f 7863 	7630 	7861
f 7639 	7641 	7632
f 7629 	7861 	7630
f 7632 	7641 	7635
f 3672 	3674 	7627
f 7609 	7635 	7611
f 3675 	8428 	7627
f 7637 	7611 	7635
f 7640 	7634 	7633
f 7659 	7616 	7637
f 7631 	7863 	7591
f 7606 	7620 	7608
f 7638 	7639 	4730
f 7608 	7566 	7415
f 7640 	7633 	7621
f 7608 	7620 	7566
f 7644 	776 	7643
f 7644 	7647 	776
f 7640 	7574 	7634
f 7639 	7718 	7641
f 7642 	7645 	7643
f 7715 	7718 	7639
f 7637 	7635 	7646
f 7641 	7646 	7635
f 7645 	7644 	7643
f 7634 	7574 	7636
f 7627 	4012 	3974
f 7574 	7576 	7636
f 7627 	3974 	3976
f 7647 	7774 	776
f 7645 	7648 	7644
f 7647 	7644 	7648
f 3978 	7627 	3976
f 3978 	3981 	7627
f 7617 	7612 	7649
f 7536 	7539 	7640
f 7638 	7715 	7639
f 7617 	7650 	7620
f 7649 	7650 	7617
f 7680 	7642 	776
f 7672 	7673 	776
f 7572 	7620 	7650
f 7777 	7774 	7648
f 7616 	7659 	7619
f 4012 	7627 	4009
f 7599 	7650 	7649
f 5311 	12988 	5301
f 7650 	7584 	7572
f 7584 	7650 	7599
f 7547 	7531 	7664
f 7547 	7664 	7652
f 7652 	7665 	7655
f 7762 	7765 	776
f 4074 	7657 	7654
f 7664 	7665 	7652
f 7665 	7668 	7655
f 7672 	776 	7674
f 7665 	7411 	7668
f 7657 	4082 	7660
f 7660 	4086 	7661
f 7655 	7668 	7656
f 7656 	7671 	7658
f 7680 	776 	7673
f 7668 	7671 	7656
f 7661 	4090 	4009
f 7661 	4086 	4090
f 7663 	7675 	7367
f 7670 	7675 	7663
f 7677 	7678 	7627
f 7404 	7407 	7664
f 7674 	7801 	7672
f 7642 	7643 	776
f 7664 	7407 	7665
f 7666 	7682 	7670
f 7676 	7677 	7627
f 7679 	7682 	7666
f 7407 	7411 	7665
f 7681 	7562 	7667
f 7675 	7670 	7606
f 7627 	7678 	7651
f 7411 	7412 	7668
f 7680 	7806 	7642
f 7671 	7668 	7412
f 7606 	7670 	7682
f 7801 	7806 	7673
f 7412 	7510 	7671
f 7679 	7612 	7682
f 7679 	7685 	7612
f 7682 	7617 	7606
f 13076 	5498 	5301
f 7682 	7612 	7617
f 7693 	776 	7692
f 7683 	7658 	7686
f 7689 	7612 	7685
f 7656 	7658 	7683
f 7688 	774 	7530
f 7690 	776 	7688
f 7689 	7649 	7612
f 7688 	7530 	9318
f 7690 	7688 	9318
f 7689 	9010 	7649
f 7754 	776 	7753
f 7669 	7674 	776
f 7753 	776 	7693
f 7692 	9321 	7693
f 7651 	7678 	7713
f 4074 	7653 	4073
f 7692 	776 	7690
f 7653 	4074 	7654
f 7576 	7694 	7636
f 7685 	9001 	7689
f 7651 	4073 	7653
f 7659 	7696 	7619
f 11022 	11018 	3170
f 7659 	7700 	7696
f 7651 	7713 	4073
f 7681 	7667 	7251
f 7699 	7700 	7659
f 4074 	4078 	7657
f 7619 	7696 	7623
f 7253 	7251 	7667
f 7702 	7695 	7694
f 4078 	4082 	7657
f 7659 	7637 	7699
f 7646 	7699 	7637
f 7312 	7684 	7681
f 7679 	7697 	7685
f 7627 	8439 	7676
f 7312 	7681 	7251
f 12314 	12310 	3954
f 7702 	7694 	7576
f 7547 	7702 	7576
f 7676 	7704 	7677
f 7676 	7701 	7704
f 7400 	7399 	7687
f 7734 	7700 	7699
f 7704 	7705 	7677
f 7702 	7707 	7695
f 7687 	7684 	7400
f 7702 	7652 	7707
f 7399 	7691 	7687
f 7695 	7707 	7698
f 7677 	7705 	7678
f 7707 	7712 	7698
f 7713 	7678 	7705
f 7709 	7638 	4735
f 7711 	7706 	7703
f 7709 	4735 	7708
f 7711 	7460 	7706
f 7638 	7709 	7715
f 7460 	7456 	7706
f 7547 	7652 	7702
f 7701 	7716 	7719
f 7707 	7655 	7712
f 7716 	7736 	7719
f 7652 	7655 	7707
f 7711 	7478 	7460
f 7718 	7731 	7641
f 7701 	7719 	7704
f 7474 	7478 	7711
f 7545 	7562 	7720
f 7705 	7704 	7721
f 7704 	7719 	7721
f 7720 	7549 	7545
f 7724 	7725 	7710
f 7705 	4211 	7713
f 7750 	7752 	7708
f 7705 	7721 	4211
f 7708 	7752 	7709
f 7714 	7710 	7725
f 4212 	4073 	7713
f 7725 	7732 	7714
f 7713 	4211 	4212
f 7715 	7758 	7718
f 7683 	7727 	7723
f 7549 	7724 	7710
f 7724 	7549 	7720
f 7722 	7730 	7726
f 7646 	7641 	7731
f 7721 	4573 	4211
f 7731 	7733 	7646
f 7712 	7723 	7698
f 7726 	7730 	7666
f 7714 	7732 	7717
f 8570 	8638 	7676
f 7646 	7733 	7699
f 7728 	7726 	7666
f 7712 	7683 	7723
f 7733 	7734 	7699
f 8570 	7676 	8439
f 7683 	7686 	7727
f 7666 	7670 	7728
f 7727 	7686 	7729
f 7720 	7562 	7681
f 7728 	7670 	7663
f 7730 	10419 	7697
f 7724 	7720 	7684
f 7730 	7679 	7666
f 7712 	7656 	7683
f 7681 	7684 	7720
f 7655 	7656 	7712
f 7730 	7697 	7679
f 7733 	7778 	7734
f 7724 	7687 	7725
f 7684 	7687 	7724
f 7736 	7716 	7735
f 7719 	7736 	4570
f 7722 	10419 	7730
f 7732 	7725 	7691
f 7687 	7691 	7725
f 6859 	6873 	7739
f 7719 	4570 	7721
f 6873 	7816 	7739
f 4570 	4573 	7721
f 6916 	6859 	7739
f 7736 	7735 	7742
f 7739 	7743 	6916
f 7735 	7741 	7742
f 1415 	7700 	7734
f 7739 	7817 	7743
f 7736 	4608 	4570
f 7816 	7817 	7739
f 7742 	4608 	7736
f 7711 	7703 	7745
f 7741 	7746 	7749
f 7792 	7750 	4837
f 7743 	7824 	7748
f 7817 	7824 	7743
f 4837 	7750 	7708
f 7747 	7751 	7744
f 7690 	9321 	7692
f 7633 	7634 	7737
f 7741 	7749 	7742
f 7742 	7749 	4640
f 7737 	7634 	7738
f 7759 	7749 	7746
f 7634 	7636 	7738
f 7744 	7751 	7745
f 4640 	7749 	4731
f 7761 	776 	7754
f 7762 	776 	7761
f 7738 	7636 	7740
f 7474 	7711 	7745
f 7715 	7709 	7755
f 9321 	9328 	7693
f 7787 	7740 	7694
f 7751 	7474 	7745
f 4640 	4608 	7742
f 7636 	7694 	7740
f 7752 	7755 	7709
f 7755 	7758 	7715
f 7746 	7757 	7759
f 7722 	7726 	7783
f 7756 	7723 	7760
f 7726 	7747 	7783
f 774 	7688 	776
f 7749 	7759 	4731
f 7751 	7747 	7728
f 7761 	7754 	7796
f 7726 	7728 	7747
f 7762 	7761 	7796
f 7728 	7663 	7751
f 7768 	7759 	7757
f 7750 	7803 	7752
f 7759 	4813 	4731
f 7669 	776 	7765
f 7759 	7768 	4813
f 7803 	7807 	7752
f 7752 	7807 	7755
f 7755 	7845 	7758
f 7757 	7767 	7768
f 7669 	7765 	7799
f 7807 	7845 	7755
f 7766 	7744 	7769
f 7773 	7744 	7766
f 7723 	7756 	7698
f 7765 	7762 	7799
f 7723 	7727 	7760
f 7718 	7770 	7731
f 7799 	7801 	7669
f 7674 	7669 	7801
f 7760 	7727 	7763
f 7768 	7767 	4826
f 7758 	7770 	7718
f 7727 	7729 	7763
f 7673 	7672 	7801
f 7770 	7772 	7731
f 7763 	7729 	7764
f 7769 	7745 	7703
f 7767 	7771 	4826
f 7768 	4826 	4829
f 7775 	7781 	776
f 7775 	776 	7774
f 7791 	776 	7781
f 7731 	7772 	7733
f 7647 	7648 	7774
f 7768 	4829 	4813
f 7772 	7778 	7733
f 7777 	7775 	7774
f 7786 	7785 	7778
f 7771 	7779 	4882
f 7777 	7781 	7775
f 4882 	7779 	4894
f 7769 	7744 	7745
f 7771 	4882 	4826
f 7793 	7610 	776
f 7773 	7747 	7744
f 7645 	7642 	7806
f 7779 	7784 	4894
f 7747 	7773 	7783
f 7806 	7808 	7645
f 7785 	7786 	121
f 7734 	7778 	7785
f 7786 	8063 	121
f 7776 	7740 	7787
f 7778 	7856 	7786
f 7741 	8685 	7746
f 7777 	7648 	7886
f 7785 	121 	8097
f 7776 	7787 	7780
f 8685 	8690 	7746
f 7785 	8097 	7734
f 7780 	7789 	7782
f 10485 	7773 	7788
f 7757 	8690 	7767
f 8703 	7771 	7767
f 7788 	7773 	7766
f 7787 	7789 	7780
f 7790 	4834 	4833
f 7756 	7782 	7789
f 7790 	7792 	4834
f 7791 	7781 	7889
f 7777 	7889 	7781
f 7777 	7886 	7889
f 7889 	7793 	7791
f 1655 	7849 	7844
f 7694 	7695 	7787
f 1655 	7844 	7841
f 7825 	5278 	7821
f 1655 	7823 	7849
f 7890 	7610 	7793
f 1655 	7828 	7826
f 7613 	7892 	7614
f 7787 	7695 	7789
f 7789 	7695 	7698
f 7610 	7890 	7613
f 7789 	7698 	7756
f 1655 	7830 	7828
f 7754 	9328 	7796
f 1655 	7831 	7830
f 1655 	7833 	7831
f 1655 	6469 	7833
f 7800 	7792 	7827
f 1655 	6471 	6469
f 1655 	6445 	6471
f 7762 	7796 	7799
f 1655 	6446 	6445
f 7800 	7750 	7792
f 1655 	6448 	6446
f 1655 	6449 	6448
f 7799 	9390 	7801
f 9388 	9390 	7799
f 1655 	6453 	6449
f 7795 	6005 	6003
f 1655 	6309 	6457
f 7795 	7802 	6005
f 6006 	6005 	7802
f 7803 	7750 	7800
f 1655 	6314 	6309
f 1655 	6457 	6453
f 7802 	6431 	5998
f 1655 	6320 	6318
f 7680 	7673 	7806
f 5998 	6008 	7802
f 1655 	1549 	6320
f 1655 	6318 	6314
f 7797 	7782 	7809
f 7802 	6008 	6006
f 7782 	7756 	7809
f 7797 	7809 	7798
f 7645 	7808 	7648
f 7809 	7811 	7798
f 7808 	7886 	7648
f 7760 	7811 	7809
f 6019 	6017 	7813
f 7798 	7811 	7804
f 7811 	7815 	7804
f 7813 	7795 	6004
f 7814 	6870 	6812
f 7823 	1655 	7826
f 7804 	7815 	7805
f 6873 	7814 	7816
f 7822 	7810 	6013
f 7815 	8273 	7805
f 7818 	5274 	5272
f 7818 	5272 	7894
f 9388 	7799 	7796
f 7809 	7756 	7760
f 7818 	7820 	5274
f 7811 	7763 	7815
f 7760 	7763 	7811
f 7801 	9390 	9393
f 5278 	5275 	7821
f 7801 	9393 	7806
f 7763 	7764 	7815
f 7820 	7821 	5275
f 7822 	6024 	7819
f 7812 	7748 	7852
f 7790 	7827 	7792
f 7825 	7827 	7790
f 7852 	7748 	7824
f 6812 	7525 	7814
f 7814 	7541 	7816
f 7804 	7805 	8012
f 6567 	6566 	7830
f 7525 	7541 	7814
f 7831 	6569 	6567
f 7541 	7545 	7816
f 7816 	7545 	7817
f 6545 	7843 	6633
f 7831 	6567 	7830
f 7910 	7912 	7821
f 7817 	7549 	7824
f 7545 	7549 	7817
f 7549 	7710 	7824
f 7832 	7819 	7921
f 7710 	7852 	7824
f 7833 	6469 	6573
f 7835 	6955 	6953
f 6953 	6916 	7835
f 7834 	7626 	7618
f 6529 	7626 	7834
f 7835 	7836 	6955
f 7800 	7827 	7918
f 6916 	7743 	7835
f 7834 	6547 	6529
f 7803 	7800 	7865
f 7743 	7748 	7835
f 7835 	7748 	7836
f 7880 	7836 	7812
f 7748 	7812 	7836
f 7865 	7868 	7803
f 7803 	7868 	7807
f 7880 	7812 	7842
f 7758 	7848 	7770
f 7843 	7846 	7905
f 7846 	7850 	7838
f 7758 	7845 	7848
f 7848 	7851 	7770
f 7838 	7850 	7839
f 7812 	7852 	7853
f 7840 	7951 	7855
f 7850 	7615 	7839
f 7812 	7853 	7842
f 7591 	872 	7631
f 7854 	7847 	7842
f 7843 	6547 	7846
f 7853 	7854 	7842
f 6545 	6547 	7843
f 7851 	7772 	7770
f 7851 	7856 	7772
f 7834 	7850 	7846
f 6547 	7834 	7846
f 7834 	7618 	7850
f 7772 	7856 	7778
f 7850 	7618 	7615
f 7857 	7858 	7794
f 7852 	7714 	7853
f 7859 	7624 	7892
f 7714 	7852 	7710
f 7628 	7861 	7629
f 7714 	7717 	7853
f 7823 	7891 	7888
f 7861 	7628 	7859
f 7845 	7878 	7848
f 7853 	7717 	7854
f 7823 	7888 	7849
f 7864 	10755 	7000
f 7000 	6955 	7864
f 7891 	7823 	7826
f 7865 	7800 	7918
f 6563 	7828 	6566
f 7864 	7867 	10755
f 6563 	7826 	7828
f 7867 	7869 	10760
f 7828 	7830 	6566
f 7807 	7868 	7870
f 7859 	7871 	7861
f 7862 	7884 	7866
f 7861 	7874 	7863
f 7861 	7871 	7874
f 7845 	7807 	7870
f 7594 	7593 	7876
f 7845 	7870 	7878
f 7863 	7874 	7876
f 6955 	7836 	7864
f 7836 	7880 	7864
f 7860 	7839 	7862
f 6703 	7579 	7879
f 7864 	7880 	7867
f 7838 	7839 	7860
f 7878 	7881 	7848
f 8009 	7794 	8008
f 7867 	7883 	7869
f 7996 	7794 	8009
f 7873 	7885 	7875
f 7848 	7881 	7851
f 7880 	7883 	7867
f 7882 	7885 	7873
f 8063 	7856 	8064
f 7884 	7862 	7839
f 7883 	7887 	7869
f 7875 	7885 	7888
f 8024 	8027 	7794
f 7884 	7737 	7866
f 7865 	7918 	8044
f 8027 	8029 	7794
f 8029 	8031 	7794
f 8031 	8033 	7794
f 7793 	7889 	7890
f 7875 	7888 	7879
f 8033 	8036 	7794
f 7879 	7888 	7891
f 7869 	7887 	7872
f 8036 	8037 	7794
f 7866 	7737 	7877
f 8037 	8039 	7794
f 7886 	7909 	7889
f 8039 	8042 	7794
f 7886 	7907 	7909
f 7877 	7738 	7959
f 7870 	7868 	8011
f 7737 	7738 	7877
f 7879 	7891 	6703
f 7891 	6563 	6703
f 8013 	7878 	7870
f 8045 	7794 	8042
f 7884 	7839 	7615
f 7878 	8015 	7881
f 8804 	7841 	7882
f 7882 	7841 	7844
f 7878 	8013 	8015
f 7615 	7633 	7884
f 7842 	7883 	7880
f 7795 	6558 	6444
f 7885 	7882 	7844
f 7884 	7633 	7737
f 7802 	7795 	6444
f 5268 	5397 	7894
f 7847 	7883 	7842
f 7885 	7849 	7888
f 7844 	7849 	7885
f 6444 	6431 	7802
f 7847 	7887 	7883
f 7806 	7896 	7808
f 7945 	5383 	5436
f 7893 	7866 	7895
f 7891 	7826 	6563
f 7806 	9393 	7896
f 7794 	2729 	7857
f 7949 	5391 	5383
f 7882 	8881 	8804
f 5391 	7897 	5397
f 7896 	7907 	7808
f 2742 	2390 	7857
f 7840 	7855 	2390
f 5391 	7949 	7897
f 7893 	7862 	7866
f 7894 	5397 	7904
f 7886 	7808 	7907
f 7866 	7877 	7895
f 5397 	7897 	7904
f 7894 	7904 	7906
f 6945 	6755 	7829
f 7829 	6755 	7832
f 7818 	7894 	7906
f 6945 	7829 	7837
f 7899 	7900 	7926
f 7889 	7909 	7911
f 7818 	7908 	7820
f 7927 	7860 	7929
f 7889 	7911 	7890
f 7818 	7906 	7908
f 6755 	6764 	7832
f 7892 	7890 	7913
f 7900 	7860 	7927
f 7820 	7908 	7910
f 7465 	7123 	7898
f 7832 	6764 	7819
f 7898 	8929 	7901
f 6764 	6577 	7819
f 7892 	7913 	7917
f 7898 	7901 	7465
f 7859 	7892 	7917
f 7436 	7465 	7901
f 7819 	6577 	7822
f 7810 	7822 	6587
f 6587 	6520 	7810
f 7899 	7905 	7900
f 6520 	6558 	7810
f 7903 	7905 	7899
f 6558 	7795 	7813
f 7905 	7838 	7900
f 6003 	6004 	7795
f 7846 	7838 	7905
f 6016 	6013 	7810
f 7900 	7838 	7860
f 8129 	6630 	7902
f 7810 	6017 	6016
f 7810 	7813 	6017
f 7820 	7910 	7821
f 7909 	7952 	7911
f 7821 	7912 	7825
f 6630 	8129 	6739
f 7813 	6004 	6019
f 6630 	6633 	7902
f 7902 	6633 	7903
f 7822 	6013 	6021
f 7912 	7914 	7825
f 6633 	7843 	7903
f 7913 	7890 	7911
f 7903 	7843 	7905
f 7916 	7931 	7915
f 7825 	7914 	7827
f 7914 	7918 	7827
f 7922 	7924 	7915
f 7915 	7924 	7916
f 7917 	7871 	7859
f 7920 	7819 	6024
f 7897 	8016 	7904
f 7822 	6021 	6024
f 7920 	7921 	7819
f 8017 	7906 	7904
f 7915 	7832 	7922
f 7926 	7919 	8162
f 7919 	7927 	7923
f 7926 	7927 	7919
f 7913 	7911 	7954
f 7927 	7929 	7923
f 7932 	7915 	7931
f 7929 	7893 	8058
f 7837 	7829 	7932
f 875 	7596 	877
f 7934 	877 	7596
f 7930 	7928 	7932
f 7557 	877 	7934
f 7829 	7832 	7915
f 7933 	7899 	7925
f 7921 	7922 	7832
f 7594 	7972 	7596
f 7558 	7557 	7972
f 7915 	7932 	7829
f 7934 	7972 	7557
f 7901 	8929 	7937
f 7935 	7936 	5427
f 7596 	7972 	7934
f 7932 	7931 	7930
f 7436 	7901 	7937
f 7941 	5436 	5433
f 7940 	7840 	7837
f 7937 	7939 	7942
f 5433 	7938 	7941
f 7925 	7899 	7926
f 7946 	7943 	7940
f 7900 	7927 	7926
f 7558 	7972 	8022
f 5436 	7941 	7945
f 7937 	7942 	7436
f 7837 	7932 	7940
f 7940 	7928 	7946
f 7947 	7909 	7907
f 5383 	7945 	7949
f 7940 	7932 	7928
f 7950 	7942 	7939
f 7929 	7860 	7862
f 7939 	7948 	7950
f 7862 	7893 	7929
f 7947 	7952 	7909
f 7935 	7966 	7936
f 7942 	7950 	7310
f 7954 	7911 	7952
f 7933 	7903 	7899
f 7938 	7969 	7967
f 7902 	7903 	7933
f 7936 	7969 	7938
f 7310 	7950 	7317
f 7957 	7956 	7953
f 7936 	7966 	7969
f 7942 	7310 	7514
f 7938 	7967 	7941
f 7840 	7940 	7951
f 7958 	7917 	7913
f 7941 	7967 	7974
f 7913 	7954 	7958
f 7948 	7960 	7961
f 7953 	7951 	7944
f 7943 	7944 	7951
f 7951 	7940 	7943
f 7987 	7959 	7776
f 7941 	7974 	7945
f 7917 	7958 	7962
f 7953 	7944 	7963
f 7949 	7945 	7977
f 7953 	7963 	7957
f 7949 	7977 	7982
f 7950 	7948 	7961
f 7776 	7780 	7988
f 7982 	7897 	7949
f 7782 	7989 	7780
f 7950 	7961 	7317
f 7962 	7871 	7917
f 7989 	7782 	7797
f 7964 	7855 	7951
f 7961 	7960 	7981
f 7968 	7874 	7871
f 7597 	7317 	7961
f 7738 	7740 	7959
f 7961 	7981 	7597
f 7740 	7776 	7959
f 7871 	7962 	7968
f 7874 	7968 	7972
f 7964 	7953 	7965
f 7972 	7876 	7874
f 7945 	7974 	7977
f 7979 	7975 	7971
f 7972 	7594 	7876
f 7960 	7980 	7981
f 7947 	7993 	7952
f 7964 	7951 	7953
f 7971 	7965 	7955
f 7980 	7983 	7984
f 7952 	7994 	7954
f 7956 	7955 	7965
f 7952 	7993 	7994
f 7965 	7953 	7956
f 7895 	7985 	8062
f 7971 	7955 	7986
f 7980 	7984 	7981
f 7971 	7986 	7979
f 8062 	7985 	7970
f 7984 	7579 	7981
f 7973 	7970 	7987
f 7858 	7964 	7965
f 7958 	8007 	7962
f 7985 	7987 	7970
f 7987 	7988 	7973
f 7776 	7988 	7987
f 8021 	7962 	8007
f 7983 	7873 	7875
f 7908 	8020 	8019
f 8003 	8002 	7976
f 7983 	7875 	7984
f 7973 	7988 	7978
f 7906 	8020 	7908
f 7976 	7990 	8003
f 7984 	7879 	7579
f 7988 	7989 	7978
f 7910 	7908 	8019
f 7879 	7984 	7875
f 7966 	130 	7969
f 7967 	7969 	130
f 7877 	7985 	7895
f 7877 	7959 	7985
f 7947 	9727 	7993
f 7858 	7857 	7964
f 7857 	7855 	7964
f 7959 	7987 	7985
f 7937 	8943 	7939
f 8953 	8904 	7948
f 8953 	7948 	7939
f 8904 	8923 	7948
f 7960 	8923 	7980
f 7983 	7980 	8964
f 7780 	7989 	7988
f 8964 	7873 	7983
f 7954 	7994 	7998
f 7912 	8032 	7914
f 8040 	7918 	7914
f 7716 	8662 	7735
f 8674 	8681 	7735
f 7998 	7958 	7954
f 8007 	7958 	7998
f 8703 	7767 	8690
f 7798 	8006 	8005
f 7995 	7996 	8009
f 7784 	8714 	8427
f 8021 	8022 	7968
f 8011 	8013 	7870
f 8022 	7972 	7968
f 7975 	7976 	8002
f 7980 	8960 	8964
f 8002 	7971 	7975
f 7873 	8869 	7882
f 8004 	8003 	7991
f 7990 	7991 	8003
f 7989 	7797 	8001
f 8049 	7994 	7993
f 7982 	8016 	7897
f 8008 	8004 	7992
f 8005 	8001 	7797
f 7991 	7992 	8004
f 8017 	7904 	8016
f 7797 	7798 	8005
f 7992 	7997 	8008
f 8009 	8008 	7999
f 7997 	7999 	8008
f 8009 	8000 	7995
f 8006 	7804 	8012
f 7999 	8000 	8009
f 7798 	7804 	8006
f 8014 	8012 	7805
f 7962 	8021 	7968
f 8018 	5431 	5419
f 8020 	7906 	8017
f 7805 	8249 	8014
f 8018 	5736 	5431
f 8018 	8169 	5736
f 7794 	7996 	8010
f 7910 	8019 	8026
f 7910 	8026 	7912
f 8035 	5468 	8025
f 8021 	8007 	8030
f 8021 	8030 	8038
f 8032 	7912 	8026
f 8040 	7914 	8032
f 8030 	8512 	8038
f 8040 	8044 	7918
f 8021 	8038 	8022
f 8075 	8043 	8025
f 7858 	8047 	7794
f 8025 	8046 	8035
f 7794 	8047 	8002
f 8025 	8043 	8046
f 8048 	7868 	7865
f 8035 	8046 	5547
f 8004 	7794 	8003
f 8002 	8003 	7794
f 8030 	8509 	8512
f 8008 	7794 	8004
f 8044 	8048 	7865
f 7978 	7989 	8001
f 8048 	8011 	7868
f 8023 	8085 	8001
f 7993 	9852 	8049
f 8005 	8006 	8028
f 5735 	5730 	1327
f 8034 	8028 	8006
f 7994 	8050 	7998
f 8010 	8024 	7794
f 7994 	8049 	8050
f 7998 	8050 	8007
f 8023 	8005 	8028
f 130 	7974 	7967
f 8051 	8007 	8050
f 8001 	8005 	8023
f 8006 	8012 	8034
f 8007 	8051 	8030
f 5547 	8046 	8093
f 8034 	8012 	8041
f 4894 	7784 	8052
f 8012 	8014 	8041
f 4894 	8052 	8056
f 8049 	8057 	8050
f 8049 	8054 	8057
f 8053 	7970 	8055
f 8062 	7970 	8053
f 8052 	8059 	8061
f 8052 	8061 	8056
f 8050 	8057 	8051
f 8508 	8051 	8057
f 8056 	4895 	4894
f 7965 	8047 	7858
f 8047 	7965 	7971
f 8011 	130 	8013
f 8047 	7971 	8002
f 8064 	8065 	121
f 8063 	7786 	7856
f 8059 	8073 	8061
f 7851 	7881 	7856
f 7881 	8064 	7856
f 8065 	123 	121
f 8056 	8061 	8066
f 7881 	8015 	8064
f 8065 	8064 	8015
f 8055 	7973 	8084
f 125 	121 	123
f 7970 	7973 	8055
f 7973 	7978 	8084
f 8068 	7966 	7935
f 7893 	8060 	8058
f 7966 	8068 	130
f 130 	7977 	7974
f 130 	7982 	7977
f 7893 	7895 	8060
f 8073 	8059 	8071
f 8060 	7895 	8062
f 130 	8017 	8016
f 8016 	7982 	130
f 8061 	8074 	8066
f 130 	8019 	8020
f 8061 	8073 	8074
f 130 	8032 	8026
f 130 	8040 	8032
f 130 	8026 	8019
f 130 	8020 	8017
f 8025 	5468 	8067
f 130 	8048 	8044
f 130 	8011 	8048
f 130 	8044 	8040
f 8015 	8013 	130
f 130 	123 	8065
f 130 	8065 	8015
f 8072 	8062 	8053
f 8066 	8074 	8075
f 8066 	8075 	8067
f 7923 	8069 	8211
f 8067 	8075 	8025
f 8058 	8069 	7923
f 8430 	8076 	8071
f 8069 	8058 	8070
f 8071 	8077 	8073
f 8058 	8060 	8070
f 8071 	8076 	8077
f 8072 	8070 	8060
f 8073 	8077 	8078
f 8060 	8062 	8072
f 7923 	7929 	8058
f 8074 	8073 	8078
f 8074 	8078 	8081
f 8079 	8028 	8082
f 8074 	8081 	8075
f 8075 	8081 	8043
f 8023 	8079 	8080
f 8085 	8023 	8080
f 8023 	8028 	8079
f 168 	8185 	153
f 8082 	8034 	8083
f 8086 	8043 	8081
f 8028 	8034 	8082
f 7360 	5960 	5957
f 8109 	610 	8131
f 8034 	8041 	8083
f 8088 	110 	8087
f 8043 	8086 	8089
f 7922 	7921 	5991
f 610 	8109 	8088
f 8087 	110 	8090
f 8086 	8095 	8089
f 563 	8087 	567
f 7921 	7920 	5991
f 8090 	110 	8091
f 8089 	8046 	8043
f 7924 	7922 	5991
f 8091 	568 	8090
f 8091 	110 	8092
f 8093 	8046 	8089
f 109 	8092 	110
f 6024 	5991 	7920
f 8093 	5575 	5547
f 7930 	7931 	5991
f 7916 	5991 	7931
f 7916 	7924 	5991
f 8100 	8096 	111
f 8093 	5419 	5575
f 8093 	8099 	5419
f 111 	8104 	8100
f 7943 	7946 	5991
f 7928 	5991 	7946
f 111 	8097 	121
f 7930 	5991 	7928
f 8086 	8094 	8095
f 8085 	8084 	7978
f 8097 	111 	8096
f 8094 	8108 	8110
f 8094 	8110 	8095
f 7956 	7957 	5991
f 8096 	1415 	8097
f 7978 	8001 	8085
f 1415 	7734 	8097
f 8089 	8099 	8093
f 7283 	7284 	4937
f 8089 	8095 	8099
f 7956 	5991 	7955
f 7957 	7963 	5991
f 8104 	111 	8107
f 7944 	5991 	7963
f 7944 	7943 	5991
f 8106 	8103 	8055
f 8106 	8084 	8111
f 8055 	8084 	8106
f 8095 	8112 	8099
f 8102 	8384 	8109
f 7975 	5991 	7976
f 7975 	7979 	5991
f 7979 	7986 	5991
f 8110 	8112 	8095
f 8099 	8112 	8018
f 7955 	5991 	7986
f 8018 	5419 	8099
f 8114 	8121 	8115
f 7991 	7990 	5991
f 7976 	5991 	7990
f 7991 	5991 	7992
f 8070 	8072 	8423
f 8072 	8053 	8101
f 7995 	8000 	8260
f 5991 	8260 	8000
f 7999 	7997 	5991
f 8053 	8103 	8101
f 7992 	5991 	7997
f 8053 	8055 	8103
f 7999 	5991 	8000
f 1668 	1533 	6727
f 7996 	7995 	8266
f 8118 	8119 	8113
f 8111 	8085 	8080
f 8260 	8266 	7995
f 8084 	8085 	8111
f 8113 	8119 	8114
f 8121 	8114 	8119
f 8116 	8115 	8098
f 8286 	8293 	8027
f 7491 	2348 	7484
f 8266 	8277 	7996
f 8098 	8115 	8121
f 8010 	7996 	8277
f 8277 	8285 	8010
f 8116 	8098 	8102
f 8024 	8010 	8285
f 8285 	8286 	8024
f 8112 	8169 	8018
f 8027 	8024 	8286
f 5044 	5018 	1332
f 8077 	8076 	8123
f 8123 	8076 	8122
f 8124 	8077 	8123
f 8123 	8147 	8124
f 8039 	8037 	8330
f 2329 	2327 	8104
f 8124 	8078 	8077
f 8078 	8124 	8125
f 8042 	8039 	8330
f 8125 	8081 	8078
f 8125 	8086 	8081
f 12629 	1052 	8127
f 8126 	8131 	8127
f 8126 	8130 	8131
f 8116 	8102 	8130
f 8130 	8109 	8131
f 8130 	8102 	8109
f 6718 	8120 	6715
f 8120 	6718 	8128
f 6718 	6739 	8128
f 8128 	6739 	8129
f 7240 	8136 	8134
f 8137 	8140 	8133
f 8433 	8143 	8122
f 8133 	8140 	8135
f 8140 	8141 	8135
f 8139 	8129 	8142
f 8139 	8128 	8129
f 8141 	8126 	8866
f 8114 	8137 	11150
f 8125 	8149 	8094
f 8151 	8160 	5867
f 3173 	5867 	8160
f 8094 	8086 	8125
f 8137 	8114 	8115
f 8137 	8115 	8140
f 8122 	8143 	8144
f 8141 	8140 	8116
f 8115 	8116 	8140
f 8141 	8130 	8126
f 8190 	8120 	8138
f 8143 	8156 	8144
f 8143 	8155 	8156
f 8138 	8120 	8128
f 8130 	8141 	8116
f 8122 	8144 	8123
f 8138 	8128 	8139
f 8146 	5867 	8145
f 8147 	8123 	8144
f 8124 	8149 	8125
f 6185 	6184 	8148
f 8129 	7902 	8142
f 5853 	8146 	8150
f 7902 	7933 	8142
f 8147 	8149 	8124
f 5854 	5853 	8151
f 6187 	8148 	8152
f 168 	8165 	8164
f 168 	8168 	8165
f 8144 	8157 	8147
f 8148 	6187 	6185
f 168 	8166 	8168
f 168 	8172 	8170
f 8144 	8156 	8157
f 8150 	8151 	5853
f 8157 	8105 	8147
f 168 	8170 	8166
f 8158 	8177 	8159
f 8181 	3173 	8160
f 8158 	8175 	8177
f 3173 	8181 	8183
f 8147 	8105 	8149
f 168 	8270 	8265
f 8149 	8108 	8094
f 168 	101 	8247
f 168 	8247 	8270
f 8149 	8105 	8108
f 7887 	12348 	7872
f 8155 	8218 	8219
f 8219 	8156 	8155
f 8153 	8187 	8167
f 8220 	8157 	8156
f 9259 	8179 	8171
f 8169 	8173 	5736
f 5747 	5736 	8173
f 8172 	8315 	8170
f 8153 	8167 	8154
f 8154 	8167 	8175
f 5747 	8173 	5751
f 8174 	5751 	8173
f 3211 	153 	8185
f 7290 	7292 	5981
f 8191 	8192 	168
f 8154 	8175 	8158
f 8176 	5755 	8174
f 5751 	8174 	5755
f 7925 	8162 	8159
f 8151 	8146 	8160
f 8176 	8178 	5944
f 8150 	8146 	8151
f 7296 	7297 	5982
f 7925 	8159 	8177
f 8162 	7925 	7926
f 8145 	8160 	8146
f 8178 	5956 	5944
f 5944 	5755 	8176
f 5952 	8178 	8261
f 5952 	8261 	8271
f 8145 	5867 	8180
f 5956 	8178 	5952
f 8180 	5866 	5475
f 8132 	8335 	8179
f 8167 	8139 	8175
f 5866 	8180 	5867
f 8139 	8167 	8138
f 8175 	8139 	8142
f 3179 	3173 	8183
f 3179 	8183 	5484
f 8175 	8142 	8177
f 8108 	8199 	8182
f 8177 	8142 	7933
f 8110 	8182 	8184
f 8185 	8223 	3211
f 7933 	7925 	8177
f 8110 	8184 	8112
f 8169 	8112 	8184
f 8199 	8186 	8182
f 8182 	8186 	8184
f 8189 	8184 	8186
f 8184 	8173 	8169
f 8184 	8189 	8173
f 8187 	8138 	8167
f 8193 	8194 	8189
f 8193 	8189 	8186
f 8173 	8189 	8174
f 8194 	8174 	8189
f 8187 	8190 	8138
f 8132 	8320 	8319
f 8132 	8322 	8320
f 8188 	8192 	8225
f 8190 	8195 	8120
f 8132 	8323 	8322
f 8132 	8326 	8323
f 6715 	8120 	8195
f 8132 	8327 	8326
f 8132 	8328 	8327
f 8181 	8160 	5475
f 8132 	8329 	8328
f 8132 	8330 	8329
f 8199 	8108 	8105
f 8160 	8145 	8180
f 8180 	5475 	8160
f 8132 	8332 	8330
f 8105 	8197 	8199
f 8195 	6712 	6715
f 8182 	8110 	8108
f 8132 	8333 	8332
f 8199 	8197 	8203
f 8202 	8203 	8197
f 8181 	5475 	8183
f 8199 	8203 	8186
f 8186 	8203 	8193
f 8207 	8193 	8203
f 5484 	8183 	5475
f 5427 	10522 	7935
f 6190 	6191 	8206
f 8198 	168 	8201
f 168 	8164 	8201
f 8203 	8202 	8207
f 8209 	8207 	8202
f 8212 	8213 	8207
f 8212 	8207 	8209
f 8207 	8213 	8214
f 8209 	8237 	8212
f 8214 	8193 	8207
f 8194 	8193 	8215
f 1668 	6727 	1708
f 8437 	8211 	8069
f 8215 	8193 	8214
f 7270 	8216 	8208
f 8194 	8215 	8176
f 6649 	1604 	6627
f 8216 	8360 	8208
f 8194 	8176 	8174
f 2228 	2221 	7393
f 8216 	8372 	8360
f 8217 	8372 	8216
f 8464 	8153 	8154
f 8213 	8259 	8214
f 8464 	8154 	8200
f 8214 	8261 	8215
f 8200 	8158 	8204
f 8178 	8176 	8215
f 7209 	8148 	6170
f 7211 	8148 	7209
f 8215 	8261 	8178
f 8200 	8154 	8158
f 8152 	7211 	7329
f 8204 	8158 	8159
f 8148 	7211 	8152
f 7292 	7294 	5981
f 8159 	8205 	8204
f 8152 	7329 	8134
f 7240 	8134 	7329
f 8162 	8205 	8159
f 5982 	7294 	7296
f 1864 	6656 	6909
f 8210 	8205 	8162
f 8224 	8219 	8218
f 7298 	5940 	7297
f 6604 	7427 	1491
f 8211 	8210 	7919
f 7427 	7432 	2273
f 2343 	7476 	7484
f 8210 	8162 	7919
f 8188 	168 	8192
f 8185 	168 	8188
f 8206 	7248 	7262
f 2369 	2348 	7500
f 168 	8198 	8196
f 8211 	7919 	7923
f 8220 	8156 	8219
f 8197 	8157 	8220
f 8136 	7248 	8206
f 8208 	8206 	7262
f 8202 	8197 	8233
f 8220 	8233 	8197
f 168 	8196 	8191
f 2445 	2426 	7555
f 7262 	7270 	8208
f 8197 	8105 	8157
f 8443 	8224 	8218
f 2445 	7555 	7578
f 7540 	7550 	8217
f 11420 	8227 	8228
f 7729 	8229 	8221
f 8217 	8216 	7540
f 7729 	7686 	8229
f 8229 	8231 	8221
f 8161 	8217 	7550
f 7550 	7520 	8161
f 8223 	3182 	3211
f 8163 	8161 	7520
f 7732 	11653 	11839
f 8221 	8231 	8222
f 8185 	8188 	8223
f 7520 	9062 	8163
f 8223 	8188 	8225
f 7658 	8232 	7686
f 8228 	8227 	8191
f 8219 	8224 	8226
f 8192 	8191 	8227
f 8219 	8233 	8220
f 8219 	8226 	8233
f 8225 	8192 	8227
f 7686 	8232 	8229
f 9062 	8171 	8163
f 8232 	8234 	8229
f 8235 	8236 	8226
f 8235 	8226 	8224
f 8191 	8196 	8228
f 8236 	8237 	8233
f 8236 	8233 	8226
f 8228 	8196 	8230
f 2629 	7578 	7590
f 8237 	8209 	8202
f 8237 	8202 	8233
f 8198 	8230 	8196
f 8229 	8234 	8231
f 6177 	6176 	8134
f 6180 	6181 	8136
f 8134 	8136 	6181
f 8198 	8334 	8230
f 8198 	8201 	8334
f 8238 	8232 	7658
f 6181 	6177 	8134
f 8238 	7658 	7671
f 8238 	8239 	8232
f 6186 	6187 	8152
f 2329 	8104 	8107
f 8241 	8444 	8384
f 8152 	6176 	6186
f 8243 	8244 	100
f 8232 	8239 	8234
f 8240 	8242 	8235
f 8236 	8235 	8242
f 6499 	6513 	1445
f 8384 	8395 	8241
f 8152 	8134 	6176
f 8236 	8242 	8245
f 8238 	7671 	7510
f 100 	8244 	8247
f 100 	8247 	101
f 6556 	6595 	1477
f 8289 	8270 	8244
f 7512 	8239 	8238
f 8236 	8245 	8237
f 6604 	1491 	6595
f 7510 	7512 	8238
f 2273 	1491 	7427
f 8245 	8212 	8237
f 2209 	7388 	2221
f 8161 	8248 	8217
f 8249 	7805 	8273
f 8246 	8248 	8250
f 8304 	8242 	8240
f 6882 	1708 	6727
f 6882 	6892 	1708
f 1713 	1708 	6892
f 8254 	8248 	8161
f 6892 	6627 	1713
f 8248 	8257 	8251
f 8248 	8251 	8250
f 1604 	6649 	6656
f 8245 	8252 	8212
f 8161 	8163 	8254
f 8212 	8252 	8255
f 1445 	1864 	6499
f 6513 	1459 	1445
f 1465 	1459 	6522
f 6513 	6522 	1459
f 8254 	8257 	8248
f 6543 	1474 	6522
f 1465 	6522 	1474
f 6556 	1477 	6543
f 1474 	6543 	1477
f 8255 	8213 	8212
f 1486 	1477 	6595
f 8259 	8213 	8255
f 1486 	6595 	1491
f 8255 	8267 	8259
f 8251 	8257 	8260
f 8214 	8259 	8261
f 6980 	6727 	1533
f 7298 	7300 	5940
f 8249 	8263 	8310
f 8252 	8344 	8264
f 1556 	1713 	6627
f 8273 	8274 	8249
f 6627 	1604 	1556
f 8249 	8274 	8263
f 8260 	8257 	8266
f 8257 	8275 	8266
f 8252 	8264 	8255
f 168 	8262 	8258
f 8254 	8163 	8268
f 6909 	6499 	1864
f 8267 	8255 	8264
f 8259 	8267 	8271
f 7432 	2276 	2273
f 8171 	8268 	8163
f 8268 	8272 	8254
f 8253 	8172 	168
f 2369 	7500 	7506
f 168 	8258 	8256
f 8259 	8271 	8261
f 2396 	7506 	7515
f 7532 	2415 	7515
f 168 	8256 	8253
f 8272 	8257 	8254
f 8264 	8344 	8281
f 8272 	8275 	8257
f 8262 	168 	8265
f 8273 	7815 	7764
f 3042 	3043 	5761
f 3030 	5760 	5761
f 2641 	2629 	7602
f 8275 	8277 	8266
f 8263 	8278 	8269
f 8274 	8278 	8263
f 7623 	7696 	2664
f 8272 	8268 	8338
f 8096 	2325 	1415
f 8273 	8280 	8274
f 8096 	8100 	2325
f 5952 	8271 	5994
f 2329 	8107 	2330
f 8280 	8273 	7764
f 8280 	8283 	8274
f 8267 	8264 	8284
f 8258 	8279 	8276
f 8279 	8262 	8282
f 8275 	8285 	8277
f 8284 	8264 	8281
f 8274 	8283 	8278
f 8287 	8267 	8284
f 8268 	8171 	8335
f 7764 	8221 	8280
f 8287 	8271 	8267
f 8282 	8262 	8265
f 7764 	7729 	8221
f 8282 	8265 	8288
f 8338 	8268 	8335
f 8221 	8222 	8280
f 8271 	8287 	5994
f 8222 	8283 	8280
f 8305 	8275 	8272
f 8272 	8338 	8305
f 8275 	8307 	8285
f 8292 	8284 	8281
f 8290 	8321 	8041
f 8243 	8395 	8244
f 8281 	8291 	8292
f 8285 	8307 	8286
f 8287 	8284 	5999
f 8014 	8290 	8041
f 8290 	8310 	8294
f 8292 	5999 	8284
f 8256 	8258 	8276
f 8287 	5999 	6002
f 6002 	5994 	8287
f 8258 	8262 	8279
f 8291 	8375 	8378
f 8295 	8313 	8298
f 8291 	8378 	8292
f 7017 	5999 	8292
f 8300 	8314 	8301
f 8288 	8270 	8289
f 7357 	7358 	5954
f 8288 	8265 	8270
f 2396 	7515 	2415
f 8247 	8244 	8270
f 7537 	2426 	7532
f 2415 	7532 	2426
f 7537 	7555 	2426
f 8294 	8312 	8296
f 7361 	7362 	5960
f 8305 	8307 	8275
f 7590 	7602 	2629
f 2641 	7602 	2664
f 7623 	2664 	7602
f 8132 	8307 	8305
f 2685 	2664 	7696
f 2685 	7696 	7700
f 8286 	8311 	8293
f 8310 	8290 	8014
f 8286 	8307 	8311
f 8306 	8168 	8308
f 2327 	2325 	8100
f 8313 	8295 	8311
f 8293 	8311 	8295
f 8100 	8104 	2327
f 8298 	8314 	8297
f 8298 	8313 	8314
f 8310 	8312 	8294
f 8107 	115 	2330
f 103 	2330 	115
f 8314 	8300 	8297
f 8312 	8316 	8296
f 8312 	8269 	8316
f 6387 	214 	8317
f 8296 	8316 	8299
f 8317 	6464 	6387
f 11653 	7691 	10933
f 8336 	8164 	8303
f 8014 	8249 	8310
f 8318 	8317 	214
f 8165 	8306 	8303
f 8318 	3648 	8317
f 8310 	8263 	8312
f 227 	8318 	214
f 8308 	8168 	8166
f 8263 	8269 	8312
f 227 	202 	8318
f 8165 	8168 	8306
f 8309 	8308 	8166
f 8166 	8170 	8309
f 9520 	4297 	9515
f 8170 	8315 	8309
f 8253 	8346 	8172
f 9735 	4930 	4929
f 8304 	8240 	8302
f 8242 	8304 	8331
f 8304 	8342 	8331
f 7413 	3112 	10953
f 8242 	8331 	8245
f 8171 	8179 	8335
f 5427 	5446 	10522
f 8331 	8252 	8245
f 8334 	8336 	11446
f 10953 	3112 	4995
f 8302 	8337 	8339
f 8338 	8335 	8132
f 8305 	8338 	8132
f 8311 	8307 	8132
f 4993 	9759 	4998
f 8339 	8304 	8302
f 8341 	8340 	3510
f 9759 	5232 	4998
f 8132 	8313 	8311
f 8342 	8304 	8339
f 3510 	3518 	8341
f 8132 	8314 	8313
f 8341 	8343 	8340
f 8301 	8314 	8132
f 5246 	9800 	5249
f 8334 	8201 	8336
f 8132 	8319 	8301
f 8331 	8344 	8252
f 5446 	5249 	10509
f 8383 	8340 	8343
f 10509 	10522 	5446
f 8331 	8342 	8344
f 8201 	8164 	8336
f 8165 	8303 	8164
f 3518 	10752 	8341
f 8364 	8308 	8309
f 5960 	7360 	7361
f 8341 	8345 	8343
f 5910 	5960 	7362
f 8339 	8350 	8342
f 8341 	10752 	8345
f 8315 	8346 	8370
f 7337 	7339 	5910
f 8315 	8172 	8346
f 8337 	8349 	8339
f 8253 	8348 	8346
f 9505 	4241 	248
f 8337 	8347 	8349
f 8343 	8351 	8383
f 7376 	5917 	7374
f 8350 	8339 	8349
f 8345 	8352 	8343
f 8342 	8350 	8353
f 8276 	8279 	8405
f 8343 	8352 	8351
f 8333 	8132 	8426
f 8342 	8353 	8344
f 2221 	7390 	7393
f 8353 	8281 	8344
f 8348 	8253 	8256
f 8348 	8256 	8276
f 8361 	8354 	8208
f 8347 	8356 	8358
f 8360 	8362 	8361
f 8347 	8358 	8349
f 8360 	8373 	8362
f 8350 	8349 	8365
f 8306 	8359 	8357
f 8360 	8372 	8373
f 8349 	8358 	8365
f 8363 	3823 	3751
f 8136 	8206 	6191
f 8350 	8366 	8353
f 8365 	8366 	8350
f 6191 	6180 	8136
f 8353 	8291 	8281
f 8291 	8353 	8366
f 8354 	8355 	8208
f 8206 	8208 	8355
f 8208 	8360 	8361
f 8369 	8363 	3751
f 8355 	6190 	8206
f 8369 	3751 	3759
f 5232 	9775 	9785
f 8369 	8371 	8363
f 8303 	8306 	8357
f 8363 	8371 	8367
f 8374 	8373 	8372
f 8359 	8308 	8364
f 8308 	8359 	8306
f 8248 	8372 	8217
f 8376 	8369 	3759
f 8372 	8248 	8246
f 8364 	8309 	8368
f 8372 	8246 	8374
f 8369 	8377 	8371
f 8375 	7025 	8378
f 8368 	8315 	8370
f 8376 	8377 	8369
f 4929 	9729 	9735
f 8029 	8027 	8293
f 8301 	8037 	8300
f 8326 	8037 	8323
f 8327 	8037 	8326
f 8045 	8042 	8332
f 8315 	8368 	8309
f 7017 	8292 	8378
f 4993 	9749 	9759
f 8392 	8404 	7023
f 8373 	8374 	5991
f 8251 	8260 	5991
f 8340 	3714 	3510
f 5991 	8246 	8250
f 7023 	8375 	8392
f 5991 	8250 	8251
f 8340 	3718 	3714
f 9809 	5249 	9800
f 8375 	7023 	7025
f 8378 	7025 	7030
f 3718 	8340 	8383
f 8379 	8389 	8391
f 8379 	8391 	8382
f 8386 	8377 	8376
f 8383 	8386 	8376
f 8293 	8295 	8029
f 8388 	8356 	8385
f 8386 	8383 	8351
f 8389 	8379 	8425
f 8031 	8029 	8295
f 8388 	8358 	8356
f 8390 	8365 	8358
f 5910 	7362 	7337
f 8358 	8388 	8390
f 8365 	8392 	8366
f 3803 	3811 	8393
f 8325 	8296 	8381
f 297 	7369 	5917
f 8294 	8296 	8325
f 3811 	8394 	8393
f 8394 	3811 	3820
f 8382 	8391 	8395
f 8382 	8395 	8384
f 8295 	8298 	8031
f 8243 	8241 	8395
f 8083 	8041 	8321
f 8297 	8300 	8036
f 8394 	3820 	8397
f 8321 	8290 	8324
f 3820 	8396 	8397
f 8036 	8033 	8297
f 8298 	8297 	8033
f 8033 	8031 	8298
f 8290 	8294 	8324
f 8387 	8282 	8288
f 8363 	8396 	3823
f 8325 	8324 	8294
f 8363 	8367 	8396
f 8037 	8036 	8300
f 8288 	8389 	8387
f 8396 	8367 	8397
f 8389 	8288 	8289
f 8299 	8381 	8296
f 8389 	8289 	8391
f 8299 	8380 	8381
f 8319 	8037 	8301
f 8391 	8289 	8395
f 8289 	8244 	8395
f 9406 	9408 	2811
f 6919 	2080 	2069
f 8365 	8390 	8392
f 8407 	8408 	3046
f 8366 	8375 	8291
f 7132 	1149 	7151
f 8366 	8392 	8375
f 1163 	7142 	7152
f 7138 	1149 	7132
f 8385 	8465 	8399
f 8385 	8400 	8388
f 8320 	8037 	8319
f 8385 	8399 	8400
f 8388 	8400 	8402
f 8370 	8401 	8398
f 8388 	8402 	8390
f 7518 	1598 	7512
f 8415 	2811 	2851
f 8323 	8037 	8322
f 8390 	8404 	8392
f 7493 	1574 	7526
f 8322 	8037 	8320
f 7497 	1574 	7493
f 8390 	8402 	8404
f 10549 	10541 	8371
f 7142 	1163 	7502
f 8330 	8037 	8329
f 1859 	8299 	8316
f 179 	2811 	9408
f 8269 	1831 	8316
f 1859 	8316 	1831
f 8269 	8278 	1831
f 8332 	8333 	8045
f 8283 	1840 	8278
f 8399 	8412 	8400
f 8426 	11903 	8333
f 8283 	8222 	1840
f 8399 	8411 	8412
f 8409 	2851 	8408
f 2851 	3046 	8408
f 8676 	8408 	8407
f 8328 	8037 	8327
f 8404 	8402 	7116
f 8370 	8346 	8401
f 8413 	2851 	8410
f 8409 	8410 	2851
f 8413 	8415 	2851
f 9406 	2811 	8415
f 8401 	8346 	8348
f 8401 	8348 	8403
f 8330 	8332 	8042
f 7098 	7023 	8404
f 179 	9408 	9410
f 8276 	8405 	8403
f 8348 	8276 	8403
f 8409 	8408 	8678
f 8676 	8678 	8408
f 8279 	8406 	8405
f 8400 	7114 	8402
f 8406 	8279 	8282
f 8406 	8282 	8387
f 8362 	5991 	8361
f 8354 	8361 	5991
f 8355 	8354 	5991
f 8400 	8412 	7114
f 8402 	7114 	7116
f 8414 	4230 	8418
f 8231 	1815 	8222
f 8231 	8234 	1815
f 8404 	7116 	7098
f 1589 	8239 	7512
f 8410 	8680 	8413
f 8373 	5991 	8362
f 8415 	8413 	8680
f 8411 	7126 	8412
f 4237 	4245 	8418
f 12 	8418 	4245
f 8417 	8421 	8117
f 8374 	8246 	5991
f 8417 	8405 	8421
f 8680 	9420 	8415
f 4245 	4250 	13
f 7376 	5933 	5917
f 8440 	8441 	4280
f 12 	4245 	13
f 13 	4250 	8424
f 8119 	8422 	8425
f 8101 	8103 	8495
f 8422 	8387 	8425
f 8424 	4250 	3803
f 8496 	8103 	8106
f 8411 	7123 	7126
f 8412 	7126 	7128
f 8412 	7128 	7114
f 8416 	8398 	8401
f 3803 	8393 	8424
f 8403 	8416 	8401
f 8416 	8403 	8417
f 8052 	7784 	8427
f 8427 	8059 	8052
f 8419 	8497 	8111
f 8427 	8429 	8059
f 8417 	8403 	8405
f 8421 	8405 	8406
f 8080 	8079 	8420
f 8429 	8071 	8059
f 8422 	8421 	8406
f 3026 	8474 	3046
f 8429 	8430 	8071
f 8422 	8406 	8387
f 8430 	8431 	8076
f 8420 	8419 	8080
f 8111 	8080 	8419
f 8425 	8387 	8389
f 3022 	8458 	3026
f 8462 	3026 	8458
f 8431 	463 	8433
f 8475 	3046 	8474
f 8122 	8076 	8431
f 8243 	100 	8241
f 8088 	8444 	110
f 8428 	8432 	7627
f 8423 	8072 	8101
f 8439 	7627 	8432
f 8421 	8118 	8117
f 8122 	8431 	8433
f 467 	8436 	8433
f 8433 	8436 	8143
f 8118 	8422 	8119
f 4280 	8514 	8440
f 8422 	8118 	8421
f 8436 	8155 	8143
f 8436 	8438 	8155
f 8449 	8450 	4288
f 8438 	8218 	8155
f 8425 	8121 	8119
f 8438 	8443 	8218
f 8427 	453 	8429
f 455 	8430 	8429
f 8449 	4288 	8446
f 4288 	4280 	8441
f 8098 	8121 	8379
f 8791 	8788 	8045
f 8775 	8791 	8045
f 8425 	8379 	8121
f 8098 	8379 	8382
f 8483 	8441 	8440
f 8102 	8098 	8382
f 8446 	4288 	8441
f 7372 	7387 	5933
f 83 	8224 	8443
f 8384 	8102 	8382
f 8235 	8224 	82
f 83 	82 	8224
f 8444 	8241 	100
f 8483 	8652 	8441
f 100 	110 	8444
f 82 	8445 	8240
f 8456 	3022 	8450
f 8444 	8109 	8384
f 8444 	8088 	8109
f 8859 	8864 	4629
f 8240 	8445 	8302
f 82 	8240 	8235
f 724 	704 	8582
f 8445 	8448 	8302
f 8434 	8205 	8210
f 8434 	8210 	8435
f 8437 	8435 	8211
f 8657 	811 	779
f 8462 	8463 	3026
f 91 	87 	811
f 8448 	8451 	8337
f 8210 	8211 	8435
f 8446 	8658 	8449
f 8069 	8471 	8437
f 8448 	8337 	8302
f 4288 	8450 	3022
f 8451 	8454 	8347
f 8456 	8458 	3022
f 8442 	8457 	8447
f 8474 	3026 	8463
f 8407 	3046 	8475
f 8454 	8356 	8347
f 8453 	8457 	8442
f 8451 	8347 	8337
f 8458 	8456 	8671
f 2164 	6957 	1861
f 8356 	8454 	8460
f 8450 	8671 	8456
f 8435 	8539 	8434
f 8356 	8460 	8385
f 8460 	8465 	8385
f 477 	83 	8443
f 8452 	8807 	8453
f 8802 	8807 	8452
f 8459 	8455 	8200
f 8451 	8448 	489
f 489 	8454 	8451
f 8455 	8464 	8200
f 8465 	8460 	542
f 8205 	8461 	8204
f 8799 	8842 	913
f 8461 	8205 	8434
f 8204 	8459 	8200
f 8852 	1052 	1032
f 8459 	8204 	8461
f 8874 	8127 	1052
f 8465 	8466 	8399
f 691 	8552 	704
f 2228 	7406 	2246
f 8466 	544 	545
f 545 	8469 	8466
f 8466 	8469 	8411
f 8649 	772 	760
f 8491 	8471 	8423
f 8466 	8411 	8399
f 779 	772 	8657
f 8471 	8070 	8423
f 545 	8895 	8469
f 7123 	8469 	7898
f 8411 	8469 	7123
f 8471 	8490 	8437
f 455 	8429 	453
f 455 	459 	8430
f 8671 	8672 	8458
f 8431 	8430 	463
f 459 	463 	8430
f 467 	8433 	463
f 8438 	8436 	471
f 470 	471 	8436
f 477 	8443 	471
f 879 	8756 	935
f 8458 	8672 	8462
f 8438 	471 	8443
f 939 	935 	8828
f 8672 	8463 	8462
f 8499 	8502 	8467
f 82 	86 	482
f 82 	482 	8445
f 908 	8787 	913
f 8502 	8468 	8467
f 8445 	482 	8448
f 486 	8448 	482
f 8448 	486 	489
f 8468 	8503 	8470
f 8454 	489 	514
f 8454 	514 	8460
f 518 	8460 	514
f 518 	542 	8460
f 8470 	8504 	8472
f 542 	8466 	8465
f 8503 	8504 	8470
f 8504 	8507 	8472
f 8472 	8507 	8473
f 8672 	8675 	8463
f 8474 	8463 	8675
f 6972 	2692 	6971
f 9466 	172 	8132
f 2411 	6970 	2692
f 8494 	8492 	8045
f 8492 	8855 	8045
f 7 	9722 	9710
f 8475 	8675 	8676
f 8475 	8676 	8407
f 172 	9466 	166
f 8494 	8045 	8493
f 8476 	8494 	8493
f 8476 	8493 	8478
f 8477 	8486 	8484
f 8410 	8678 	8680
f 1019 	1022 	9693
f 12705 	1022 	1658
f 12842 	1658 	1745
f 8498 	8045 	8482
f 8482 	8045 	8481
f 8481 	8045 	8480
f 8481 	8503 	8482
f 1019 	9693 	2144
f 8485 	8486 	8477
f 12705 	9693 	1022
f 8471 	8069 	8070
f 8493 	8498 	8478
f 8478 	8498 	8482
f 8479 	8650 	8652
f 8480 	8045 	8489
f 7413 	7383 	13131
f 8483 	8479 	8652
f 8488 	8507 	8489
f 630 	8512 	650
f 8132 	8179 	9466
f 8521 	8533 	650
f 4579 	8484 	8486
f 8485 	10364 	4579
f 8834 	8832 	8495
f 8492 	8476 	8510
f 8521 	650 	8512
f 8511 	8513 	4389
f 8505 	4389 	4473
f 8495 	8103 	8496
f 4579 	8625 	8484
f 8492 	8494 	8476
f 8493 	8045 	8498
f 8501 	8505 	4473
f 8500 	8501 	4473
f 8633 	8649 	760
f 1642 	12842 	1745
f 8505 	8506 	4389
f 8038 	8512 	7490
f 8447 	8499 	8718
f 2031 	1630 	1869
f 8502 	8503 	8468
f 8511 	4389 	8506
f 8423 	8487 	8491
f 8481 	8504 	8503
f 8101 	8495 	8487
f 8747 	8746 	4596
f 8487 	8423 	8101
f 8051 	8508 	8509
f 7757 	7746 	8690
f 8490 	8471 	8491
f 8501 	8541 	8505
f 8447 	8457 	8510
f 8541 	8506 	8505
f 8509 	8030 	8051
f 8499 	8447 	8510
f 7779 	8713 	7784
f 8502 	8499 	8476
f 8496 	8106 	8497
f 8514 	4280 	8513
f 4280 	4389 	8513
f 10953 	10933 	7413
f 7898 	8469 	8895
f 8499 	8510 	8476
f 8895 	8929 	7898
f 8513 	8511 	8543
f 8476 	8478 	8502
f 7937 	8929 	8943
f 8953 	7939 	8943
f 8111 	8497 	8106
f 8502 	8478 	8503
f 8541 	8543 	8506
f 8511 	8506 	8543
f 8478 	8482 	8503
f 7960 	7948 	8923
f 8481 	8480 	8504
f 8960 	7980 	8923
f 4339 	10605 	4330
f 8480 	8489 	8504
f 8508 	8057 	8517
f 8504 	8489 	8507
f 8440 	8514 	8483
f 8514 	8513 	8483
f 8543 	8483 	8513
f 8507 	10806 	10803
f 8509 	8521 	8512
f 8057 	8054 	8515
f 8057 	8515 	8517
f 9777 	9778 	8439
f 4473 	4461 	8538
f 8508 	8519 	8509
f 9784 	9787 	8439
f 9787 	9789 	8439
f 9789 	9793 	8439
f 8508 	8517 	8519
f 9793 	9807 	8439
f 8521 	8509 	8519
f 9810 	8439 	9807
f 8584 	8439 	9810
f 8587 	8439 	8584
f 8590 	8439 	8587
f 8591 	8439 	8590
f 8593 	8439 	8592
f 8520 	8537 	8524
f 8535 	8537 	8520
f 8515 	8527 	8517
f 8515 	8526 	8527
f 8634 	8632 	8523
f 8519 	8517 	8530
f 8631 	8634 	8523
f 8517 	8527 	8530
f 8519 	8530 	8533
f 8689 	8525 	8516
f 8519 	8533 	8521
f 8516 	8525 	8536
f 8525 	8541 	8536
f 8525 	8540 	8541
f 8516 	8536 	8518
f 8500 	4473 	8538
f 8526 	8547 	8527
f 8501 	8500 	8536
f 8538 	8522 	8536
f 8592 	8439 	8591
f 8567 	8439 	8593
f 8500 	8538 	8536
f 8518 	8536 	8522
f 8550 	8530 	8527
f 8570 	8439 	8569
f 8523 	8946 	8631
f 8531 	8602 	8532
f 8598 	8602 	8531
f 8569 	8439 	8567
f 8532 	8605 	8535
f 8541 	8501 	8536
f 8534 	8434 	8539
f 8711 	8542 	8540
f 8540 	8542 	8543
f 691 	8533 	8552
f 8564 	704 	8552
f 6972 	3001 	2692
f 8540 	8543 	8541
f 8542 	8733 	8479
f 7701 	7676 	8638
f 8546 	8547 	8526
f 7716 	7701 	8662
f 8542 	8479 	8483
f 8527 	8547 	8550
f 8483 	8543 	8542
f 2093 	6924 	2103
f 8547 	8562 	8550
f 9061 	8549 	8551
f 8530 	8550 	8552
f 6959 	1861 	6957
f 8550 	8562 	8564
f 8550 	8564 	8552
f 8530 	8552 	8533
f 8565 	8518 	8555
f 6963 	1981 	6962
f 8490 	8491 	8819
f 8546 	8557 	8559
f 8545 	8558 	8548
f 8554 	7794 	8560
f 8558 	8545 	8560
f 8554 	8560 	8545
f 8546 	8559 	8547
f 8558 	8531 	8548
f 8459 	8529 	8455
f 8529 	8459 	8528
f 8562 	8547 	8559
f 8461 	8528 	8459
f 8700 	8702 	8549
f 8647 	4461 	8555
f 8461 	8534 	8528
f 8548 	8531 	8583
f 8544 	8539 	8435
f 8560 	7794 	8566
f 8751 	8749 	8553
f 8544 	8435 	8437
f 8558 	8560 	8566
f 8437 	8490 	8544
f 8534 	8461 	8434
f 1981 	6963 	6964
f 8598 	8531 	8558
f 6965 	2380 	6964
f 8529 	11871 	8455
f 8582 	8564 	8562
f 8563 	8518 	8565
f 8600 	8603 	5604
f 8557 	8576 	8559
f 8559 	8576 	8579
f 6975 	3189 	6974
f 8638 	8570 	8569
f 6977 	3199 	3189
f 8559 	8579 	8562
f 8548 	8583 	8571
f 8582 	8562 	8579
f 8582 	704 	8564
f 8573 	8571 	8583
f 8573 	8589 	8574
f 8583 	8589 	8573
f 8578 	8574 	8520
f 8576 	8588 	8594
f 8589 	8520 	8574
f 8520 	8524 	8578
f 8609 	8588 	11618
f 8588 	8609 	8610
f 8588 	8610 	8594
f 9594 	638 	646
f 8589 	8583 	8532
f 8576 	8594 	8579
f 8579 	8594 	8595
f 8583 	8531 	8532
f 8532 	8535 	8589
f 8589 	8535 	8520
f 8579 	8595 	8582
f 9732 	9733 	1309
f 7794 	8598 	8566
f 8623 	8611 	7794
f 8420 	8079 	8580
f 8603 	8604 	5604
f 8079 	8082 	8580
f 8566 	8598 	8558
f 8580 	8082 	8596
f 8601 	8600 	8599
f 8321 	8585 	8586
f 9900 	9905 	8590
f 8596 	8082 	8586
f 8608 	8615 	5604
f 8617 	8618 	5604
f 8615 	8617 	5604
f 8614 	8595 	8594
f 8083 	8321 	8586
f 8555 	4444 	8620
f 8606 	8604 	8603
f 751 	733 	8614
f 8604 	8608 	5604
f 8605 	8532 	8602
f 8633 	760 	8614
f 8603 	8600 	8601
f 8603 	8601 	8606
f 8605 	8442 	8535
f 8452 	8605 	8602
f 8606 	8608 	8604
f 8537 	8535 	8442
f 8442 	8447 	8537
f 8598 	7794 	8611
f 8597 	8325 	8607
f 8591 	8590 	9905
f 8598 	8611 	8612
f 8324 	8597 	8585
f 8594 	8610 	8614
f 8611 	8623 	8612
f 8591 	9907 	8592
f 8601 	8613 	8606
f 8598 	8612 	8602
f 13071 	13063 	5492
f 8618 	8620 	4444
f 8602 	8612 	8452
f 8606 	8616 	8615
f 8606 	8615 	8608
f 8606 	8613 	8616
f 8628 	8593 	8592
f 8324 	8585 	8321
f 4444 	5604 	8618
f 8612 	8802 	8452
f 8593 	8635 	8567
f 8083 	8586 	8082
f 8803 	8802 	8623
f 8627 	8610 	8609
f 8621 	8618 	8617
f 8621 	8620 	8618
f 8605 	8453 	8442
f 8628 	8635 	8593
f 8617 	8615 	8616
f 8617 	8616 	8621
f 8452 	8453 	8605
f 8696 	9009 	8622
f 8622 	9009 	8619
f 8569 	8567 	8637
f 8561 	8613 	8839
f 1971 	13459 	1972
f 8637 	8638 	8569
f 8613 	8563 	8616
f 8613 	8561 	8563
f 8626 	8946 	8625
f 8616 	8563 	8565
f 8630 	8946 	8629
f 8612 	8623 	8802
f 8627 	8609 	8624
f 8610 	8627 	8633
f 8619 	8523 	8632
f 8597 	8324 	8325
f 8632 	8636 	8619
f 8627 	8649 	8633
f 8619 	8636 	8622
f 8610 	8633 	8614
f 751 	8614 	760
f 8635 	8637 	8567
f 8381 	8607 	8325
f 8616 	8565 	8621
f 8746 	8747 	8551
f 8660 	8637 	8635
f 8620 	8621 	8565
f 8553 	8747 	8751
f 8627 	8644 	8649
f 8555 	8620 	8565
f 8754 	8645 	8556
f 8522 	8538 	4461
f 8516 	8563 	8561
f 8644 	8624 	8642
f 8518 	8563 	8516
f 9090 	8556 	8645
f 8624 	8644 	8627
f 8648 	8568 	8645
f 8522 	8647 	8518
f 8653 	8644 	8642
f 8647 	8555 	8518
f 8758 	8757 	8645
f 8754 	8758 	8645
f 8738 	8650 	8479
f 8640 	8578 	8641
f 8572 	8568 	8648
f 9140 	8654 	8650
f 5311 	4102 	12988
f 8650 	8654 	8658
f 8574 	8578 	8640
f 8650 	8658 	8652
f 8642 	8651 	8653
f 8446 	8441 	8652
f 8643 	8708 	8646
f 8644 	8653 	8657
f 9140 	9147 	8654
f 8708 	8712 	8646
f 10131 	9475 	1845
f 8653 	8667 	8657
f 8628 	8655 	8635
f 8644 	8657 	8649
f 8660 	8635 	8655
f 8655 	8673 	8660
f 8659 	8661 	8682
f 8637 	8662 	8638
f 8637 	8660 	8662
f 7701 	8638 	8662
f 8666 	8686 	8663
f 8651 	8664 	8653
f 8665 	8653 	8664
f 8630 	8629 	4582
f 8667 	8653 	8665
f 8632 	8634 	4582
f 8636 	8632 	4582
f 8634 	8631 	4582
f 8654 	8671 	8658
f 8654 	8670 	8671
f 8674 	8662 	8660
f 8667 	811 	8657
f 4582 	8622 	8636
f 8450 	8449 	8658
f 8658 	8446 	8652
f 8668 	8669 	8665
f 8668 	8665 	8664
f 8665 	8669 	8667
f 91 	8667 	8669
f 4579 	4582 	8629
f 91 	811 	8667
f 8631 	8630 	4582
f 7741 	8681 	8685
f 8659 	8723 	8661
f 8668 	8697 	8669
f 8697 	91 	8669
f 8450 	8658 	8671
f 8710 	8713 	7771
f 8670 	9167 	8672
f 8380 	8656 	8639
f 852 	8737 	860
f 8381 	8380 	8639
f 8743 	8756 	860
f 8670 	8672 	8671
f 8551 	8549 	8702
f 8746 	8551 	8705
f 8381 	8639 	8607
f 8553 	8551 	8747
f 8674 	8660 	8673
f 8842 	8852 	1024
f 8556 	8553 	8749
f 8874 	1052 	8852
f 9167 	8675 	8672
f 2781 	8656 	8380
f 8475 	8474 	8675
f 8674 	7735 	8662
f 8410 	8409 	8678
f 8673 	8677 	8681
f 9815 	9808 	1689
f 8729 	8575 	8572
f 8677 	8685 	8681
f 8677 	8684 	8685
f 8673 	8681 	8674
f 8809 	8808 	8575
f 7741 	7735 	8681
f 8729 	8770 	8575
f 8581 	8577 	8811
f 8808 	8810 	8577
f 8682 	8683 	9032
f 8811 	8772 	8581
f 8622 	4582 	8696
f 8684 	8687 	8690
f 8684 	8690 	8685
f 8646 	8659 	8679
f 8629 	8626 	4579
f 8626 	8625 	4579
f 8679 	8659 	8682
f 8586 	8768 	8596
f 8682 	8661 	8683
f 8549 	9009 	8693
f 8694 	8697 	8668
f 8689 	8692 	8695
f 91 	8697 	92
f 8525 	8689 	8695
f 8661 	8663 	8683
f 8693 	8700 	8549
f 8697 	8694 	8701
f 8699 	8701 	8694
f 8695 	8711 	8540
f 8683 	8663 	8686
f 8687 	8703 	8690
f 92 	8697 	8704
f 8701 	8704 	8697
f 8695 	8540 	8525
f 8687 	8698 	8703
f 8704 	835 	92
f 8666 	8688 	8686
f 8705 	8551 	8702
f 8691 	8709 	8692
f 8745 	8524 	8715
f 8691 	8706 	8709
f 3734 	3736 	12164
f 12163 	12164 	3736
f 8698 	8710 	8703
f 8695 	8709 	8711
f 7771 	8703 	8710
f 8709 	8695 	8692
f 7779 	7771 	8713
f 8708 	8745 	8715
f 8711 	8733 	8542
f 11449 	8714 	8713
f 8708 	8716 	8712
f 8714 	7784 	8713
f 8715 	8716 	8708
f 8716 	8717 	8712
f 453 	8427 	8714
f 8712 	8717 	8723
f 453 	8714 	11460
f 8733 	8711 	8709
f 8718 	8715 	8524
f 7873 	8964 	8869
f 9470 	550 	554
f 8718 	8524 	8537
f 8715 	8718 	8467
f 2031 	12820 	12816
f 8718 	8499 	8467
f 12815 	2031 	12816
f 8467 	8716 	8715
f 2031 	12851 	12849
f 8716 	8468 	8717
f 2031 	12856 	12851
f 2031 	12849 	12821
f 8467 	8468 	8716
f 8468 	8470 	8717
f 2031 	12858 	12856
f 8537 	8447 	8718
f 2031 	12869 	12863
f 2031 	12887 	12869
f 2031 	12888 	12887
f 2031 	8817 	12888
f 8719 	8722 	8724
f 2031 	8820 	8817
f 8722 	8752 	8724
f 2031 	8827 	8820
f 2031 	8829 	8827
f 8719 	8724 	8720
f 2031 	8831 	8833
f 8720 	8706 	8691
f 8661 	8725 	8663
f 8720 	8724 	8706
f 2031 	8833 	8829
f 2031 	8798 	8831
f 8723 	8725 	8661
f 2031 	8804 	8801
f 8725 	8726 	8663
f 8725 	8732 	8726
f 2031 	8801 	8798
f 8721 	8748 	8722
f 1655 	7841 	8804
f 2031 	1655 	8804
f 8663 	8726 	8666
f 8722 	8748 	8752
f 8701 	8699 	8727
f 8707 	8727 	8699
f 8701 	8728 	8704
f 8701 	8727 	8728
f 835 	8704 	8728
f 8572 	8648 	8729
f 8706 	8755 	8730
f 8577 	8575 	8808
f 8731 	8725 	8723
f 8723 	8717 	8731
f 8706 	8730 	8709
f 8810 	8811 	8577
f 8709 	8730 	8733
f 8730 	8738 	8733
f 8731 	8732 	8725
f 8730 	8736 	8738
f 8732 	10788 	8726
f 8472 	8732 	8731
f 8707 	8735 	8727
f 8707 	8734 	8735
f 8597 	8776 	8585
f 8727 	8737 	8728
f 8729 	8764 	8770
f 8794 	8776 	8597
f 8727 	8735 	8737
f 8470 	8731 	8717
f 8737 	852 	8728
f 8731 	8470 	8472
f 8700 	8693 	4582
f 1300 	1309 	9733
f 8733 	8738 	8479
f 8419 	8763 	8740
f 1309 	1310 	9732
f 8696 	4582 	8693
f 8734 	8742 	8735
f 8734 	8741 	8742
f 8736 	8767 	9137
f 8473 	8732 	8472
f 8735 	8743 	8737
f 8735 	8742 	8743
f 8736 	9140 	8738
f 8736 	9137 	9140
f 8743 	860 	8737
f 8700 	4582 	8702
f 4582 	8705 	8702
f 8745 	8641 	8578
f 8578 	8524 	8745
f 8495 	8496 	8834
f 8641 	8745 	8643
f 8748 	8721 	8985
f 8741 	8744 	8750
f 8834 	8496 	8739
f 8745 	8708 	8643
f 8497 	8419 	8740
f 8744 	8816 	8750
f 8556 	8749 	8753
f 8741 	8750 	8742
f 8556 	8753 	8754
f 8659 	8646 	8712
f 8724 	8755 	8706
f 8742 	8756 	8743
f 8763 	8419 	8420
f 8648 	8645 	8757
f 8742 	8750 	8756
f 8724 	8752 	8755
f 8739 	8497 	8740
f 8496 	8497 	8739
f 3954 	3959 	12314
f 8487 	8495 	8832
f 8757 	8760 	8648
f 8712 	8723 	8659
f 8985 	8759 	8748
f 8729 	8648 	8762
f 8762 	8648 	8760
f 8748 	8761 	8752
f 8729 	8762 	8764
f 8759 	8761 	8748
f 3736 	621 	12163
f 8752 	8761 	8767
f 8750 	8818 	8756
f 8575 	8770 	8809
f 8752 	8767 	8755
f 8755 	8736 	8730
f 8755 	8767 	8736
f 1024 	913 	8842
f 12815 	1630 	2031
f 8775 	8045 	8774
f 8773 	8774 	8045
f 8586 	8585 	8769
f 8510 	8457 	8773
f 8769 	8768 	8586
f 8766 	8596 	8768
f 8784 	8045 	8783
f 8784 	8793 	8045
f 8776 	8769 	8585
f 8751 	8747 	4596
f 8823 	8780 	8785
f 8561 	8839 	8786
f 8746 	8705 	4596
f 4582 	4596 	8705
f 8751 	4596 	8749
f 8782 	8783 	8045
f 8789 	8782 	8045
f 8788 	8789 	8045
f 8561 	8786 	8689
f 8580 	8596 	8766
f 8771 	8807 	8788
f 8749 	4596 	8753
f 8753 	4596 	8754
f 8763 	8420 	8765
f 8762 	8760 	4596
f 8754 	4596 	8758
f 8790 	8777 	12262
f 8757 	8758 	4596
f 8778 	8914 	8779
f 8771 	8788 	8791
f 8420 	8580 	8765
f 8771 	8791 	8775
f 8777 	8792 	8780
f 8766 	8765 	8580
f 8779 	8915 	8781
f 8777 	8790 	8792
f 8781 	8915 	8916
f 8780 	8792 	8795
f 8764 	8762 	4596
f 8623 	7794 	8803
f 8781 	8916 	8786
f 8822 	8821 	7794
f 8780 	8795 	8785
f 8760 	8757 	4596
f 7794 	8045 	8822
f 8785 	8799 	8787
f 8785 	8795 	8799
f 8790 	8838 	8840
f 8794 	8607 	8796
f 8790 	8840 	8792
f 8795 	8792 	8841
f 8796 	8607 	8639
f 8764 	4596 	8770
f 8792 	8840 	8841
f 8796 	8639 	8797
f 8639 	8656 	8797
f 8453 	8771 	8457
f 8794 	8597 	8607
f 8807 	8771 	8453
f 8775 	8774 	8457
f 8771 	8775 	8457
f 8601 	8599 	8813
f 8816 	8744 	8812
f 8818 	8750 	8816
f 8803 	7794 	8821
f 8812 	8825 	8816
f 8802 	8822 	8824
f 8812 	8823 	8825
f 8816 	8828 	8818
f 8816 	8825 	8828
f 8803 	8821 	8802
f 8821 	8822 	8802
f 8785 	8825 	8823
f 8830 	8824 	8045
f 8822 	8045 	8824
f 8836 	8830 	8045
f 8825 	8785 	8787
f 8783 	8802 	8784
f 8824 	8784 	8802
f 8808 	8809 	4609
f 8809 	8770 	4609
f 8825 	8787 	8828
f 4596 	4609 	8770
f 8830 	8784 	8824
f 8810 	4609 	8811
f 8808 	4609 	8810
f 4609 	10740 	8811
f 8772 	8811 	10740
f 8805 	8835 	8806
f 8830 	8836 	8784
f 8806 	8837 	8813
f 13205 	13206 	5843
f 8835 	8837 	8806
f 8813 	8837 	8839
f 8798 	8875 	8831
f 8783 	8782 	8802
f 8802 	8782 	8807
f 8789 	8788 	8807
f 8782 	8789 	8807
f 8813 	8839 	8601
f 8839 	8613 	8601
f 8793 	8784 	8836
f 8795 	8842 	8799
f 8795 	8841 	8842
f 8835 	8781 	8837
f 8837 	8786 	8839
f 8837 	8781 	8786
f 5007 	5209 	8901
f 8849 	8836 	8045
f 8902 	8844 	8845
f 8843 	8846 	8838
f 8829 	12965 	8827
f 8849 	8045 	8793
f 5209 	5349 	8902
f 8838 	8846 	8840
f 8846 	8848 	8840
f 8864 	8856 	8847
f 12965 	8829 	8833
f 8840 	8848 	8841
f 8841 	8852 	8842
f 8841 	8848 	8852
f 8849 	8793 	8836
f 11932 	8850 	8854
f 8831 	8875 	12967
f 1032 	1024 	8852
f 4114 	12636 	4107
f 8774 	8773 	8457
f 8800 	11932 	8854
f 8773 	8045 	8855
f 8857 	8805 	8800
f 8773 	8855 	8510
f 8135 	12423 	8133
f 8510 	8855 	8492
f 8800 	8854 	8857
f 8857 	8835 	8805
f 8851 	8896 	10300
f 8854 	8778 	8857
f 8848 	8874 	8852
f 8835 	8857 	8779
f 8857 	8778 	8779
f 8856 	8864 	8859
f 8779 	8781 	8835
f 8843 	8866 	8846
f 8860 	8879 	8863
f 8845 	8847 	8856
f 8860 	8877 	8879
f 8866 	8843 	8135
f 8866 	8870 	8846
f 8141 	8866 	8135
f 8865 	8871 	8858
f 8866 	8126 	8870
f 8846 	8870 	8848
f 8873 	8640 	8973
f 8874 	8848 	8870
f 13098 	8877 	8860
f 8870 	8126 	8127
f 8127 	8874 	8870
f 8814 	8539 	8544
f 8814 	8544 	8815
f 8851 	8853 	8868
f 8868 	8853 	8872
f 8863 	8879 	8881
f 8490 	8819 	8815
f 8815 	8544 	8490
f 8865 	8571 	8871
f 8879 	8804 	8881
f 8880 	8889 	8882
f 8873 	8871 	8573
f 8880 	8909 	8889
f 8826 	8487 	8832
f 10330 	8872 	8853
f 8863 	8881 	8869
f 8491 	8487 	8826
f 8850 	11928 	8882
f 8881 	7882 	8869
f 8571 	8573 	8871
f 7243 	8883 	46
f 8573 	8574 	8873
f 8873 	8574 	8640
f 4907 	8884 	8883
f 8819 	8491 	8826
f 8883 	7331 	4907
f 8884 	62 	46
f 4907 	38 	8884
f 8877 	8875 	8798
f 5480 	10385 	10384
f 8877 	8798 	8801
f 8909 	8880 	8878
f 8877 	8801 	8879
f 8892 	8905 	8891
f 8890 	8891 	8905
f 8892 	8814 	8905
f 8882 	8893 	8850
f 8879 	8801 	8804
f 8882 	8889 	8893
f 10707 	10700 	6220
f 8854 	8850 	8867
f 8887 	8956 	8888
f 8850 	8893 	8867
f 8867 	8778 	8854
f 8814 	8892 	8539
f 8893 	8945 	8867
f 8894 	8896 	8885
f 4102 	4107 	12628
f 4114 	3913 	12636
f 8890 	8528 	8891
f 8890 	8529 	8528
f 1296 	13349 	8895
f 8885 	8896 	8886
f 6216 	10700 	6214
f 8886 	8851 	8868
f 8895 	13349 	8929
f 8886 	8896 	8851
f 8534 	8891 	8528
f 8891 	8534 	8892
f 8534 	8539 	8892
f 8920 	8902 	8894
f 8900 	8923 	8904
f 8900 	8921 	8923
f 13063 	5843 	5479
f 8902 	8920 	8901
f 8814 	8815 	8905
f 8815 	8819 	8905
f 8902 	8856 	8894
f 8905 	11726 	8890
f 10396 	5518 	5520
f 8834 	8739 	8905
f 8894 	8856 	8896
f 8878 	8907 	8909
f 8861 	8906 	8903
f 8763 	8765 	8905
f 636 	9575 	621
f 8856 	8859 	8896
f 6220 	6222 	10707
f 8826 	8905 	8819
f 8907 	8937 	8909
f 6229 	10723 	6222
f 554 	555 	9470
f 8832 	8905 	8826
f 5209 	8902 	8901
f 1848 	9733 	1845
f 8845 	8856 	8902
f 8740 	8763 	8905
f 8765 	8766 	8905
f 8888 	8899 	8898
f 8769 	8905 	8768
f 11416 	6345 	8223
f 8898 	8887 	8888
f 8796 	8797 	8905
f 8888 	8912 	8899
f 8794 	8796 	8905
f 8899 	8912 	8903
f 8769 	8776 	8905
f 8766 	8768 	8905
f 8912 	8861 	8903
f 8776 	8794 	8905
f 8908 	8906 	8862
f 8906 	8861 	8862
f 8905 	8739 	8740
f 6149 	10669 	6229
f 8862 	8865 	8908
f 8834 	8905 	8832
f 6150 	10671 	6149
f 8908 	8865 	8858
f 8905 	8797 	5991
f 8915 	8779 	8914
f 8915 	8692 	8916
f 2855 	5991 	8797
f 8933 	8934 	7794
f 2781 	2855 	8656
f 8911 	8910 	8918
f 8917 	8918 	8910
f 8689 	8786 	8916
f 8918 	8920 	8911
f 8918 	8901 	8920
f 8861 	8912 	8919
f 6 	78 	10312
f 5991 	6007 	8905
f 8911 	8920 	8913
f 8861 	8922 	8862
f 8913 	8894 	8885
f 8933 	7794 	8936
f 8920 	8894 	8913
f 8919 	8922 	8861
f 8797 	8656 	2855
f 13076 	13071 	5492
f 8380 	1871 	2781
f 10692 	5520 	6214
f 8862 	8925 	8865
f 10692 	6214 	10700
f 8924 	8927 	8917
f 6216 	6220 	10700
f 8921 	8958 	8960
f 8926 	5938 	6100
f 8921 	8960 	8923
f 8922 	8925 	8862
f 8925 	8571 	8865
f 8927 	8918 	8917
f 8692 	8689 	8916
f 8545 	8548 	8925
f 10680 	6154 	10685
f 8927 	8901 	8918
f 8925 	8548 	8571
f 8516 	8561 	8689
f 5945 	8926 	8930
f 8914 	8720 	8691
f 8691 	8915 	8914
f 8924 	4986 	8927
f 8692 	8915 	8691
f 4914 	4986 	8924
f 8931 	7794 	8934
f 8927 	4986 	5007
f 8897 	9052 	8907
f 8928 	8932 	1693
f 8927 	5007 	8901
f 8933 	8919 	8934
f 8936 	7794 	8940
f 8907 	9052 	8937
f 8933 	8936 	8922
f 8933 	8922 	8919
f 8932 	1701 	1693
f 8930 	8928 	1693
f 8925 	8922 	8545
f 6157 	10685 	6155
f 3913 	12307 	12636
f 8909 	8939 	8889
f 11405 	10647 	6343
f 1693 	1102 	8930
f 6343 	6345 	11405
f 8909 	8937 	8939
f 8545 	8922 	8940
f 8936 	8940 	8922
f 8889 	8939 	8941
f 1701 	8932 	1698
f 8939 	8955 	8941
f 8889 	8941 	8893
f 8554 	8940 	7794
f 32 	8943 	8929
f 8940 	8554 	8545
f 8945 	8893 	8941
f 8867 	8950 	8778
f 8944 	8932 	8928
f 8867 	8945 	8950
f 8944 	8948 	8932
f 8950 	8914 	8778
f 8951 	8887 	8952
f 10306 	12748 	10312
f 13490 	8953 	8943
f 8947 	7794 	8952
f 13490 	8949 	8953
f 8948 	1698 	8932
f 8948 	1705 	1698
f 8900 	8949 	51
f 8954 	7794 	8967
f 8967 	7794 	8969
f 8951 	7794 	8954
f 8696 	8693 	9009
f 8949 	8900 	8904
f 8956 	8887 	8954
f 8951 	8954 	8887
f 8949 	8904 	8953
f 8941 	8957 	8945
f 8872 	8935 	8977
f 8941 	8955 	8957
f 13432 	8958 	8921
f 8938 	8935 	8876
f 8959 	8912 	8888
f 8945 	8957 	8719
f 8872 	8876 	8935
f 8957 	8955 	8721
f 8958 	8964 	8960
f 8958 	8963 	8964
f 8957 	8722 	8719
f 8956 	8959 	8888
f 8957 	8721 	8722
f 8959 	8919 	8912
f 8945 	8719 	8950
f 8963 	8958 	167
f 8950 	8720 	8914
f 167 	140 	8963
f 8950 	8719 	8720
f 8931 	8934 	8959
f 8959 	8934 	8919
f 8942 	8625 	8946
f 8991 	12919 	12827
f 8961 	8966 	8962
f 8626 	8629 	8946
f 8630 	8631 	8946
f 8961 	8965 	8966
f 140 	136 	8860
f 8954 	8967 	8956
f 8962 	8966 	6088
f 8931 	8969 	7794
f 8860 	8863 	140
f 8931 	8959 	8969
f 8956 	8969 	8959
f 140 	8863 	8963
f 8967 	8969 	8956
f 8962 	6088 	6081
f 8869 	8964 	8963
f 8885 	8886 	8968
f 8963 	8863 	8869
f 8965 	8972 	8975
f 12919 	8991 	8982
f 8974 	8995 	8973
f 8972 	8984 	8975
f 8970 	8985 	8721
f 8966 	8965 	8975
f 8966 	6100 	6088
f 7509 	8989 	9041
f 8983 	12919 	8982
f 8966 	8975 	6100
f 9044 	7509 	9041
f 8935 	8938 	9023
f 7520 	7513 	9062
f 12748 	8993 	12827
f 8971 	8968 	8886
f 8978 	8988 	8981
f 8984 	8972 	8979
f 8886 	8868 	8971
f 8982 	9309 	8983
f 8979 	8928 	8984
f 8971 	8868 	8977
f 8985 	8970 	8981
f 9016 	8871 	8873
f 8977 	8868 	8872
f 6100 	8975 	8926
f 8994 	12827 	8993
f 8974 	8973 	8640
f 8990 	8991 	12827
f 8994 	8990 	12827
f 8975 	8984 	8926
f 8640 	8641 	8974
f 9309 	8982 	9313
f 8991 	9313 	8982
f 8976 	8974 	8641
f 8981 	8988 	8992
f 8928 	8979 	8944
f 8976 	8643 	8980
f 8988 	9358 	8992
f 8641 	8643 	8976
f 8643 	8646 	8980
f 8984 	8930 	8926
f 8981 	8992 	8985
f 8980 	8646 	8679
f 8984 	8928 	8930
f 8993 	9314 	8994
f 8990 	8994 	9314
f 8990 	9314 	9313
f 8985 	8992 	8759
f 9010 	9065 	7599
f 7584 	7599 	9068
f 8988 	9356 	9358
f 7584 	9068 	8986
f 8992 	9360 	8759
f 8992 	9358 	9360
f 8996 	8998 	6188
f 8998 	9004 	9007
f 8996 	6188 	6175
f 9000 	8946 	9003
f 9046 	9042 	12922
f 9006 	9051 	9003
f 9098 	9001 	9095
f 6188 	8998 	9007
f 9002 	9008 	9011
f 12922 	12919 	9046
f 7689 	9098 	9010
f 7599 	7649 	9010
f 9023 	8938 	8987
f 9004 	8962 	9007
f 8938 	8942 	8987
f 9002 	9011 	8978
f 9004 	8961 	8962
f 9011 	8988 	8978
f 8942 	9000 	8987
f 9007 	8962 	6081
f 9007 	6081 	6193
f 8983 	9045 	12919
f 9000 	8942 	8946
f 9008 	9005 	9379
f 9003 	8523 	9006
f 8946 	8523 	9003
f 8523 	8619 	9006
f 8974 	8997 	8995
f 9019 	672 	666
f 9006 	8619 	9009
f 8997 	8976 	8999
f 9030 	666 	9029
f 5788 	13135 	5761
f 9356 	8988 	9011
f 5843 	13206 	5836
f 9036 	9029 	662
f 9030 	9025 	666
f 9014 	8897 	12140
f 9018 	672 	9019
f 8897 	9014 	9050
f 8873 	8973 	9016
f 8995 	9091 	8973
f 8961 	11115 	8965
f 9013 	9023 	9015
f 9040 	9035 	662
f 9021 	9023 	9013
f 666 	662 	9029
f 9023 	8987 	9015
f 8974 	8976 	8997
f 9019 	666 	9025
f 8937 	9052 	9024
f 8937 	9026 	8939
f 8976 	8980 	8999
f 8937 	9024 	9026
f 9026 	8955 	8939
f 8858 	8871 	9016
f 9042 	9040 	12922
f 8944 	11094 	8948
f 3226 	11048 	3170
f 9022 	9031 	9024
f 11156 	11048 	3199
f 9012 	9001 	7685
f 9025 	9271 	9268
f 9022 	9027 	9031
f 9024 	9031 	9033
f 9029 	9271 	9030
f 9271 	9025 	9030
f 9031 	8978 	9033
f 9036 	662 	9035
f 9024 	9033 	9026
f 662 	12922 	9040
f 9026 	9033 	8970
f 9012 	7685 	7697
f 9033 	8978 	8981
f 8171 	9062 	9259
f 9033 	8981 	8970
f 9035 	9274 	9036
f 9271 	9029 	9274
f 1509 	1507 	12006
f 9036 	9274 	9029
f 8970 	8955 	9026
f 12006 	11886 	1509
f 8970 	8721 	8955
f 9274 	9035 	9298
f 9039 	6456 	6452
f 9040 	9298 	9035
f 9043 	6456 	9039
f 9042 	9298 	9040
f 9002 	8978 	9031
f 9045 	9046 	12919
f 9298 	9042 	9304
f 9015 	8987 	9017
f 184 	6461 	9043
f 6456 	9043 	6461
f 8679 	8682 	9028
f 184 	6465 	6461
f 9042 	9046 	9304
f 9028 	8682 	9032
f 183 	6465 	184
f 9045 	9304 	9046
f 9034 	9032 	8683
f 8987 	9000 	9017
f 9047 	9057 	9049
f 8683 	8686 	9034
f 9304 	9045 	9309
f 9020 	8977 	9021
f 183 	9048 	6168
f 8983 	9309 	9045
f 8971 	8977 	9020
f 9034 	8686 	9037
f 9014 	9049 	9050
f 8990 	9313 	8991
f 9023 	9021 	8935
f 8977 	8935 	9021
f 9037 	8688 	9038
f 9048 	6175 	6168
f 9815 	1689 	9823
f 8686 	8688 	9037
f 183 	6168 	6465
f 9052 	8897 	9050
f 598 	9074 	715
f 9051 	9054 	9099
f 6175 	9048 	8996
f 9057 	9047 	9072
f 9049 	9057 	9060
f 9058 	8549 	9061
f 9083 	9057 	9072
f 715 	9067 	726
f 9057 	9088 	9060
f 9057 	9083 	9088
f 9049 	9060 	9050
f 9051 	9006 	9054
f 9073 	9066 	715
f 9050 	9060 	9022
f 9073 	715 	9074
f 4102 	12628 	12988
f 8999 	9063 	9138
f 9009 	9058 	9054
f 9238 	726 	9067
f 9052 	9050 	9022
f 9006 	9009 	9054
f 9058 	9009 	8549
f 9052 	9022 	9024
f 9063 	8679 	9028
f 9067 	715 	9066
f 7599 	9065 	9068
f 9055 	9053 	9032
f 9065 	9157 	9068
f 9028 	9032 	9053
f 9060 	9027 	9022
f 9032 	9034 	9055
f 9066 	9233 	9067
f 9055 	9034 	9056
f 9067 	9233 	9238
f 9056 	9037 	9059
f 9034 	9037 	9056
f 9037 	9038 	9059
f 8999 	8980 	9063
f 9073 	9245 	9066
f 9074 	9245 	9073
f 9233 	9066 	9245
f 8980 	8679 	9063
f 9018 	9086 	672
f 9079 	9080 	598
f 9080 	9074 	598
f 9071 	9078 	9072
f 9068 	9151 	8986
f 9071 	9076 	9078
f 9081 	8989 	8986
f 9072 	9078 	9083
f 9080 	9255 	9074
f 9079 	9255 	9080
f 9084 	9070 	9061
f 9069 	9061 	9070
f 598 	672 	9086
f 9086 	9079 	598
f 8989 	9081 	9041
f 9070 	9087 	9075
f 9085 	9106 	9082
f 9084 	9087 	9070
f 9027 	9060 	9088
f 9086 	9262 	9079
f 9087 	9090 	9075
f 9018 	9262 	9086
f 9076 	10690 	9096
f 8568 	9307 	9090
f 9076 	9096 	9078
f 9061 	8551 	9084
f 9084 	8553 	9087
f 9091 	8995 	9077
f 6502 	11323 	6511
f 8551 	8553 	9084
f 8995 	8997 	9131
f 9098 	9172 	9064
f 9087 	8556 	9090
f 9083 	9107 	9088
f 8553 	8556 	9087
f 9214 	726 	9224
f 8645 	8568 	9090
f 8961 	11112 	11115
f 9214 	9092 	726
f 9064 	9065 	9010
f 8906 	8908 	9082
f 9085 	9082 	8908
f 9001 	9119 	9095
f 11124 	8965 	11115
f 9085 	8858 	9089
f 8965 	11124 	8972
f 8908 	8858 	9085
f 9091 	9089 	9016
f 8858 	9016 	9089
f 9100 	9102 	774
f 740 	9129 	774
f 9016 	8973 	9091
f 9001 	9098 	7689
f 9101 	9083 	9078
f 9103 	9111 	774
f 9111 	9112 	774
f 9100 	9105 	9102
f 9101 	9078 	9096
f 9144 	774 	9124
f 9107 	9083 	9101
f 9102 	9103 	774
f 9095 	9170 	9172
f 9095 	9172 	9098
f 9064 	9010 	9098
f 9093 	9017 	9094
f 9103 	9102 	9105
f 9088 	9110 	9027
f 9015 	9017 	9093
f 9112 	9118 	774
f 9111 	9103 	9115
f 9105 	9115 	9103
f 9088 	9107 	9110
f 9116 	9094 	9017
f 9027 	9110 	9002
f 9105 	9329 	9115
f 9094 	9116 	9097
f 9116 	9051 	9097
f 9119 	9012 	9114
f 9031 	9027 	9002
f 9104 	9117 	9082
f 9115 	9112 	9111
f 7528 	7530 	774
f 9118 	7528 	774
f 9116 	9003 	9051
f 9117 	8906 	9082
f 9118 	9112 	9317
f 9115 	9317 	9112
f 9097 	9051 	9099
f 9104 	9082 	9106
f 9108 	9106 	9085
f 9101 	9120 	9107
f 9119 	9114 	9236
f 11155 	11112 	8998
f 9001 	9012 	9119
f 9085 	9089 	9108
f 9107 	9120 	9005
f 9108 	9089 	9109
f 9116 	9017 	9000
f 9109 	9091 	9077
f 9089 	9091 	9109
f 9119 	9236 	9178
f 9000 	9003 	9116
f 9107 	9005 	9110
f 9095 	9119 	9178
f 9110 	9008 	9002
f 9122 	774 	9121
f 9124 	774 	9122
f 9100 	774 	9144
f 9110 	9005 	9008
f 9122 	9121 	9126
f 9186 	9236 	9114
f 9113 	8899 	8903
f 8903 	9117 	9113
f 9125 	9126 	9121
f 9129 	740 	9128
f 8903 	8906 	9117
f 8761 	9354 	9130
f 9121 	774 	9129
f 9099 	9127 	9123
f 6980 	11156 	3199
f 9479 	9486 	9259
f 7334 	3052 	5761
f 13131 	7334 	5761
f 9128 	9125 	9129
f 9129 	9125 	9121
f 9486 	9466 	8179
f 9134 	9135 	9136
f 9253 	9041 	9081
f 9130 	8767 	8761
f 9130 	9137 	8767
f 9081 	9251 	9253
f 9354 	9143 	9130
f 9257 	9041 	9253
f 9494 	9134 	9136
f 9257 	9044 	9041
f 9134 	9139 	9135
f 9044 	9259 	9062
f 9177 	9141 	9053
f 8650 	8738 	9140
f 9044 	9257 	9259
f 9126 	9124 	9122
f 9077 	8995 	9131
f 9133 	9131 	8997
f 9145 	9137 	9130
f 8997 	8999 	9133
f 9126 	9146 	9124
f 9133 	8999 	9138
f 9145 	9130 	9143
f 9146 	9144 	9124
f 9137 	9145 	9147
f 9138 	9063 	9141
f 9063 	9028 	9141
f 9137 	9147 	9140
f 9141 	9028 	9053
f 9136 	9135 	6705
f 9144 	9146 	9100
f 9097 	9123 	9258
f 621 	9567 	12163
f 9105 	9100 	9146
f 9139 	6705 	9135
f 9065 	9156 	9157
f 9173 	9133 	9138
f 9143 	9155 	9145
f 9105 	9146 	9329
f 9097 	9099 	9123
f 9099 	9152 	9127
f 9081 	8986 	9151
f 9099 	9054 	9152
f 9152 	9132 	9127
f 9053 	9148 	9177
f 9053 	9055 	9148
f 9149 	9148 	9055
f 9152 	9153 	9132
f 9149 	9056 	9150
f 9142 	9154 	9143
f 9055 	9056 	9149
f 9155 	9143 	9154
f 9056 	9059 	9150
f 9126 	9195 	9146
f 9158 	9147 	9145
f 9157 	9151 	9068
f 9058 	9153 	9152
f 9158 	9145 	9155
f 9147 	9158 	8670
f 1707 	9823 	1689
f 1707 	1721 	9823
f 9151 	9157 	9275
f 9128 	740 	9092
f 8670 	8654 	9147
f 9275 	9251 	9151
f 9154 	9164 	9155
f 9154 	9163 	9164
f 9159 	9108 	9160
f 9109 	9160 	9108
f 9109 	9077 	9160
f 9058 	9152 	9054
f 9165 	9158 	9155
f 9160 	9077 	9161
f 9058 	9061 	9153
f 9131 	9171 	9161
f 9153 	9061 	9069
f 9165 	9155 	9164
f 9158 	9165 	9167
f 12328 	3959 	12333
f 9077 	9131 	9161
f 9282 	9156 	9064
f 9131 	9133 	9171
f 9156 	9065 	9064
f 9158 	9167 	8670
f 9306 	6709 	9139
f 9168 	9169 	9189
f 8885 	8968 	9169
f 8913 	8885 	9169
f 8968 	8971 	9200
f 621 	9575 	9567
f 9165 	9241 	9167
f 9241 	8675 	9167
f 9170 	9280 	9172
f 9138 	9174 	9173
f 9166 	8911 	9168
f 9172 	9280 	9282
f 8910 	8911 	9166
f 8911 	8913 	9168
f 9282 	9064 	9172
f 9169 	9168 	8913
f 9175 	9185 	9142
f 9236 	9176 	9178
f 9148 	9149 	10951
f 9175 	9183 	9185
f 9178 	9301 	9170
f 9175 	9365 	9183
f 9095 	9178 	9170
f 9171 	9133 	9173
f 9154 	9142 	9185
f 9138 	9141 	9174
f 9177 	9174 	9141
f 9162 	9126 	9125
f 9402 	9188 	9190
f 9125 	9192 	9162
f 9187 	9168 	9189
f 9166 	9168 	9187
f 8951 	8952 	7794
f 9181 	9190 	9194
f 11112 	8961 	9004
f 9126 	9162 	9195
f 9189 	9196 	9179
f 9162 	9433 	9195
f 9189 	9169 	9196
f 9190 	9290 	9194
f 9181 	9194 	9183
f 9179 	9196 	9180
f 9594 	646 	550
f 9200 	9182 	9180
f 9183 	9194 	9201
f 9196 	9200 	9180
f 9200 	9020 	9182
f 9183 	9201 	9185
f 9185 	9201 	9163
f 9125 	9128 	9192
f 9191 	9205 	9193
f 9227 	9225 	7794
f 9092 	9192 	9128
f 8971 	9020 	9200
f 9191 	9204 	9205
f 9182 	9020 	9184
f 9185 	9163 	9154
f 9193 	9206 	9198
f 9184 	9021 	9013
f 9020 	9021 	9184
f 9193 	9205 	9206
f 9206 	8898 	9198
f 9192 	9092 	9222
f 9188 	9285 	9190
f 9206 	8887 	8898
f 9169 	8968 	9196
f 9708 	9202 	9199
f 9162 	9192 	9221
f 9196 	8968 	9200
f 9290 	9190 	9285
f 9203 	9202 	9713
f 9276 	9198 	8898
f 9225 	9226 	7794
f 9227 	7794 	8947
f 9204 	9209 	9210
f 9162 	9221 	9433
f 9208 	9184 	9211
f 9204 	9210 	9205
f 9205 	9210 	9215
f 9215 	9206 	9205
f 9824 	9134 	9821
f 9212 	9217 	9220
f 9308 	9219 	9310
f 9206 	9215 	8887
f 9217 	9434 	9220
f 9222 	9092 	9214
f 9212 	9220 	9213
f 3656 	2729 	9209
f 9015 	9093 	9216
f 9219 	9308 	9824
f 9213 	9220 	8680
f 9013 	9015 	9216
f 9209 	9226 	9210
f 9238 	9224 	726
f 8947 	9215 	9227
f 9210 	9227 	9215
f 9213 	8680 	8678
f 9192 	9222 	9221
f 8952 	8887 	9215
f 9179 	9283 	9281
f 8947 	8952 	9215
f 9179 	9180 	9283
f 9218 	9434 	9217
f 9283 	9180 	9207
f 9223 	7794 	9226
f 9436 	9220 	9434
f 9225 	9210 	9226
f 9207 	9182 	9208
f 9220 	9436 	9420
f 9180 	9182 	9207
f 9209 	9223 	9226
f 9420 	8680 	9220
f 9359 	9340 	9197
f 3167 	11018 	1721
f 3167 	3170 	11018
f 9182 	9184 	9208
f 9201 	9228 	9163
f 9224 	9222 	9214
f 9227 	9210 	9225
f 9184 	9013 	9211
f 9163 	9228 	9231
f 9222 	9232 	9221
f 9211 	9013 	9216
f 9222 	9233 	9232
f 9231 	9164 	9163
f 9232 	9558 	9221
f 9186 	9229 	9236
f 9235 	9165 	9164
f 3959 	12328 	12314
f 9164 	9231 	9235
f 3963 	12333 	3959
f 9241 	9165 	9235
f 9238 	9233 	9224
f 9235 	9254 	9241
f 9176 	9236 	9229
f 9222 	9224 	9233
f 9233 	9245 	9246
f 13205 	5843 	13063
f 9237 	9208 	9242
f 5479 	5492 	13063
f 9243 	9117 	9104
f 9228 	9248 	9231
f 9737 	9722 	34
f 9233 	9246 	9232
f 9228 	9244 	9248
f 9231 	9248 	9249
f 9230 	9193 	9234
f 9081 	9151 	9251
f 9249 	9235 	9231
f 9245 	9252 	9246
f 9230 	9191 	9193
f 9255 	9252 	9245
f 9234 	9193 	9198
f 9254 	9235 	9249
f 9241 	9254 	8676
f 9256 	9651 	9250
f 9736 	1310 	1673
f 9199 	9362 	9197
f 9241 	8676 	8675
f 9245 	9074 	9255
f 9366 	9369 	9202
f 9252 	9255 	9261
f 9244 	9265 	9248
f 9199 	9202 	9368
f 9244 	9264 	9265
f 9203 	9713 	9260
f 12636 	12637 	4107
f 9207 	9237 	9278
f 9251 	9476 	9253
f 9278 	9283 	9207
f 9255 	9262 	9261
f 9213 	9254 	9249
f 9649 	9252 	9261
f 9255 	9079 	9262
f 9019 	9262 	9018
f 9254 	8678 	8676
f 9237 	9207 	9208
f 3725 	12160 	331
f 9253 	9483 	9257
f 9208 	9211 	9242
f 9479 	9259 	9257
f 9262 	9019 	9268
f 9019 	9025 	9268
f 9262 	9267 	9261
f 9247 	9242 	9211
f 9267 	9262 	9268
f 9248 	9265 	9212
f 9247 	9216 	9250
f 9211 	9216 	9247
f 9268 	9269 	9267
f 9248 	9212 	9249
f 9216 	9093 	9250
f 9346 	9156 	9282
f 9271 	9269 	9268
f 9249 	9212 	9213
f 9093 	9256 	9250
f 10025 	10028 	9266
f 9258 	9256 	9094
f 9266 	10028 	9270
f 8678 	9254 	9213
f 9256 	9093 	9094
f 9234 	9198 	9239
f 9094 	9097 	9258
f 9239 	9276 	9240
f 9264 	9272 	9218
f 9239 	9198 	9276
f 9240 	9276 	9113
f 9264 	9218 	9265
f 9217 	9212 	9265
f 9276 	8899 	9113
f 9265 	9218 	9217
f 9278 	9237 	9908
f 9240 	9113 	9243
f 9113 	9117 	9243
f 9277 	9281 	9283
f 8899 	9276 	8898
f 9277 	9283 	9278
f 3919 	12310 	3913
f 9285 	9188 	9284
f 9234 	9286 	9355
f 9270 	10032 	9273
f 9271 	9274 	9288
f 10028 	10032 	9270
f 9271 	9288 	9269
f 9201 	9194 	9293
f 9179 	9281 	9289
f 9194 	9290 	9293
f 9228 	9201 	9293
f 9289 	9187 	9189
f 9289 	9189 	9179
f 9274 	10113 	9288
f 9298 	10113 	9274
f 9284 	9295 	9300
f 9291 	9203 	9260
f 9301 	9178 	9176
f 9260 	9263 	9291
f 9334 	9292 	9296
f 9284 	9300 	9285
f 9291 	9263 	9294
f 9301 	9176 	9299
f 9285 	9302 	9290
f 9263 	9266 	9294
f 9285 	9300 	9302
f 9290 	9302 	9305
f 9303 	9108 	9159
f 9134 	9824 	9139
f 9139 	9824 	9306
f 9304 	9309 	10194
f 9290 	9305 	9293
f 9299 	9361 	9301
f 9299 	9454 	9361
f 9308 	9306 	9824
f 9293 	9244 	9228
f 9293 	9305 	9244
f 9333 	9219 	9335
f 9239 	9287 	9286
f 9301 	9279 	9170
f 9234 	9239 	9286
f 9295 	10715 	9323
f 9287 	9240 	9292
f 9280 	9170 	9279
f 9240 	9287 	9239
f 9292 	9243 	9296
f 9240 	9243 	9292
f 9296 	9243 	9104
f 9317 	7528 	9118
f 9297 	9296 	9104
f 9359 	9197 	9362
f 7528 	9317 	9318
f 7530 	7528 	9318
f 9199 	9364 	9362
f 9339 	9344 	9302
f 9297 	9104 	9303
f 9106 	9303 	9104
f 12307 	3913 	12310
f 9368 	9202 	9369
f 9317 	9331 	9318
f 9305 	9264 	9244
f 3919 	3954 	12310
f 9106 	9108 	9303
f 9199 	9368 	9364
f 9203 	9370 	9202
f 9319 	9229 	10443
f 7690 	9318 	9321
f 9295 	9323 	9326
f 7753 	7693 	9328
f 10722 	10725 	9323
f 9319 	9325 	9229
f 9323 	9349 	9326
f 9291 	9374 	9203
f 9336 	9296 	9297
f 9323 	10725 	9349
f 9176 	9229 	9325
f 7753 	9328 	7754
f 9342 	9297 	9303
f 9325 	9299 	9176
f 9303 	9159 	9342
f 9330 	9317 	9115
f 1901 	13475 	1903
f 9329 	9330 	9115
f 9330 	9331 	9317
f 9320 	9161 	9322
f 9273 	9426 	9270
f 9320 	9160 	9161
f 9426 	9273 	9428
f 34 	59 	9737
f 9161 	9171 	9322
f 9321 	9318 	9341
f 9322 	9171 	9324
f 9327 	9324 	9173
f 9308 	6709 	9306
f 6705 	9139 	6709
f 9275 	9467 	9251
f 9171 	9173 	9324
f 9345 	9321 	9341
f 9173 	9174 	9327
f 9321 	9345 	9328
f 9472 	9253 	9476
f 1310 	9736 	9732
f 9808 	9736 	1673
f 9310 	6709 	9308
f 9291 	9294 	9375
f 1673 	1689 	9808
f 9257 	9478 	9479
f 10946 	9174 	9177
f 9329 	9363 	9330
f 9310 	9219 	9333
f 9295 	9326 	9300
f 9312 	9335 	9219
f 9312 	9338 	9335
f 9300 	9326 	9339
f 9312 	9340 	9338
f 9326 	9350 	9339
f 9300 	9339 	9302
f 9282 	9280 	9413
f 9341 	9318 	9331
f 9413 	9346 	9282
f 9302 	9344 	9305
f 374 	331 	12160
f 9156 	9347 	9157
f 9366 	9202 	9370
f 9346 	9347 	9156
f 9264 	9305 	9344
f 12160 	3725 	12164
f 9353 	9287 	9332
f 9347 	9275 	9157
f 9348 	7796 	9328
f 9332 	9287 	9292
f 9291 	9373 	9374
f 9332 	9292 	9334
f 9345 	9348 	9328
f 9350 	9326 	9349
f 9373 	9291 	9375
f 9336 	9297 	9337
f 9294 	9376 	9375
f 9339 	9351 	9344
f 9296 	9336 	9334
f 9339 	9350 	9351
f 9344 	9351 	9272
f 9346 	9500 	9504
f 9266 	9378 	9294
f 9297 	9342 	9337
f 9378 	9266 	9270
f 9342 	9159 	9343
f 9343 	9160 	9320
f 9344 	9272 	9264
f 9471 	9251 	9467
f 9343 	9159 	9160
f 9341 	9331 	9371
f 9445 	9446 	9349
f 9310 	9333 	6709
f 9425 	9272 	9351
f 9354 	8761 	8759
f 9280 	9279 	9432
f 9398 	9348 	9345
f 9360 	9142 	9354
f 9335 	9338 	6709
f 9333 	9335 	6709
f 9280 	9432 	9413
f 9354 	9142 	9143
f 9352 	9286 	9353
f 9340 	6709 	9338
f 9352 	9355 	9286
f 9353 	9286 	9287
f 9357 	9329 	9146
f 9381 	9454 	9299
f 9312 	9197 	9340
f 9195 	9357 	9146
f 9357 	9363 	9329
f 8759 	9360 	9354
f 9355 	9230 	9234
f 9356 	9365 	9358
f 9279 	9301 	9361
f 9367 	9331 	9330
f 9356 	9391 	9365
f 3675 	9355 	9352
f 9358 	9365 	9175
f 9363 	9367 	9330
f 9367 	9371 	9331
f 9203 	9372 	9370
f 9352 	8428 	3675
f 9360 	9358 	9175
f 9360 	9175 	9142
f 9355 	3675 	3681
f 9203 	9374 	9372
f 9341 	9371 	9424
f 9230 	9355 	3686
f 3681 	3686 	9355
f 9454 	9516 	9361
f 9365 	9391 	9181
f 9489 	9371 	9367
f 3686 	3646 	9191
f 3686 	9191 	9230
f 9183 	9365 	9181
f 9376 	9294 	9394
f 9378 	9394 	9294
f 9377 	9005 	9120
f 3646 	9204 	9191
f 10801 	9377 	9120
f 9195 	9435 	9357
f 3656 	9209 	9204
f 9195 	9433 	9435
f 9377 	9379 	9005
f 9357 	9437 	9363
f 9386 	1391 	1390
f 9008 	9379 	9382
f 9378 	9270 	9380
f 9383 	9385 	1399
f 9437 	9438 	9363
f 9379 	9389 	9382
f 9299 	9325 	9381
f 9363 	9438 	9367
f 9011 	9008 	9382
f 9385 	9386 	1390
f 9382 	9356 	9011
f 1390 	1399 	9385
f 9381 	9539 	9454
f 9386 	1394 	1391
f 188 	9386 	9385
f 188 	9385 	9383
f 1394 	9386 	188
f 7796 	9348 	9388
f 9270 	9426 	9423
f 9377 	9387 	9379
f 9348 	9399 	9388
f 9389 	9379 	9387
f 9382 	9391 	9356
f 9428 	9273 	9429
f 9382 	9389 	9391
f 9401 	9381 	9325
f 9392 	9394 	9378
f 9395 	9396 	1395
f 9378 	9380 	9392
f 9387 	9400 	9389
f 9424 	9398 	9345
f 9402 	9391 	9389
f 9319 	9397 	9401
f 9397 	9458 	9401
f 9348 	9398 	9399
f 9402 	9389 	9400
f 9370 	9372 	6643
f 9369 	9366 	6643
f 9366 	9370 	6643
f 9401 	9325 	9319
f 9402 	9181 	9391
f 9401 	9447 	9381
f 9375 	6643 	9373
f 9374 	9373 	6643
f 10753 	9403 	9400
f 9372 	9374 	6643
f 9393 	9390 	9411
f 9188 	9400 	9403
f 9396 	9404 	1395
f 9414 	7896 	9393
f 3963 	330 	12333
f 9393 	9411 	9414
f 9403 	9284 	9188
f 9398 	9424 	9506
f 9400 	9188 	9402
f 9251 	9471 	9476
f 9402 	9190 	9181
f 9257 	9480 	9478
f 9399 	9409 	9388
f 243 	179 	9410
f 9388 	9409 	9390
f 1950 	13464 	1951
f 9409 	9411 	9390
f 9404 	9412 	1395
f 1398 	1395 	9412
f 1399 	1398 	9415
f 9412 	9415 	1398
f 9075 	9090 	9307
f 9415 	9383 	1399
f 9415 	9412 	187
f 9404 	187 	9412
f 9704 	7907 	7896
f 8568 	9311 	9307
f 9413 	9497 	9346
f 8568 	8572 	9311
f 9704 	7947 	7907
f 9406 	8415 	9420
f 9311 	8572 	9315
f 9420 	9408 	9406
f 9420 	9410 	9408
f 9316 	9315 	8575
f 9511 	9517 	9399
f 8572 	8575 	9315
f 9409 	9399 	9517
f 9405 	9316 	8577
f 9347 	9509 	9275
f 8575 	8577 	9316
f 8577 	8581 	9405
f 243 	9410 	245
f 9376 	6643 	9375
f 9405 	8581 	9407
f 1721 	11018 	9837
f 9380 	6643 	9392
f 1406 	1405 	9418
f 9420 	245 	9410
f 9392 	6643 	9394
f 9376 	9394 	6643
f 9418 	9421 	1406
f 9411 	9718 	9414
f 9436 	9443 	9420
f 9380 	9270 	9423
f 9424 	9345 	9341
f 9253 	9472 	9483
f 9272 	9425 	9430
f 9480 	9257 	9483
f 9449 	9456 	9425
f 9423 	6646 	9380
f 8179 	9259 	9486
f 9425 	9440 	9441
f 9425 	9441 	9430
f 6643 	9380 	6646
f 9272 	9430 	9218
f 9428 	6646 	9426
f 9434 	9218 	9430
f 9384 	11316 	9429
f 9423 	9426 	6646
f 9429 	11316 	9428
f 9432 	9493 	9413
f 9413 	9491 	9497
f 9435 	9437 	9357
f 9500 	9346 	9497
f 9346 	9504 	9347
f 9419 	9070 	9422
f 5301 	12988 	12983
f 9502 	9347 	9504
f 6709 	9340 	6643
f 9359 	6643 	9340
f 9069 	9070 	9419
f 9473 	9492 	9417
f 9070 	9075 	9422
f 9422 	9075 	9427
f 9575 	636 	638
f 9431 	9427 	9307
f 9433 	9561 	9435
f 9307 	9427 	9075
f 9362 	6643 	9359
f 9514 	9361 	9516
f 9564 	9437 	9435
f 9307 	9311 	9431
f 9430 	9441 	9434
f 9442 	9434 	9441
f 9431 	9311 	9460
f 9442 	9443 	9436
f 9442 	9436 	9434
f 9361 	9518 	9279
f 9364 	9368 	6643
f 245 	9420 	9443
f 9311 	9315 	9460
f 9362 	9364 	6643
f 9369 	6643 	9368
f 9279 	9518 	9432
f 9518 	9525 	9432
f 9411 	9409 	9716
f 9350 	9349 	9446
f 9416 	9417 	9439
f 9448 	9416 	9439
f 9350 	9446 	9449
f 11022 	3170 	11048
f 3226 	3199 	11048
f 9416 	9448 	9450
f 9350 	9449 	9351
f 9452 	9495 	9417
f 9450 	9452 	9417
f 9450 	9417 	9416
f 9451 	9585 	9132
f 9351 	9449 	9425
f 12628 	4107 	12637
f 9419 	9444 	9592
f 9381 	9447 	9539
f 9453 	9455 	9446
f 9453 	9446 	9445
f 9446 	9455 	9449
f 9456 	9449 	9455
f 11166 	9043 	9039
f 9592 	9451 	9419
f 9440 	9425 	9456
f 9419 	9422 	9444
f 9448 	9439 	9450
f 9563 	9549 	9456
f 9454 	9512 	9516
f 9452 	9450 	9439
f 9439 	9417 	9492
f 9563 	9456 	9455
f 9401 	9458 	9447
f 9418 	9417 	9495
f 9421 	9418 	9529
f 9440 	9549 	9441
f 9451 	9132 	9153
f 9527 	9442 	9441
f 9153 	9069 	9451
f 9451 	9069 	9419
f 9439 	9492 	9452
f 9440 	9456 	9549
f 9527 	9441 	9549
f 9459 	10909 	9461
f 9459 	9461 	9457
f 9624 	9458 	9622
f 248 	245 	9530
f 9453 	9559 	9455
f 9562 	9455 	9559
f 9470 	9464 	9463
f 9563 	9455 	9562
f 9465 	9519 	9462
f 9421 	9532 	9547
f 9463 	550 	9470
f 9442 	9528 	9443
f 9443 	9530 	245
f 9505 	9507 	4241
f 9470 	555 	9475
f 9475 	10130 	9470
f 9460 	9315 	9462
f 4929 	9520 	9729
f 9482 	9481 	9464
f 9464 	9470 	9482
f 9462 	9316 	9465
f 9718 	9411 	9716
f 9316 	9462 	9315
f 9316 	9405 	9465
f 9468 	9487 	9477
f 9465 	9405 	9474
f 9593 	9473 	9469
f 9468 	9484 	9487
f 5246 	9794 	9800
f 9491 	9413 	9493
f 9405 	9407 	9474
f 9477 	9487 	9494
f 9489 	9367 	9438
f 9495 	9529 	9418
f 9493 	9432 	9488
f 9371 	9489 	9496
f 9444 	9422 	9498
f 9556 	9490 	9485
f 10155 	9499 	9556
f 10971 	10926 	9494
f 9424 	9371 	9496
f 9496 	9506 	9424
f 205 	248 	4241
f 9593 	9501 	9473
f 9507 	9505 	9538
f 9347 	9502 	9509
f 9490 	9556 	9499
f 9814 	9487 	9484
f 9467 	9275 	9509
f 9511 	9399 	9398
f 9506 	9511 	9398
f 9495 	9452 	9501
f 9494 	9818 	9821
f 9514 	9521 	9361
f 9518 	9361 	9521
f 9511 	9752 	9517
f 9521 	9523 	9518
f 9518 	9523 	9525
f 9492 	9501 	9452
f 9488 	9432 	9525
f 9489 	9438 	9611
f 9442 	9527 	9528
f 9459 	9524 	9542
f 9489 	9531 	9496
f 9530 	9443 	9528
f 9532 	9421 	9529
f 9624 	9631 	9447
f 9503 	9498 	9427
f 9535 	9529 	9501
f 9422 	9427 	9498
f 9528 	9527 	9534
f 9533 	9534 	9527
f 9495 	9501 	9529
f 9427 	9431 	9503
f 9531 	9536 	9496
f 9447 	9628 	9539
f 9530 	9528 	9538
f 9534 	9538 	9528
f 9538 	9505 	9530
f 248 	9530 	9505
f 9503 	9431 	9508
f 9522 	9537 	9524
f 9533 	9541 	9534
f 9513 	9508 	9460
f 9533 	9540 	9541
f 9431 	9460 	9508
f 9496 	9536 	9506
f 9542 	9524 	9537
f 9538 	9534 	9543
f 9541 	9543 	9534
f 9536 	9750 	9506
f 9468 	9459 	9542
f 9539 	9637 	9639
f 9507 	9538 	9543
f 9513 	9462 	9519
f 9462 	9513 	9460
f 9512 	9454 	9545
f 9539 	9639 	9454
f 9535 	9532 	9529
f 9537 	9546 	9542
f 9519 	9465 	9526
f 9510 	9507 	9543
f 9750 	9511 	9506
f 9553 	9526 	9474
f 9544 	9546 	9537
f 9542 	9546 	9484
f 9532 	9535 	9547
f 9535 	9548 	9547
f 9482 	9552 	9481
f 9549 	9533 	9527
f 9470 	10130 	9482
f 9549 	9551 	9533
f 9484 	9468 	9542
f 9481 	9552 	9485
f 9551 	9540 	9533
f 9485 	9552 	9556
f 9551 	9554 	9540
f 9536 	9776 	9750
f 9544 	9847 	9546
f 9535 	9667 	9548
f 9554 	9602 	9540
f 9554 	9599 	9602
f 9465 	9474 	9526
f 9557 	9555 	9553
f 9558 	9433 	9221
f 9646 	9622 	9458
f 9550 	9646 	9458
f 9557 	9553 	9474
f 9558 	9561 	9433
f 9561 	9564 	9435
f 9764 	166 	9466
f 9407 	9557 	9474
f 9552 	10166 	9556
f 6570 	9557 	9407
f 10166 	10168 	9556
f 9471 	9467 	9764
f 9486 	9479 	9764
f 9562 	9559 	9569
f 9565 	9569 	9559
f 9466 	9486 	9764
f 9563 	9562 	9571
f 9569 	9571 	9562
f 9476 	9764 	9472
f 9549 	9563 	9551
f 9571 	9551 	9563
f 9471 	9764 	9476
f 11187 	9572 	9565
f 9478 	9480 	9764
f 9572 	9573 	9569
f 9572 	9569 	9565
f 9472 	9764 	9483
f 9480 	9483 	9764
f 9576 	9571 	9569
f 9575 	9578 	9567
f 9479 	9478 	9764
f 9576 	9569 	9573
f 9560 	9579 	9566
f 9571 	9576 	9554
f 9580 	9578 	9575
f 9560 	9577 	9579
f 9566 	9579 	9582
f 9567 	9578 	9570
f 9571 	9554 	9551
f 9566 	9582 	9522
f 9582 	9537 	9522
f 9598 	9588 	1413
f 9572 	9654 	9660
f 9580 	9575 	9586
f 9577 	9584 	9587
f 9572 	9660 	9573
f 9575 	638 	9586
f 9469 	9473 	9417
f 9493 	9764 	9491
f 9664 	9576 	9573
f 9469 	1413 	9588
f 9488 	9764 	9493
f 9587 	9579 	9577
f 9589 	9541 	9540
f 9500 	9497 	9764
f 9491 	9764 	9497
f 9596 	9580 	9586
f 9590 	9582 	9579
f 9541 	9591 	9543
f 9504 	9764 	9502
f 9500 	9764 	9504
f 9541 	9589 	9591
f 9590 	9579 	9587
f 9502 	9764 	9509
f 9467 	9509 	9764
f 9591 	9510 	9543
f 9586 	638 	9594
f 9582 	9590 	9544
f 9595 	9558 	9232
f 9591 	9515 	9510
f 9232 	9246 	9595
f 9594 	9596 	9586
f 9593 	9469 	9588
f 9561 	9558 	9597
f 9523 	9521 	9764
f 9594 	550 	9463
f 9554 	9576 	9599
f 9595 	9597 	9558
f 9463 	9464 	9594
f 9597 	9601 	9561
f 9582 	9544 	9537
f 9464 	9596 	9594
f 9512 	9764 	9516
f 9588 	9598 	9593
f 9602 	9589 	9540
f 9516 	9764 	9514
f 9600 	9593 	9598
f 9561 	9601 	9564
f 9492 	9473 	9501
f 9584 	9997 	9587
f 9601 	9617 	9564
f 9514 	9764 	9521
f 9593 	9600 	9851
f 9523 	9764 	9525
f 9488 	9525 	9764
f 10002 	9590 	9587
f 9589 	9602 	9610
f 9600 	9849 	9851
f 9591 	9589 	9612
f 9589 	9610 	9612
f 9581 	9574 	9123
f 9612 	9515 	9591
f 9417 	1405 	9469
f 9574 	9258 	9123
f 9595 	9642 	9597
f 9123 	9127 	9581
f 9583 	9581 	9127
f 9599 	9604 	9607
f 9583 	9127 	9132
f 9583 	9132 	9585
f 9604 	9620 	9607
f 9585 	9451 	9592
f 9599 	9607 	9602
f 9437 	9608 	9438
f 9824 	9606 	9609
f 9564 	9608 	9437
f 9608 	9611 	9438
f 9610 	9602 	9607
f 9608 	9564 	9617
f 9512 	9545 	9764
f 9421 	9619 	1406
f 9531 	9489 	9611
f 9770 	9764 	9545
f 1395 	1419 	9395
f 9608 	9618 	9611
f 9632 	1406 	9619
f 9620 	9604 	9616
f 9617 	9618 	9608
f 1419 	1418 	9634
f 9618 	9623 	9611
f 9458 	9624 	9447
f 9634 	9635 	1419
f 9547 	9548 	9619
f 9531 	9611 	9623
f 9607 	9626 	9610
f 9622 	9627 	9624
f 9421 	9547 	9619
f 9607 	9620 	9626
f 9623 	9923 	9531
f 9610 	9626 	9629
f 9628 	9447 	9631
f 9624 	9627 	9631
f 9609 	9686 	9614
f 9610 	9629 	9612
f 9668 	9671 	9617
f 9628 	9633 	9539
f 9690 	9197 	9614
f 9612 	9520 	9515
f 9671 	9618 	9617
f 9686 	9690 	9614
f 9635 	9395 	1419
f 9612 	9629 	9520
f 9633 	9637 	9539
f 9619 	9805 	9632
f 9616 	9816 	9620
f 9545 	9454 	9639
f 1882 	13391 	1881
f 9641 	9246 	9252
f 9252 	9649 	9641
f 9246 	9641 	9595
f 9570 	9643 	9621
f 9650 	9644 	9550
f 9620 	9816 	9819
f 9641 	9642 	9595
f 9578 	9643 	9570
f 9646 	9550 	9644
f 9819 	9626 	9620
f 9822 	9629 	9626
f 9642 	9666 	9597
f 9621 	9643 	9625
f 9647 	9625 	9643
f 9640 	9659 	9645
f 9625 	9647 	9648
f 9396 	9395 	11337
f 9647 	9658 	9648
f 9395 	9635 	11337
f 9649 	9653 	9641
f 9625 	9648 	9630
f 11337 	9404 	9396
f 9648 	9655 	9630
f 9628 	9770 	9633
f 9658 	9669 	9648
f 9641 	9653 	9642
f 9622 	9770 	9627
f 9640 	9636 	9656
f 9630 	9655 	9638
f 9656 	9659 	9640
f 9631 	9770 	9628
f 9627 	9770 	9631
f 9638 	9701 	9695
f 9654 	9680 	9660
f 9568 	9619 	9548
f 9655 	9701 	9638
f 9578 	9580 	9661
f 9639 	9637 	9770
f 9580 	9596 	9661
f 9603 	9645 	9663
f 9664 	9573 	9660
f 9581 	9765 	9574
f 9660 	9683 	9664
f 9578 	9661 	9643
f 9501 	9662 	9535
f 9661 	9665 	9643
f 9659 	9663 	9645
f 9603 	9663 	9745
f 9597 	9666 	9601
f 9599 	9576 	9664
f 9637 	9633 	9770
f 9770 	9545 	9639
f 9643 	9665 	9647
f 9535 	9662 	9667
f 9745 	9605 	9603
f 9646 	9644 	9770
f 9665 	9658 	9647
f 9666 	9668 	9601
f 9655 	9648 	9669
f 9613 	9242 	9247
f 9617 	9601 	9668
f 9568 	9548 	9667
f 9654 	9677 	9680
f 9596 	9670 	9661
f 9613 	9247 	9615
f 9247 	9250 	9615
f 9673 	9619 	9568
f 9661 	9670 	9672
f 9659 	9656 	9751
f 9615 	9250 	9651
f 9660 	9680 	9683
f 9670 	9485 	9672
f 9664 	9683 	9604
f 9659 	9756 	9663
f 9664 	9604 	9599
f 9256 	9657 	9651
f 9622 	9646 	9770
f 9618 	9933 	9623
f 9661 	9672 	9665
f 9665 	9675 	9658
f 9671 	9933 	9618
f 9256 	9258 	9657
f 9676 	9606 	9605
f 9672 	9675 	9665
f 9652 	9677 	9654
f 9657 	9258 	9574
f 9653 	9678 	9642
f 9669 	9658 	9679
f 9675 	9679 	9658
f 9689 	9673 	9667
f 9652 	9674 	9677
f 9678 	9666 	9642
f 9676 	9681 	9606
f 9464 	9481 	9596
f 9668 	9666 	9682
f 9481 	9670 	9596
f 9678 	9682 	9666
f 9481 	9485 	9670
f 9803 	9585 	9592
f 9606 	9681 	9609
f 9668 	9682 	9685
f 9485 	9490 	9672
f 9681 	9686 	9609
f 9672 	9490 	9675
f 9674 	9687 	9677
f 9490 	9499 	9675
f 9688 	9697 	9619
f 9673 	9688 	9619
f 9684 	9687 	9674
f 9677 	9687 	9691
f 9675 	9499 	9679
f 9499 	10146 	9679
f 13411 	1887 	13392
f 9668 	9685 	9671
f 9498 	9503 	9714
f 9696 	9694 	2146
f 9693 	9696 	2144
f 2146 	2144 	9696
f 9197 	9705 	9199
f 9673 	9689 	9688
f 9676 	9745 	9766
f 9568 	9667 	9673
f 9692 	12568 	9695
f 9697 	9698 	9619
f 9993 	9682 	9678
f 9508 	9513 	9724
f 9693 	12705 	9696
f 12705 	9694 	9696
f 9700 	9697 	9689
f 9689 	9697 	9688
f 9689 	9741 	9700
f 12803 	12842 	1642
f 9690 	9686 	9719
f 9701 	9702 	9695
f 12809 	1628 	1630
f 9698 	9697 	9700
f 9669 	9703 	9701
f 9669 	9701 	9655
f 9690 	9705 	9197
f 7896 	9414 	9704
f 9706 	9707 	8439
f 9703 	9715 	9701
f 9677 	9691 	9680
f 9701 	9715 	9702
f 9199 	9705 	9708
f 9680 	9709 	9683
f 9679 	9720 	9669
f 8439 	9710 	9706
f 9680 	9691 	9709
f 8439 	9707 	9711
f 9709 	9616 	9683
f 9695 	9702 	9692
f 9704 	9414 	9725
f 9692 	9712 	9699
f 9702 	9712 	9692
f 9708 	9713 	9202
f 9414 	9718 	9725
f 9777 	8439 	9711
f 9712 	10511 	9699
f 9616 	9604 	9683
f 9784 	8439 	9778
f 9712 	9702 	10520
f 9715 	10520 	9702
f 9716 	9409 	9517
f 9684 	9902 	9687
f 9703 	9669 	9720
f 9710 	9721 	9706
f 9716 	9728 	9718
f 9710 	9722 	9721
f 9791 	9719 	9686
f 9705 	9690 	9723
f 9719 	9723 	9690
f 9726 	9705 	9723
f 9727 	7947 	9704
f 10146 	9720 	9679
f 9704 	9725 	9727
f 9708 	9705 	9726
f 9713 	9708 	10018
f 9716 	9517 	9760
f 9829 	9707 	9706
f 9729 	9520 	9629
f 9728 	9716 	9760
f 9629 	9822 	9729
f 9718 	9730 	9725
f 9585 	9772 	9583
f 9585 	9803 	9772
f 9728 	9730 	9718
f 9732 	9734 	9733
f 9735 	9729 	9822
f 9725 	9730 	9848
f 9738 	9722 	9737
f 9736 	9746 	9732
f 9689 	9667 	9739
f 9725 	9848 	9727
f 9723 	9719 	10115
f 9732 	9746 	9734
f 9731 	9740 	9742
f 9852 	7993 	9727
f 9722 	9738 	9721
f 9727 	9848 	9852
f 9733 	9734 	9743
f 9739 	9741 	9689
f 9740 	9749 	9742
f 9740 	9747 	9749
f 9731 	9742 	9735
f 9714 	9503 	9717
f 9734 	9744 	9743
f 7 	34 	9722
f 9663 	9763 	9745
f 10211 	9738 	9737
f 9747 	9740 	9864
f 9676 	9605 	9745
f 9503 	9508 	9717
f 9746 	9748 	9734
f 9717 	9508 	9724
f 9889 	9915 	9656
f 9737 	9754 	10211
f 4993 	9742 	9749
f 9656 	9915 	9751
f 9736 	9811 	9746
f 9724 	9513 	10007
f 9511 	9750 	9752
f 59 	9754 	9737
f 9734 	9748 	9744
f 9698 	9753 	9619
f 9753 	9755 	9619
f 9755 	9768 	9619
f 9659 	9751 	9756
f 9634 	9632 	9805
f 9753 	9758 	9755
f 9759 	9749 	9747
f 9747 	9757 	9759
f 59 	9761 	9754
f 9517 	9752 	9760
f 9700 	9758 	9753
f 9700 	9753 	9698
f 9757 	9775 	9759
f 9663 	9756 	9763
f 9757 	9774 	9775
f 9745 	9763 	9766
f 5232 	9759 	9775
f 9767 	10261 	9744
f 9758 	9768 	9755
f 9635 	9634 	9805
f 9768 	9779 	9619
f 9949 	9953 	9751
f 9741 	9773 	9700
f 9769 	9583 	9772
f 9757 	10034 	9774
f 9700 	9773 	9758
f 9771 	9767 	9872
f 9923 	9776 	9536
f 9750 	9780 	9752
f 9783 	9681 	9676
f 9750 	9776 	9780
f 9774 	9785 	9775
f 9773 	9781 	9758
f 9752 	9780 	9786
f 9774 	9782 	9785
f 9766 	9783 	9676
f 10030 	9781 	9773
f 9783 	9791 	9681
f 9752 	9786 	9760
f 9779 	9768 	9781
f 9758 	9781 	9768
f 9681 	9791 	9686
f 9782 	9790 	9794
f 9796 	9619 	9795
f 9782 	9794 	9785
f 10109 	9799 	9790
f 9776 	9923 	9941
f 9790 	9800 	9794
f 9763 	9756 	9798
f 9840 	9777 	9711
f 9790 	9799 	9800
f 9711 	9831 	9840
f 9969 	9780 	9776
f 9763 	9798 	9801
f 9795 	9797 	9796
f 9779 	9795 	9619
f 9763 	9801 	9766
f 10054 	9772 	10055
f 9744 	9748 	9867
f 9802 	9783 	9766
f 9801 	9802 	9766
f 9803 	10055 	9772
f 9744 	9867 	9767
f 9802 	10138 	9783
f 9781 	9797 	9795
f 9781 	9795 	9779
f 9805 	9619 	9796
f 9880 	9792 	9771
f 9799 	9809 	9800
f 9799 	9806 	9809
f 9811 	9812 	9746
f 9796 	9797 	9805
f 10990 	10986 	9797
f 9762 	9574 	9765
f 9748 	9746 	9812
f 9657 	9574 	9762
f 9797 	10998 	10990
f 9844 	9845 	9784
f 9817 	9812 	9811
f 9784 	9845 	9787
f 9581 	9769 	9765
f 9773 	9741 	10030
f 9806 	10509 	9809
f 9817 	9820 	9812
f 9845 	9922 	9787
f 10030 	10033 	9781
f 9813 	9616 	9709
f 10033 	10996 	9781
f 9927 	9793 	9789
f 9808 	9811 	9736
f 9581 	9583 	9769
f 10996 	9797 	9781
f 9815 	9811 	9808
f 9815 	9817 	9811
f 9487 	9814 	9818
f 9816 	9616 	9813
f 9927 	9874 	9793
f 9874 	9807 	9793
f 9816 	9828 	9833
f 9816 	9833 	9819
f 9818 	9494 	9487
f 9626 	9819 	9822
f 1915 	13443 	1916
f 9810 	9896 	8584
f 13391 	1882 	13445
f 9823 	9826 	9815
f 9772 	10054 	9769
f 9838 	9826 	9823
f 8587 	8584 	9898
f 9815 	9826 	9817
f 9826 	9827 	9817
f 9813 	9825 	9828
f 1412 	9598 	1413
f 9603 	9818 	9814
f 8587 	9898 	9900
f 9706 	9721 	9829
f 9603 	9814 	9645
f 1410 	9869 	1412
f 9818 	9605 	9821
f 9813 	9828 	9816
f 9803 	9592 	9830
f 1916 	13445 	1882
f 9831 	9707 	9829
f 9817 	9827 	9820
f 9605 	9818 	9603
f 9869 	1410 	9866
f 9821 	9605 	9606
f 9830 	9832 	10057
f 9835 	1412 	9834
f 9836 	1412 	9835
f 9836 	9849 	1412
f 9849 	9600 	1412
f 9707 	9831 	9711
f 9838 	9823 	9837
f 9821 	9606 	9824
f 9714 	10061 	10059
f 9840 	9841 	9777
f 9777 	9841 	9778
f 9834 	9839 	9835
f 9219 	9824 	9609
f 9819 	9731 	9822
f 9842 	9826 	9838
f 9312 	9219 	9614
f 9833 	9731 	9819
f 9609 	9614 	9219
f 9832 	9714 	10059
f 9614 	9197 	9312
f 9834 	1412 	9869
f 9822 	9731 	9735
f 9837 	11020 	9838
f 9778 	9841 	9784
f 9844 	9784 	9841
f 9826 	9842 	9827
f 9843 	9544 	9590
f 9847 	9544 	9843
f 9839 	9836 	9835
f 9730 	9860 	9848
f 9598 	1412 	9600
f 9546 	9850 	9484
f 9789 	9787 	9922
f 9546 	9847 	9850
f 9842 	9846 	9827
f 9850 	9814 	9484
f 9864 	9833 	9828
f 9786 	9853 	9760
f 9833 	9740 	9731
f 9636 	9847 	9843
f 9846 	9842 	11032
f 9833 	9864 	9740
f 9948 	9831 	9829
f 11032 	11036 	9846
f 9839 	9851 	9836
f 9760 	9853 	9728
f 9847 	9636 	9640
f 9853 	9856 	9728
f 9849 	9836 	9851
f 9847 	9640 	9850
f 7854 	7717 	11831
f 9850 	9640 	9645
f 9850 	9645 	9814
f 9728 	9856 	9730
f 9859 	9501 	9593
f 9825 	9858 	9828
f 9593 	9851 	9859
f 9972 	9844 	9841
f 9825 	9857 	9858
f 9859 	9662 	9501
f 10241 	9855 	10274
f 9828 	9858 	9864
f 9845 	9844 	10040
f 9860 	9730 	9856
f 9866 	1409 	9865
f 9848 	9860 	9868
f 9848 	9868 	9852
f 9867 	9872 	9767
f 9830 	9444 	9832
f 9852 	8054 	8049
f 9879 	9870 	9861
f 9852 	9868 	8054
f 9855 	9788 	9875
f 9788 	9884 	9875
f 9786 	9780 	9890
f 9810 	9807 	9892
f 9865 	9871 	9866
f 9866 	9871 	9869
f 9839 	9869 	9871
f 9854 	9958 	9877
f 9834 	9869 	9839
f 9636 	9843 	9876
f 9892 	9807 	9874
f 9854 	9877 	9857
f 9857 	9877 	9878
f 9892 	9896 	9810
f 9853 	9897 	9856
f 9914 	9871 	9913
f 9771 	9872 	9880
f 9839 	9871 	9882
f 9858 	9857 	9878
f 9870 	9881 	9873
f 9880 	9884 	9792
f 9860 	9856 	9901
f 9858 	9883 	9864
f 9885 	9748 	9812
f 8590 	8587 	9900
f 9870 	9879 	9881
f 9812 	9820 	9885
f 9858 	9878 	9883
f 9873 	9881 	9886
f 9747 	9864 	9883
f 9839 	9882 	9851
f 9748 	9885 	9867
f 9851 	9882 	9887
f 9883 	9757 	9747
f 9873 	9886 	9876
f 9867 	9888 	9872
f 9851 	9887 	9859
f 9889 	9636 	9876
f 9876 	9886 	9889
f 9662 	9859 	9891
f 9889 	9656 	9636
f 9859 	9887 	9891
f 9885 	9888 	9867
f 9996 	9667 	9662
f 9903 	9881 	9879
f 9662 	9891 	9996
f 9894 	9893 	9880
f 9786 	9890 	9895
f 9890 	9909 	9895
f 9786 	9895 	9853
f 1898 	13252 	13309
f 9896 	9898 	8584
f 9888 	9894 	9872
f 9882 	9942 	9887
f 9911 	9889 	9886
f 9897 	9853 	9895
f 9901 	9856 	9897
f 9872 	9894 	9880
f 9902 	9684 	9899
f 9592 	9444 	9830
f 9884 	9880 	9893
f 9444 	9498 	9832
f 9899 	9928 	9902
f 9498 	9714 	9832
f 9879 	9983 	9903
f 9881 	9903 	9906
f 9888 	9940 	9894
f 9907 	8591 	9905
f 8628 	8592 	9907
f 9903 	9935 	9906
f 9904 	9278 	9908
f 9904 	9277 	9278
f 9906 	9886 	9881
f 9909 	9890 	9978
f 9906 	9911 	9886
f 9792 	9884 	9788
f 9895 	9909 	11523
f 9913 	1409 	9912
f 9913 	9912 	9914
f 9898 	9896 	10083
f 9912 	1409 	9917
f 1403 	9925 	1409
f 9862 	9855 	9916
f 9889 	9911 	9915
f 9875 	9916 	9855
f 9912 	9917 	9914
f 9916 	9918 	9862
f 9913 	9865 	1409
f 9901 	9897 	11525
f 9865 	9913 	9871
f 9961 	9959 	9916
f 9905 	10108 	9907
f 9901 	11525 	11528
f 9919 	9691 	9687
f 9875 	9961 	9916
f 9237 	9910 	9908
f 9911 	9906 	9939
f 9919 	9687 	9902
f 9691 	9919 	9921
f 9862 	9918 	9863
f 9910 	9237 	9242
f 9536 	9531 	9923
f 9906 	9935 	9939
f 9919 	9934 	9921
f 9925 	1403 	9924
f 9910 	9242 	9613
f 9911 	9939 	9944
f 9919 	9932 	9934
f 9957 	9960 	9920
f 9924 	9920 	9960
f 9691 	9921 	9709
f 9911 	9944 	9915
f 9922 	9927 	9789
f 9926 	10299 	9918
f 9924 	9960 	9925
f 9917 	9960 	9914
f 9813 	9709 	9921
f 9925 	9960 	9917
f 9915 	9949 	9751
f 9965 	9968 	9899
f 9884 	9893 	9929
f 9964 	9871 	9914
f 9928 	9899 	9968
f 9969 	9776 	9941
f 9820 	9931 	9885
f 9919 	9902 	9932
f 9902 	9928 	9932
f 9845 	10040 	9922
f 9930 	9935 	9903
f 9931 	9888 	9885
f 1409 	9866 	1410
f 9921 	9825 	9813
f 9947 	9613 	9615
f 9921 	9934 	9825
f 9623 	9933 	9936
f 9893 	9974 	9929
f 9930 	10499 	9935
f 9651 	9951 	9615
f 9623 	9936 	9923
f 9938 	9932 	9928
f 9892 	9874 	10074
f 9931 	9940 	9888
f 9936 	9941 	9923
f 9966 	9942 	9882
f 9932 	9938 	9854
f 9887 	9942 	9945
f 9946 	9829 	9721
f 9894 	9940 	10000
f 9721 	9738 	9946
f 9887 	9945 	9891
f 9943 	9937 	9910
f 9932 	9854 	9934
f 10004 	10003 	9940
f 9943 	9613 	9947
f 9946 	9948 	9829
f 9934 	9857 	9825
f 9985 	9942 	9966
f 9910 	9613 	9943
f 9931 	10004 	9940
f 9934 	9854 	9857
f 9831 	9950 	9840
f 9949 	9915 	9944
f 10003 	10000 	9940
f 9933 	9671 	9952
f 9938 	9958 	9854
f 9685 	9952 	9671
f 9831 	9948 	9950
f 9938 	9988 	9958
f 9933 	9954 	9936
f 9950 	9972 	9840
f 1403 	9956 	9920
f 9920 	9924 	1403
f 9894 	10000 	9893
f 9917 	1409 	9925
f 9877 	10029 	9878
f 9954 	9933 	9952
f 10000 	9974 	9893
f 9751 	9953 	9756
f 9953 	9798 	9756
f 9936 	9954 	9970
f 9840 	9972 	9841
f 9956 	9957 	9920
f 9883 	10034 	9757
f 9875 	9884 	9929
f 9936 	9970 	9941
f 10213 	9946 	9738
f 9957 	9971 	9960
f 9962 	9948 	9946
f 9957 	10201 	9971
f 9910 	9937 	9908
f 9877 	9958 	10067
f 9682 	9998 	9685
f 9962 	10045 	9948
f 9914 	9960 	9964
f 9947 	9615 	9951
f 9949 	9944 	10505
f 9871 	9964 	9966
f 9954 	9952 	10005
f 9953 	9949 	10468
f 9951 	9651 	9955
f 9976 	9981 	9964
f 9950 	9948 	10045
f 9964 	9981 	9966
f 9871 	9966 	9882
f 9965 	9967 	9968
f 9651 	9657 	9955
f 9953 	10468 	10472
f 9955 	9657 	9762
f 9969 	9890 	9780
f 9953 	10472 	9798
f 9929 	9961 	9875
f 9969 	9941 	9973
f 9960 	9976 	9964
f 9861 	1880 	9975
f 9973 	9941 	9970
f 9969 	9973 	9978
f 9975 	9879 	9861
f 9960 	9971 	9976
f 9974 	9979 	9929
f 9938 	9928 	9977
f 9947 	9951 	10090
f 9969 	9978 	9890
f 9975 	9983 	9879
f 9975 	9980 	9983
f 9929 	9979 	9961
f 9970 	9954 	10024
f 9954 	10005 	10024
f 9981 	9985 	9966
f 9980 	9987 	9983
f 9980 	9984 	9987
f 9987 	9930 	9983
f 9988 	9938 	9977
f 10095 	10093 	9765
f 9977 	9986 	9988
f 9918 	9916 	9959
f 9959 	9963 	9918
f 9987 	10636 	9930
f 9930 	9903 	9983
f 9918 	9963 	9926
f 9971 	10216 	10219
f 10095 	9765 	9769
f 9976 	9971 	10219
f 9989 	9926 	9963
f 9984 	10625 	10630
f 9649 	9261 	10065
f 10630 	9987 	9984
f 10065 	10069 	9649
f 10060 	9963 	9959
f 9678 	9653 	10073
f 10075 	10071 	9989
f 9985 	9981 	10080
f 10075 	9989 	9963
f 9963 	10060 	10075
f 9682 	9993 	9998
f 10071 	9990 	9989
f 1927 	9994 	9584
f 9997 	9584 	9994
f 9991 	9904 	9908
f 9996 	9739 	9667
f 9991 	9908 	9937
f 9891 	9945 	10006
f 9968 	9967 	9999
f 9891 	10006 	9996
f 9685 	9998 	10001
f 9996 	10009 	9739
f 10016 	9526 	9553
f 9967 	9995 	9999
f 10006 	10009 	9996
f 9968 	9999 	9977
f 10002 	9587 	9997
f 1891 	13232 	1892
f 10001 	9952 	9685
f 9843 	9590 	10002
f 9999 	9982 	9986
f 10005 	9952 	10001
f 9999 	9986 	9977
f 9876 	9843 	10002
f 9977 	9928 	9968
f 13325 	1906 	1904
f 10009 	10012 	9739
f 9994 	9861 	9870
f 10001 	9998 	10014
f 10013 	10004 	9931
f 9994 	9870 	9997
f 1900 	13309 	1904
f 9997 	9870 	9873
f 9739 	10012 	9741
f 9992 	10010 	10015
f 10014 	9998 	10136
f 10002 	9997 	9873
f 10012 	10030 	9741
f 10070 	9945 	9942
f 9526 	10016 	10011
f 10002 	9873 	9876
f 9992 	10015 	9995
f 9995 	10015 	9982
f 9945 	10070 	10006
f 10017 	10006 	10070
f 9708 	9726 	10018
f 10017 	10021 	10006
f 10005 	10031 	10037
f 9713 	10022 	9260
f 9713 	10018 	10022
f 9999 	9995 	9982
f 10021 	10009 	10006
f 9260 	10023 	9263
f 10009 	10035 	10012
f 9513 	9519 	10007
f 10022 	10023 	9260
f 10021 	10035 	10009
f 9827 	10013 	9820
f 10023 	10025 	9263
f 10011 	10007 	9519
f 9973 	9970 	10026
f 10322 	10010 	10008
f 9519 	9526 	10011
f 10023 	10234 	10025
f 10070 	10087 	10017
f 10010 	10328 	10015
f 10026 	9970 	10024
f 10019 	10016 	9553
f 10025 	9266 	9263
f 10010 	10322 	10328
f 10026 	10027 	9973
f 9820 	10013 	9931
f 9553 	9555 	10019
f 10019 	9555 	10020
f 9973 	10027 	9978
f 10014 	10031 	10001
f 9878 	10029 	10034
f 10031 	10005 	10001
f 9979 	10036 	9961
f 9878 	10034 	9883
f 9844 	9972 	10039
f 10000 	10003 	10038
f 10004 	10098 	10003
f 10039 	10040 	9844
f 10005 	10037 	10024
f 9723 	10115 	10122
f 9714 	9717 	10061
f 10024 	10037 	10043
f 9922 	10040 	10042
f 10041 	10029 	10067
f 9846 	10004 	10013
f 10029 	10041 	10044
f 10128 	10018 	9726
f 10024 	10043 	10026
f 10029 	10044 	10034
f 10034 	10044 	9774
f 10228 	10023 	10022
f 9774 	10044 	9782
f 9950 	10046 	9972
f 10007 	10011 	10121
f 10031 	10014 	10049
f 10013 	9827 	9846
f 10046 	9950 	10045
f 10046 	10047 	9972
f 10037 	10031 	10051
f 10000 	10038 	9974
f 10016 	10124 	10011
f 10049 	10051 	10031
f 10016 	10126 	10124
f 9972 	10047 	10039
f 10028 	10305 	10032
f 10019 	10126 	10016
f 10012 	10035 	10048
f 9791 	10050 	9719
f 10103 	10106 	10035
f 11300 	11299 	10038
f 10035 	10106 	10048
f 10148 	10042 	10040
f 10012 	10048 	10030
f 10048 	10052 	10030
f 10049 	10053 	10051
f 10030 	10052 	10033
f 10055 	20 	10054
f 10163 	10053 	10049
f 10057 	20 	10056
f 10055 	10056 	20
f 10045 	10232 	10046
f 10051 	10053 	11641
f 9961 	10036 	9959
f 10103 	10035 	10021
f 10036 	10060 	9959
f 10100 	10103 	10021
f 9988 	10058 	10063
f 9979 	10062 	10036
f 10058 	10072 	10078
f 10058 	10078 	10063
f 10036 	10066 	10060
f 10048 	10111 	10052
f 10063 	9958 	9988
f 10062 	10066 	10036
f 10106 	10111 	10048
f 9927 	10068 	9874
f 9261 	9267 	10065
f 9762 	9765 	10093
f 9958 	10063 	10067
f 10065 	10081 	10069
f 9877 	10067 	10029
f 10077 	10081 	10065
f 9649 	10069 	9653
f 9985 	10070 	9942
f 10068 	10074 	9874
f 10069 	10073 	9653
f 10073 	9993 	9678
f 9976 	10076 	9981
f 9267 	9269 	10077
f 9976 	10219 	10076
f 10079 	9896 	9892
f 10065 	9267 	10077
f 9981 	10076 	10080
f 9892 	10074 	10079
f 9803 	10056 	10055
f 9896 	10079 	10083
f 10063 	10082 	10067
f 9803 	9830 	10056
f 10071 	11198 	9990
f 10081 	10084 	10069
f 9898 	10083 	10086
f 10056 	9830 	10057
f 10078 	10082 	10063
f 9985 	10085 	10070
f 10067 	10082 	10041
f 10057 	9832 	10059
f 9985 	10080 	10085
f 10069 	10084 	10073
f 10084 	10088 	10073
f 10086 	9900 	9898
f 13131 	13159 	1884
f 10089 	10062 	9979
f 10085 	10087 	10070
f 10107 	9905 	9900
f 9900 	10086 	10107
f 10087 	10100 	10017
f 10064 	10061 	9717
f 9993 	10073 	10088
f 1883 	13131 	1884
f 9993 	10136 	9998
f 9717 	9724 	10064
f 10088 	10136 	9993
f 10100 	10021 	10017
f 10038 	10089 	9974
f 10077 	9269 	10101
f 9905 	10107 	10108
f 9974 	10089 	9979
f 10101 	10104 	10077
f 10077 	10104 	10081
f 10082 	10078 	10094
f 10082 	10096 	10041
f 10081 	10110 	10084
f 10082 	10094 	10096
f 10068 	10139 	10171
f 10081 	10104 	10110
f 10087 	10085 	10135
f 10004 	9846 	10097
f 10074 	10177 	10183
f 10004 	10097 	10098
f 10044 	10041 	10099
f 10074 	10183 	10079
f 10041 	10096 	10099
f 10099 	9782 	10044
f 10116 	10083 	10079
f 10079 	10183 	10116
f 10101 	9269 	9288
f 10094 	10102 	10105
f 10102 	10153 	10105
f 10091 	10090 	9951
f 10094 	10105 	10096
f 10089 	10038 	11299
f 10099 	10096 	10109
f 10105 	10109 	10096
f 10091 	9951 	9955
f 10099 	9790 	9782
f 10092 	10091 	9955
f 10099 	10109 	9790
f 10112 	9907 	10108
f 10092 	9955 	10093
f 9762 	10093 	9955
f 10112 	8628 	9907
f 7732 	7691 	11653
f 10112 	8655 	8628
f 10095 	9769 	10054
f 10100 	10141 	10103
f 10101 	9288 	10114
f 10050 	10115 	9719
f 10103 	10145 	10106
f 10105 	10117 	10109
f 10113 	10114 	9288
f 10114 	10118 	10101
f 10109 	10117 	9799
f 10106 	10151 	10111
f 10145 	10151 	10106
f 10180 	10184 	10114
f 9723 	10122 	9726
f 10123 	10083 	10116
f 10114 	10184 	10118
f 10101 	10118 	10104
f 11300 	10038 	10003
f 10118 	10127 	10104
f 10083 	10123 	10086
f 10122 	10128 	9726
f 10072 	10125 	10129
f 10086 	11039 	10107
f 10104 	10127 	10110
f 10125 	10133 	10129
f 10129 	10078 	10072
f 10123 	11039 	10086
f 10018 	10224 	10022
f 10078 	10129 	10094
f 10107 	11039 	11041
f 10128 	10224 	10018
f 9417 	9418 	1405
f 10108 	10107 	11041
f 10131 	10130 	9475
f 9632 	1418 	1406
f 1413 	9469 	1405
f 1319 	3112 	1883
f 11046 	10112 	10108
f 10108 	11041 	11046
f 9632 	9634 	1418
f 10132 	10125 	10120
f 10252 	10254 	10115
f 555 	1845 	9475
f 10115 	10254 	10122
f 10133 	10125 	10132
f 10130 	10131 	10173
f 10129 	10133 	10102
f 10085 	10080 	10379
f 10116 	11062 	10123
f 10085 	10379 	10135
f 10129 	10102 	10094
f 10134 	10178 	10131
f 10100 	10087 	10137
f 10138 	9791 	9783
f 10042 	10139 	9922
f 10088 	10084 	10140
f 10135 	10137 	10087
f 10110 	10140 	10084
f 9733 	9743 	10134
f 10138 	10050 	9791
f 10132 	10144 	10133
f 10137 	10141 	10100
f 9922 	10139 	9927
f 10131 	1845 	10134
f 10139 	10068 	9927
f 10140 	10142 	10088
f 9743 	10261 	10134
f 10137 	10420 	10141
f 9744 	10261 	9743
f 10039 	10143 	10040
f 10134 	10261 	10178
f 10047 	10143 	10039
f 10088 	10142 	10136
f 10133 	10147 	10102
f 10143 	10148 	10040
f 9499 	10156 	10146
f 10145 	10103 	10141
f 10142 	10150 	10136
f 10133 	10144 	10147
f 10153 	10102 	10147
f 10136 	10150 	10014
f 10139 	10042 	10154
f 10135 	10379 	10416
f 9724 	10119 	10064
f 10150 	10049 	10014
f 10042 	10148 	10154
f 13131 	1883 	7413
f 10157 	10140 	10110
f 10418 	10137 	10135
f 10153 	10117 	10105
f 10119 	10007 	10121
f 10127 	10157 	10110
f 10416 	10418 	10135
f 10156 	9499 	10155
f 9724 	10007 	10119
f 10142 	10140 	10159
f 10137 	10418 	10420
f 10157 	10159 	10140
f 10124 	10121 	10011
f 10142 	10161 	10150
f 10159 	10161 	10142
f 9482 	10130 	10162
f 10150 	10163 	10049
f 10068 	10177 	10074
f 9482 	10162 	9552
f 10164 	9552 	10162
f 10161 	10163 	10150
f 10144 	10160 	10165
f 10019 	10149 	10126
f 10164 	10166 	9552
f 10144 	10165 	10147
f 10147 	10167 	10153
f 10149 	10020 	10152
f 10155 	9556 	10168
f 10273 	10143 	10047
f 10147 	10165 	10167
f 10019 	10020 	10149
f 10156 	10155 	10169
f 10092 	20 	10091
f 10168 	10169 	10155
f 9804 	10117 	10153
f 9804 	10153 	10167
f 10181 	10185 	1403
f 10117 	9804 	9806
f 10117 	9806 	9799
f 10054 	20 	10095
f 9956 	1403 	10170
f 10170 	9957 	9956
f 10933 	7691 	7399
f 10175 	1403 	10174
f 10174 	1403 	10172
f 10154 	10171 	10139
f 10176 	10113 	9298
f 10177 	10068 	10171
f 10178 	10173 	10131
f 10174 	10179 	10175
f 9298 	9304 	10176
f 10171 	11121 	10177
f 10174 	10172 	10179
f 10113 	10180 	10114
f 10181 	1403 	10175
f 10175 	10182 	10181
f 10113 	10176 	10180
f 10179 	10182 	10175
f 10170 	1403 	10185
f 10173 	10162 	10130
f 10181 	10182 	10201
f 10185 	10181 	10201
f 10180 	10199 	10184
f 10186 	10164 	10162
f 10195 	10199 	10180
f 10118 	10187 	10127
f 10143 	10276 	10148
f 10184 	10187 	10118
f 10185 	10201 	10170
f 10170 	10201 	9957
f 10192 	20 	10191
f 10148 	10193 	10154
f 10190 	10132 	10120
f 10090 	20 	10192
f 9304 	10194 	10176
f 10090 	10091 	20
f 10194 	10195 	10176
f 10193 	10148 	10276
f 10173 	10186 	10162
f 10188 	10206 	10208
f 7399 	7413 	10933
f 10193 	10196 	10154
f 10188 	10208 	10190
f 10180 	10176 	10195
f 10166 	10198 	10197
f 10190 	10214 	10132
f 10171 	10154 	10196
f 7413 	1883 	3112
f 10186 	10198 	10164
f 10199 	10202 	10184
f 10164 	10198 	10166
f 10184 	10202 	10187
f 10197 	10168 	10166
f 10179 	10204 	10205
f 10260 	10203 	10200
f 10207 	10168 	10197
f 250 	1964 	1962
f 10168 	10207 	10169
f 10179 	10205 	10182
f 10210 	10182 	10205
f 10207 	10209 	10169
f 10206 	10238 	10208
f 10211 	10213 	9738
f 10222 	10199 	10195
f 10138 	10212 	10050
f 10211 	9754 	10217
f 10182 	10210 	10201
f 10211 	10218 	10213
f 10173 	10178 	10215
f 10217 	10218 	10211
f 10252 	10115 	10050
f 10214 	10190 	10208
f 10201 	10216 	9971
f 9962 	9946 	10213
f 10199 	10225 	10202
f 10144 	10132 	10214
f 10201 	10210 	10216
f 9754 	9761 	10217
f 10214 	10160 	10144
f 10191 	10189 	9937
f 10189 	9991 	9937
f 10173 	10215 	10186
f 10194 	10220 	10195
f 10226 	10197 	10198
f 10218 	10221 	10213
f 9943 	10191 	9937
f 10192 	10191 	9943
f 10186 	10223 	10198
f 10220 	10222 	10195
f 10215 	10223 	10186
f 10192 	9943 	9947
f 10213 	10221 	9962
f 10225 	10199 	10222
f 10192 	9947 	10090
f 10223 	10226 	10198
f 10045 	9962 	10227
f 10022 	10224 	10228
f 10189 	10191 	20
f 10178 	10229 	10215
f 10261 	10229 	10178
f 10221 	10227 	9962
f 10093 	20 	10092
f 10220 	10230 	10222
f 10215 	10231 	10223
f 10227 	10232 	10045
f 10222 	10233 	10225
f 10095 	20 	10093
f 10229 	10231 	10215
f 10230 	10233 	10222
f 10214 	10158 	10160
f 10228 	10234 	10023
f 10231 	10271 	10223
f 10059 	20 	10057
f 10061 	20 	10059
f 10064 	20 	10061
f 10047 	10046 	10269
f 10028 	10025 	10235
f 10119 	20 	10064
f 10121 	20 	10119
f 10124 	20 	10121
f 10194 	9309 	10236
f 10126 	20 	10124
f 10234 	10235 	10025
f 9313 	10236 	9309
f 9771 	9792 	10231
f 10220 	10194 	10236
f 20 	10126 	10149
f 10235 	10305 	10028
f 9313 	10237 	10236
f 9314 	10237 	9313
f 10238 	10206 	10266
f 10216 	10210 	10392
f 10236 	10239 	10220
f 10217 	10250 	10218
f 10237 	10239 	10236
f 10239 	10230 	10220
f 9314 	10321 	10237
f 10197 	10226 	10207
f 10240 	10207 	10226
f 10158 	10208 	10238
f 10323 	10239 	10237
f 10152 	20 	10149
f 10240 	10241 	10242
f 10239 	10324 	10230
f 10323 	10324 	10239
f 10243 	10227 	10221
f 10221 	10255 	10243
f 10158 	10214 	10208
f 10244 	10157 	10127
f 10240 	10242 	10207
f 10281 	10224 	10128
f 10127 	10187 	10244
f 10244 	10246 	10157
f 10286 	10228 	10224
f 10232 	10282 	10269
f 10245 	10241 	10240
f 10244 	10259 	10246
f 10228 	10288 	10234
f 10267 	1403 	10283
f 10267 	10263 	1403
f 10157 	10246 	10159
f 9764 	10247 	9761
f 10172 	1403 	10270
f 10159 	10248 	10161
f 10234 	10288 	10235
f 9761 	10247 	10217
f 10246 	10248 	10159
f 10247 	10250 	10217
f 9855 	10241 	10245
f 10248 	10251 	10161
f 10248 	10268 	10251
f 10212 	10252 	10050
f 10207 	10242 	10209
f 10161 	10251 	10163
f 10218 	10255 	10221
f 10250 	10255 	10218
f 10187 	10202 	10257
f 10247 	10368 	10250
f 10257 	10244 	10187
f 10122 	10258 	10128
f 10253 	10256 	10451
f 10242 	10476 	10209
f 10260 	10200 	10256
f 10250 	10369 	10255
f 10257 	10259 	10244
f 10283 	1403 	10279
f 10259 	10262 	10246
f 10243 	10255 	10380
f 10259 	10290 	10262
f 10263 	10264 	1403
f 10263 	10265 	10264
f 10246 	10262 	10248
f 10203 	10266 	10206
f 10380 	10382 	10243
f 10270 	1403 	10264
f 10267 	10265 	10263
f 10203 	10260 	10266
f 10226 	10223 	10271
f 10262 	10268 	10248
f 10265 	10272 	10264
f 10270 	10264 	10272
f 10046 	10232 	10269
f 10226 	10245 	10240
f 2747 	4629 	8847
f 10269 	10273 	10047
f 10271 	10245 	10226
f 10269 	10344 	10273
f 10272 	10172 	10270
f 10282 	10344 	10269
f 10241 	10274 	10242
f 10673 	10253 	10249
f 10272 	10179 	10172
f 8864 	8847 	4629
f 10278 	1403 	10275
f 1962 	1965 	250
f 10276 	10143 	10273
f 10202 	10285 	10257
f 10253 	10675 	10256
f 10287 	10259 	10257
f 10253 	10673 	10675
f 10243 	10277 	10227
f 10279 	1403 	10278
f 10285 	10287 	10257
f 10227 	10277 	10232
f 10258 	10122 	10254
f 9855 	10245 	9788
f 10301 	10300 	8896
f 10259 	10287 	10290
f 10275 	10327 	10278
f 10258 	10281 	10128
f 8896 	8859 	10301
f 10280 	10279 	10278
f 8853 	8851 	10331
f 10268 	10262 	10291
f 10300 	10304 	8851
f 10265 	10267 	10284
f 10283 	10284 	10267
f 10331 	10333 	8853
f 10333 	10330 	8853
f 10242 	10274 	10476
f 10285 	10202 	10225
f 10286 	10224 	10281
f 10279 	10280 	10284
f 10283 	10279 	10284
f 10225 	10293 	10285
f 8477 	8938 	8876
f 9767 	10229 	10261
f 10204 	10179 	10272
f 10286 	10288 	10228
f 10015 	10289 	9982
f 10310 	10235 	10288
f 9767 	9771 	10229
f 10015 	10328 	10289
f 8477 	8942 	8938
f 10290 	10291 	10262
f 9982 	10289 	10292
f 11810 	10268 	10291
f 9771 	10231 	10229
f 8484 	8625 	8942
f 10284 	10294 	10265
f 10292 	9986 	9982
f 10293 	10225 	10233
f 9792 	9788 	10271
f 10293 	10295 	10285
f 10292 	10058 	9986
f 10265 	10294 	10272
f 8859 	4629 	10301
f 10294 	10204 	10272
f 10293 	10345 	10295
f 10292 	10072 	10058
f 9792 	10271 	10231
f 10058 	9988 	9986
f 10285 	10295 	10287
f 10245 	10271 	9788
f 10295 	10296 	10287
f 10284 	10280 	10341
f 9862 	10274 	9855
f 10287 	10296 	10290
f 10296 	11813 	10290
f 5349 	2747 	8844
f 8845 	8844 	2747
f 8847 	8845 	2747
f 10204 	10294 	10352
f 10290 	11813 	10291
f 9863 	9918 	10299
f 11813 	11816 	10291
f 11810 	10291 	11816
f 10292 	10289 	10302
f 10298 	10302 	10289
f 10293 	10343 	10345
f 10072 	10292 	10302
f 10295 	10345 	10296
f 10219 	10376 	10076
f 10307 	12748 	10306
f 10307 	8993 	12748
f 10308 	10309 	10303
f 10306 	10315 	10307
f 10318 	10319 	1403
f 1580 	10314 	1403
f 10314 	10318 	1403
f 9314 	8993 	10315
f 10307 	10315 	8993
f 10325 	1403 	10319
f 10313 	10235 	10310
f 10342 	10120 	10298
f 78 	79 	10312
f 10312 	79 	10306
f 10325 	10275 	1403
f 10298 	10120 	10302
f 10302 	10125 	10072
f 10321 	9314 	10315
f 10364 	8485 	8876
f 10311 	10309 	10337
f 10302 	10120 	10125
f 10235 	10313 	10305
f 10315 	79 	10335
f 10315 	10306 	79
f 8477 	8484 	8942
f 10318 	10314 	10316
f 10318 	10316 	10320
f 9926 	10308 	10299
f 9926 	9989 	10308
f 10008 	10317 	10322
f 10316 	10602 	10320
f 1969 	1966 	13459
f 10321 	10323 	10237
f 10301 	4629 	10300
f 10318 	10320 	10319
f 10299 	10308 	10303
f 10288 	10650 	10310
f 10317 	10334 	10322
f 10325 	10319 	10320
f 10325 	10320 	10327
f 10230 	10329 	10233
f 10300 	4629 	10304
f 10327 	10275 	10325
f 10324 	10329 	10230
f 10280 	10278 	10327
f 8851 	10332 	10331
f 11727 	10311 	10337
f 10304 	10332 	8851
f 10316 	10601 	10602
f 9989 	9990 	10308
f 10315 	10335 	10321
f 10323 	10321 	10336
f 10335 	10336 	10321
f 10324 	10323 	10338
f 10336 	10338 	10323
f 10297 	10328 	10322
f 10324 	10339 	10329
f 10297 	10322 	10334
f 10338 	10339 	10324
f 10328 	10297 	10298
f 10311 	11727 	10326
f 10328 	10298 	10289
f 10334 	10363 	10375
f 10327 	10604 	10340
f 10330 	10333 	4638
f 10340 	10280 	10327
f 10334 	10378 	10297
f 10341 	10280 	10340
f 13464 	1950 	13463
f 10298 	10297 	10342
f 10331 	10332 	4638
f 10329 	10343 	10233
f 10343 	10329 	10351
f 10277 	10282 	10232
f 10297 	10378 	10342
f 10340 	10506 	10341
f 10332 	10304 	4638
f 10343 	10293 	10233
f 4629 	4638 	10304
f 10331 	4638 	10333
f 10346 	10294 	10284
f 10342 	10190 	10120
f 10348 	10296 	10345
f 10308 	9990 	10309
f 10344 	10350 	10273
f 10346 	10284 	10341
f 10337 	10309 	9990
f 13466 	1952 	13465
f 10352 	10294 	10346
f 10339 	10351 	10329
f 10347 	10353 	8872
f 10353 	10362 	8872
f 10326 	11727 	11734
f 10345 	10343 	10354
f 10351 	10354 	10343
f 8872 	10330 	10347
f 10273 	10350 	10276
f 10364 	8876 	10362
f 10348 	10345 	10356
f 10354 	10356 	10345
f 10356 	11879 	10348
f 8477 	8876 	8485
f 10276 	11239 	10193
f 10204 	10352 	10358
f 10352 	10484 	10358
f 11198 	10337 	9990
f 10347 	10330 	4638
f 10358 	10205 	10204
f 10243 	10382 	10277
f 10353 	10347 	4638
f 10359 	10210 	10205
f 10205 	10358 	10359
f 10277 	10386 	10282
f 10282 	10390 	10344
f 8876 	8872 	10362
f 10210 	10359 	10392
f 10363 	10317 	10349
f 10386 	10390 	10282
f 10361 	9720 	10146
f 10349 	10360 	10363
f 10447 	10448 	10351
f 10363 	10334 	10317
f 8486 	8485 	4579
f 10422 	10335 	79
f 10335 	10422 	10336
f 10424 	10336 	10422
f 10424 	10338 	10336
f 4638 	4579 	10353
f 10447 	10351 	10339
f 10367 	10247 	9764
f 10354 	10351 	10448
f 9764 	9770 	10367
f 10362 	10353 	4579
f 10364 	10362 	4579
f 10448 	10356 	10354
f 10341 	10508 	10346
f 10367 	10368 	10247
f 79 	81 	10422
f 10341 	10506 	10508
f 10368 	10369 	10250
f 10369 	10380 	10255
f 10352 	10482 	10484
f 42 	10384 	81
f 10374 	10219 	10216
f 10375 	10363 	10372
f 10374 	10376 	10219
f 10076 	10377 	10080
f 10334 	10375 	10378
f 10375 	10421 	10378
f 10076 	10376 	10377
f 10379 	10080 	10377
f 6157 	10647 	10685
f 10146 	10156 	10361
f 10644 	10646 	10281
f 10381 	10361 	10156
f 10381 	10383 	10361
f 10399 	10404 	10374
f 10374 	10404 	10376
f 10361 	10383 	10365
f 10382 	10386 	10277
f 10387 	10366 	10365
f 10377 	10445 	10379
f 10382 	10401 	10386
f 10383 	10387 	10365
f 10387 	10388 	10366
f 10445 	10416 	10379
f 10385 	5480 	5514
f 10389 	10385 	5514
f 10216 	10392 	10374
f 10359 	10358 	10486
f 10369 	10395 	10380
f 10359 	10486 	10487
f 10372 	10394 	10398
f 10359 	10487 	10392
f 5520 	10402 	10396
f 10380 	10397 	10382
f 10392 	10399 	10374
f 10395 	10397 	10380
f 10389 	5514 	10396
f 10397 	10401 	10382
f 10392 	10487 	10399
f 10393 	10611 	10400
f 10433 	10611 	10393
f 10376 	10406 	10377
f 10386 	10401 	10390
f 11278 	10390 	10401
f 10404 	10406 	10376
f 10586 	10576 	8424
f 10377 	10406 	10445
f 10156 	10169 	10407
f 5520 	10692 	10402
f 10773 	10395 	10751
f 10381 	10156 	10407
f 10540 	8394 	8397
f 10779 	10397 	10395
f 10410 	10339 	10426
f 10381 	10409 	10383
f 10410 	10447 	10339
f 8367 	8371 	10541
f 10411 	10410 	10426
f 10407 	10409 	10381
f 10452 	10447 	10411
f 10409 	10413 	10383
f 10383 	10413 	10387
f 10394 	10200 	10398
f 10415 	10414 	10477
f 10417 	10429 	10434
f 10375 	10372 	10398
f 10417 	10434 	10419
f 10421 	10375 	10398
f 4339 	10613 	10605
f 10342 	10378 	10188
f 10141 	10423 	10145
f 10338 	10424 	10426
f 10378 	10421 	10188
f 10188 	10190 	10342
f 10339 	10338 	10426
f 10387 	10427 	10388
f 81 	10384 	10422
f 10428 	10422 	10384
f 10420 	10423 	10141
f 10428 	10430 	10424
f 10428 	10424 	10422
f 10423 	10431 	10145
f 10413 	10427 	10387
f 10429 	10417 	10470
f 10424 	10430 	10426
f 10432 	10426 	10430
f 10432 	10411 	10426
f 10427 	10433 	10388
f 10470 	10425 	10429
f 10145 	10431 	10151
f 10451 	10200 	10394
f 10408 	10702 	10412
f 10398 	10200 	10203
f 10435 	10436 	10413
f 10421 	10398 	10203
f 10445 	10455 	10416
f 10384 	10385 	10437
f 10455 	10460 	10416
f 10421 	10203 	10206
f 10413 	10436 	10427
f 10437 	10428 	10384
f 10421 	10206 	10188
f 10416 	10460 	10418
f 10419 	10434 	7697
f 10428 	10437 	10430
f 10439 	10430 	10437
f 10439 	10414 	10430
f 10483 	10438 	10441
f 10474 	10440 	10442
f 10464 	10466 	10420
f 9012 	7697 	10434
f 10414 	10432 	10430
f 10420 	10466 	10423
f 10409 	10435 	10413
f 10414 	10415 	10432
f 10432 	10415 	10411
f 10429 	10425 	9186
f 10425 	10443 	9186
f 10405 	10698 	10408
f 9114 	10434 	10429
f 10444 	10457 	10446
f 9186 	9114 	10429
f 10408 	10698 	10702
f 10434 	9114 	9012
f 10440 	10449 	10442
f 10637 	10436 	10435
f 10356 	10448 	10450
f 10440 	10446 	10449
f 10451 	10394 	10442
f 10410 	10411 	10447
f 10442 	10449 	10451
f 10388 	10433 	10393
f 10443 	9229 	9186
f 10406 	10538 	10445
f 10452 	10453 	10448
f 10452 	10448 	10447
f 10453 	10454 	10450
f 10453 	10450 	10448
f 10538 	10455 	10445
f 10411 	10458 	10452
f 10449 	10446 	10249
f 10415 	10458 	10411
f 10169 	10209 	10407
f 10370 	10441 	10712
f 10458 	10461 	10452
f 10446 	10457 	10249
f 10209 	10462 	10407
f 10371 	10370 	10713
f 10449 	10249 	10253
f 10420 	10418 	10464
f 10712 	10713 	10370
f 10209 	10476 	10462
f 10452 	10461 	10453
f 10449 	10253 	10451
f 10454 	10453 	10465
f 10461 	10465 	10453
f 10451 	10256 	10200
f 10713 	10757 	10371
f 10460 	10464 	10418
f 12153 	12149 	10465
f 10407 	10462 	10409
f 10435 	10409 	10462
f 10436 	10617 	10427
f 10456 	10467 	10470
f 9949 	10505 	10468
f 10427 	10617 	10433
f 10414 	10439 	10473
f 10456 	10470 	10459
f 10355 	10471 	10474
f 10455 	10542 	10460
f 10459 	10417 	10463
f 10545 	10547 	10460
f 10477 	10414 	10473
f 10460 	10547 	10464
f 9798 	10478 	9801
f 10459 	10470 	10417
f 10474 	10357 	10355
f 10473 	10498 	10477
f 10463 	10417 	10419
f 9798 	10472 	10478
f 7722 	10463 	10419
f 10480 	10435 	10462
f 10479 	10360 	10357
f 9802 	9801 	10481
f 10476 	10480 	10462
f 10466 	11136 	11123
f 10479 	10357 	10474
f 10435 	10480 	10637
f 10360 	10479 	10372
f 10478 	10481 	9801
f 10481 	10483 	9802
f 10467 	10425 	10470
f 10482 	10352 	10346
f 10476 	10667 	10480
f 10438 	10483 	10481
f 8424 	8393 	10586
f 9802 	10483 	10138
f 7788 	10907 	10485
f 10358 	10484 	10486
f 10483 	10212 	10138
f 10476 	10274 	10667
f 10468 	10505 	10403
f 10468 	10405 	10472
f 10274 	9862 	10667
f 10485 	7783 	7773
f 10394 	10372 	10479
f 10524 	10486 	10484
f 10372 	10363 	10360
f 9699 	10511 	10489
f 10389 	10396 	10493
f 10488 	10492 	10915
f 10511 	10490 	10489
f 10468 	10403 	10405
f 1507 	1508 	11990
f 10463 	10492 	10488
f 10485 	10915 	10492
f 10469 	10491 	10495
f 10519 	10484 	10482
f 11974 	1508 	1506
f 10493 	10558 	10494
f 10492 	7783 	10485
f 10469 	10495 	10471
f 7722 	7783 	10492
f 10471 	10440 	10474
f 10463 	7722 	10492
f 10494 	10496 	10475
f 10471 	10495 	10440
f 10486 	10497 	10487
f 10475 	10496 	10473
f 10474 	10442 	10479
f 10483 	10441 	10212
f 10479 	10442 	10394
f 10459 	10463 	10488
f 10532 	10399 	10487
f 9939 	9935 	10500
f 10491 	10444 	10495
f 9935 	10499 	10500
f 10501 	9944 	9939
f 10495 	10444 	10446
f 9939 	10500 	10501
f 10495 	10446 	10440
f 9804 	10167 	10504
f 9944 	10501 	10505
f 10500 	10574 	10501
f 9804 	10504 	10507
f 8397 	10541 	10540
f 8397 	8367 	10541
f 9804 	10507 	9806
f 10509 	9806 	10507
f 10346 	10508 	10482
f 8377 	8386 	10521
f 10490 	10511 	10513
f 10502 	10510 	9397
f 10513 	10516 	10490
f 10548 	10514 	10504
f 10506 	10515 	10508
f 10548 	10512 	10514
f 10508 	10517 	10482
f 10504 	10514 	10518
f 10508 	10515 	10517
f 10503 	10502 	9397
f 10482 	10517 	10519
f 10503 	9397 	9319
f 10504 	10518 	10507
f 10507 	10518 	10522
f 9319 	10443 	10503
f 10511 	9712 	10523
f 10520 	10523 	9712
f 10507 	10522 	10509
f 10523 	10525 	10513
f 10524 	10484 	10519
f 10513 	10511 	10523
f 10524 	10497 	10486
f 9550 	9458 	10510
f 10525 	10526 	10513
f 10510 	9458 	9397
f 10687 	10688 	10515
f 228 	10521 	10527
f 10513 	10526 	10516
f 10501 	10391 	10505
f 10524 	10519 	10563
f 10529 	9715 	9703
f 10527 	10534 	208
f 10501 	10574 	10391
f 10527 	8351 	10534
f 10528 	10502 	10585
f 9703 	9720 	10529
f 10505 	10391 	10403
f 228 	10527 	208
f 10530 	9715 	10529
f 10487 	10497 	10532
f 10521 	228 	222
f 8386 	8351 	10527
f 10528 	10510 	10502
f 10528 	10531 	10510
f 10533 	10404 	10399
f 8386 	10527 	10521
f 10520 	9715 	10530
f 10399 	10532 	10533
f 10523 	10520 	10535
f 10530 	10535 	10520
f 19 	23 	10560
f 10472 	10405 	10408
f 10404 	10536 	10406
f 10534 	212 	208
f 10533 	10536 	10404
f 10560 	23 	10512
f 10537 	10525 	10523
f 10512 	23 	29
f 10536 	10538 	10406
f 10408 	10478 	10472
f 10481 	10478 	10412
f 10535 	10537 	10523
f 10512 	29 	10514
f 10525 	10539 	10526
f 8352 	10534 	8351
f 47 	10514 	29
f 10412 	10478 	10408
f 10537 	10539 	10525
f 10514 	47 	10518
f 10412 	10438 	10481
f 10534 	215 	212
f 10565 	10578 	10497
f 47 	10522 	10518
f 215 	10534 	8352
f 10562 	10537 	10535
f 10562 	10568 	10537
f 10632 	10158 	10238
f 10537 	10568 	10539
f 10212 	10370 	10252
f 10546 	10165 	10160
f 10536 	10584 	10538
f 1969 	13459 	1971
f 10370 	10212 	10441
f 10529 	9720 	10361
f 10546 	10548 	10165
f 10370 	10371 	10252
f 10167 	10165 	10548
f 10252 	10371 	10254
f 10533 	10584 	10536
f 10541 	317 	10540
f 10504 	10167 	10548
f 10254 	10373 	10258
f 10455 	10538 	10542
f 9550 	10510 	10531
f 10541 	328 	317
f 10371 	10373 	10254
f 10538 	10588 	10542
f 10541 	10549 	328
f 10644 	10258 	10373
f 10540 	317 	316
f 10545 	10460 	10542
f 10258 	10644 	10281
f 10546 	10160 	10543
f 10544 	10503 	10443
f 10286 	10281 	10646
f 10425 	10544 	10443
f 10549 	10551 	299
f 8371 	10551 	10549
f 10551 	222 	299
f 299 	328 	10549
f 11160 	11158 	10547
f 10551 	8371 	8377
f 10496 	10498 	10473
f 10396 	10402 	10555
f 10545 	11160 	10547
f 10551 	10521 	222
f 10521 	10551 	8377
f 10555 	10493 	10396
f 10529 	10361 	10530
f 10365 	10530 	10361
f 10365 	10366 	10530
f 10543 	10556 	10560
f 10530 	10366 	10535
f 10556 	10553 	14
f 10559 	10519 	10517
f 10555 	10558 	10493
f 10494 	10558 	10564
f 10519 	10559 	10563
f 4339 	8414 	10613
f 10556 	14 	19
f 19 	10560 	10556
f 10565 	10497 	10524
f 10543 	10560 	10546
f 10494 	10564 	10496
f 10546 	10512 	10548
f 10366 	10562 	10535
f 10524 	10563 	10565
f 10496 	10566 	10498
f 11974 	1506 	1992
f 10630 	10561 	10567
f 10564 	10566 	10496
f 10560 	10512 	10546
f 13 	8424 	10576
f 10497 	10578 	10532
f 10562 	10393 	10568
f 13 	10576 	35
f 10567 	10636 	10630
f 10532 	10581 	10533
f 10388 	10393 	10562
f 10552 	371 	324
f 10636 	10567 	10569
f 11248 	10558 	10555
f 10552 	324 	325
f 8393 	10596 	10586
f 10366 	10388 	10562
f 10393 	10400 	10568
f 10568 	10400 	10570
f 10565 	10563 	10708
f 10550 	10571 	10467
f 10574 	10500 	10572
f 10385 	10389 	10575
f 10576 	10573 	35
f 10385 	10575 	10437
f 10573 	473 	10642
f 10550 	10467 	10456
f 10575 	10475 	10437
f 478 	473 	10573
f 10516 	10577 	10490
f 10581 	10532 	10578
f 10437 	10475 	10439
f 10583 	10580 	10582
f 10577 	10582 	10580
f 10554 	10579 	10585
f 10581 	10584 	10533
f 10516 	10582 	10577
f 10475 	10473 	10439
f 10576 	10586 	10587
f 10575 	10389 	10493
f 10583 	12779 	10580
f 10493 	10494 	10575
f 10588 	10538 	10584
f 10575 	10494 	10475
f 10415 	10477 	10589
f 10583 	10885 	12779
f 10554 	10585 	10557
f 10477 	10600 	10589
f 10590 	10583 	10582
f 10557 	10585 	10591
f 10576 	10587 	10573
f 10589 	10458 	10415
f 10590 	10929 	10583
f 10736 	10572 	10569
f 10458 	10592 	10461
f 10587 	478 	10573
f 10574 	10572 	10738
f 10458 	10589 	10592
f 10593 	10590 	10582
f 10461 	10594 	10465
f 10572 	10736 	10738
f 10571 	10557 	10591
f 10516 	10593 	10582
f 10592 	10594 	10461
f 10714 	10578 	10565
f 10526 	10593 	10516
f 10738 	10742 	10574
f 10391 	10574 	10742
f 10467 	10571 	10544
f 10597 	10586 	10596
f 10594 	10595 	10465
f 10571 	10591 	10544
f 10544 	10425 	10467
f 10578 	10714 	10717
f 10561 	10618 	10811
f 10526 	10539 	10598
f 10578 	10717 	10581
f 10539 	10568 	10598
f 10477 	10498 	10600
f 10586 	10597 	10587
f 10597 	485 	10587
f 10579 	10608 	10528
f 10598 	10593 	10526
f 314 	485 	10597
f 10593 	10599 	10590
f 10528 	10585 	10579
f 10598 	10599 	10593
f 10587 	485 	478
f 10596 	8393 	8394
f 10595 	10594 	10614
f 10502 	10591 	10585
f 10542 	11206 	10545
f 10570 	10598 	10568
f 10591 	10503 	10544
f 10540 	316 	10596
f 10502 	10503 	10591
f 10545 	11211 	11160
f 10596 	8394 	10540
f 10570 	10981 	10598
f 10597 	10596 	316
f 10554 	10808 	10579
f 316 	314 	10597
f 10600 	10603 	10589
f 10743 	10403 	10391
f 10320 	10604 	10327
f 10320 	10602 	10604
f 10742 	10743 	10391
f 10570 	10400 	10844
f 10589 	10603 	10592
f 10603 	10609 	10592
f 10403 	10694 	10405
f 10601 	10607 	10610
f 10612 	10400 	10611
f 10552 	325 	10553
f 10592 	10609 	10594
f 10601 	10610 	10602
f 10694 	10698 	10405
f 10612 	10844 	10400
f 10602 	10610 	10615
f 10609 	10614 	10594
f 10613 	10616 	10631
f 10553 	325 	14
f 10616 	10613 	8414
f 8414 	8418 	10616
f 10608 	10531 	10528
f 10661 	10662 	10531
f 10662 	10663 	10531
f 10498 	10619 	10600
f 10618 	10809 	10811
f 10433 	10620 	10611
f 10566 	10619 	10498
f 10619 	10622 	10600
f 10608 	10579 	10643
f 10613 	10623 	10605
f 10433 	10617 	10620
f 10603 	10600 	10622
f 10620 	10627 	10611
f 10609 	10603 	10628
f 10620 	10629 	10627
f 10266 	10624 	10238
f 10639 	10629 	10620
f 9770 	9644 	9650
f 9770 	9650 	10606
f 10631 	10623 	10613
f 10624 	10632 	10238
f 10622 	10628 	10603
f 10625 	10618 	10561
f 10611 	10627 	10612
f 10628 	10633 	10609
f 10624 	10552 	10553
f 10624 	10553 	10632
f 10631 	629 	10623
f 10630 	10636 	9987
f 10627 	10634 	10612
f 10609 	10633 	10614
f 10543 	10158 	10632
f 10436 	10638 	10617
f 10623 	629 	10626
f 10632 	10556 	10543
f 10636 	10499 	9930
f 10436 	10637 	10638
f 629 	632 	10626
f 10160 	10158 	10543
f 10638 	10639 	10617
f 10616 	10640 	10631
f 10630 	10625 	10561
f 10616 	33 	10640
f 10631 	639 	629
f 10602 	10615 	10604
f 11359 	10628 	10622
f 10531 	10608 	10661
f 10640 	639 	10631
f 10649 	10340 	10604
f 12 	33 	8418
f 10628 	11364 	10633
f 10668 	10676 	10637
f 10604 	10615 	10649
f 8418 	33 	10616
f 10658 	10608 	10697
f 10628 	11359 	11364
f 10637 	10676 	10638
f 33 	35 	10642
f 33 	10642 	10640
f 10499 	10636 	10569
f 10641 	10639 	10638
f 10607 	6284 	10651
f 10572 	10500 	10499
f 10617 	10639 	10620
f 10573 	10642 	35
f 10569 	10572 	10499
f 10610 	10607 	10654
f 10629 	10645 	10627
f 10610 	10660 	10615
f 10654 	10660 	10610
f 10659 	10608 	10658
f 6 	12650 	20
f 10286 	10646 	10650
f 10643 	10697 	10608
f 10649 	10506 	10340
f 10627 	10645 	10634
f 10645 	10652 	10634
f 10607 	10651 	10654
f 10661 	10608 	10659
f 10371 	10757 	10373
f 11406 	10648 	10647
f 10634 	10652 	10635
f 10615 	10660 	10664
f 9550 	10531 	9650
f 10663 	9650 	10531
f 11974 	11990 	1508
f 10652 	10665 	10635
f 10615 	10664 	10649
f 10649 	10666 	10506
f 369 	10675 	364
f 10649 	10664 	10666
f 10679 	369 	371
f 10666 	10515 	10506
f 10659 	10658 	10606
f 10624 	10621 	10552
f 10654 	10674 	10677
f 371 	10552 	10621
f 10654 	10677 	10660
f 10659 	10606 	10661
f 10663 	10662 	10606
f 10606 	9650 	10663
f 10706 	10438 	10412
f 10661 	10606 	10662
f 10632 	10553 	10556
f 10664 	10683 	10666
f 10441 	10438 	10709
f 10457 	451 	10249
f 10672 	10669 	10671
f 10666 	10687 	10515
f 451 	10457 	493
f 10709 	10712 	10441
f 10894 	8772 	10740
f 10667 	10668 	10637
f 10480 	10667 	10637
f 451 	10673 	10249
f 10669 	10672 	10670
f 10676 	10641 	10638
f 10657 	10606 	10658
f 10669 	6149 	10671
f 10256 	10675 	10679
f 10671 	10678 	10672
f 10680 	10678 	10671
f 10679 	10260 	10256
f 10643 	10696 	10697
f 10681 	10660 	10677
f 10677 	10674 	10726
f 10260 	10679 	10621
f 10769 	10646 	10644
f 10677 	10729 	10681
f 9557 	6576 	9555
f 10660 	10681 	10664
f 10679 	371 	10621
f 10774 	10650 	10646
f 10681 	10683 	10664
f 10266 	10260 	10621
f 10671 	6150 	10680
f 10680 	10685 	10686
f 10624 	10266 	10621
f 10650 	10774 	10655
f 360 	10673 	451
f 10666 	10683 	10687
f 10673 	360 	364
f 10678 	10680 	10686
f 10517 	10515 	10688
f 364 	10675 	10673
f 10688 	10559 	10517
f 10675 	369 	10679
f 10650 	10288 	10286
f 8581 	8772 	6432
f 6155 	10685 	6154
f 10655 	10310 	10650
f 10648 	10685 	10647
f 10310 	10656 	10313
f 10656 	10310 	10655
f 10677 	10726 	10729
f 10648 	10686 	10685
f 10683 	10737 	10687
f 10648 	10653 	10686
f 10737 	10744 	10687
f 658 	676 	10693
f 10691 	6432 	8772
f 10693 	10689 	658
f 10695 	10690 	10689
f 10696 	10643 	10684
f 10695 	10689 	10693
f 10690 	10695 	10699
f 10692 	10700 	10701
f 10688 	10687 	10744
f 10699 	9096 	10690
f 10559 	10688 	10746
f 10703 	9101 	9096
f 8772 	10894 	10691
f 9096 	10699 	10703
f 9120 	9101 	10703
f 676 	10834 	10693
f 10700 	10704 	10701
f 10559 	10746 	10705
f 10700 	10707 	10704
f 10705 	10563 	10559
f 10412 	10702 	10706
f 10708 	10563 	10705
f 10438 	10706 	10709
f 10707 	10710 	10711
f 6572 	9407 	8581
f 10696 	10684 	10657
f 10682 	10657 	10684
f 10703 	10801 	9120
f 10704 	10707 	10711
f 10696 	10657 	10697
f 10707 	6222 	10710
f 10657 	10658 	10697
f 9284 	10916 	9295
f 10565 	10708 	10714
f 10719 	10639 	10641
f 10581 	11197 	10584
f 10694 	189 	10698
f 10718 	9323 	10715
f 10717 	11197 	10581
f 10684 	10807 	10721
f 10724 	10710 	10723
f 189 	10706 	10702
f 189 	10702 	10698
f 9323 	10718 	10722
f 10720 	10682 	10721
f 10716 	10682 	10720
f 10724 	10711 	10710
f 10722 	11078 	10725
f 6222 	10723 	10710
f 10722 	11074 	11078
f 10682 	10684 	10721
f 10723 	10669 	10670
f 10629 	10639 	10719
f 10723 	6229 	10669
f 11078 	9349 	10725
f 10724 	10723 	10670
f 10670 	10947 	10724
f 10567 	10730 	10569
f 4609 	4290 	10745
f 10733 	10731 	10645
f 10801 	10728 	10734
f 10735 	10681 	10729
f 10730 	10736 	10569
f 4609 	10745 	10740
f 10754 	10745 	4290
f 10681 	10735 	10683
f 10734 	9377 	10801
f 10754 	4290 	4330
f 10734 	9387 	9377
f 10629 	10719 	10733
f 10683 	10735 	10737
f 10727 	10557 	10732
f 10727 	10554 	10557
f 10732 	10571 	10550
f 10732 	10557 	10571
f 9770 	10606 	10747
f 9387 	10734 	10753
f 10743 	10694 	10403
f 10688 	10744 	10746
f 10741 	10733 	10719
f 10747 	10367 	9770
f 10629 	10733 	10645
f 1533 	1531 	11156
f 10731 	10652 	10645
f 10740 	10776 	10739
f 10367 	10749 	10368
f 11156 	6980 	1533
f 10652 	11868 	10665
f 10747 	10749 	10367
f 10750 	10734 	10728
f 10749 	10751 	10368
f 10731 	11868 	10652
f 10728 	10748 	10750
f 10761 	10771 	10749
f 10753 	10734 	10750
f 10752 	3518 	7009
f 10368 	10751 	10369
f 10395 	10369 	10751
f 10755 	6998 	7000
f 10756 	10747 	10606
f 9862 	9863 	10667
f 10753 	9400 	9387
f 9863 	10299 	10667
f 10754 	4330 	10605
f 10755 	7009 	6998
f 10606 	10657 	10756
f 10756 	10761 	10747
f 10760 	7009 	10755
f 10757 	10762 	10373
f 10654 	10651 	10674
f 10651 	10759 	10674
f 10755 	7867 	10760
f 10373 	10762 	10644
f 10747 	10761 	10749
f 10759 	10766 	10768
f 10750 	10748 	10767
f 7009 	10760 	10752
f 10751 	10749 	10771
f 10762 	10769 	10644
f 10763 	10767 	10748
f 10759 	10768 	10674
f 10750 	10767 	10775
f 8345 	10752 	10772
f 10774 	10646 	10769
f 10745 	10776 	10740
f 10768 	10726 	10674
f 10760 	10772 	10752
f 10767 	10913 	10775
f 10771 	10773 	10751
f 10777 	10655 	10774
f 10772 	10786 	8345
f 10750 	10775 	10753
f 10962 	10967 	10765
f 10773 	10779 	10395
f 10655 	10777 	10780
f 10739 	10778 	10764
f 10772 	7872 	10786
f 10753 	10775 	9403
f 10739 	10776 	10778
f 10655 	10780 	10656
f 10778 	940 	10764
f 6301 	10759 	6292
f 6320 	1549 	10766
f 10778 	949 	940
f 10770 	10764 	940
f 10314 	2938 	10316
f 10601 	10316 	6282
f 6156 	6282 	10316
f 10763 	10910 	10767
f 940 	944 	10770
f 10756 	10832 	10761
f 10607 	10601 	6284
f 6282 	6284 	10601
f 10782 	10813 	10783
f 10770 	944 	925
f 7869 	10772 	10760
f 6292 	10651 	6284
f 10767 	10910 	10913
f 10745 	10784 	10776
f 10651 	6292 	10759
f 6301 	6320 	10759
f 10754 	10784 	10745
f 10772 	7869 	7872
f 10775 	10916 	9403
f 10785 	10778 	10776
f 8329 	8037 	8328
f 10775 	10913 	10916
f 10786 	8352 	8345
f 10784 	10785 	10776
f 10771 	10884 	10773
f 9284 	9403 	10916
f 10785 	949 	10778
f 10695 	10693 	10789
f 8488 	8489 	8045
f 10693 	10834 	10789
f 10695 	10789 	10790
f 8473 	10788 	8732
f 215 	8352 	10786
f 10793 	10754 	10605
f 10790 	10699 	10695
f 10786 	7872 	12341
f 10605 	10623 	10793
f 10699 	10790 	10796
f 12341 	215 	10786
f 8473 	10797 	10788
f 10754 	10793 	10784
f 10793 	10798 	10784
f 10788 	10797 	10787
f 10796 	10703 	10699
f 10796 	10801 	10703
f 10796 	10728 	10801
f 10785 	10784 	10798
f 10799 	10802 	10791
f 10806 	8045 	10805
f 8488 	8045 	10806
f 10798 	959 	10785
f 10803 	10797 	8473
f 10834 	10839 	10789
f 10808 	10800 	10794
f 10790 	10789 	10841
f 8473 	8507 	10803
f 10800 	10808 	10554
f 10795 	11159 	10799
f 10789 	10839 	10841
f 10800 	10554 	10727
f 10796 	10790 	10804
f 10793 	10626 	10798
f 10792 	10807 	10794
f 10790 	10841 	10804
f 10623 	10626 	10793
f 8507 	8488 	10806
f 10728 	10796 	10804
f 2276 	7432 	7476
f 10805 	10803 	10806
f 2336 	2276 	7476
f 10299 	10668 	10667
f 10748 	10728 	10804
f 10641 	10676 	10812
f 10810 	10813 	10782
f 10303 	10812 	10676
f 8688 	10822 	10814
f 10810 	10821 	10813
f 10561 	10815 	10567
f 10808 	10794 	10807
f 10812 	10825 	10641
f 10561 	10811 	10815
f 10309 	10812 	10303
f 10730 	10567 	10815
f 10813 	10817 	10783
f 10819 	6432 	10818
f 10818 	6432 	10826
f 10812 	10311 	10825
f 10309 	10311 	10812
f 10791 	10802 	10810
f 10809 	189 	10811
f 10720 	10807 	10716
f 10810 	10802 	10821
f 8688 	8666 	10822
f 10818 	10820 	10819
f 10814 	10824 	10816
f 10643 	10808 	10807
f 10813 	10823 	10817
f 10676 	10668 	10303
f 10299 	10303 	10668
f 10730 	189 	10736
f 10822 	10824 	10814
f 10721 	10807 	10720
f 10643 	10807 	10684
f 10825 	10741 	10719
f 10821 	10823 	10813
f 8666 	8726 	10827
f 10823 	10828 	10817
f 8726 	10788 	10827
f 10808 	10643 	10579
f 10657 	10682 	10829
f 10825 	10326 	10741
f 10820 	10818 	10894
f 10827 	10822 	8666
f 10818 	10826 	10894
f 10827 	10830 	10822
f 10862 	10842 	10792
f 10822 	10830 	10824
f 10855 	10819 	10820
f 10829 	10756 	10657
f 10821 	11191 	10823
f 10641 	10825 	10719
f 11195 	10828 	10823
f 10733 	10741 	10831
f 10827 	10787 	10830
f 10823 	11191 	11195
f 10788 	10787 	10827
f 10311 	10326 	10825
f 11425 	10830 	10787
f 10829 	10832 	10756
f 698 	708 	10837
f 10780 	5968 	10656
f 10835 	10836 	10988
f 708 	10863 	10837
f 10857 	10832 	10829
f 10733 	10831 	10731
f 10815 	10811 	189
f 10857 	10892 	10832
f 10837 	10834 	698
f 10834 	10837 	10839
f 11425 	10787 	10797
f 189 	10730 	10815
f 10738 	10736 	189
f 189 	10742 	10738
f 189 	10743 	10742
f 10807 	10792 	10842
f 10840 	10807 	10842
f 189 	10694 	10743
f 10807 	10840 	10716
f 10833 	10653 	10843
f 10691 	10894 	10826
f 10981 	10570 	10844
f 10833 	10843 	10835
f 189 	10709 	10706
f 10843 	10847 	10835
f 189 	10712 	10709
f 10829 	10682 	10716
f 189 	10713 	10712
f 189 	10757 	10713
f 10845 	10853 	10848
f 189 	10762 	10757
f 10835 	10847 	10836
f 10837 	10865 	10839
f 10691 	10826 	6432
f 10836 	10850 	10838
f 10856 	10868 	6432
f 10856 	6432 	10855
f 10842 	10829 	10840
f 10716 	10840 	10829
f 10850 	10836 	10847
f 10867 	10841 	10839
f 10850 	10852 	10838
f 10845 	9059 	9038
f 10841 	10867 	10872
f 10869 	6432 	10868
f 10612 	10854 	10844
f 10872 	10804 	10841
f 10612 	10634 	10854
f 10855 	6432 	10819
f 10844 	10854 	10846
f 9038 	10853 	10845
f 10859 	706 	729
f 10853 	10861 	10848
f 10846 	10860 	10849
f 706 	10859 	708
f 10858 	10855 	10820
f 10854 	10860 	10846
f 10863 	708 	10859
f 10848 	10861 	10851
f 10860 	10864 	10849
f 10858 	10856 	10855
f 10829 	10842 	10857
f 9038 	8688 	10814
f 10860 	10866 	10864
f 10865 	10837 	10863
f 12180 	9281 	9277
f 10635 	10866 	10860
f 10842 	10862 	10857
f 10839 	10865 	10867
f 10814 	10853 	9038
f 10814 	10816 	10853
f 10865 	10882 	10867
f 10853 	10816 	10861
f 10865 	10881 	10882
f 10792 	11588 	10871
f 10871 	10862 	10792
f 10874 	10868 	10858
f 10634 	10635 	10854
f 10856 	10858 	10868
f 11588 	11591 	10857
f 10871 	11588 	10857
f 9150 	9059 	10873
f 10635 	10860 	10854
f 10858 	10770 	10874
f 10804 	10872 	10748
f 10857 	10862 	10871
f 10874 	10869 	10868
f 11894 	11900 	8910
f 6410 	6432 	1003
f 10857 	11592 	11598
f 10874 	10877 	10869
f 10761 	10832 	10880
f 10863 	10881 	10865
f 189 	10769 	10762
f 189 	10774 	10769
f 10635 	10665 	10866
f 10764 	10770 	10858
f 189 	10777 	10774
f 10880 	10771 	10761
f 10877 	1003 	6432
f 10880 	10884 	10771
f 10867 	10758 	10872
f 11866 	10866 	10665
f 10880 	10893 	10884
f 10867 	10882 	10758
f 10892 	10893 	10880
f 10872 	10763 	10748
f 189 	10780 	10777
f 10583 	10929 	10885
f 10872 	10758 	10763
f 1902 	9560 	3106
f 1003 	10877 	925
f 10773 	10887 	10779
f 9557 	6570 	6576
f 10884 	10887 	10773
f 9560 	1902 	9577
f 6572 	6570 	9407
f 1902 	1918 	9577
f 10848 	10878 	10876
f 1927 	9584 	1918
f 9861 	9994 	1947
f 10832 	10892 	10880
f 6432 	6572 	8581
f 1947 	1880 	9861
f 9059 	10845 	10873
f 10873 	10845 	10876
f 10845 	10848 	10876
f 10893 	11554 	10884
f 10820 	10894 	10739
f 9984 	9980 	2024
f 10894 	10740 	10739
f 10878 	10851 	10888
f 10739 	10764 	10820
f 11490 	10883 	10879
f 10851 	10878 	10848
f 10858 	10820 	10764
f 2024 	2033 	9984
f 10887 	10884 	11554
f 9984 	2033 	10625
f 4896 	11318 	11322
f 2033 	2096 	10625
f 925 	10874 	10770
f 10881 	11011 	10882
f 4896 	11322 	4898
f 11598 	10892 	10857
f 2096 	10618 	10625
f 729 	737 	10900
f 8398 	10890 	10886
f 10618 	2156 	10809
f 2599 	189 	10809
f 9555 	6576 	6823
f 10859 	10900 	10904
f 10900 	11015 	10904
f 10859 	10904 	10863
f 10904 	10881 	10863
f 10905 	10907 	12953
f 9457 	9461 	6712
f 10904 	11016 	10881
f 10909 	9459 	10922
f 9468 	10922 	9459
f 10923 	10924 	9468
f 9477 	10923 	9468
f 10931 	10910 	10763
f 9477 	10926 	10925
f 9477 	9494 	10926
f 10911 	10914 	11007
f 10912 	10915 	10905
f 10911 	10927 	10914
f 9150 	10873 	10898
f 10488 	10915 	10912
f 10898 	10873 	10899
f 10905 	10915 	10907
f 10906 	10917 	10908
f 10914 	10917 	10906
f 10901 	10899 	10876
f 10485 	10907 	10915
f 10873 	10876 	10899
f 9461 	10909 	6712
f 10910 	10918 	10913
f 10917 	10919 	10908
f 10913 	10715 	10916
f 10901 	10878 	10902
f 11318 	4896 	4928
f 10918 	10715 	10913
f 10876 	10878 	10901
f 10878 	10888 	10902
f 10916 	10715 	9295
f 10902 	10888 	10903
f 10922 	9468 	10924
f 10923 	9477 	10925
f 10838 	10852 	10911
f 10920 	10488 	10912
f 10918 	10958 	10718
f 10918 	10718 	10715
f 10852 	10927 	10911
f 10917 	10914 	10875
f 9136 	10972 	9494
f 10928 	10758 	10882
f 10920 	10459 	10488
f 10456 	10459 	10920
f 10927 	10875 	10914
f 10929 	10897 	10885
f 10758 	10928 	10931
f 10875 	10879 	10917
f 10928 	10938 	10931
f 10917 	10879 	10919
f 10919 	10883 	10921
f 10758 	10931 	10763
f 10929 	10590 	10937
f 10879 	10883 	10919
f 10883 	10886 	10921
f 11469 	10875 	10927
f 10930 	10912 	10905
f 10938 	10928 	10936
f 10931 	10938 	10939
f 10935 	10912 	10930
f 10724 	10941 	10711
f 10897 	10889 	10885
f 10938 	10957 	10939
f 9821 	9134 	9494
f 10931 	10939 	10910
f 10939 	10918 	10910
f 10940 	10945 	10976
f 10724 	10947 	10941
f 10941 	10950 	10944
f 10947 	10950 	10941
f 10938 	10956 	10957
f 10976 	10945 	10932
f 10939 	10958 	10918
f 10932 	10954 	10935
f 12301 	9991 	10189
f 10939 	10957 	10958
f 9904 	9991 	12301
f 10945 	10954 	10932
f 10923 	10925 	6742
f 10943 	10934 	10953
f 10933 	10953 	10934
f 10954 	10920 	10935
f 6742 	10924 	10923
f 10926 	6742 	10925
f 10936 	10956 	10938
f 10953 	10949 	10943
f 10936 	10955 	10956
f 10456 	10920 	10954
f 10920 	10912 	10935
f 10971 	9494 	10972
f 10961 	10964 	10956
f 10891 	10889 	10942
f 6705 	6742 	10926
f 10940 	10732 	10945
f 10897 	10942 	10889
f 9174 	10946 	9327
f 20 	6861 	46
f 10727 	10732 	10940
f 10152 	6861 	20
f 10942 	10960 	10891
f 10152 	10020 	6830
f 10975 	10942 	10897
f 10942 	10977 	10960
f 10550 	10954 	10945
f 10152 	6830 	6861
f 10975 	10977 	10942
f 9177 	10948 	10946
f 10732 	10550 	10945
f 9555 	6823 	10020
f 10891 	10960 	10895
f 10948 	9148 	10951
f 10954 	10550 	10456
f 10956 	10955 	10961
f 9177 	9148 	10948
f 10895 	10963 	10896
f 10957 	10956 	10964
f 10968 	10973 	10959
f 10959 	10973 	10962
f 10960 	10963 	10895
f 9149 	10952 	10951
f 10957 	10964 	10966
f 10952 	9150 	10898
f 10795 	10765 	10967
f 6712 	10909 	6742
f 9149 	9150 	10952
f 10020 	6823 	6830
f 10937 	10590 	10599
f 10957 	10966 	10958
f 10958 	10722 	10718
f 9353 	9332 	8428
f 10958 	10966 	10722
f 10929 	10937 	10969
f 10922 	10924 	6742
f 10922 	6742 	10909
f 10961 	11009 	11088
f 10968 	10959 	10944
f 9353 	8428 	9352
f 7209 	6170 	11189
f 8428 	9332 	9334
f 10944 	10950 	10968
f 9337 	8428 	9336
f 9336 	8428 	9334
f 9342 	8428 	9337
f 9343 	8428 	9342
f 10969 	10897 	10929
f 9320 	8428 	9343
f 10962 	10974 	10967
f 10969 	10975 	10897
f 9322 	8428 	9320
f 10985 	10969 	10937
f 9324 	8428 	9322
f 10973 	10974 	10962
f 6705 	10972 	9136
f 9327 	8428 	9324
f 10946 	8428 	9327
f 10948 	8428 	10946
f 10970 	10965 	10932
f 10951 	8428 	10948
f 10952 	8428 	10951
f 10899 	8428 	10898
f 10976 	10932 	10965
f 10932 	10935 	10970
f 10898 	8428 	10952
f 8428 	10899 	10901
f 10970 	10935 	10930
f 10903 	8428 	10902
f 10953 	10999 	10994
f 10902 	8428 	10901
f 10972 	6705 	10971
f 10977 	12023 	10960
f 10971 	6705 	10926
f 10974 	10997 	11000
f 10953 	11096 	11091
f 11023 	10978 	10940
f 10670 	10979 	10947
f 10953 	11001 	10999
f 10960 	12023 	10963
f 10953 	11077 	11076
f 10672 	10979 	10670
f 11091 	11137 	10953
f 10953 	11092 	11096
f 10979 	10980 	10947
f 10981 	10599 	10598
f 10953 	11098 	11092
f 11099 	1705 	8948
f 10947 	10980 	10950
f 10981 	10982 	10599
f 10980 	10983 	10950
f 9805 	10986 	9635
f 10980 	10991 	10983
f 10794 	10800 	11033
f 10950 	10983 	10968
f 10953 	11044 	11042
f 10953 	11105 	11098
f 10982 	10937 	10599
f 10672 	10678 	10984
f 10953 	11042 	11117
f 10953 	11045 	11044
f 10672 	10984 	10979
f 10982 	10985 	10937
f 10987 	9635 	10986
f 10979 	10984 	10980
f 10988 	10980 	10984
f 10953 	11117 	11105
f 8996 	11152 	8998
f 10969 	10989 	10975
f 10988 	10991 	10980
f 10953 	11137 	11077
f 10953 	11076 	11001
f 9805 	9797 	10986
f 10985 	10989 	10969
f 10678 	10686 	10833
f 10989 	10992 	10975
f 10686 	10653 	10833
f 11045 	10953 	11063
f 10833 	10984 	10678
f 10984 	10833 	10988
f 10835 	10988 	10833
f 10991 	10988 	10836
f 10990 	10987 	10986
f 10836 	10838 	10991
f 10975 	10992 	10977
f 10991 	10838 	11004
f 10838 	10911 	11004
f 10992 	12044 	10977
f 10968 	10995 	10973
f 10995 	10968 	10983
f 10973 	10997 	10974
f 11281 	4878 	4872
f 10981 	10844 	10982
f 10846 	10982 	10844
f 9797 	10996 	10998
f 10995 	10997 	10973
f 10846 	10849 	10982
f 10996 	11005 	10998
f 10982 	10849 	10985
f 10996 	10033 	11002
f 10033 	10052 	11002
f 10966 	11074 	10722
f 11002 	11005 	10996
f 10995 	10983 	11004
f 10985 	10849 	10989
f 11003 	10989 	10849
f 11002 	11081 	11005
f 11035 	10955 	10936
f 10983 	10991 	11004
f 10989 	11003 	11006
f 11004 	11007 	10995
f 10911 	11007 	11004
f 11010 	11002 	10052
f 10995 	11007 	10997
f 11003 	10870 	11006
f 10953 	10993 	10949
f 11009 	10961 	10955
f 10864 	10870 	11003
f 10997 	10906 	11000
f 11008 	11085 	11009
f 10800 	10727 	10978
f 11087 	11088 	11009
f 10989 	11006 	10992
f 10940 	10978 	10727
f 11007 	10906 	10997
f 10993 	10953 	10994
f 10906 	10908 	11000
f 10928 	10882 	11011
f 11011 	11035 	10936
f 10936 	10928 	11011
f 11014 	737 	756
f 737 	11014 	10900
f 10976 	10965 	11013
f 11007 	10914 	10906
f 11015 	10900 	11014
f 10849 	10864 	11003
f 11016 	10904 	11015
f 10881 	11016 	11011
f 11018 	11020 	9837
f 11012 	11019 	11023
f 11022 	11020 	11018
f 11021 	11014 	756
f 11022 	11025 	11020
f 11316 	6502 	6646
f 765 	11021 	756
f 11014 	11021 	11026
f 11012 	11023 	11013
f 11023 	10976 	11013
f 11025 	11028 	11020
f 11014 	11026 	11015
f 9838 	11020 	11028
f 11015 	11026 	11030
f 9039 	6517 	11163
f 11028 	11032 	9842
f 11027 	11031 	11017
f 11028 	11047 	11032
f 11166 	9039 	11163
f 8917 	11900 	8924
f 11015 	11030 	11016
f 11016 	11035 	11011
f 11016 	11030 	11035
f 11023 	11019 	10978
f 11189 	6170 	4825
f 11033 	10978 	11019
f 10940 	10976 	11023
f 11024 	11208 	11104
f 11276 	4872 	4865
f 11032 	11047 	11036
f 11029 	10794 	11033
f 10792 	10794 	11029
f 11033 	10800 	10978
f 11038 	11458 	11061
f 11027 	11131 	11031
f 11055 	10955 	11035
f 765 	11040 	11021
f 765 	775 	11040
f 11039 	11075 	11093
f 11021 	11040 	11043
f 11040 	11065 	11043
f 11028 	9842 	9838
f 11028 	11025 	11047
f 11021 	11043 	11026
f 11050 	11026 	11043
f 11048 	11049 	11025
f 11048 	11025 	11022
f 11047 	11025 	11052
f 11043 	11066 	11050
f 11049 	11052 	11025
f 11053 	10112 	11046
f 11026 	11050 	11030
f 11030 	11055 	11035
f 11030 	11050 	11055
f 11056 	11057 	11047
f 10112 	11053 	8655
f 11047 	11052 	11056
f 11053 	8673 	8655
f 11057 	11036 	11047
f 11060 	11036 	11057
f 10886 	11058 	10921
f 775 	11059 	11040
f 11060 	11061 	11037
f 11065 	11040 	11059
f 11062 	10116 	11130
f 10123 	11062 	11075
f 11066 	11043 	11065
f 11008 	11050 	11066
f 11064 	11069 	11051
f 11113 	11066 	11065
f 11062 	11143 	11153
f 4928 	4925 	11318
f 11062 	11153 	11075
f 11008 	11055 	11050
f 11055 	11008 	11009
f 11051 	11069 	11054
f 10123 	11075 	11039
f 11041 	11039 	11093
f 11055 	11009 	10955
f 783 	11109 	11059
f 11054 	11072 	11146
f 11069 	11072 	11054
f 11046 	11041 	11101
f 11046 	11101 	11106
f 11106 	8677 	11053
f 11713 	10994 	10999
f 11053 	8677 	8673
f 11080 	11082 	11073
f 10890 	11064 	11058
f 10890 	11058 	10886
f 9349 	11078 	9445
f 10890 	11079 	11064
f 11010 	10052 	10111
f 11074 	11073 	11082
f 11010 	11081 	11002
f 11078 	11074 	11083
f 11082 	11083 	11074
f 11064 	11079 	11069
f 11078 	9453 	9445
f 11083 	9453 	11078
f 11079 	8117 	11069
f 11010 	11089 	11081
f 11079 	8417 	8117
f 11085 	11008 	11066
f 8117 	11072 	11069
f 11086 	10111 	10151
f 11072 	8118 	8113
f 11087 	11009 	11085
f 11272 	4825 	4839
f 11072 	8117 	8118
f 10111 	11086 	11010
f 11086 	11089 	11010
f 8944 	8979 	11084
f 10961 	11088 	11090
f 8416 	11079 	10890
f 11094 	8944 	11084
f 11103 	11090 	11088
f 8416 	8417 	11079
f 11090 	10964 	10961
f 11116 	11086 	10151
f 11094 	11084 	2161
f 11073 	10966 	10964
f 2161 	2166 	11094
f 10964 	11090 	11073
f 11073 	11074 	10966
f 11041 	11093 	11101
f 11099 	11094 	2166
f 11147 	11061 	11060
f 11087 	11085 	11102
f 11100 	11102 	11085
f 11087 	11102 	11103
f 9383 	9415 	187
f 11099 	8948 	11094
f 188 	9383 	187
f 11611 	11068 	11165
f 11087 	11103 	11088
f 11046 	11106 	11053
f 11090 	11103 	11107
f 11090 	11107 	11073
f 11080 	11073 	11107
f 11526 	11613 	11165
f 11099 	2153 	1705
f 11108 	10908 	10919
f 2153 	1771 	1705
f 11108 	11110 	11095
f 11111 	11065 	11059
f 1771 	2153 	3460
f 11059 	11109 	11111
f 11095 	11110 	11097
f 11113 	11065 	11111
f 11097 	11114 	11104
f 11081 	11670 	11005
f 11154 	2225 	11112
f 11120 	11122 	11111
f 11093 	11162 	11101
f 11110 	11114 	11097
f 11089 	11681 	11081
f 2225 	11115 	11112
f 11101 	11167 	11106
f 11114 	11051 	11104
f 11085 	11066 	11113
f 11116 	10151 	10431
f 2225 	2238 	11115
f 11086 	11118 	11089
f 11109 	816 	11119
f 11111 	11109 	11120
f 11116 	11118 	11086
f 11109 	11119 	11120
f 11113 	11111 	11122
f 11117 	11202 	11105
f 11108 	10921 	11110
f 11122 	11100 	11113
f 11085 	11113 	11100
f 2238 	2253 	11124
f 12070 	11945 	9166
f 11123 	10431 	10423
f 10919 	10921 	11108
f 11121 	10171 	10196
f 11124 	11115 	2238
f 10177 	11121 	11125
f 11058 	11110 	10921
f 10466 	11123 	10423
f 11114 	11110 	11058
f 11123 	11126 	10431
f 11127 	11124 	2253
f 11121 	11139 	11125
f 11058 	11064 	11114
f 11246 	11122 	11120
f 11114 	11064 	11051
f 11116 	10431 	11126
f 11127 	8972 	11124
f 10177 	11125 	10183
f 11116 	11128 	11118
f 11130 	10183 	11125
f 11126 	11128 	11116
f 11129 	11027 	11024
f 11216 	11218 	11103
f 11084 	8979 	11127
f 11127 	8979 	8972
f 11129 	11024 	11104
f 11130 	10116 	10183
f 11129 	11131 	11027
f 11246 	11120 	11119
f 11129 	11054 	11131
f 11107 	11103 	11218
f 11126 	11140 	11128
f 11181 	11080 	11218
f 11107 	11218 	11080
f 11031 	11132 	11034
f 11080 	11181 	11082
f 11182 	11082 	11181
f 10196 	11241 	11133
f 11134 	10466 	10464
f 11182 	11183 	11082
f 11083 	11082 	11183
f 11131 	11132 	11031
f 9453 	11083 	11183
f 10464 	10547 	11134
f 11132 	11135 	11034
f 11134 	11136 	10466
f 11121 	10196 	11133
f 11122 	11246 	11247
f 4881 	4878 	11281
f 11139 	11121 	11133
f 11138 	11126 	11123
f 11283 	4881 	11281
f 11034 	11135 	12421
f 11123 	11136 	11138
f 11135 	8133 	12421
f 11287 	4830 	4892
f 11150 	11135 	11132
f 11138 	11140 	11126
f 11125 	11141 	11130
f 4892 	4881 	11283
f 11144 	11067 	11038
f 11037 	11036 	11060
f 12421 	8133 	12423
f 11125 	11139 	11141
f 11287 	11265 	4830
f 11130 	11141 	11143
f 11068 	11144 	11156
f 11051 	11129 	11104
f 11051 	11054 	11129
f 11054 	11146 	11131
f 11143 	11062 	11130
f 10547 	11158 	11134
f 11267 	11272 	4839
f 11060 	11148 	11147
f 11146 	11132 	11131
f 11096 	11092 	11958
f 11156 	11144 	11149
f 2454 	2458 	11151
f 4919 	11343 	11308
f 11061 	11147 	11149
f 4919 	11308 	4925
f 11142 	2454 	11151
f 11146 	11150 	11132
f 11135 	11150 	8137
f 11142 	11152 	11145
f 11038 	11061 	11149
f 11144 	11038 	11149
f 11142 	11151 	11152
f 11152 	8996 	11145
f 11135 	8137 	8133
f 11044 	11045 	11264
f 11145 	8996 	9048
f 11072 	8113 	11146
f 11154 	11151 	2458
f 11225 	11143 	11141
f 2458 	2461 	11154
f 8113 	11150 	11146
f 10588 	11206 	10542
f 11056 	11148 	11057
f 11152 	11151 	11155
f 11156 	11049 	11048
f 11151 	11154 	11155
f 11156 	11056 	11052
f 11156 	11052 	11049
f 8113 	8114 	11150
f 11211 	10545 	11206
f 11075 	11157 	11093
f 11155 	8998 	11152
f 11148 	11156 	11147
f 2461 	2225 	11154
f 11112 	11155 	11154
f 11159 	10795 	10967
f 11075 	11153 	11157
f 11063 	5318 	11268
f 11093 	11157 	11162
f 11156 	11149 	11147
f 4865 	4904 	11333
f 9004 	8998 	11112
f 10799 	11161 	10802
f 11194 	11157 	11153
f 11156 	11148 	11056
f 11148 	11060 	11057
f 11159 	11161 	10799
f 11101 	11162 	11167
f 11176 	11161 	11159
f 11156 	11165 	11068
f 11176 	11179 	11161
f 11168 	11156 	11071
f 11070 	11071 	11156
f 11169 	11134 	11158
f 11165 	11156 	11168
f 11168 	11526 	11165
f 10967 	10974 	11172
f 11106 	8684 	8677
f 9043 	11166 	11171
f 11167 	8684 	11106
f 11134 	11169 	11136
f 11172 	11159 	10967
f 11169 	11175 	11136
f 11172 	11176 	11159
f 184 	9043 	11171
f 11100 	11122 	11234
f 11247 	11234 	11122
f 11172 	11214 	11176
f 11136 	11175 	11138
f 11234 	11235 	11100
f 11138 	11178 	11140
f 184 	11171 	198
f 11175 	11178 	11138
f 200 	9048 	183
f 11145 	9048 	200
f 11000 	11172 	10974
f 12070 	9166 	9187
f 2705 	2498 	11180
f 11172 	11000 	11214
f 9453 	11183 	9559
f 11184 	11186 	11182
f 11184 	11182 	11181
f 11156 	11173 	11177
f 11186 	11187 	11183
f 11180 	11196 	11185
f 11183 	11182 	11186
f 11180 	2501 	11196
f 8924 	11907 	4914
f 11095 	11097 	11179
f 11183 	11187 	9565
f 11162 	11205 	11167
f 11177 	11070 	11156
f 10802 	11161 	11188
f 11183 	9565 	9559
f 11167 	8687 	8684
f 11372 	11185 	11166
f 11184 	11190 	11186
f 11156 	11174 	11173
f 10802 	11188 	10821
f 11188 	11191 	10821
f 11226 	11190 	11184
f 11186 	11190 	11192
f 11372 	11166 	11163
f 11188 	11208 	11191
f 11186 	11192 	11187
f 11180 	2498 	2501
f 11192 	9572 	11187
f 11200 	11162 	11157
f 10584 	11201 	10588
f 11209 	11213 	10071
f 11017 	10828 	11195
f 10071 	11213 	11198
f 11185 	11196 	11171
f 11200 	11157 	11194
f 11192 	9654 	9572
f 11201 	10584 	11197
f 11205 	11162 	11200
f 11188 	11161 	11179
f 11201 	11206 	10588
f 11188 	11179 	11208
f 11179 	11097 	11208
f 11192 	11190 	9652
f 11204 	9652 	11190
f 11185 	11171 	11166
f 10071 	10075 	11209
f 9652 	9654 	11192
f 11024 	11195 	11191
f 2509 	2511 	11210
f 8687 	11167 	11205
f 11024 	11191 	11208
f 11024 	11027 	11195
f 11195 	11027 	11017
f 9674 	11204 	11212
f 11205 	11383 	8698
f 8698 	8687 	11205
f 11196 	2501 	11210
f 11212 	9684 	9674
f 11196 	11210 	198
f 11097 	11104 	11208
f 9674 	9652 	11204
f 7209 	11189 	11199
f 11194 	11380 	11200
f 11196 	198 	11171
f 11212 	11293 	9684
f 11215 	11210 	2511
f 11214 	11095 	11176
f 7231 	11199 	11193
f 11214 	11000 	10908
f 11215 	200 	198
f 11215 	198 	11210
f 10908 	11108 	11214
f 7231 	7209 	11199
f 11214 	11108 	11095
f 2511 	11142 	11215
f 11216 	11103 	11102
f 7341 	7231 	11193
f 11176 	11095 	11179
f 11164 	11092 	11098
f 2511 	2454 	11142
f 11215 	11142 	11145
f 11170 	11164 	11098
f 11215 	11145 	200
f 11304 	11221 	11139
f 11198 	11219 	11207
f 11105 	11202 	11098
f 11213 	11219 	11198
f 11218 	11216 	11222
f 11220 	11222 	11216
f 11181 	11218 	11184
f 11222 	11184 	11218
f 11221 	11141 	11139
f 11225 	11141 	11221
f 11220 	11224 	11222
f 11217 	7341 	11193
f 7340 	7341 	11217
f 11223 	11224 	11220
f 11222 	11224 	11226
f 11143 	11228 	11153
f 11143 	11225 	11228
f 11194 	11153 	11228
f 11184 	11222 	11226
f 11221 	11304 	11314
f 11170 	11098 	11202
f 11225 	11221 	11232
f 11314 	11232 	11221
f 11274 	11224 	11271
f 11230 	11233 	11531
f 11403 	11194 	11228
f 11203 	11117 	11042
f 11242 	7458 	11227
f 11102 	11100 	11235
f 7422 	11230 	11227
f 11102 	11235 	11216
f 11207 	11219 	11229
f 7458 	7422 	11227
f 11236 	11237 	11235
f 11236 	11235 	11234
f 11207 	11229 	11231
f 11233 	11230 	7423
f 11235 	11220 	11216
f 11235 	11237 	11220
f 11237 	11236 	11240
f 11238 	11240 	11236
f 1549 	10726 	10768
f 7423 	7340 	11233
f 10276 	10350 	11239
f 11117 	11203 	11202
f 11237 	11240 	11220
f 11223 	11220 	11240
f 11233 	7340 	11217
f 11241 	10196 	10193
f 1549 	10768 	10766
f 10193 	11239 	11241
f 10726 	1549 	10729
f 1549 	10737 	10735
f 11243 	11119 	832
f 11119 	824 	832
f 10402 	10692 	11245
f 11244 	11209 	10075
f 11243 	11246 	11119
f 10555 	10402 	11245
f 7456 	11242 	12932
f 11244 	10060 	10066
f 11245 	11248 	10555
f 11249 	11243 	837
f 832 	837 	11243
f 7456 	7458 	11242
f 10692 	10701 	11245
f 11243 	11249 	11250
f 11241 	11260 	11263
f 11244 	10075 	10060
f 12116 	11170 	11202
f 11249 	11254 	11259
f 11133 	11241 	11263
f 11249 	11259 	11250
f 11243 	11250 	11246
f 11277 	4872 	11276
f 11250 	11253 	11247
f 11250 	11247 	11246
f 10558 	11251 	10564
f 11277 	11281 	4872
f 11253 	11236 	11234
f 11253 	11234 	11247
f 11252 	10350 	10344
f 837 	845 	11254
f 6646 	9428 	11316
f 11248 	11251 	10558
f 11251 	11257 	10564
f 11229 	11256 	11231
f 10344 	10390 	11252
f 11296 	11251 	11248
f 11219 	11213 	11344
f 11252 	11258 	10350
f 837 	11254 	11249
f 11307 	11344 	11213
f 10564 	11257 	10566
f 5700 	9273 	10032
f 11209 	11307 	11213
f 10350 	11258 	11239
f 11239 	11260 	11241
f 11250 	11261 	11253
f 1549 	10744 	10737
f 11361 	11229 	11219
f 11259 	11261 	11250
f 1549 	10735 	10729
f 4839 	4835 	11267
f 11361 	11366 	11229
f 11253 	11261 	11238
f 11063 	11268 	11255
f 1549 	10746 	10744
f 11258 	11260 	11239
f 1549 	10705 	10746
f 11253 	11238 	11236
f 1549 	10708 	10705
f 10656 	5968 	5932
f 11264 	11255 	11295
f 1549 	10714 	10708
f 845 	11358 	11254
f 1549 	10717 	10714
f 11264 	11292 	11262
f 1549 	11197 	10717
f 1549 	11201 	11197
f 11256 	11347 	11266
f 1549 	11206 	11201
f 11366 	11347 	11256
f 1549 	11211 	11206
f 11366 	11256 	11229
f 11259 	11367 	11261
f 1549 	11158 	11160
f 11265 	11267 	4835
f 1549 	11160 	11211
f 1549 	11169 	11158
f 1549 	11178 	11175
f 11265 	4835 	4830
f 1549 	11175 	11169
f 11258 	11282 	11306
f 11223 	11271 	11224
f 11272 	11267 	11357
f 11260 	11258 	11306
f 11275 	11226 	11224
f 11262 	11203 	11042
f 11263 	11260 	11309
f 4825 	11272 	11189
f 11275 	11224 	11274
f 11721 	11128 	11140
f 11226 	11275 	11204
f 11350 	11270 	11347
f 11255 	11264 	11045
f 11275 	11212 	11204
f 11275 	11284 	11212
f 11255 	11045 	11063
f 11226 	11204 	11190
f 11464 	10816 	10824
f 11262 	11042 	11044
f 10390 	11279 	11252
f 11477 	10824 	10830
f 11262 	11044 	11264
f 11269 	11305 	11271
f 6502 	11316 	11323
f 10390 	11278 	11279
f 11279 	11282 	11252
f 11284 	11275 	11274
f 11252 	11282 	11258
f 11411 	11281 	11277
f 11274 	11329 	11284
f 11411 	11283 	11281
f 10089 	11302 	10062
f 11285 	10066 	10062
f 5935 	5708 	10305
f 10401 	11286 	11278
f 11329 	11290 	11284
f 11286 	11291 	11278
f 10619 	10566 	11352
f 11329 	11288 	11290
f 11315 	11307 	11209
f 11284 	11290 	11293
f 11244 	10066 	11312
f 11285 	11312 	10066
f 11291 	11279 	11278
f 10701 	11294 	11245
f 10701 	11317 	11294
f 11284 	11293 	11212
f 11459 	11285 	11302
f 11245 	11294 	11248
f 9429 	5696 	9384
f 11294 	11296 	11248
f 11257 	11251 	11298
f 10089 	11299 	11302
f 11296 	11298 	11251
f 11293 	9899 	9684
f 11287 	4892 	11283
f 11291 	11552 	11353
f 11285 	10062 	11302
f 11133 	11304 	11139
f 9384 	11395 	11316
f 11133 	11263 	11304
f 10704 	11317 	10701
f 11297 	11295 	11255
f 11294 	11319 	11296
f 11327 	6517 	6511
f 11317 	11319 	11294
f 11260 	11306 	11309
f 11292 	11264 	11295
f 11304 	11263 	11310
f 11324 	11298 	11296
f 11289 	11262 	11292
f 11343 	4919 	4914
f 11262 	11289 	11203
f 11309 	11310 	11263
f 11304 	11310 	11314
f 11312 	11315 	11244
f 11297 	11268 	11301
f 4925 	11308 	11313
f 11255 	11268 	11297
f 11301 	11268 	5395
f 5318 	5395 	11268
f 11721 	11140 	11178
f 11311 	11323 	11316
f 11306 	11321 	11309
f 11319 	11324 	11296
f 11319 	11338 	11324
f 11305 	11269 	11303
f 11285 	11492 	11312
f 11335 	11338 	11319
f 11309 	11321 	11326
f 11455 	8333 	11903
f 11298 	11324 	11328
f 10830 	11425 	11477
f 11329 	11274 	11271
f 11309 	11326 	11310
f 6511 	11323 	11327
f 11271 	11305 	11329
f 11315 	11209 	11244
f 11312 	11491 	11315
f 11332 	11317 	10704
f 4898 	11322 	11330
f 11333 	11330 	11594
f 11445 	10803 	10805
f 11303 	11331 	11334
f 10704 	10711 	11332
f 11332 	11335 	11317
f 11514 	10903 	10888
f 11327 	11163 	6517
f 11303 	11334 	11305
f 11333 	11594 	11601
f 11305 	11288 	11329
f 11333 	4904 	11330
f 11317 	11335 	11319
f 11305 	11334 	11288
f 11491 	11495 	11315
f 10765 	11328 	11324
f 11330 	4904 	4898
f 11336 	2817 	2689
f 11340 	11282 	11279
f 11324 	11338 	10765
f 10003 	10098 	11300
f 11291 	11340 	11279
f 11375 	11325 	11341
f 11410 	11413 	11331
f 10098 	11458 	11300
f 11282 	11340 	11342
f 10765 	10795 	11328
f 11276 	11333 	11601
f 10962 	10765 	11338
f 11325 	11297 	11341
f 11276 	4865 	11333
f 11269 	11240 	11238
f 11282 	11342 	11306
f 11269 	11238 	11370
f 10941 	11332 	10711
f 11342 	11321 	11306
f 11223 	11240 	11271
f 11336 	11345 	11339
f 11240 	11269 	11271
f 11291 	11353 	11340
f 10944 	11335 	11332
f 11308 	11343 	11690
f 2689 	11345 	11336
f 11339 	11345 	11348
f 11303 	11269 	11370
f 11335 	10959 	11338
f 11291 	11286 	11552
f 10959 	10962 	11338
f 10566 	11257 	11352
f 11339 	11348 	11311
f 11349 	11265 	11418
f 11323 	11311 	11348
f 11373 	11350 	11347
f 11267 	11265 	11349
f 10622 	10619 	11355
f 11320 	11295 	11325
f 2689 	11354 	11345
f 11292 	11295 	11320
f 10619 	11352 	11355
f 11356 	11342 	11340
f 2689 	2699 	11354
f 11295 	11297 	11325
f 11355 	11359 	10622
f 11345 	11354 	11360
f 11353 	11356 	11340
f 11341 	11301 	11346
f 11219 	11344 	11361
f 11357 	11267 	11349
f 11341 	11297 	11301
f 11355 	11382 	11359
f 11301 	5395 	11346
f 11363 	11254 	11358
f 11345 	11360 	11348
f 11358 	11387 	11363
f 11358 	11385 	11387
f 11360 	11327 	11348
f 11363 	11259 	11254
f 11496 	11321 	11342
f 11360 	11163 	11327
f 11367 	11259 	11363
f 11362 	11272 	11357
f 11364 	10781 	10633
f 11348 	11327 	11323
f 11362 	11394 	11199
f 11199 	11189 	11362
f 11354 	2699 	11369
f 11261 	11370 	11238
f 11362 	11189 	11272
f 11261 	11367 	11370
f 11354 	11372 	11360
f 11257 	11298 	11374
f 11354 	11369 	11372
f 11374 	11352 	11257
f 11385 	11358 	856
f 11374 	11376 	11352
f 11163 	11360 	11372
f 11328 	11374 	11298
f 11365 	11377 	11368
f 11365 	11375 	11377
f 11368 	11378 	11371
f 11369 	2705 	11180
f 11368 	11377 	11378
f 11369 	11180 	11185
f 11355 	11352 	11376
f 11376 	11382 	11355
f 11369 	11185 	11372
f 11620 	11628 	11373
f 11383 	11205 	11200
f 11200 	11380 	11383
f 11377 	11375 	11341
f 11385 	856 	869
f 11382 	10782 	11359
f 11377 	11341 	11346
f 11379 	11386 	11381
f 11382 	10810 	10782
f 11380 	11391 	11383
f 11377 	11346 	11378
f 11384 	11386 	11379
f 11381 	11357 	11349
f 5528 	9384 	5696
f 11367 	11363 	11389
f 11386 	11357 	11381
f 9429 	9273 	5696
f 10782 	11364 	11359
f 10782 	10783 	11364
f 11363 	11387 	11389
f 5700 	10032 	10305
f 11364 	10783 	10781
f 11367 	11389 	11392
f 5700 	5696 	9273
f 11393 	11383 	11391
f 11399 	11376 	11374
f 11390 	11394 	11384
f 11383 	11396 	8698
f 11367 	11392 	11370
f 11383 	11393 	11396
f 11392 	11303 	11370
f 11472 	11344 	11307
f 869 	886 	11397
f 11396 	8710 	8698
f 11495 	11472 	11307
f 11384 	11394 	11386
f 11397 	11385 	869
f 11394 	11362 	11386
f 11385 	11398 	11387
f 11385 	11397 	11398
f 11328 	11399 	11374
f 11376 	10791 	11382
f 11400 	11389 	11387
f 11399 	10791 	11376
f 11386 	11362 	11357
f 11382 	10791 	10810
f 11387 	11398 	11400
f 11396 	8713 	8710
f 11389 	11400 	11351
f 11344 	11505 	11361
f 11388 	11366 	11361
f 10795 	11399 	11328
f 10795 	10799 	11399
f 11399 	10799 	10791
f 11401 	11228 	11225
f 11389 	11351 	11392
f 11394 	11390 	11193
f 11638 	475 	10987
f 11392 	11331 	11303
f 11199 	11394 	11193
f 11232 	11401 	11225
f 11392 	11351 	11331
f 11401 	11403 	11228
f 10941 	10944 	11332
f 11280 	11273 	11438
f 11276 	11601 	11402
f 10959 	11335 	10944
f 11266 	11347 	11270
f 11403 	11380 	11194
f 11406 	10647 	11405
f 11407 	11232 	11314
f 11638 	10987 	10990
f 11400 	11560 	11351
f 10648 	11408 	10653
f 11402 	11277 	11276
f 11232 	11407 	11409
f 11402 	11404 	11277
f 11406 	11408 	10648
f 10653 	11408 	11427
f 11411 	11277 	11404
f 11639 	10990 	11651
f 10998 	11651 	10990
f 11417 	11420 	11408
f 11005 	11663 	10998
f 11401 	11232 	11409
f 11413 	11334 	11331
f 11408 	11420 	11427
f 11401 	11414 	11403
f 10843 	10653 	11427
f 6157 	6343 	10647
f 11334 	11413 	11415
f 11409 	11414 	11401
f 11681 	11089 	11118
f 11412 	11283 	11411
f 11405 	11416 	11406
f 11403 	11414 	11391
f 11406 	11417 	11408
f 11288 	11334 	11415
f 11416 	11417 	11406
f 11403 	11391 	11380
f 11288 	11419 	11290
f 11412 	11287 	11283
f 11288 	11415 	11419
f 11412 	11418 	11287
f 9965 	11290 	11419
f 11443 	5528 	11442
f 11416 	8225 	11417
f 11409 	11474 	11414
f 11437 	11349 	11418
f 8223 	8225 	11416
f 9965 	11293 	11290
f 11417 	8227 	11420
f 9965 	9899 	11293
f 11265 	11287 	11418
f 8225 	8227 	11417
f 11445 	11434 	10803
f 10797 	10803 	11434
f 11422 	11409 	11407
f 11577 	11423 	11410
f 11413 	11410 	11423
f 11413 	11423 	11426
f 11474 	11409 	11422
f 11430 	5528 	11429
f 11413 	11426 	11415
f 11425 	10797 	11434
f 11350 	11433 	11270
f 11431 	10843 	11427
f 11414 	11444 	11391
f 11435 	11421 	11483
f 11414 	11474 	11444
f 11421 	11437 	11424
f 11433 	11273 	11270
f 11432 	11430 	11429
f 11435 	11437 	11421
f 11437 	11418 	11424
f 11449 	11393 	11447
f 11396 	11393 	11449
f 11433 	11438 	11273
f 11427 	11420 	11439
f 11449 	8713 	11396
f 11420 	8228 	11439
f 11424 	11418 	11412
f 11427 	11439 	11431
f 11507 	11508 	11429
f 11431 	11440 	11436
f 11455 	11453 	8333
f 9384 	5528 	11443
f 11441 	11442 	5528
f 11440 	11431 	11439
f 11381 	11437 	11435
f 11430 	11441 	5528
f 11440 	11446 	11436
f 11379 	11381 	11435
f 11391 	11447 	11393
f 11381 	11349 	11437
f 11445 	11919 	11434
f 11432 	11395 	11441
f 11442 	11441 	11395
f 11391 	11444 	11447
f 11436 	11446 	11465
f 11430 	11432 	11441
f 11419 	11415 	11451
f 10097 	9846 	11036
f 11415 	11426 	11451
f 11036 	11037 	10097
f 11419 	11451 	9967
f 11446 	11450 	11465
f 11448 	11461 	11452
f 10805 	11453 	11445
f 10098 	10097 	11037
f 11450 	8357 	11468
f 11299 	11300 	11454
f 11482 	11456 	11444
f 11451 	9995 	9967
f 11419 	9967 	9965
f 11458 	11454 	11300
f 11440 	11439 	8230
f 11447 	11444 	11456
f 8228 	8230 	11439
f 11447 	11456 	11460
f 11440 	8230 	8334
f 11443 	11442 	11395
f 11440 	8334 	11446
f 11446 	8336 	11450
f 11455 	11919 	11445
f 11447 	11460 	11449
f 11462 	11459 	11302
f 11449 	11460 	8714
f 11457 	11461 	11448
f 8303 	8357 	11450
f 11461 	11404 	11452
f 11315 	11495 	11307
f 8336 	8303 	11450
f 11453 	11455 	11445
f 11470 	11463 	11461
f 11451 	9992 	9995
f 11404 	11461 	11411
f 11463 	11411 	11461
f 11465 	10850 	11436
f 11463 	11412 	11411
f 10852 	11468 	10927
f 11424 	11412 	11463
f 11465 	11468 	10852
f 11452 	11404 	11402
f 11470 	11461 	11457
f 10927 	11468 	11469
f 11464 	10824 	11471
f 11460 	11456 	612
f 11471 	11473 	11464
f 11395 	9384 	11443
f 11465 	11450 	11468
f 11421 	11424 	11470
f 11464 	11473 	11466
f 11463 	11470 	11424
f 11473 	12004 	11466
f 11432 	11311 	11316
f 11316 	11395 	11432
f 11468 	8357 	11469
f 11388 	11361 	11505
f 11469 	8359 	11487
f 10824 	11477 	11471
f 11469 	8357 	8359
f 11473 	11471 	11478
f 1536 	1534 	11895
f 11477 	11478 	11471
f 11474 	11422 	11480
f 8359 	8364 	11487
f 11479 	11457 	11475
f 2864 	2884 	5528
f 11480 	11422 	11476
f 11457 	11479 	11470
f 11481 	11470 	11479
f 11474 	11480 	11482
f 11895 	11947 	1536
f 11421 	11470 	11481
f 11425 	11428 	11477
f 11475 	11457 	11448
f 11477 	11428 	11478
f 11474 	11482 	11444
f 10847 	10843 	11431
f 11620 	11548 	11635
f 11431 	11436 	10847
f 11483 	11421 	11481
f 10850 	10847 	11436
f 11498 	11486 	10861
f 10851 	10861 	11486
f 11344 	11472 	11505
f 10852 	10850 	11465
f 11498 	10861 	11464
f 10816 	11464 	10861
f 11484 	11435 	11483
f 2884 	11499 	5528
f 611 	11456 	11482
f 11485 	11314 	11310
f 11310 	11326 	11485
f 11487 	10879 	10875
f 11314 	11485 	11407
f 11469 	11487 	10875
f 13450 	1934 	13467
f 11506 	5528 	11502
f 13467 	1935 	1953
f 11484 	11379 	11435
f 11487 	11490 	10879
f 11492 	11491 	11312
f 11488 	11379 	11484
f 11490 	11494 	10883
f 11510 	11407 	11485
f 11356 	11496 	11342
f 11494 	11490 	8368
f 11429 	5528 	11507
f 11527 	11384 	11488
f 5528 	11506 	11507
f 10883 	11494 	10886
f 11497 	11326 	11321
f 11494 	8398 	10886
f 11488 	11384 	11379
f 11502 	5528 	11501
f 11486 	11500 	11489
f 11501 	11499 	11503
f 8368 	8370 	11494
f 11497 	11321 	11496
f 11486 	11498 	11500
f 11499 	11501 	5528
f 11494 	8370 	8398
f 11497 	11504 	11326
f 11503 	11502 	11501
f 11217 	11390 	11534
f 11373 	11347 	11548
f 11217 	11193 	11390
f 8398 	8416 	10890
f 11504 	11485 	11326
f 11506 	11508 	11507
f 11510 	11485 	11504
f 11521 	11504 	11497
f 11506 	11502 	11503
f 11506 	11503 	11508
f 11498 	11466 	11500
f 11464 	11466 	11498
f 11422 	11407 	11510
f 11487 	8364 	11490
f 11500 	11466 	12028
f 11353 	11512 	11356
f 11432 	11429 	11508
f 11490 	8364 	8368
f 11496 	11356 	11513
f 10888 	10851 	11486
f 11522 	11527 	11511
f 11488 	11511 	11527
f 11356 	11512 	11513
f 11515 	9868 	9860
f 11496 	11513 	11517
f 9860 	9901 	11515
f 9868 	11520 	8054
f 11515 	11520 	9868
f 11496 	11517 	11497
f 11486 	11489 	11514
f 8515 	8054 	11520
f 11514 	11489 	11516
f 11518 	11522 	11509
f 11497 	11517 	11521
f 9897 	9895 	11523
f 11510 	11504 	11532
f 11493 	11519 	11516
f 9897 	11523 	11525
f 9909 	11542 	11523
f 11503 	11499 	11336
f 11526 	11472 	11495
f 11511 	11509 	11522
f 11510 	11532 	11476
f 11531 	11522 	11518
f 11510 	11476 	11422
f 11336 	11339 	11503
f 9901 	11528 	11515
f 11503 	11339 	11508
f 11432 	11508 	11311
f 11515 	11528 	11529
f 11508 	11339 	11311
f 5700 	10305 	5708
f 11514 	10888 	11486
f 10313 	5935 	10305
f 10313 	5932 	5935
f 11515 	11529 	11520
f 11520 	8526 	8515
f 11520 	11529 	8526
f 11530 	11518 	12987
f 10313 	10656 	5932
f 11493 	11516 	11489
f 11530 	11531 	11518
f 10780 	189 	214
f 5968 	10780 	214
f 11613 	11495 	11491
f 11522 	11534 	11527
f 11521 	11532 	11504
f 11531 	11534 	11522
f 3460 	1781 	1771
f 11285 	11459 	11492
f 11527 	11390 	11384
f 11534 	11390 	11527
f 11537 	11492 	11459
f 11773 	11532 	11521
f 12158 	8195 	8190
f 11227 	11230 	11530
f 11529 	8546 	8526
f 11230 	11531 	11530
f 11531 	11233 	11534
f 11540 	9909 	9978
f 11541 	10401 	10397
f 11606 	11459 	11462
f 10903 	11514 	11533
f 10397 	10779 	11541
f 11542 	9909 	11540
f 11541 	11286 	10401
f 3479 	1781 	3460
f 11534 	11233 	11217
f 11543 	11525 	11523
f 11523 	11542 	11543
f 11551 	11286 	11541
f 11545 	11528 	11525
f 11533 	11516 	11535
f 11530 	12987 	11544
f 11525 	11543 	11545
f 11514 	11516 	11533
f 11516 	11519 	11535
f 11545 	11559 	11528
f 10779 	10887 	11546
f 11227 	11530 	11544
f 11536 	11535 	11519
f 11242 	11227 	11544
f 11540 	11547 	11542
f 11546 	11541 	10779
f 11519 	11524 	11536
f 11423 	11467 	11550
f 11388 	11635 	11548
f 11524 	11538 	11536
f 11551 	11541 	11546
f 11542 	11547 	11566
f 11347 	11366 	11548
f 11423 	11550 	11426
f 11426 	9992 	11451
f 11552 	11286 	11551
f 11426 	11550 	9992
f 11566 	11543 	11542
f 11553 	11479 	11549
f 11475 	11549 	11479
f 11467 	10008 	11550
f 11553 	11555 	11479
f 11481 	11479 	11555
f 10010 	9992 	11550
f 11550 	10008 	10010
f 11555 	11556 	11481
f 11483 	11481 	11556
f 4936 	4937 	7284
f 7285 	4936 	7284
f 8432 	8428 	10903
f 10903 	11533 	8432
f 4788 	4936 	7288
f 11299 	11454 	11462
f 11557 	11484 	11556
f 11560 	11400 	11558
f 11561 	11546 	10887
f 11351 	11560 	11410
f 10887 	11554 	11561
f 4788 	7288 	7289
f 11557 	11488 	11484
f 11560 	11577 	11410
f 11546 	11561 	11562
f 11556 	11484 	11483
f 11351 	11410 	11331
f 8432 	11536 	11538
f 11299 	11462 	11302
f 11528 	11559 	11529
f 11511 	11488 	11557
f 11546 	11562 	11551
f 11559 	8546 	11529
f 11551 	11562 	11567
f 11366 	11388 	11548
f 11538 	11539 	8432
f 11565 	11609 	11610
f 11565 	11610 	11568
f 11566 	11571 	11543
f 11551 	11567 	11552
f 1762 	1755 	3505
f 11558 	11568 	11575
f 11552 	11574 	11353
f 11543 	11571 	11545
f 11552 	11567 	11574
f 11067 	11606 	11462
f 11512 	11353 	11574
f 11559 	11545 	11576
f 11571 	11576 	11545
f 11558 	11575 	11560
f 11559 	8557 	8546
f 11577 	11560 	11575
f 11492 	11537 	11611
f 11576 	8557 	11559
f 11569 	11553 	11549
f 11561 	11554 	11890
f 11492 	11611 	11491
f 11578 	11553 	11569
f 11583 	11566 	11547
f 5044 	1332 	1333
f 11553 	11578 	11555
f 11579 	11555 	11578
f 13016 	11580 	11579
f 11609 	11565 	11563
f 11580 	11556 	11579
f 11913 	11915 	11562
f 11589 	11576 	11571
f 11576 	11589 	11595
f 11562 	11915 	11567
f 11579 	11556 	11555
f 11595 	8557 	11576
f 11580 	13016 	11581
f 13016 	13017 	11581
f 11580 	11557 	11556
f 11577 	11467 	11423
f 11581 	11557 	11580
f 11547 	11582 	11583
f 11454 	11067 	11462
f 11581 	11511 	11557
f 11591 	11588 	11029
f 11585 	11571 	11566
f 11509 	11511 	11581
f 11584 	11467 	11577
f 11585 	11566 	11583
f 11571 	11585 	11589
f 10792 	11029 	11588
f 11548 	11620 	11373
f 11591 	11590 	11592
f 3520 	3615 	1939
f 11037 	11061 	11458
f 11592 	10857 	11591
f 11594 	11330 	11586
f 5018 	5745 	1331
f 11037 	11458 	10098
f 8576 	8557 	11595
f 11586 	11330 	11322
f 11467 	11584 	11599
f 11584 	11596 	11599
f 11601 	11594 	11629
f 1939 	1762 	3520
f 10008 	11467 	11599
f 11597 	11438 	11433
f 11636 	11601 	11629
f 11582 	11600 	11583
f 11583 	11600 	11602
f 1326 	1327 	5730
f 11350 	11373 	11603
f 1327 	1328 	5735
f 11373 	11628 	11603
f 11614 	11659 	11587
f 11433 	11603 	11597
f 11636 	11402 	11601
f 11583 	11602 	11585
f 11585 	11602 	11615
f 11350 	11603 	11433
f 11593 	11664 	11596
f 11598 	11604 	10892
f 11662 	11664 	11593
f 11454 	11458 	11038
f 11598 	11616 	11604
f 11536 	8432 	11535
f 10892 	11604 	10893
f 11606 	11537 	11459
f 11535 	8432 	11533
f 11889 	11554 	10893
f 11599 	10317 	10008
f 11564 	8432 	11539
f 946 	912 	11563
f 11604 	11889 	10893
f 11589 	11585 	11615
f 912 	11609 	11563
f 11570 	8432 	11564
f 11595 	11589 	11618
f 11590 	11608 	11592
f 11572 	8432 	11570
f 11573 	8432 	11572
f 11067 	11144 	11606
f 11595 	8588 	8576
f 12870 	8432 	11573
f 11595 	11618 	8588
f 12872 	8432 	12870
f 11068 	11537 	11606
f 11144 	11068 	11606
f 11608 	11631 	11592
f 12890 	8432 	12876
f 11612 	11575 	11568
f 11611 	11537 	11068
f 11598 	11592 	11631
f 12891 	8432 	12890
f 11568 	11610 	11612
f 11491 	11611 	11613
f 11577 	11575 	11584
f 12897 	8432 	12896
f 1330 	1329 	5745
f 11575 	11612 	11584
f 12896 	8432 	12892
f 11613 	11526 	11495
f 11609 	912 	11614
f 1328 	1330 	5735
f 5745 	5735 	1330
f 8432 	12897 	12901
f 11614 	912 	922
f 11617 	11388 	11505
f 10 	12954 	8432
f 11610 	11609 	11587
f 11619 	11617 	11505
f 11618 	11589 	11615
f 12901 	10 	8432
f 11609 	11614 	11587
f 11610 	11587 	11593
f 12954 	9710 	8432
f 11612 	11610 	11593
f 9710 	8439 	8432
f 11612 	11593 	11596
f 11612 	11596 	11584
f 11602 	11668 	11615
f 11615 	11673 	11618
f 11655 	11614 	922
f 11614 	11655 	11659
f 11603 	11640 	11597
f 475 	11337 	9635
f 11621 	11622 	11012
f 11019 	11012 	11622
f 11623 	11397 	886
f 11540 	9978 	10027
f 11029 	11033 	11622
f 11622 	11033 	11019
f 11623 	886 	937
f 11625 	10027 	10026
f 11626 	11397 	11623
f 10026 	10043 	11625
f 11608 	11590 	11029
f 11590 	11591 	11029
f 11029 	11622 	11650
f 11627 	11540 	10027
f 11625 	11627 	10027
f 11398 	11397 	11626
f 11624 	11629 	11605
f 11627 	11547 	11540
f 10037 	10051 	11633
f 11638 	10990 	11639
f 10037 	11633 	10043
f 11608 	11029 	11630
f 11608 	11630 	11631
f 11605 	11629 	11607
f 11633 	11634 	10043
f 11670 	11081 	11681
f 11629 	11594 	11607
f 11628 	11640 	11603
f 11637 	11627 	11625
f 9404 	898 	187
f 11582 	11547 	11627
f 11607 	11594 	11586
f 5511 	1323 	1322
f 10051 	11641 	11633
f 9635 	10987 	475
f 10043 	11634 	11625
f 898 	9404 	11337
f 11632 	11636 	11624
f 11637 	11625 	11634
f 11642 	367 	475
f 11631 	11616 	11598
f 11642 	475 	11638
f 11388 	11617 	11635
f 11624 	11636 	11629
f 1323 	5511 	1320
f 11650 	11630 	11029
f 1322 	1324 	5511
f 11627 	11637 	11582
f 5760 	1319 	1320
f 11448 	11632 	11675
f 5730 	5511 	1324
f 11630 	11650 	11631
f 11448 	11452 	11632
f 11634 	11633 	11643
f 11632 	11452 	11636
f 11620 	11173 	11628
f 1324 	1326 	5730
f 11633 	11641 	11643
f 11631 	11667 	11616
f 11636 	11452 	11402
f 11634 	11643 	11644
f 370 	367 	11642
f 11643 	11742 	11753
f 11643 	11753 	11644
f 11635 	11177 	11620
f 11634 	11644 	11637
f 11637 	11644 	11646
f 11645 	11308 	11690
f 11639 	370 	11642
f 11398 	11626 	11558
f 11637 	11646 	11582
f 11638 	11639 	11642
f 11646 	11600 	11582
f 11558 	11400 	11398
f 11649 	11622 	11657
f 11650 	11622 	11649
f 937 	11563 	11623
f 11648 	11313 	11645
f 11735 	11737 	10053
f 11565 	11626 	11623
f 10053 	11737 	11641
f 11623 	11563 	11565
f 11626 	11565 	11568
f 11649 	11631 	11650
f 11313 	11308 	11645
f 11643 	11641 	11742
f 11626 	11568 	11558
f 11641 	11737 	11742
f 1030 	11655 	922
f 11839 	11653 	11652
f 11526 	11619 	11472
f 11651 	11658 	11639
f 11651 	11665 	11658
f 11656 	11660 	11647
f 11655 	11669 	11672
f 11655 	11672 	11659
f 11639 	11658 	370
f 11619 	11505 	11472
f 11587 	11662 	11593
f 11587 	11659 	11662
f 11661 	11600 	11646
f 11653 	10933 	10934
f 11651 	10998 	11663
f 11660 	11648 	11647
f 11661 	11666 	11600
f 11648 	11318 	11313
f 11660 	11318 	11648
f 11653 	10934 	11652
f 11663 	11665 	11651
f 11596 	10349 	11599
f 11665 	529 	11658
f 11803 	11605 	11654
f 10934 	10943 	11652
f 11596 	11664 	10349
f 11666 	11602 	11600
f 11649 	11667 	11631
f 11654 	11607 	11656
f 10349 	10317 	11599
f 11605 	11607 	11654
f 11668 	11602 	11666
f 11660 	11656 	11586
f 11649 	11657 	11667
f 11666 	11685 	11668
f 11669 	11655 	1030
f 11666 	11680 	11685
f 11005 	11670 	11663
f 11607 	11586 	11656
f 11670 	11671 	11663
f 11660 	11322 	11318
f 1030 	1038 	11669
f 11586 	11322 	11660
f 11673 	11615 	11668
f 11668 	11686 	11673
f 11635 	11070 	11177
f 11665 	11663 	11671
f 11665 	11671 	573
f 10355 	11662 	11659
f 825 	573 	11671
f 11675 	11674 	11746
f 11657 	11622 	11677
f 11677 	11622 	11676
f 11665 	573 	529
f 10355 	11659 	11672
f 11662 	10355 	10357
f 11675 	11632 	11674
f 11671 	11670 	11682
f 8609 	11618 	11673
f 11681 	11682 	11670
f 11611 	11165 	11613
f 11632 	11624 	11674
f 11617 	11619 	11071
f 11671 	11682 	825
f 11475 	11675 	11754
f 11661 	11679 	11680
f 11168 	11071 	11619
f 11617 	11071 	11635
f 11475 	11448 	11675
f 11070 	11635 	11071
f 11680 	11666 	11661
f 3089 	11684 	3086
f 11628 	11173 	11174
f 11620 	11177 	11173
f 1026 	825 	11682
f 11686 	11668 	11685
f 3089 	11687 	11684
f 11657 	11677 	11667
f 11691 	11681 	11118
f 8624 	11673 	11686
f 11979 	11984 	11667
f 11640 	11628 	11174
f 11683 	11696 	11688
f 11694 	11696 	11683
f 11687 	3091 	11689
f 8624 	8609 	11673
f 9560 	11689 	3106
f 11168 	11619 	11526
f 11689 	9560 	9566
f 11680 	11704 	11685
f 11691 	11693 	11681
f 11067 	11454 	11038
f 11690 	11343 	11904
f 11693 	11682 	11681
f 11699 	11676 	11622
f 8642 	11686 	11707
f 11694 	11683 	11772
f 11686 	8642 	8624
f 11693 	1026 	11682
f 10994 	11815 	10993
f 11698 	11699 	11622
f 11695 	11931 	11692
f 11679 	11697 	11701
f 11696 	11645 	11688
f 11128 	11700 	11691
f 11118 	11128 	11691
f 11696 	11648 	11645
f 11691 	11700 	11703
f 11701 	11680 	11679
f 11688 	11645 	11690
f 11704 	11680 	11701
f 11691 	11703 	11693
f 11686 	11685 	11707
f 11693 	11708 	1026
f 11685 	11704 	11707
f 11703 	11708 	11693
f 1049 	1026 	11708
f 11706 	11705 	11738
f 11128 	11721 	11700
f 11697 	11711 	11701
f 11664 	11662 	10357
f 11709 	11647 	11694
f 11700 	11723 	11703
f 11697 	11710 	11711
f 11664 	10357 	10360
f 11701 	11711 	11715
f 11656 	11647 	11709
f 11723 	11724 	11703
f 11664 	10360 	10349
f 11703 	11724 	11708
f 10469 	11672 	11669
f 11647 	11696 	11694
f 11701 	11715 	11704
f 11696 	11647 	11648
f 11704 	11715 	11719
f 10471 	10355 	11672
f 11476 	11718 	11480
f 11672 	10469 	10471
f 11480 	11720 	11482
f 8068 	261 	130
f 11704 	11719 	11707
f 11480 	11718 	11720
f 7935 	10522 	47
f 11790 	11654 	11709
f 11707 	8651 	8642
f 47 	261 	7935
f 11716 	3126 	11722
f 11707 	11719 	8651
f 11720 	611 	11482
f 11654 	11656 	11709
f 11721 	11723 	11700
f 11725 	11726 	11722
f 11711 	11822 	11715
f 10994 	11713 	11815
f 10741 	10326 	11705
f 612 	11456 	611
f 11076 	11936 	11001
f 11728 	11827 	11732
f 11728 	11732 	11733
f 11728 	11733 	11725
f 11717 	11713 	10999
f 11719 	8664 	8651
f 10999 	11001 	11717
f 11727 	11231 	11734
f 11717 	11001 	11714
f 11777 	613 	11718
f 11728 	11869 	11827
f 11718 	613 	616
f 11692 	11869 	11728
f 11725 	11733 	11726
f 616 	11720 	11718
f 10326 	11734 	11705
f 11731 	11674 	11736
f 11720 	619 	611
f 11734 	11738 	11705
f 8599 	5604 	11740
f 11731 	11746 	11674
f 11720 	616 	619
f 11727 	10337 	11207
f 11735 	11748 	11737
f 11708 	11724 	11743
f 11207 	11231 	11727
f 11739 	8813 	11740
f 11708 	11743 	1049
f 11729 	11746 	11731
f 11743 	1172 	1049
f 11729 	11744 	11746
f 11749 	11747 	11730
f 11812 	8806 	11739
f 11745 	12285 	12283
f 11745 	12283 	11741
f 11721 	11762 	11723
f 11736 	11624 	11605
f 11674 	11624 	11736
f 11706 	11749 	11730
f 11724 	11723 	11766
f 11750 	12287 	11745
f 11738 	11749 	11706
f 8599 	11740 	8813
f 11724 	11767 	11743
f 11724 	11766 	11767
f 11745 	12287 	12285
f 11767 	11769 	11743
f 11744 	11751 	11754
f 11750 	3151 	11712
f 11747 	11755 	11939
f 11743 	11769 	1172
f 11756 	11646 	11644
f 11782 	11783 	5604
f 11750 	11712 	12293
f 12267 	12293 	11712
f 11644 	11753 	11756
f 11513 	11512 	11757
f 11661 	11646 	11756
f 11758 	11742 	11737
f 3058 	11695 	11692
f 11744 	11754 	11746
f 11760 	11721 	11178
f 11759 	11517 	11513
f 11737 	11748 	11758
f 11761 	11753 	11742
f 11513 	11757 	11759
f 11760 	11762 	11721
f 11746 	11754 	11675
f 11521 	11517 	11771
f 3058 	3070 	11695
f 11761 	11742 	11758
f 11753 	11761 	11763
f 11517 	11759 	11771
f 3070 	3077 	11702
f 11695 	3070 	11702
f 11751 	13055 	11569
f 11753 	11763 	11756
f 3077 	11678 	11702
f 11679 	11661 	11756
f 11751 	11569 	11549
f 11757 	11784 	11759
f 11766 	11723 	11762
f 11679 	11756 	11763
f 11757 	11765 	11784
f 11678 	3086 	11684
f 11751 	11549 	11754
f 11549 	11475 	11754
f 10337 	11198 	11207
f 11780 	11761 	11758
f 3091 	3106 	11689
f 11801 	11802 	5604
f 11740 	5604 	11739
f 11734 	11231 	11770
f 11750 	11745 	3145
f 11773 	11521 	11771
f 11231 	11256 	11770
f 11792 	1172 	11769
f 11532 	11773 	11777
f 11748 	11775 	11779
f 11256 	11266 	11770
f 3145 	3151 	11750
f 11799 	1175 	1173
f 11768 	11778 	11772
f 11768 	11776 	11778
f 11779 	11758 	11748
f 11694 	11772 	11778
f 11716 	11712 	3122
f 11532 	11777 	11476
f 11694 	11778 	11709
f 11777 	11718 	11476
f 11781 	11749 	11738
f 11783 	11801 	5604
f 11780 	11758 	11779
f 3122 	3126 	11716
f 11781 	11738 	11770
f 11761 	11780 	11785
f 11722 	3126 	3129
f 11781 	11787 	11749
f 11780 	11794 	11806
f 3129 	3131 	11722
f 11725 	11722 	3131
f 11761 	11785 	11763
f 11725 	3131 	11728
f 11784 	11788 	11759
f 11770 	11266 	11781
f 11776 	11786 	11790
f 11266 	11270 	11781
f 11775 	11791 	11779
f 8800 	11783 	11782
f 3131 	3135 	11728
f 11759 	11788 	11771
f 11775 	11789 	11791
f 11749 	11787 	11747
f 3135 	11692 	11728
f 11779 	11791 	11780
f 11794 	11780 	11791
f 1173 	1172 	11792
f 11790 	11778 	11776
f 11773 	11771 	11793
f 11780 	11806 	11785
f 11787 	11795 	11747
f 11796 	5998 	6434
f 11788 	11793 	11771
f 11709 	11778 	11790
f 11773 	11793 	11797
f 12296 	12297 	11796
f 11774 	11932 	11782
f 11792 	11799 	1173
f 11800 	1175 	11799
f 8800 	11782 	11932
f 11789 	11845 	11791
f 11773 	11797 	11777
f 11846 	11794 	11791
f 11802 	11807 	5604
f 11807 	11808 	5604
f 11770 	11738 	11734
f 11786 	11798 	11803
f 11800 	11804 	1196
f 613 	11777 	11797
f 11801 	8805 	11802
f 1196 	11804 	1257
f 11763 	11785 	11697
f 11795 	11755 	11747
f 11804 	1495 	1257
f 3824 	11796 	6434
f 11755 	11795 	11805
f 11697 	11679 	11763
f 11786 	11803 	11790
f 3824 	3142 	11796
f 8805 	11801 	8800
f 11654 	11790 	11803
f 11270 	11787 	11781
f 11785 	11710 	11697
f 11783 	8800 	11801
f 11785 	11806 	11710
f 11765 	11824 	11784
f 11273 	11787 	11270
f 11787 	11273 	11795
f 11710 	11806 	11848
f 11280 	11805 	11795
f 5604 	11812 	11739
f 11735 	10053 	10163
f 11273 	11280 	11795
f 11732 	8890 	11733
f 11807 	11802 	8805
f 11807 	8805 	8806
f 11755 	11805 	11764
f 10163 	10251 	11735
f 11818 	11731 	11798
f 10251 	10268 	11809
f 11764 	11805 	1542
f 754 	11793 	11788
f 11798 	11731 	11736
f 11809 	11735 	10251
f 11809 	11748 	11735
f 11733 	8890 	11726
f 8806 	11808 	11807
f 11841 	11652 	11752
f 11736 	11803 	11798
f 11812 	5604 	11808
f 11736 	11605 	11803
f 11809 	10268 	11810
f 11652 	10943 	11752
f 11809 	11775 	11748
f 11810 	11775 	11809
f 11702 	11678 	11917
f 8813 	11739 	8806
f 11808 	8806 	11812
f 10949 	10993 	11811
f 11816 	11789 	11810
f 11837 	11814 	11786
f 11811 	11752 	10949
f 11849 	11678 	11684
f 11810 	11789 	11775
f 11820 	11829 	5602
f 11776 	11837 	11786
f 10348 	11860 	10296
f 11813 	11861 	11816
f 11818 	11814 	11840
f 11815 	11713 	11872
f 11814 	11798 	11786
f 11863 	11873 	5604
f 11818 	11798 	11814
f 11797 	11793 	758
f 11710 	11821 	11711
f 11819 	11820 	11817
f 11930 	11931 	11695
f 11797 	758 	644
f 11711 	11821 	11822
f 11797 	644 	613
f 11818 	11729 	11731
f 11715 	11822 	11823
f 11811 	10993 	11815
f 11821 	11830 	11822
f 11822 	11833 	11835
f 11822 	11835 	11823
f 11715 	11823 	11719
f 11826 	11788 	11784
f 8664 	11719 	11823
f 11823 	11835 	8664
f 8668 	8664 	11835
f 11824 	11826 	11784
f 10943 	10949 	11752
f 5604 	5602 	11829
f 754 	11788 	11826
f 11843 	5604 	11842
f 11834 	11842 	5604
f 11829 	11834 	5604
f 11833 	11822 	11830
f 11826 	766 	754
f 8890 	11732 	11827
f 11834 	11829 	11885
f 11829 	11820 	11885
f 11825 	11837 	11828
f 11825 	11836 	11837
f 758 	11793 	754
f 11942 	11943 	11830
f 11828 	11776 	11768
f 11885 	11820 	11819
f 11828 	11837 	11776
f 11839 	11841 	11831
f 11843 	11862 	5604
f 11824 	11838 	11844
f 11885 	11842 	11834
f 11837 	11836 	11814
f 11652 	11841 	11839
f 11846 	11791 	11845
f 11844 	11826 	11824
f 11843 	11842 	11910
f 11840 	11814 	11836
f 11794 	11846 	11806
f 11847 	11806 	11846
f 11831 	11841 	11832
f 11806 	11847 	11848
f 11821 	11710 	11848
f 766 	11826 	11844
f 11846 	11845 	11852
f 11851 	11852 	11845
f 11752 	11865 	11841
f 11846 	11853 	11847
f 11846 	11852 	11853
f 11853 	11854 	11848
f 11853 	11848 	11847
f 11848 	11854 	11821
f 11830 	11821 	11854
f 7717 	11839 	11831
f 11855 	11849 	11684
f 11840 	11850 	11818
f 862 	11844 	11838
f 7717 	7732 	11839
f 11684 	11687 	11855
f 11850 	11729 	11818
f 11844 	862 	866
f 11760 	11178 	1869
f 1869 	11178 	1549
f 12045 	12196 	11856
f 1869 	11766 	11762
f 1869 	11762 	11760
f 11856 	11838 	12045
f 1869 	11767 	11766
f 11792 	11769 	1869
f 11838 	11856 	862
f 11830 	11854 	11942
f 11854 	11994 	11942
f 1869 	11799 	11792
f 11833 	11830 	11943
f 1869 	11769 	11767
f 11943 	11835 	11833
f 9281 	12180 	12190
f 862 	11856 	883
f 11858 	11855 	11687
f 1869 	11800 	11799
f 1869 	11804 	11800
f 11860 	11813 	10296
f 11689 	11858 	11687
f 11860 	11861 	11813
f 1869 	1495 	11804
f 11879 	11861 	11860
f 1869 	1496 	1495
f 1869 	1497 	1496
f 11774 	5604 	11873
f 1869 	1498 	1497
f 11857 	11864 	11859
f 11862 	11928 	11863
f 1869 	1511 	1498
f 11865 	11864 	11857
f 1869 	1513 	1511
f 1869 	1516 	1513
f 11864 	11872 	11859
f 1869 	1518 	1519
f 11689 	9566 	11858
f 8910 	9166 	11945
f 1869 	1594 	1518
f 1869 	1519 	1516
f 9566 	9522 	11858
f 11832 	11841 	11865
f 11862 	11863 	5604
f 1869 	1630 	1629
f 11843 	11910 	11862
f 11928 	11862 	11910
f 11871 	11869 	11692
f 10665 	11870 	11866
f 11832 	11865 	11857
f 1869 	1629 	1594
f 10665 	11868 	11870
f 11870 	11874 	11867
f 11870 	11867 	11866
f 11931 	11933 	11692
f 11874 	11875 	11867
f 11816 	11876 	11789
f 11861 	11876 	11816
f 11932 	11774 	11873
f 11877 	11870 	11868
f 11876 	11845 	11789
f 11878 	11428 	11425
f 11702 	11917 	11934
f 11425 	11434 	11878
f 11877 	11880 	11870
f 11881 	11428 	11878
f 10348 	11879 	11860
f 11870 	11880 	11874
f 11434 	11919 	11878
f 11811 	11864 	11865
f 11861 	11879 	11883
f 11883 	11884 	11876
f 11883 	11876 	11861
f 11864 	11811 	11815
f 11845 	11876 	11851
f 11884 	11851 	11876
f 11815 	11872 	11864
f 11871 	8529 	11869
f 11752 	11811 	11865
f 11891 	11868 	10731
f 10831 	10741 	11705
f 11869 	8529 	11827
f 10731 	10831 	11891
f 11889 	11890 	11554
f 11891 	11877 	11868
f 11904 	11343 	11907
f 11880 	11893 	11874
f 11343 	4914 	11907
f 11874 	11893 	11875
f 8890 	11827 	8529
f 11896 	11889 	11604
f 11878 	11921 	11881
f 11893 	11895 	11875
f 11604 	11616 	11896
f 11890 	11889 	11898
f 11896 	11898 	11889
f 11898 	11925 	11890
f 11887 	11924 	11888
f 11894 	11968 	11900
f 11875 	11895 	11886
f 8917 	8910 	11900
f 8045 	8333 	11453
f 11906 	11903 	8426
f 11905 	11906 	8426
f 10805 	8045 	11453
f 11896 	11946 	11898
f 11897 	11904 	11899
f 11455 	11903 	11919
f 12398 	11916 	8426
f 11902 	11904 	11897
f 11905 	11921 	11906
f 11903 	11906 	11919
f 11899 	11907 	11900
f 11911 	8426 	11914
f 11905 	8426 	11911
f 11947 	11893 	11908
f 11918 	8426 	11916
f 11904 	11907 	11899
f 11890 	11913 	11561
f 8924 	11900 	11907
f 11913 	11562 	11561
f 11901 	9522 	9524
f 11911 	11914 	11909
f 11893 	11947 	11895
f 11914 	8426 	11918
f 11914 	11918 	11909
f 11913 	11890 	11925
f 11916 	11912 	11918
f 11909 	11918 	11912
f 11912 	12398 	11941
f 11902 	11690 	11904
f 11916 	12398 	11912
f 11678 	11849 	11917
f 11705 	11706 	10831
f 11567 	11915 	11920
f 11891 	10831 	11706
f 11730 	11877 	11891
f 11915 	11997 	11920
f 11919 	11921 	11878
f 11921 	11922 	11881
f 11920 	11574 	11567
f 11919 	11906 	11921
f 11905 	11911 	11921
f 11706 	11730 	11891
f 11922 	11887 	11881
f 11855 	11858 	11901
f 11922 	11924 	11887
f 11888 	11927 	11892
f 11915 	11913 	11929
f 11924 	11927 	11888
f 11858 	9522 	11901
f 11927 	11960 	11892
f 11863 	11928 	11873
f 11932 	11873 	11928
f 11913 	11925 	11929
f 11871 	11692 	11933
f 11929 	11997 	11915
f 11934 	11992 	11695
f 11695 	11702 	11934
f 8694 	8668 	11835
f 11926 	11923 	11683
f 10356 	10450 	11879
f 11882 	12112 	8878
f 11923 	11772 	11683
f 11883 	11879 	12145
f 12144 	12145 	11879
f 12145 	11884 	11883
f 11683 	11688 	11926
f 8878 	11885 	11882
f 11922 	11921 	11909
f 11926 	11688 	11902
f 8880 	11910 	11885
f 11851 	11972 	11852
f 11909 	11921 	11911
f 11688 	11690 	11902
f 11933 	11931 	8455
f 11898 	11948 	11925
f 11852 	11973 	11853
f 11880 	11908 	11893
f 11994 	11854 	11853
f 11922 	11912 	11924
f 11948 	11953 	11925
f 11930 	8455 	11931
f 11939 	11908 	11880
f 11909 	11912 	11922
f 11941 	11924 	11912
f 12084 	12011 	11917
f 11925 	11953 	11929
f 11730 	11939 	11877
f 11927 	11924 	11941
f 11747 	11939 	11730
f 11943 	11944 	11835
f 11944 	8694 	11835
f 11939 	11880 	11877
f 11940 	11894 	11945
f 11980 	11849 	11855
f 11942 	11994 	11950
f 11975 	11946 	11896
f 11943 	11942 	11951
f 11950 	11951 	11942
f 11943 	11952 	11944
f 11943 	11951 	11952
f 11944 	8699 	8694
f 11980 	11855 	11901
f 11948 	11898 	11946
f 11910 	8880 	8882
f 11952 	8699 	11944
f 11910 	8882 	11928
f 8850 	11932 	11928
f 11755 	11908 	11939
f 12431 	12432 	8426
f 11950 	11955 	11957
f 11930 	11695 	11992
f 11908 	11764 	11947
f 11755 	11764 	11908
f 11934 	11917 	12076
f 11950 	11957 	11951
f 11959 	11948 	11946
f 11951 	11961 	11952
f 11978 	11966 	5602
f 11970 	11978 	5602
f 11963 	11817 	5602
f 11951 	11957 	11961
f 11948 	12030 	11953
f 11952 	8707 	8699
f 11952 	11961 	8707
f 11817 	11820 	5602
f 11959 	12030 	11948
f 12030 	12034 	11953
f 11819 	11817 	11964
f 11963 	11964 	11817
f 11965 	11006 	10870
f 11963 	11966 	11964
f 11949 	11968 	11938
f 11982 	10870 	10864
f 11927 	11969 	11960
f 11949 	11899 	11968
f 11958 	11092 	11164
f 11933 	8455 	11871
f 11941 	11969 	11927
f 11965 	11991 	11967
f 11965 	11985 	11991
f 11969 	11971 	11960
f 11851 	11884 	11972
f 11973 	11852 	11972
f 12096 	11622 	11621
f 11896 	11616 	11975
f 11972 	12151 	11976
f 11967 	11974 	12051
f 11960 	11971 	11962
f 11975 	11616 	11667
f 11972 	11976 	11973
f 11977 	11973 	11976
f 11979 	11677 	11676
f 11966 	11963 	5602
f 11676 	11699 	11979
f 11936 	11077 	11935
f 10864 	10866 	11982
f 11971 	11981 	11962
f 11076 	11077 	11936
f 11970 	12089 	12092
f 11979 	11667 	11677
f 12158 	12159 	11980
f 11978 	11970 	12092
f 11982 	11985 	10870
f 11091 	11937 	11137
f 11986 	11976 	12151
f 10866 	11866 	11982
f 11137 	11935 	11077
f 11982 	11867 	11985
f 11984 	11975 	11667
f 11976 	11986 	11987
f 11866 	11867 	11982
f 11937 	11935 	11137
f 11946 	11975 	11988
f 11984 	11988 	11975
f 10870 	11985 	11965
f 11976 	11987 	11977
f 11988 	11959 	11946
f 11954 	11937 	11091
f 11967 	11991 	11974
f 11990 	11974 	11991
f 11978 	12092 	11966
f 11966 	12092 	11964
f 11096 	11954 	11091
f 12092 	11882 	11964
f 11983 	12073 	12075
f 11714 	11001 	11936
f 11971 	11969 	12453
f 12075 	11986 	11983
f 11964 	11882 	11819
f 11989 	11992 	11934
f 12075 	12077 	11986
f 11934 	12076 	11989
f 11819 	11882 	11885
f 11954 	11096 	11958
f 11973 	11993 	11853
f 11993 	11994 	11853
f 12461 	12469 	11981
f 11910 	11842 	11885
f 11995 	11512 	11574
f 11574 	11920 	11995
f 11973 	11977 	11996
f 8455 	11930 	8464
f 11987 	12000 	11977
f 11995 	11757 	11512
f 11996 	11993 	11973
f 12039 	12040 	5630
f 12033 	12039 	5630
f 11994 	11993 	11999
f 11996 	11999 	11993
f 11867 	11998 	11985
f 11994 	11999 	11950
f 11996 	11977 	12000
f 12000 	11956 	11999
f 12000 	11999 	11996
f 11997 	12001 	11920
f 11999 	11955 	11950
f 11999 	11956 	11955
f 11938 	11968 	11940
f 8464 	11930 	11992
f 11894 	11940 	11968
f 11998 	11991 	11985
f 11991 	11998 	12006
f 11945 	11894 	8910
f 12001 	11995 	11920
f 11875 	11998 	11867
f 11995 	11765 	11757
f 11995 	12001 	11765
f 11998 	11886 	12006
f 11875 	11886 	11998
f 11991 	12006 	11990
f 11949 	11897 	11899
f 11992 	11989 	8464
f 11899 	11900 	11968
f 12007 	12009 	12032
f 12020 	11997 	11929
f 12076 	11917 	12011
f 11956 	12010 	12015
f 12001 	12027 	11765
f 12106 	11917 	11849
f 10963 	12017 	10896
f 12015 	11955 	11956
f 11473 	12081 	12004
f 11765 	12027 	11824
f 12019 	11957 	11955
f 11980 	12106 	11849
f 11953 	12020 	11929
f 12085 	12007 	12004
f 11955 	12015 	12019
f 11953 	12034 	12020
f 12003 	11714 	12002
f 12085 	12090 	12007
f 12022 	11961 	11957
f 12090 	12009 	12007
f 11717 	11714 	12003
f 12020 	12024 	11997
f 11957 	12019 	12022
f 11714 	11936 	12002
f 12021 	12026 	12013
f 8734 	11961 	12022
f 12003 	12162 	11717
f 11997 	12024 	12001
f 10963 	12025 	12017
f 12022 	8741 	8734
f 11713 	11717 	12162
f 8734 	8707 	11961
f 12026 	12016 	12013
f 12027 	12001 	12024
f 12023 	12025 	10963
f 11936 	11935 	12008
f 12025 	12029 	12017
f 12026 	11949 	12016
f 12025 	12031 	12029
f 12069 	5602 	12068
f 12002 	11936 	12008
f 12017 	12029 	12018
f 11897 	11949 	12026
f 11466 	12004 	12028
f 12040 	12049 	5630
f 12028 	12007 	12032
f 12016 	11949 	11938
f 12004 	12007 	12028
f 11935 	12014 	12008
f 12022 	12052 	8741
f 11935 	11937 	12014
f 12221 	12167 	12033
f 12049 	12050 	5630
f 12020 	12037 	12024
f 12035 	12041 	12021
f 12042 	12015 	12010
f 12166 	12170 	12033
f 12034 	12037 	12020
f 10977 	12044 	12023
f 12024 	12037 	12045
f 12010 	12038 	12042
f 12021 	12041 	12026
f 12015 	12042 	12046
f 12044 	12047 	12023
f 12024 	12045 	12027
f 11897 	12026 	12041
f 12027 	11838 	11824
f 11838 	12027 	12045
f 1888 	13392 	1887
f 12044 	12051 	12047
f 12050 	12056 	5630
f 12056 	12055 	5630
f 12015 	12046 	12019
f 12019 	12046 	12052
f 12055 	12057 	5602
f 12023 	12047 	12025
f 12047 	12031 	12025
f 12046 	12059 	12064
f 12046 	12064 	12052
f 11965 	12053 	11006
f 12019 	12052 	12022
f 12050 	12049 	12173
f 11965 	11967 	12053
f 12035 	11926 	12041
f 12009 	12036 	12032
f 12035 	11923 	11926
f 12053 	10992 	11006
f 12009 	12012 	12036
f 12054 	12042 	12038
f 12041 	11926 	11902
f 5602 	5630 	12055
f 10992 	12053 	12044
f 11902 	11897 	12041
f 12036 	12012 	12043
f 12038 	12005 	12054
f 12057 	12068 	5602
f 12043 	12063 	12048
f 12042 	12054 	12059
f 12012 	12063 	12043
f 12053 	12051 	12044
f 12051 	12060 	12047
f 12173 	12080 	12050
f 11967 	12051 	12053
f 12051 	11974 	12060
f 11988 	12062 	11959
f 12046 	12042 	12059
f 12058 	11938 	12061
f 12058 	12016 	11938
f 12290 	12059 	12054
f 12062 	12183 	11959
f 12047 	12060 	12031
f 12052 	8744 	8741
f 12057 	12055 	12080
f 12052 	12064 	8744
f 12065 	12048 	12063
f 12056 	12080 	12055
f 12061 	11940 	12066
f 1885 	13159 	1886
f 12061 	11938 	11940
f 12178 	12065 	12063
f 11970 	5602 	12074
f 11622 	12096 	12099
f 12099 	11698 	11622
f 9187 	9289 	12218
f 11699 	11698 	12072
f 12070 	9187 	12218
f 12064 	12294 	8812
f 12082 	12068 	12057
f 8812 	8744 	12064
f 12069 	12068 	12082
f 12066 	11940 	11945
f 12066 	11945 	12070
f 12072 	11979 	11699
f 12069 	12074 	5602
f 12100 	12111 	11923
f 11987 	11986 	12077
f 12072 	12078 	11979
f 12100 	11923 	12035
f 12082 	12089 	12069
f 12079 	11987 	12077
f 8464 	11989 	8153
f 12067 	12235 	12071
f 11923 	12111 	11772
f 12011 	8153 	12076
f 12076 	8153 	11989
f 12072 	12122 	12078
f 12081 	11473 	11478
f 11979 	12078 	11984
f 12078 	12086 	11984
f 12004 	12081 	12085
f 12089 	11970 	12074
f 12074 	12069 	12089
f 12086 	11988 	11984
f 12077 	12075 	12118
f 12087 	11954 	12097
f 12083 	12021 	12013
f 12086 	12062 	11988
f 12091 	12021 	12083
f 12079 	12123 	12038
f 11980 	11901 	12115
f 12095 	12081 	11478
f 12115 	12202 	11980
f 12014 	11937 	12087
f 11478 	11428 	12095
f 12093 	12100 	12088
f 12115 	11901 	9524
f 12095 	12102 	12081
f 11881 	12102 	12095
f 12094 	12101 	12103
f 12088 	12100 	12091
f 12085 	12081 	12102
f 12091 	12035 	12021
f 12117 	12072 	12096
f 12099 	12072 	11698
f 12011 	12084 	8153
f 12100 	12035 	12091
f 12096 	12072 	12099
f 12097 	11958 	12104
f 12107 	12108 	12106
f 10633 	10781 	12098
f 11917 	12106 	12108
f 12084 	11917 	12108
f 12106 	12110 	12107
f 12105 	12111 	12093
f 11164 	12109 	12104
f 12086 	12078 	12132
f 11881 	12095 	11428
f 12092 	12112 	11882
f 12105 	11768 	12111
f 11958 	11164 	12104
f 11887 	12102 	11881
f 12105 	11828 	11768
f 12093 	12111 	12100
f 11887 	11888 	12102
f 12073 	12113 	12075
f 12121 	11621 	12124
f 12117 	12096 	11621
f 12073 	12094 	12113
f 12118 	12075 	12113
f 12090 	12114 	12009
f 12117 	11621 	12121
f 12113 	12103 	12127
f 12113 	12127 	12118
f 12122 	12117 	12121
f 12128 	12135 	12114
f 12077 	12123 	12079
f 12114 	12135 	12120
f 12117 	12122 	12072
f 12115 	9524 	9459
f 12077 	12118 	12123
f 8878 	8880 	11885
f 12102 	12125 	12085
f 12111 	11768 	11772
f 12113 	12094 	12103
f 12085 	12125 	12090
f 12112 	8907 	8878
f 12128 	12114 	12090
f 12118 	12129 	12123
f 12122 	12132 	12078
f 12118 	12127 	12129
f 11954 	12087 	11937
f 12125 	12128 	12090
f 12121 	12124 	12122
f 12123 	12129 	12005
f 12139 	12147 	12122
f 12122 	12147 	12132
f 11954 	11958 	12097
f 12086 	12136 	12062
f 12137 	12080 	12133
f 12134 	12105 	12126
f 12132 	12136 	12086
f 12199 	12178 	12135
f 12080 	12137 	12082
f 12110 	8187 	12107
f 12108 	12107 	8187
f 12129 	12127 	12323
f 12102 	11888 	12125
f 12129 	12176 	12005
f 12089 	12082 	12138
f 11170 	12116 	12109
f 11888 	11892 	12125
f 11987 	12079 	12000
f 12137 	12138 	12082
f 12109 	11164 	11170
f 12125 	11892 	12128
f 12140 	12089 	12138
f 12139 	12122 	12124
f 12000 	12079 	12010
f 12141 	12135 	12128
f 12079 	12038 	12010
f 12010 	11956 	12000
f 11203 	11289 	12119
f 12142 	12124 	11621
f 12119 	12116 	11202
f 12141 	12128 	11892
f 12119 	11202 	11203
f 12089 	12140 	12092
f 12123 	12005 	12038
f 12140 	12112 	12092
f 12124 	12142 	12139
f 12144 	11879 	10450
f 11884 	12145 	12146
f 11972 	11884 	12146
f 12144 	10450 	12149
f 12130 	12291 	12133
f 10450 	10454 	12149
f 12145 	12144 	12150
f 12149 	12150 	12144
f 11872 	12162 	12143
f 12146 	12145 	12151
f 12150 	12151 	12145
f 12126 	12105 	12093
f 12143 	12162 	12148
f 12108 	8187 	12084
f 11972 	12146 	12151
f 12132 	12152 	12136
f 8153 	12084 	8187
f 10454 	10465 	12149
f 372 	12155 	12333
f 12147 	12152 	12132
f 12149 	12154 	12150
f 372 	374 	12155
f 12154 	12149 	12153
f 11825 	12134 	12131
f 12302 	12138 	12137
f 11983 	12150 	12154
f 12110 	12106 	12157
f 12105 	12134 	11828
f 12106 	11980 	12157
f 12159 	12157 	11980
f 12134 	11825 	11828
f 12140 	12138 	9014
f 12150 	11983 	12151
f 11859 	11872 	12143
f 12151 	11983 	11986
f 12142 	11621 	12161
f 12650 	12301 	10189
f 12140 	8897 	12112
f 8190 	12159 	12158
f 8897 	8907 	12112
f 12153 	10465 	10595
f 12161 	12139 	12142
f 12153 	10595 	12154
f 12165 	12154 	10595
f 12156 	12003 	12002
f 11983 	12154 	12073
f 12165 	12073 	12154
f 9567 	9570 	12163
f 12168 	12165 	10595
f 12169 	12160 	12164
f 12166 	12033 	12167
f 10595 	10614 	12168
f 12148 	12003 	12156
f 12168 	12094 	12165
f 12003 	12148 	12162
f 12039 	12033 	12170
f 12168 	12101 	12094
f 12164 	12163 	12171
f 11892 	11960 	12141
f 12171 	12163 	9570
f 12165 	12094 	12073
f 12158 	11980 	12202
f 9621 	12266 	9570
f 12166 	12193 	12198
f 12164 	12171 	12169
f 12098 	12168 	10614
f 12166 	12198 	12170
f 12115 	12200 	12202
f 10614 	10633 	12098
f 12014 	12087 	12224
f 12040 	12039 	12170
f 12098 	12101 	12168
f 12268 	12013 	12016
f 12170 	12173 	12040
f 12049 	12040 	12173
f 12114 	12012 	12009
f 12155 	12172 	12174
f 12012 	12114 	12120
f 12063 	12012 	12120
f 12005 	12176 	12179
f 12120 	12178 	12063
f 12056 	12050 	12080
f 12181 	12451 	12174
f 12179 	12054 	12005
f 12183 	12030 	11959
f 12034 	12030 	12185
f 12175 	12186 	12177
f 12082 	12057 	12080
f 12176 	12323 	12188
f 12181 	12187 	12475
f 12175 	12182 	12186
f 12120 	12135 	12178
f 12183 	12185 	12030
f 12176 	12191 	12179
f 12177 	12190 	12180
f 12185 	12192 	12034
f 12167 	12189 	12193
f 12176 	12188 	12191
f 12199 	12201 	12178
f 12157 	8190 	12110
f 12034 	12192 	12037
f 11872 	11713 	12162
f 12045 	12037 	12196
f 12179 	12191 	12194
f 12166 	12167 	12193
f 12197 	12290 	12194
f 8187 	12110 	8190
f 12196 	12037 	12192
f 12228 	12087 	12097
f 12159 	8190 	12157
f 12358 	12359 	8132
f 12170 	12130 	12173
f 12200 	12115 	9457
f 12198 	12130 	12170
f 374 	12172 	12155
f 12172 	12203 	12174
f 12213 	12183 	12062
f 12133 	12080 	12173
f 12135 	12141 	12205
f 12133 	12173 	12130
f 9459 	9457 	12115
f 12213 	12216 	12183
f 12188 	12259 	12191
f 12205 	12199 	12135
f 12183 	12216 	12185
f 12174 	12203 	12181
f 12205 	12207 	12199
f 12177 	12186 	12190
f 12181 	12208 	12187
f 12199 	12207 	12201
f 12193 	12276 	12198
f 12208 	12181 	12203
f 12208 	12210 	12187
f 12196 	12243 	11856
f 12207 	12209 	12201
f 12253 	12246 	5625
f 12187 	12210 	12195
f 12182 	12211 	12214
f 12248 	12221 	5630
f 12359 	12358 	12209
f 12200 	8195 	12202
f 12158 	12202 	8195
f 12351 	12362 	12209
f 12213 	12062 	12136
f 12182 	12214 	12186
f 12222 	12213 	12136
f 374 	12160 	12217
f 12218 	12190 	12186
f 12205 	12141 	11962
f 12186 	12214 	12218
f 12141 	11960 	11962
f 12204 	12219 	12206
f 374 	12217 	12172
f 9289 	9281 	12190
f 12220 	12203 	12172
f 12197 	8777 	8780
f 12221 	12033 	5630
f 9289 	12190 	12218
f 12197 	8780 	8823
f 12204 	12215 	12219
f 12219 	12224 	12206
f 12211 	12257 	12061
f 12213 	12225 	12216
f 12217 	12220 	12172
f 12213 	12222 	12225
f 12220 	12226 	12203
f 12209 	12207 	12351
f 12008 	12014 	12219
f 12211 	12061 	12066
f 12214 	12211 	12066
f 12220 	12245 	12226
f 12214 	12070 	12218
f 12214 	12066 	12070
f 12226 	12208 	12203
f 12520 	12210 	12230
f 12208 	12230 	12210
f 12231 	12067 	12065
f 12226 	12230 	12208
f 12178 	12231 	12065
f 12185 	12234 	12192
f 12067 	12231 	12235
f 12223 	12229 	12233
f 12002 	12215 	12156
f 12234 	12185 	12216
f 12160 	12236 	12217
f 12231 	12255 	12235
f 12192 	12234 	12239
f 12002 	12008 	12215
f 12215 	12008 	12219
f 12169 	12236 	12160
f 12236 	12242 	12217
f 12087 	12228 	12224
f 9457 	6712 	12200
f 8195 	12200 	6712
f 12192 	12239 	12196
f 12182 	12353 	12240
f 12071 	12235 	12241
f 12219 	12014 	12224
f 12196 	12239 	12243
f 12242 	12220 	12217
f 883 	11856 	12243
f 12246 	12248 	5625
f 5630 	5625 	12248
f 12378 	12410 	12233
f 12242 	12245 	12220
f 12410 	12238 	12233
f 12234 	12216 	12247
f 12245 	12249 	12250
f 12225 	12247 	12216
f 12167 	12221 	12189
f 12234 	12247 	12252
f 12246 	12189 	12248
f 12248 	12189 	12221
f 12178 	12201 	12231
f 11832 	12322 	11831
f 12201 	12255 	12231
f 12232 	12254 	12237
f 12256 	12184 	12223
f 12234 	12252 	12239
f 12255 	12201 	12209
f 12223 	12233 	12256
f 915 	12239 	12252
f 12232 	12251 	12254
f 12188 	12184 	12256
f 12253 	12260 	12246
f 12230 	12226 	12250
f 12245 	12250 	12226
f 12237 	12254 	12257
f 12255 	12258 	12235
f 12259 	12188 	12256
f 12237 	12257 	12240
f 12255 	12212 	12258
f 12239 	915 	12243
f 9695 	12249 	9638
f 12240 	12211 	12182
f 12322 	7854 	11831
f 12241 	12235 	12258
f 12191 	12262 	12194
f 12261 	12193 	12189
f 12243 	915 	893
f 12244 	12241 	12278
f 12348 	12263 	12264
f 12191 	12259 	12262
f 12240 	12257 	12211
f 12258 	12278 	12241
f 12197 	12194 	8777
f 12171 	9570 	12266
f 7887 	7847 	12263
f 12225 	12422 	12247
f 12263 	12320 	12264
f 12262 	8777 	12194
f 9621 	9625 	12266
f 12425 	12252 	12247
f 12251 	12265 	12268
f 12171 	12266 	12236
f 12171 	12236 	12169
f 12269 	12270 	11716
f 11712 	11716 	12270
f 12256 	12238 	12259
f 12209 	12212 	12255
f 1183 	12252 	12425
f 12256 	12233 	12238
f 12013 	12268 	12265
f 12270 	12267 	11712
f 12265 	12083 	12013
f 12259 	12238 	12273
f 12266 	9625 	12271
f 12238 	12415 	12273
f 12274 	12269 	11716
f 12136 	12152 	12222
f 12268 	12254 	12251
f 12189 	12260 	12261
f 9625 	9630 	12271
f 12275 	12274 	11722
f 11716 	11722 	12274
f 12259 	12273 	12262
f 12276 	12193 	12261
f 12254 	12058 	12257
f 11722 	11726 	12275
f 8790 	12262 	12273
f 12365 	8132 	12334
f 12277 	12279 	11741
f 12279 	11796 	11741
f 12261 	12356 	12276
f 12058 	12254 	12268
f 12266 	12271 	12242
f 12266 	12242 	12236
f 12257 	12058 	12061
f 12823 	12824 	8132
f 12271 	9630 	12281
f 12268 	12016 	12058
f 12283 	12277 	11741
f 9630 	9638 	12281
f 12282 	12130 	12198
f 12273 	8838 	8790
f 12286 	12287 	11750
f 12244 	12278 	12284
f 12273 	12415 	8838
f 11750 	12293 	12286
f 12198 	12276 	12282
f 12242 	12271 	12245
f 12281 	12245 	12271
f 1161 	12280 	12289
f 12291 	12130 	12282
f 12280 	12288 	12289
f 12249 	12281 	9638
f 12289 	1174 	1161
f 12290 	12054 	12179
f 12064 	12059 	12294
f 12059 	12290 	12294
f 5998 	11796 	12297
f 12288 	13359 	12289
f 12298 	12137 	12133
f 12179 	12194 	12290
f 12281 	12249 	12245
f 12306 	12336 	8132
f 12304 	12305 	8132
f 5998 	12297 	6007
f 12294 	12290 	12197
f 12258 	12299 	12278
f 12133 	12291 	12298
f 12294 	12197 	8823
f 12279 	12296 	11796
f 12294 	8823 	8812
f 12137 	12298 	12302
f 6017 	6019 	5991
f 12285 	8905 	12283
f 12299 	12258 	12212
f 11621 	7403 	12309
f 12318 	12309 	7403
f 12098 	12303 	12101
f 12306 	8132 	12305
f 12304 	8132 	12316
f 12161 	11621 	12309
f 12305 	12278 	12306
f 12299 	12306 	12278
f 12161 	12308 	12139
f 12138 	12302 	9014
f 10781 	12303 	12098
f 12269 	8905 	12270
f 12101 	12303 	12312
f 12311 	12307 	12310
f 12299 	12336 	12306
f 12270 	8905 	12267
f 12274 	8905 	12269
f 12334 	12336 	12299
f 12310 	12313 	12311
f 12308 	12161 	12309
f 12312 	12103 	12101
f 12278 	12305 	12304
f 12278 	12304 	12284
f 12314 	12313 	12310
f 12274 	12275 	8905
f 12314 	12328 	12313
f 12103 	12315 	12127
f 8905 	12275 	11726
f 12103 	12312 	12315
f 12295 	12292 	12317
f 12357 	12282 	12276
f 12323 	12127 	12315
f 12263 	12322 	12320
f 12309 	12318 	12308
f 12295 	12321 	12300
f 12277 	8905 	12279
f 12291 	12282 	12361
f 12264 	12324 	12272
f 12319 	12308 	12318
f 12295 	12317 	12321
f 12283 	8905 	12277
f 12320 	12324 	12264
f 12300 	12321 	12325
f 12324 	12327 	12272
f 12176 	12129 	12323
f 12291 	12361 	12366
f 12317 	12177 	12321
f 12287 	8905 	12285
f 12291 	12366 	12298
f 12286 	8905 	12287
f 12303 	10781 	12329
f 9047 	12302 	12298
f 12293 	8905 	12286
f 12301 	12300 	12325
f 10781 	10783 	12329
f 12328 	12448 	12313
f 7847 	7854 	12322
f 12303 	12329 	12331
f 12267 	8905 	12293
f 12325 	9904 	12301
f 12332 	12328 	12333
f 12318 	12330 	12319
f 12263 	7847 	12322
f 12332 	12451 	12328
f 12326 	12319 	12330
f 12304 	12316 	12284
f 12303 	12331 	12312
f 12358 	8132 	12365
f 11832 	12320 	12322
f 12315 	12312 	12335
f 12155 	12174 	12332
f 11832 	11857 	12320
f 12312 	12331 	12335
f 12279 	8905 	12296
f 12328 	12451 	12448
f 12299 	12212 	12334
f 12315 	12184 	12323
f 12320 	11857 	12324
f 12177 	12317 	12175
f 12296 	8905 	12297
f 12180 	12325 	12177
f 12335 	12184 	12315
f 12327 	12324 	11859
f 12325 	12321 	12177
f 12334 	8132 	12336
f 12323 	12184 	12188
f 11857 	11859 	12324
f 12333 	12155 	12332
f 12180 	9277 	12325
f 11859 	12143 	12327
f 12325 	9277 	9904
f 12337 	12147 	12139
f 12353 	12182 	12175
f 12297 	8905 	6007
f 12308 	12337 	12139
f 12337 	12343 	12147
f 12340 	215 	12341
f 12302 	9047 	9049
f 12344 	12207 	12205
f 12349 	12343 	12337
f 12302 	9049 	9014
f 12147 	12343 	12152
f 12335 	12355 	12223
f 12341 	12347 	12340
f 11962 	12344 	12205
f 12335 	12223 	12184
f 12341 	12348 	12347
f 12319 	12349 	12308
f 12411 	12346 	12339
f 12319 	12326 	12363
f 12319 	12363 	12349
f 10783 	10817 	12329
f 12326 	12382 	12363
f 12344 	12351 	12207
f 10817 	12352 	12329
f 12346 	12411 	12345
f 12349 	12337 	12308
f 10817 	10828 	12352
f 12347 	12350 	12340
f 12339 	12346 	12353
f 12343 	12349 	12354
f 12329 	12352 	12331
f 12362 	8132 	12359
f 12307 	12311 	12400
f 12346 	12240 	12353
f 12331 	12355 	12335
f 12339 	12353 	12342
f 12331 	12352 	12355
f 12342 	12175 	12317
f 12342 	12353 	12175
f 12357 	12276 	12356
f 7887 	12263 	12348
f 12212 	12209 	12358
f 12355 	12227 	12229
f 7872 	12348 	12341
f 12355 	12229 	12223
f 12354 	12412 	12343
f 12345 	12237 	12346
f 12347 	12348 	12264
f 12363 	12364 	12354
f 12363 	12354 	12349
f 12361 	12282 	12357
f 12359 	12209 	12362
f 12264 	12272 	12347
f 12227 	12352 	10828
f 12237 	12240 	12346
f 12350 	12347 	12272
f 12358 	12365 	12212
f 12380 	8132 	12362
f 12227 	12355 	12352
f 12380 	12362 	12351
f 12212 	12365 	12334
f 12344 	11962 	11981
f 12227 	10828 	11017
f 12330 	12318 	7403
f 12381 	8132 	12380
f 12298 	12366 	9047
f 12344 	12370 	12351
f 12350 	12272 	12371
f 12227 	11017 	12373
f 7398 	12374 	12372
f 11017 	11031 	12373
f 12387 	12388 	12356
f 12373 	12229 	12227
f 12373 	12378 	12229
f 11981 	12370 	12344
f 12367 	12377 	12369
f 12376 	12326 	12372
f 12330 	12372 	12326
f 12369 	12232 	12345
f 12357 	12391 	12361
f 12372 	12374 	12376
f 12369 	12377 	12232
f 12380 	12351 	12381
f 12370 	12381 	12351
f 12232 	12237 	12345
f 12376 	12382 	12326
f 12382 	12383 	12363
f 12364 	12363 	12383
f 8132 	12381 	12392
f 7398 	327 	12374
f 12366 	9072 	9047
f 12392 	12381 	12370
f 12377 	12251 	12232
f 12400 	12401 	12360
f 12400 	12360 	12338
f 12401 	12408 	12360
f 12338 	12307 	12400
f 12386 	12360 	12408
f 12357 	12356 	12388
f 12272 	12327 	12371
f 11981 	12468 	12389
f 12389 	12370 	11981
f 12391 	12357 	12388
f 12327 	12390 	12371
f 12392 	12389 	8132
f 12371 	12390 	12375
f 12375 	12395 	12379
f 12389 	12392 	12370
f 12385 	12376 	12374
f 9071 	12366 	12361
f 12375 	12390 	12395
f 12499 	12382 	12376
f 12395 	12399 	12379
f 9071 	12361 	12391
f 12382 	12507 	12383
f 9071 	9072 	12366
f 12430 	635 	12387
f 12379 	12399 	12384
f 12399 	12204 	12384
f 12398 	8426 	12406
f 12419 	12406 	8426
f 12388 	12387 	12404
f 635 	12404 	12387
f 12222 	12407 	12225
f 12403 	12407 	12222
f 12229 	12378 	12233
f 12496 	12441 	8426
f 12408 	12409 	12386
f 12406 	11941 	12398
f 12388 	12404 	12413
f 12405 	12345 	12411
f 12412 	12414 	12407
f 12412 	12407 	12403
f 12424 	8426 	12432
f 12431 	8426 	12441
f 12415 	12238 	12410
f 12388 	12413 	12391
f 12391 	12413 	9076
f 12416 	12418 	12414
f 12416 	12414 	12412
f 12292 	12339 	12342
f 12386 	12409 	12394
f 12413 	10690 	9076
f 12417 	11941 	12419
f 12406 	12419 	11941
f 12342 	12317 	12292
f 12409 	12420 	12394
f 12391 	9076 	9071
f 12378 	12373 	11034
f 635 	658 	12404
f 11031 	11034 	12373
f 12394 	12420 	12397
f 12404 	10689 	12413
f 11034 	12421 	12378
f 12576 	12396 	12393
f 12407 	12422 	12225
f 12378 	12421 	12410
f 12404 	658 	10689
f 12396 	12367 	12402
f 12423 	12415 	12410
f 12419 	8426 	12424
f 12396 	12576 	12367
f 12413 	10689 	10690
f 12421 	12423 	12410
f 12402 	12369 	12405
f 12247 	12422 	12425
f 12423 	8843 	12415
f 12427 	12261 	12260
f 8135 	8843 	12423
f 12419 	12424 	12417
f 12313 	12428 	12311
f 12260 	12426 	12427
f 12402 	12367 	12369
f 12427 	12356 	12261
f 12415 	8843 	8838
f 12438 	12425 	12422
f 12405 	12369 	12345
f 12426 	12430 	12427
f 1183 	12425 	1238
f 12311 	12428 	12400
f 12426 	12429 	12430
f 915 	12252 	1183
f 12427 	12387 	12356
f 12400 	12428 	12401
f 12433 	12401 	12428
f 12427 	12430 	12387
f 12401 	12435 	12408
f 12407 	12434 	12422
f 12433 	12435 	12401
f 12424 	12432 	12417
f 12414 	12434 	12407
f 12429 	630 	633
f 12422 	12434 	12438
f 12417 	12432 	12453
f 12429 	633 	12430
f 12408 	12435 	12440
f 12438 	12434 	12439
f 12430 	633 	635
f 12458 	12462 	12435
f 12442 	12253 	5625
f 12425 	12438 	1238
f 12409 	12408 	12440
f 12418 	12439 	12434
f 12418 	12434 	12414
f 12442 	12260 	12253
f 12439 	12445 	12438
f 12734 	12728 	12393
f 1238 	12438 	12445
f 12393 	12396 	12734
f 12465 	12260 	12442
f 12418 	12452 	12439
f 12439 	12452 	12454
f 12440 	12446 	12409
f 12473 	12466 	5607
f 12390 	12327 	12143
f 12420 	12409 	12446
f 12143 	12148 	12390
f 12443 	12405 	12436
f 12448 	12428 	12313
f 12395 	12390 	12148
f 12443 	12402 	12405
f 11941 	12417 	11969
f 12436 	12405 	12411
f 12448 	12450 	12428
f 12447 	12449 	12416
f 12418 	12416 	12449
f 12437 	12436 	12411
f 12148 	12156 	12395
f 12452 	12418 	12449
f 12437 	12339 	12444
f 12399 	12395 	12156
f 12339 	12437 	12411
f 12467 	12470 	5607
f 12399 	12215 	12204
f 12448 	12475 	12450
f 5615 	12470 	12471
f 12464 	12465 	5615
f 12156 	12215 	12399
f 12444 	12339 	12292
f 12417 	12453 	11969
f 12439 	12454 	12445
f 12451 	12475 	12448
f 5607 	12466 	12467
f 12451 	12332 	12174
f 12454 	1242 	1240
f 1240 	12445 	12454
f 12428 	12450 	12433
f 12468 	12469 	8132
f 5625 	5619 	12442
f 12435 	12433 	12458
f 12389 	12468 	8132
f 12450 	12458 	12433
f 12453 	12461 	11971
f 12521 	12457 	12459
f 12480 	8426 	12479
f 12613 	12634 	12449
f 12440 	12435 	12462
f 12525 	12459 	12083
f 12452 	12639 	12454
f 12088 	12459 	12457
f 12454 	1245 	1242
f 12459 	12091 	12083
f 12440 	12463 	12446
f 12088 	12091 	12459
f 12469 	12487 	8132
f 12454 	12639 	1245
f 12460 	12384 	12368
f 12462 	12463 	12440
f 5619 	5615 	12465
f 12343 	12403 	12152
f 12465 	12442 	5619
f 12083 	12265 	12525
f 12479 	12461 	12453
f 12189 	12246 	12260
f 12343 	12412 	12403
f 12152 	12403 	12222
f 12464 	12260 	12465
f 11971 	12461 	11981
f 12371 	12455 	12350
f 12462 	12599 	12463
f 12364 	12416 	12412
f 12364 	12412 	12354
f 12481 	12599 	12462
f 12375 	12456 	12455
f 12383 	12447 	12364
f 12479 	8426 	12486
f 12371 	12375 	12455
f 12468 	11981 	12469
f 12375 	12379 	12456
f 12466 	12426 	12467
f 12447 	12416 	12364
f 12456 	12379 	12460
f 12486 	8132 	12487
f 12467 	12426 	12470
f 12260 	12464 	12426
f 12470 	12426 	12471
f 12471 	12426 	12464
f 12460 	12379 	12384
f 12475 	12476 	12450
f 12466 	12473 	12429
f 12466 	12429 	12426
f 12483 	8426 	12480
f 12451 	12181 	12475
f 12472 	12484 	12477
f 12431 	12453 	12432
f 12527 	5678 	12518
f 11990 	12006 	1507
f 12475 	12187 	12476
f 12450 	12476 	12458
f 8132 	12486 	8426
f 12458 	12481 	12462
f 12491 	12496 	8426
f 12476 	12481 	12458
f 12478 	12581 	207
f 12453 	12480 	12479
f 12482 	12472 	12502
f 12482 	12484 	12472
f 456 	12482 	448
f 12482 	12490 	12484
f 12441 	12483 	12480
f 12476 	12195 	12481
f 12187 	12195 	12476
f 12431 	12441 	12453
f 12484 	12485 	12477
f 12480 	12453 	12441
f 12195 	12488 	12481
f 12581 	195 	207
f 207 	209 	12478
f 12488 	12599 	12481
f 12542 	5639 	12532
f 12478 	209 	12666
f 12477 	12485 	12457
f 12487 	12461 	12486
f 7405 	7402 	769
f 5635 	12529 	5639
f 12486 	12461 	12479
f 12372 	12330 	7403
f 12485 	12088 	12457
f 12493 	12385 	327
f 12461 	12487 	12469
f 8426 	12483 	12491
f 12500 	12504 	12489
f 12490 	12482 	456
f 12489 	12504 	12492
f 12484 	12490 	12126
f 12494 	12385 	12493
f 12483 	12441 	12491
f 12490 	12134 	12126
f 12484 	12126 	12485
f 12385 	12374 	327
f 12485 	12093 	12088
f 12126 	12093 	12485
f 456 	468 	12131
f 5656 	5642 	12547
f 12547 	12548 	5656
f 12496 	12491 	12441
f 12490 	456 	12131
f 12385 	12494 	12376
f 12195 	12497 	12488
f 12490 	12131 	12134
f 12210 	12497 	12195
f 11489 	11500 	12498
f 12131 	468 	13087
f 12494 	12499 	12376
f 12513 	5671 	12501
f 12488 	12500 	12489
f 12498 	11493 	11489
f 12516 	5673 	12513
f 12497 	12500 	12488
f 12623 	490 	12502
f 12514 	12494 	12511
f 12498 	12503 	11493
f 12625 	12502 	12472
f 12502 	490 	448
f 12502 	448 	12482
f 12492 	12506 	12495
f 12499 	12507 	12382
f 12504 	12506 	12492
f 12510 	12251 	12377
f 5722 	602 	5671
f 12511 	327 	12514
f 12511 	12494 	12493
f 12210 	12520 	12497
f 11500 	12028 	12498
f 12028 	12032 	12498
f 12520 	12522 	12497
f 12032 	12503 	12498
f 5642 	12545 	12546
f 12546 	12547 	5642
f 12523 	12499 	12494
f 12508 	12521 	12525
f 12250 	12524 	12230
f 12520 	12230 	12524
f 12503 	12036 	12505
f 12524 	12550 	12551
f 12032 	12036 	12503
f 12521 	12459 	12525
f 327 	12526 	12514
f 12036 	12043 	12505
f 12551 	12520 	12524
f 12508 	12525 	12510
f 12505 	12043 	12509
f 12473 	5607 	5658
f 12510 	12265 	12251
f 12518 	12517 	608
f 12513 	12501 	608
f 12509 	12048 	12512
f 12513 	608 	12516
f 12510 	12525 	12265
f 12516 	608 	12517
f 12494 	12514 	12523
f 5635 	12528 	12529
f 12625 	12472 	12515
f 12526 	12523 	12514
f 12043 	12048 	12509
f 12532 	5639 	12529
f 12515 	12472 	12477
f 12497 	12522 	12500
f 12523 	12530 	12499
f 12519 	12515 	12477
f 12500 	12531 	12504
f 12519 	12477 	12457
f 12519 	12457 	12521
f 12522 	12531 	12500
f 12499 	12530 	12507
f 12531 	12534 	12504
f 11519 	11493 	12533
f 6921 	2080 	6919
f 5658 	5656 	12548
f 12530 	12616 	12507
f 12549 	5658 	12548
f 12549 	12473 	5658
f 608 	7469 	12529
f 12505 	12536 	12533
f 12518 	608 	12527
f 12536 	12509 	12539
f 12505 	12509 	12536
f 12535 	12557 	12531
f 12528 	608 	12529
f 12527 	608 	12528
f 12559 	12523 	12538
f 12541 	12612 	12539
f 12531 	12557 	12534
f 11493 	12503 	12533
f 12540 	12508 	12543
f 12504 	12534 	12506
f 12503 	12505 	12533
f 12543 	12377 	12367
f 12509 	12512 	12539
f 12429 	12549 	12553
f 7490 	12553 	12532
f 12550 	12579 	12551
f 12539 	12512 	12541
f 12532 	12553 	12542
f 12542 	12553 	12544
f 12544 	12553 	12545
f 12546 	12545 	12553
f 12537 	12552 	12555
f 12546 	12553 	12547
f 12541 	12512 	12554
f 12547 	12553 	12548
f 12548 	12553 	12549
f 12550 	12524 	12568
f 12473 	12549 	12429
f 12511 	12493 	327
f 12537 	12555 	12540
f 12429 	12553 	630
f 8512 	630 	7490
f 12520 	12551 	12522
f 12522 	12535 	12531
f 12555 	12508 	12540
f 12578 	12563 	327
f 142 	130 	261
f 12555 	12521 	12508
f 12526 	327 	12538
f 12551 	12535 	12522
f 11669 	1038 	12610
f 12510 	12377 	12543
f 12556 	12557 	12535
f 12543 	12508 	12510
f 329 	12586 	327
f 12555 	12552 	12519
f 12526 	12538 	12523
f 12560 	12512 	12048
f 12519 	12552 	12515
f 12512 	12560 	12554
f 12578 	327 	12586
f 12538 	327 	12563
f 12521 	12555 	12519
f 12554 	12560 	12564
f 12557 	12703 	12534
f 12250 	12249 	12568
f 12564 	12566 	12580
f 12550 	12568 	9692
f 9692 	12579 	12550
f 9699 	12579 	9692
f 12559 	12538 	12563
f 12568 	12249 	9695
f 12559 	12474 	12523
f 12559 	12478 	12474
f 12572 	12561 	12558
f 12048 	12065 	12560
f 9699 	10489 	12579
f 12065 	12067 	12560
f 12561 	12572 	12573
f 12568 	12524 	12250
f 12530 	12523 	12474
f 12560 	12067 	12564
f 12790 	12571 	12565
f 12654 	12530 	12474
f 12071 	12566 	12564
f 12393 	12565 	12574
f 12067 	12071 	12564
f 12561 	12573 	12562
f 12565 	12571 	12574
f 12562 	12575 	12567
f 12566 	12735 	12570
f 12596 	12587 	329
f 12393 	12574 	12576
f 12573 	12575 	12562
f 12537 	12574 	12571
f 12567 	12575 	12577
f 12071 	12735 	12566
f 12567 	12577 	10444
f 12554 	12564 	12580
f 12577 	10457 	10444
f 12578 	12581 	12559
f 12579 	12535 	12551
f 12572 	483 	12573
f 12556 	12535 	12579
f 12563 	12578 	12559
f 12585 	12678 	12397
f 12397 	12420 	12585
f 12586 	329 	12587
f 12585 	12588 	12678
f 12575 	491 	12577
f 12569 	12584 	12589
f 12580 	12566 	12582
f 12566 	12570 	12582
f 493 	10457 	12577
f 12582 	12570 	12583
f 12569 	12589 	12571
f 12581 	12578 	12586
f 12590 	12801 	12588
f 12586 	12587 	12581
f 12420 	12593 	12585
f 12571 	12589 	12537
f 12576 	12574 	12540
f 12478 	12559 	12581
f 12591 	12583 	12570
f 12593 	12420 	12446
f 12595 	12590 	12588
f 12574 	12537 	12540
f 12606 	12590 	12595
f 12576 	12540 	12543
f 12576 	12543 	12367
f 12640 	12597 	12558
f 12585 	12593 	12595
f 12640 	12594 	12597
f 12585 	12595 	12588
f 12572 	12558 	12597
f 12598 	12446 	12463
f 195 	12596 	335
f 12617 	12589 	12584
f 12592 	543 	506
f 12592 	506 	508
f 12589 	12617 	12552
f 12592 	508 	12594
f 12463 	12599 	12598
f 12589 	12552 	12537
f 12598 	12593 	12446
f 12594 	511 	12597
f 12594 	508 	511
f 195 	12581 	12596
f 11539 	12601 	12602
f 12587 	12596 	12581
f 12603 	1037 	1056
f 12593 	12605 	12595
f 12598 	12605 	12593
f 1056 	12615 	12603
f 12605 	12606 	12595
f 11538 	12601 	11539
f 12607 	12447 	12383
f 12603 	1038 	1037
f 6928 	2103 	6924
f 12598 	12620 	12605
f 11538 	11524 	12601
f 12610 	1038 	12603
f 12605 	12611 	12606
f 12383 	12507 	12607
f 12609 	12611 	12605
f 12603 	12619 	12610
f 12607 	12613 	12447
f 12600 	12608 	12614
f 12533 	11524 	11519
f 12610 	10469 	11669
f 12608 	12623 	12614
f 12536 	12601 	11524
f 12447 	12613 	12449
f 12584 	12600 	12614
f 12837 	12835 	12606
f 12611 	12837 	12606
f 11524 	12533 	12536
f 12536 	12539 	12601
f 12618 	12603 	12615
f 12507 	12616 	12607
f 12539 	12602 	12601
f 12599 	12620 	12598
f 12584 	12614 	12617
f 12619 	12603 	12618
f 12609 	12605 	12620
f 12602 	12539 	12612
f 12610 	10491 	10469
f 12616 	12621 	12607
f 10491 	12610 	12619
f 12599 	12488 	12620
f 12624 	12612 	12541
f 12604 	546 	12622
f 12489 	12620 	12488
f 12489 	12492 	12620
f 12656 	12624 	12626
f 12604 	12622 	12608
f 12607 	12621 	12613
f 12615 	12558 	12618
f 12561 	12618 	12558
f 12618 	12562 	12619
f 1510 	1509 	11886
f 12620 	12492 	12609
f 12618 	12561 	12562
f 12492 	12495 	12609
f 12622 	12623 	12608
f 12619 	12562 	12567
f 12609 	12495 	12611
f 12614 	12623 	12625
f 12619 	12567 	10491
f 12567 	10444 	10491
f 12623 	12502 	12625
f 12614 	12625 	12617
f 12628 	12637 	12635
f 6971 	2692 	6970
f 12635 	12630 	12628
f 12617 	12515 	12552
f 12631 	1052 	12629
f 12617 	12625 	12515
f 12615 	1053 	12631
f 12452 	12449 	12634
f 12622 	484 	490
f 12622 	490 	12623
f 12639 	12452 	12634
f 12629 	12638 	12640
f 12634 	12643 	12639
f 12635 	12653 	12630
f 12634 	12641 	12643
f 12638 	12594 	12640
f 12541 	12554 	12624
f 12621 	12641 	12613
f 12631 	12629 	12640
f 12554 	12580 	12624
f 12630 	12653 	12633
f 12558 	12631 	12640
f 12624 	12580 	12626
f 12634 	12613 	12641
f 12636 	12642 	12637
f 12627 	12626 	12582
f 12580 	12582 	12626
f 12307 	12642 	12636
f 12631 	12558 	12615
f 12639 	12645 	1245
f 12635 	12637 	12642
f 12639 	12643 	12645
f 2062 	6917 	2069
f 12583 	12632 	12627
f 12582 	12583 	12627
f 12594 	12638 	12592
f 1888 	1881 	13392
f 11539 	12602 	11564
f 10189 	20 	12650
f 11564 	12602 	11570
f 12280 	12645 	12643
f 12638 	12629 	8131
f 12612 	11570 	12602
f 12592 	12638 	610
f 8131 	610 	12638
f 1161 	12645 	12280
f 11570 	12612 	12652
f 610 	562 	12592
f 12612 	12624 	12652
f 8068 	7935 	261
f 11570 	12652 	11572
f 12530 	12654 	12616
f 12646 	12444 	12647
f 12633 	12655 	12651
f 12616 	12657 	12621
f 12656 	11572 	12652
f 12647 	12292 	12295
f 12647 	12295 	12648
f 12653 	12655 	12633
f 12654 	12657 	12616
f 12649 	12300 	12301
f 12657 	12659 	12621
f 12667 	12657 	12654
f 12649 	12301 	12650
f 12660 	12651 	12655
f 12648 	12300 	12649
f 12659 	12641 	12621
f 12648 	12295 	12300
f 12663 	12643 	12641
f 13159 	13232 	1886
f 12641 	12659 	12663
f 12673 	12660 	12668
f 12660 	12673 	12662
f 12280 	12643 	12663
f 12753 	12756 	6
f 12756 	12758 	6
f 12635 	12664 	12653
f 12689 	6 	12687
f 13252 	1898 	1897
f 12642 	12664 	12635
f 12664 	12665 	12653
f 12474 	12478 	12666
f 12697 	6 	12696
f 1897 	1892 	13252
f 12664 	12360 	12665
f 12624 	12656 	12652
f 12360 	12664 	12338
f 12626 	12627 	12656
f 12474 	12666 	12654
f 12696 	6 	12693
f 12666 	12667 	12654
f 12644 	6 	12704
f 12627 	12658 	12656
f 12644 	12646 	6
f 12655 	12653 	12665
f 12704 	6 	12697
f 12661 	12658 	12632
f 12647 	6 	12646
f 12655 	12668 	12660
f 12648 	6 	12647
f 12657 	12669 	12659
f 12650 	6 	12649
f 12667 	12669 	12657
f 12649 	6 	12648
f 12665 	12668 	12655
f 12659 	12669 	12671
f 12671 	12663 	12659
f 12288 	12280 	12663
f 12668 	12386 	12394
f 12726 	12565 	12728
f 12663 	12671 	12288
f 12565 	12393 	12728
f 12386 	12665 	12360
f 12386 	12668 	12665
f 12666 	344 	12667
f 12394 	12673 	12668
f 209 	344 	12666
f 344 	348 	12667
f 12627 	12632 	12658
f 12632 	12680 	12661
f 12667 	348 	12669
f 12676 	13057 	12675
f 12662 	12675 	13056
f 12661 	12680 	12670
f 1981 	6964 	2380
f 12669 	351 	12671
f 12675 	12673 	12397
f 12394 	12397 	12673
f 12669 	348 	351
f 12662 	12673 	12675
f 12708 	12670 	12680
f 12642 	12307 	12338
f 12708 	12709 	12672
f 12709 	12711 	12674
f 12664 	12642 	12338
f 12674 	12711 	12921
f 12397 	12678 	12675
f 12921 	12711 	12712
f 12704 	12436 	12437
f 12675 	12678 	12676
f 12704 	12437 	12644
f 9694 	12706 	2182
f 12681 	12632 	12583
f 12644 	12444 	12646
f 12682 	13354 	12676
f 12681 	12680 	12632
f 12644 	12437 	12444
f 12678 	12682 	12676
f 2220 	2211 	12679
f 12292 	12647 	12444
f 12681 	12684 	12680
f 2180 	12706 	12707
f 12588 	12682 	12678
f 12677 	12402 	12443
f 13358 	12682 	12588
f 12677 	12396 	12402
f 2178 	2181 	12699
f 12837 	12495 	12685
f 12708 	12680 	12684
f 2182 	12706 	2180
f 2182 	2146 	9694
f 12685 	12688 	12837
f 12495 	12506 	12694
f 12701 	12694 	12506
f 6 	12691 	12693
f 12506 	12534 	12701
f 12692 	12723 	12683
f 12694 	12685 	12495
f 12694 	12700 	12688
f 12694 	12688 	12685
f 12681 	12583 	12591
f 12683 	12698 	12692
f 12699 	12692 	12698
f 12534 	12703 	12701
f 12684 	12729 	12764
f 12702 	12692 	12699
f 12557 	12556 	12710
f 12764 	12690 	12684
f 12556 	12579 	10489
f 13411 	1889 	1887
f 12705 	12839 	13175
f 13411 	1894 	1889
f 12708 	12672 	12670
f 12674 	12672 	12709
f 12734 	12693 	12691
f 12556 	10489 	10490
f 12692 	12702 	12705
f 12696 	12443 	12697
f 12702 	12707 	12705
f 12556 	10490 	12710
f 12707 	12706 	12705
f 12443 	12436 	12697
f 10490 	10577 	12710
f 12693 	12677 	12696
f 12710 	12703 	12557
f 12693 	12734 	12677
f 12706 	9694 	12705
f 12696 	12677 	12443
f 12708 	12690 	12709
f 12684 	12690 	12708
f 12705 	1658 	12839
f 12690 	12695 	12709
f 12704 	12697 	12436
f 12709 	12695 	12711
f 12711 	12714 	12712
f 12688 	12700 	12713
f 12718 	12713 	12700
f 12695 	12714 	12711
f 12714 	12719 	12712
f 12717 	12722 	12686
f 1861 	6962 	1981
f 12718 	12721 	12713
f 12721 	12750 	12724
f 12738 	12750 	12721
f 12722 	12687 	12686
f 12714 	12771 	12719
f 12687 	12722 	12726
f 12771 	12775 	12719
f 12725 	12116 	12727
f 12775 	39 	12719
f 12687 	12726 	12689
f 12681 	12591 	12729
f 12689 	12728 	12691
f 12694 	12730 	12700
f 12679 	12683 	12723
f 12701 	12730 	12694
f 12689 	12726 	12728
f 12729 	12684 	12681
f 12730 	12732 	12700
f 13333 	13331 	12733
f 12728 	12734 	12691
f 12716 	12773 	12781
f 12700 	12732 	12718
f 12097 	12104 	12715
f 12570 	12735 	12737
f 12732 	12738 	12718
f 12720 	12715 	12104
f 12071 	12241 	12735
f 12104 	12109 	12720
f 12735 	12244 	12737
f 12692 	12705 	12741
f 12570 	12737 	12591
f 12109 	12725 	12720
f 12737 	12742 	12591
f 12727 	12119 	12731
f 12730 	12740 	12732
f 12740 	12743 	12732
f 12741 	12723 	12692
f 12741 	12744 	12723
f 12591 	12742 	12729
f 12109 	12116 	12725
f 2380 	6969 	2411
f 12743 	12738 	12732
f 12727 	12116 	12119
f 12729 	12745 	12764
f 12723 	12744 	12733
f 12742 	12745 	12729
f 12744 	12746 	12733
f 12721 	12718 	12738
f 12734 	12396 	12677
f 12731 	12119 	11289
f 12733 	12746 	12736
f 12746 	12749 	12736
f 6 	12748 	12752
f 12750 	12880 	12724
f 12241 	12244 	12735
f 12705 	13175 	12741
f 12752 	12753 	6
f 12754 	12776 	12743
f 12738 	12743 	12776
f 12755 	12754 	12743
f 12737 	12805 	12742
f 12750 	12738 	12776
f 13179 	12744 	12741
f 6 	12758 	12759
f 13175 	13179 	12741
f 12687 	6 	12686
f 12759 	12686 	6
f 12742 	12808 	12745
f 12757 	12760 	12908
f 12691 	6 	12689
f 12703 	12761 	12762
f 12747 	12745 	12817
f 12749 	13189 	12763
f 12710 	12761 	12703
f 12725 	12727 	12751
f 12703 	12762 	12701
f 12751 	12727 	12757
f 12757 	12731 	12760
f 12695 	12690 	12766
f 12731 	12757 	12727
f 12761 	12710 	10577
f 12717 	12686 	12759
f 12763 	12765 	12797
f 12760 	12731 	12767
f 12764 	12766 	12690
f 12761 	10577 	10580
f 12766 	12769 	12695
f 12765 	13222 	12768
f 12731 	11289 	12767
f 12828 	12752 	12748
f 12730 	12701 	12762
f 12714 	12695 	12769
f 12828 	12831 	12752
f 12767 	11289 	11292
f 12740 	12762 	12739
f 12761 	12739 	12762
f 11292 	11320 	12767
f 12758 	12756 	12773
f 12838 	12773 	12756
f 10580 	12739 	12761
f 12769 	12771 	12714
f 12779 	12755 	12739
f 12759 	12758 	12716
f 12773 	12716 	12758
f 12716 	12717 	12759
f 12762 	12740 	12730
f 12780 	12781 	12773
f 12765 	13216 	13222
f 12740 	12739 	12755
f 12973 	12206 	12777
f 10312 	12748 	6
f 12768 	13225 	12770
f 13222 	13225 	12768
f 12775 	72 	39
f 10580 	12779 	12739
f 12778 	12784 	12772
f 12779 	12783 	12755
f 12745 	12747 	12764
f 12717 	12782 	12786
f 12772 	12784 	12774
f 12782 	12798 	12786
f 12764 	12747 	12766
f 12717 	12786 	12722
f 12747 	12789 	12766
f 12722 	12790 	12726
f 12784 	12788 	12774
f 12766 	12789 	12769
f 12722 	12786 	12790
f 12740 	12755 	12743
f 12787 	12799 	12791
f 12565 	12726 	12790
f 12754 	12755 	12783
f 12725 	12751 	12788
f 12720 	12725 	12788
f 12769 	12792 	12771
f 12789 	12792 	12769
f 12781 	12780 	12793
f 12792 	12795 	12771
f 12781 	12793 	12796
f 12206 	12224 	12777
f 12224 	12228 	12777
f 12795 	12775 	12771
f 12794 	12797 	12785
f 12228 	12778 	12777
f 12778 	12715 	12784
f 12796 	12782 	12781
f 12795 	160 	12775
f 12785 	12797 	12787
f 12715 	12778 	12228
f 12715 	12720 	12784
f 12855 	160 	12795
f 12796 	12798 	12782
f 12797 	12799 	12787
f 160 	72 	12775
f 12786 	12798 	12569
f 12784 	12720 	12788
f 12799 	12800 	12791
f 12841 	12843 	12789
f 12715 	12228 	12097
f 12749 	12794 	12736
f 12584 	12569 	12798
f 12789 	12843 	12792
f 12786 	12569 	12790
f 12749 	12763 	12794
f 12794 	12763 	12797
f 12795 	12792 	12846
f 12790 	12569 	12571
f 12799 	12797 	12765
f 12846 	12855 	12795
f 12765 	12768 	12799
f 12588 	12801 	13358
f 12800 	12799 	12768
f 12768 	12770 	12800
f 12801 	12802 	13358
f 12600 	12798 	12796
f 12600 	12584 	12798
f 12805 	12737 	12244
f 12803 	12807 	12804
f 12805 	12808 	12742
f 12803 	12809 	12807
f 12825 	8132 	12824
f 12816 	12807 	12809
f 12284 	12825 	12805
f 12824 	12823 	12805
f 1642 	1628 	12803
f 12809 	12803 	1628
f 12809 	12815 	12816
f 12802 	12801 	12813
f 12817 	12745 	12808
f 12813 	12818 	12802
f 12833 	12829 	8132
f 12823 	8132 	12829
f 12836 	12818 	12835
f 12808 	12805 	12823
f 12889 	12893 	12811
f 12823 	12829 	12808
f 12802 	12818 	12810
f 12810 	12826 	12812
f 12816 	12820 	12807
f 12819 	12780 	12838
f 6923 	2093 	6921
f 12818 	12826 	12810
f 12813 	12835 	12818
f 12806 	12889 	12811
f 12815 	12809 	1630
f 12284 	12805 	12244
f 12316 	8132 	12825
f 12813 	12801 	12590
f 12819 	12814 	12895
f 12824 	12805 	12825
f 1908 	13429 	1909
f 12864 	12780 	12819
f 2031 	12821 	12820
f 12819 	12895 	12864
f 12284 	12316 	12825
f 12827 	12828 	12748
f 12817 	12808 	12829
f 12818 	12830 	12826
f 12753 	12752 	12831
f 12831 	12834 	12753
f 12683 	12679 	2211
f 12817 	12833 	12832
f 12817 	12832 	12841
f 2178 	12699 	12698
f 12829 	12833 	12817
f 2181 	2180 	12707
f 12590 	12835 	12813
f 12702 	12699 	2181
f 12707 	12702 	2181
f 12834 	12756 	12753
f 12590 	12606 	12835
f 12836 	12830 	12818
f 12830 	12848 	12826
f 12756 	12834 	12838
f 8132 	12832 	12833
f 12867 	8132 	12850
f 12837 	12840 	12835
f 12495 	12837 	12611
f 12827 	12919 	12806
f 12747 	12841 	12789
f 12840 	12836 	12835
f 12747 	12817 	12841
f 12827 	12806 	12828
f 1658 	12842 	12839
f 12811 	12828 	12806
f 12803 	12804 	12842
f 12828 	12811 	12831
f 12840 	12837 	12688
f 12831 	12814 	12834
f 12867 	12861 	8132
f 12831 	12811 	12814
f 12834 	12814 	12819
f 12826 	12845 	12812
f 12847 	8132 	12846
f 12834 	12819 	12838
f 12857 	12848 	12830
f 12826 	12848 	12845
f 12792 	12847 	12846
f 12780 	12773 	12838
f 12850 	8132 	12847
f 12812 	12845 	12822
f 12847 	12792 	12850
f 12850 	12792 	12843
f 12935 	12934 	12852
f 12844 	12822 	12852
f 12846 	8132 	12855
f 12854 	12855 	8132
f 170 	12854 	8132
f 12853 	12852 	12848
f 12845 	12852 	12822
f 12848 	12852 	12845
f 12853 	12947 	12852
f 12782 	12717 	12716
f 160 	12855 	12854
f 12852 	12947 	12935
f 12840 	12857 	12836
f 12716 	12781 	12782
f 12857 	12840 	12713
f 12854 	170 	160
f 12840 	12688 	12713
f 12832 	8132 	12862
f 12830 	12836 	12857
f 12848 	12857 	12859
f 12853 	12848 	12860
f 12859 	12860 	12848
f 12018 	12029 	1974
f 12862 	8132 	12861
f 12841 	12832 	12862
f 12859 	12857 	12865
f 12713 	12865 	12857
f 12841 	12862 	12861
f 12841 	12861 	12843
f 12864 	12793 	12780
f 12865 	12866 	12859
f 12721 	12865 	12713
f 12843 	12867 	12850
f 12721 	12724 	12865
f 12861 	12867 	12843
f 12865 	12724 	12866
f 12859 	12866 	12860
f 12871 	12793 	12864
f 12868 	12871 	12864
f 12873 	12796 	12793
f 12873 	12793 	12871
f 12724 	12875 	12866
f 12656 	11573 	11572
f 12873 	12600 	12796
f 12875 	12882 	12877
f 12873 	12608 	12600
f 11573 	12658 	12870
f 12604 	12608 	12873
f 12858 	2031 	12863
f 12656 	12658 	11573
f 12658 	12661 	12870
f 12870 	12661 	12872
f 12868 	12881 	12871
f 12724 	12880 	12875
f 12912 	12851 	12856
f 12872 	12670 	12874
f 12661 	12670 	12872
f 12881 	12868 	624
f 12880 	12882 	12875
f 12670 	12672 	12874
f 12882 	12883 	12877
f 12871 	12881 	12604
f 12874 	12672 	12876
f 12881 	546 	12604
f 12863 	12917 	12858
f 12877 	12883 	12878
f 12883 	12884 	12878
f 12871 	12604 	12873
f 12878 	12884 	12879
f 648 	12881 	624
f 12750 	12886 	12880
f 12886 	12776 	12885
f 12754 	12885 	12776
f 648 	546 	12881
f 2164 	6956 	6957
f 12874 	8432 	12872
f 8432 	12874 	12876
f 12923 	12889 	12806
f 12814 	12811 	12893
f 12886 	12750 	12776
f 12886 	12894 	12880
f 12892 	8432 	12891
f 12885 	12911 	12886
f 12893 	12895 	12814
f 12885 	12918 	12911
f 12956 	8817 	8820
f 12886 	12911 	12894
f 12880 	12894 	12882
f 12883 	12882 	12898
f 12894 	12899 	12898
f 12893 	12889 	12903
f 12807 	12820 	12902
f 12894 	12898 	12882
f 12900 	12903 	12889
f 12883 	12904 	12884
f 12890 	12921 	12891
f 12903 	12905 	12893
f 12898 	12904 	12883
f 12904 	13451 	12884
f 12899 	12907 	12898
f 12921 	12924 	12891
f 12903 	620 	12905
f 12892 	12891 	12924
f 12893 	12905 	12895
f 12898 	12907 	12904
f 12895 	12868 	12864
f 12895 	12905 	12868
f 12906 	12902 	12821
f 614 	12900 	12925
f 12900 	614 	617
f 12821 	12849 	12906
f 12900 	617 	12903
f 12911 	12899 	12894
f 12908 	12760 	12910
f 2221 	7388 	7390
f 12933 	12901 	12897
f 617 	620 	12903
f 12897 	12927 	12933
f 12905 	620 	624
f 12905 	624 	12868
f 12672 	12674 	12876
f 12913 	12918 	12885
f 12674 	12890 	12876
f 12918 	12920 	12911
f 10889 	10891 	12913
f 12913 	10891 	12918
f 12920 	12918 	10895
f 10891 	10895 	12918
f 12919 	12923 	12806
f 12899 	12911 	12920
f 12890 	12674 	12921
f 12919 	12922 	12923
f 12929 	12899 	12920
f 12920 	10896 	12929
f 12820 	12821 	12902
f 10895 	10896 	12920
f 12922 	12925 	12923
f 12757 	12908 	12948
f 12892 	12926 	12896
f 12922 	662 	12925
f 12909 	12906 	12849
f 12754 	12783 	12913
f 12892 	12924 	12926
f 12923 	12900 	12889
f 12909 	12851 	12912
f 12783 	12779 	10885
f 10889 	12913 	12783
f 12849 	12851 	12909
f 12900 	12923 	12925
f 12927 	12896 	12926
f 662 	667 	12925
f 10889 	12783 	10885
f 12915 	12912 	12856
f 12913 	12885 	12754
f 12760 	12928 	12910
f 12899 	12929 	12907
f 12915 	12858 	12917
f 12760 	12767 	12928
f 12915 	12856 	12858
f 12910 	12928 	12914
f 12914 	12928 	12931
f 12896 	12927 	12897
f 12929 	10896 	13457
f 12929 	13457 	13452
f 12914 	12931 	12916
f 12844 	12852 	12934
f 12916 	11375 	11365
f 12933 	12936 	12901
f 12916 	12931 	11375
f 12935 	12937 	12934
f 12937 	12939 	13417
f 12937 	12941 	12939
f 12941 	12937 	12949
f 12928 	11320 	12931
f 12921 	12712 	12924
f 12930 	7706 	12932
f 7703 	7706 	12930
f 12928 	12767 	11320
f 12926 	12924 	17
f 12931 	11320 	11325
f 7456 	12932 	7706
f 12869 	12887 	12986
f 12931 	11325 	11375
f 12712 	17 	12924
f 12941 	12942 	12940
f 12941 	12940 	12939
f 12887 	12888 	12938
f 12941 	12952 	12942
f 17 	21 	12926
f 12927 	12926 	21
f 13212 	12774 	12945
f 21 	24 	12927
f 12927 	24 	12933
f 12945 	12948 	13214
f 24 	31 	12933
f 12947 	12949 	12935
f 12860 	12947 	12853
f 12947 	12959 	12949
f 12933 	31 	12936
f 12960 	8820 	8827
f 12958 	7766 	12943
f 7766 	7769 	12943
f 12751 	12948 	12945
f 12936 	34 	7
f 12935 	12949 	12937
f 12943 	7769 	12946
f 12946 	7769 	7703
f 12942 	12950 	12940
f 31 	34 	12936
f 12946 	7703 	12930
f 12952 	12968 	12942
f 12788 	12945 	12774
f 7 	9710 	12954
f 12788 	12751 	12945
f 12940 	12950 	12944
f 12757 	12948 	12751
f 12957 	12947 	12860
f 7 	12954 	10
f 12957 	12959 	12947
f 12901 	12936 	10
f 12959 	12962 	12949
f 10 	12936 	7
f 12963 	12959 	12957
f 12962 	12959 	12975
f 12963 	12975 	12959
f 12953 	12972 	10905
f 12941 	12949 	12962
f 12955 	12953 	10907
f 12962 	12952 	12941
f 12942 	12968 	12950
f 12955 	7788 	12958
f 10907 	7788 	12955
f 7788 	7766 	12958
f 10905 	12972 	10930
f 12969 	12964 	12368
f 12368 	12384 	12969
f 12969 	12973 	12964
f 12938 	12888 	12951
f 12974 	12957 	12860
f 12860 	12866 	12974
f 12953 	13207 	12972
f 8817 	12956 	12951
f 12974 	12963 	12957
f 12384 	12204 	12969
f 12951 	12888 	8817
f 12970 	10965 	10970
f 12975 	12976 	12962
f 12970 	10970 	12971
f 12964 	12973 	12966
f 12956 	8820 	12960
f 12971 	10930 	12972
f 12962 	12976 	12952
f 10970 	10930 	12971
f 12976 	12978 	12968
f 12976 	12968 	12952
f 12960 	8827 	12961
f 12875 	12974 	12866
f 12973 	12977 	12966
f 12875 	12877 	12974
f 12961 	8827 	12965
f 12979 	12980 	11013
f 12974 	12877 	12963
f 12878 	12975 	12963
f 12977 	12778 	12772
f 12967 	8833 	8831
f 12979 	11013 	10965
f 12877 	12878 	12963
f 12979 	10965 	12970
f 12976 	12975 	12879
f 12878 	12879 	12975
f 790 	769 	223
f 12980 	223 	769
f 223 	12980 	12979
f 12981 	12978 	12879
f 12978 	12976 	12879
f 12965 	8833 	12967
f 12979 	224 	223
f 11012 	12980 	11621
f 769 	11621 	12980
f 12774 	16 	12772
f 12980 	11012 	11013
f 12987 	12984 	12993
f 13017 	12984 	11509
f 12204 	12206 	12969
f 12985 	13039 	12917
f 12206 	12973 	12969
f 12990 	12982 	12983
f 11509 	11581 	13017
f 12973 	12777 	12977
f 13000 	12987 	12993
f 12984 	11518 	11509
f 12989 	12983 	12988
f 12987 	11518 	12984
f 12989 	12990 	12983
f 13041 	12985 	12986
f 12977 	12777 	12778
f 12628 	12630 	12988
f 2209 	7387 	7388
f 12989 	12988 	12630
f 12989 	12633 	12990
f 12991 	12997 	12992
f 13106 	12997 	12991
f 12630 	12633 	12989
f 12633 	12651 	12990
f 13058 	12938 	12951
f 11174 	1531 	1532
f 12994 	12996 	12995
f 12994 	13013 	12996
f 13013 	12994 	12982
f 12985 	12917 	12863
f 2246 	7409 	2062
f 12863 	12869 	12985
f 12992 	13000 	12993
f 12869 	12986 	12985
f 12997 	13000 	12992
f 12887 	12938 	12986
f 13001 	13004 	12997
f 12997 	13004 	13000
f 12987 	13000 	11544
f 13004 	11544 	13000
f 13110 	12930 	13001
f 13001 	12932 	13004
f 13027 	13030 	13007
f 12930 	12932 	13001
f 13007 	13030 	13008
f 12932 	11242 	13004
f 13004 	11242 	11544
f 11569 	13055 	13010
f 13002 	13011 	13022
f 13009 	13011 	13002
f 13012 	11578 	13010
f 11569 	13010 	11578
f 12996 	13014 	12995
f 12804 	12807 	12902
f 13015 	11579 	11578
f 13015 	11578 	13012
f 12995 	13014 	13003
f 13014 	13020 	13003
f 11579 	13015 	13016
f 13005 	12804 	12902
f 13026 	13017 	13016
f 13028 	13017 	13026
f 12902 	12906 	13005
f 12996 	13037 	13014
f 13009 	13005 	12906
f 13017 	13028 	12984
f 12906 	12909 	13009
f 12990 	13013 	12982
f 13009 	12909 	13011
f 13020 	12998 	13003
f 12909 	12912 	13011
f 13020 	13021 	12998
f 13018 	13019 	13012
f 13012 	13019 	13015
f 13023 	13015 	13019
f 12998 	13021 	12999
f 13021 	13024 	12999
f 13018 	13012 	13010
f 13043 	13021 	13020
f 13007 	13024 	13027
f 13023 	13016 	13015
f 13023 	13026 	13016
f 13007 	13006 	13024
f 13006 	12999 	13024
f 13046 	13027 	13024
f 11280 	11438 	1522
f 12993 	12984 	13028
f 13011 	13033 	13022
f 13011 	12912 	13033
f 13034 	13013 	12651
f 12651 	12660 	13034
f 13022 	13033 	13025
f 13013 	13034 	12996
f 11174 	11156 	1531
f 13025 	13036 	13029
f 13034 	13037 	12996
f 13031 	13038 	13032
f 13031 	13035 	13038
f 13025 	13033 	13036
f 13032 	13038 	13028
f 13036 	13039 	13029
f 12651 	13013 	12990
f 13032 	13028 	13026
f 13014 	13037 	13040
f 13035 	12991 	12992
f 13035 	12992 	13038
f 12662 	13056 	13037
f 13038 	12993 	13028
f 13037 	13056 	13040
f 13038 	12992 	12993
f 13014 	13040 	13020
f 13040 	13043 	13020
f 13045 	13046 	13024
f 13036 	13033 	12915
f 12912 	12915 	13033
f 13042 	13048 	13044
f 13046 	13339 	13027
f 13042 	13047 	13048
f 12917 	13036 	12915
f 13044 	13048 	13019
f 13036 	12917 	13039
f 13019 	13048 	13023
f 13049 	13023 	13048
f 12985 	13041 	13039
f 1510 	11886 	1514
f 13021 	13045 	13024
f 13044 	13019 	13018
f 13169 	13050 	13047
f 13045 	13021 	13043
f 13048 	13047 	13049
f 13050 	13049 	13047
f 13169 	13146 	13050
f 13050 	13031 	13032
f 13032 	13049 	13050
f 13049 	13026 	13023
f 13052 	13045 	13043
f 13049 	13032 	13026
f 13067 	12956 	12960
f 13042 	13162 	13047
f 13047 	13166 	13169
f 13052 	13341 	13045
f 12960 	12961 	13067
f 13046 	13045 	13341
f 13027 	13339 	13030
f 12961 	12965 	13094
f 12961 	13094 	13051
f 13053 	13054 	11744
f 11744 	13054 	11751
f 12662 	13034 	12660
f 13054 	13055 	11751
f 13053 	11744 	11729
f 13037 	13034 	12662
f 13040 	13057 	13043
f 8877 	13098 	8875
f 13056 	13057 	13040
f 13057 	13052 	13043
f 13056 	12675 	13057
f 13354 	13057 	12676
f 7409 	2246 	7408
f 13054 	13053 	13059
f 13052 	13057 	13354
f 13065 	13211 	13064
f 13062 	13059 	13070
f 13054 	13059 	13062
f 13062 	13055 	13054
f 13086 	13066 	13068
f 2093 	6923 	6924
f 13062 	13069 	13055
f 13068 	13065 	13074
f 13069 	13018 	13010
f 13069 	13010 	13055
f 13071 	13072 	13064
f 13064 	13072 	13065
f 12951 	13060 	13058
f 13072 	13074 	13065
f 12951 	12956 	13060
f 13072 	13077 	13074
f 13060 	12956 	13061
f 13071 	13064 	13063
f 2103 	6954 	2164
f 12956 	13067 	13061
f 13062 	13070 	13075
f 13067 	12961 	13051
f 13078 	13077 	13072
f 13072 	13071 	13078
f 13076 	13078 	13071
f 12983 	12982 	13076
f 13073 	13081 	13075
f 5301 	12983 	13076
f 13078 	12994 	13077
f 13079 	13082 	180
f 13073 	13080 	13081
f 13076 	12982 	13078
f 13075 	13081 	13069
f 12982 	12994 	13078
f 13069 	13062 	13075
f 13080 	13042 	13044
f 13086 	13068 	13074
f 13080 	13044 	13081
f 13092 	13074 	13077
f 13081 	13018 	13069
f 13018 	13081 	13044
f 13061 	13067 	13160
f 13074 	13092 	13086
f 12131 	13087 	11825
f 13160 	13067 	13079
f 1935 	13467 	1934
f 1965 	1934 	13450
f 13082 	13079 	13051
f 13450 	250 	1965
f 13090 	13089 	13084
f 13066 	13086 	13084
f 13090 	13084 	13086
f 13087 	11836 	11825
f 13089 	13085 	13084
f 13087 	13091 	11836
f 13051 	13079 	13067
f 13051 	13094 	13082
f 13088 	13093 	13095
f 13096 	135 	131
f 13088 	13095 	13091
f 12995 	13077 	12994
f 13091 	13095 	11840
f 13077 	12995 	13092
f 13092 	12995 	13003
f 13091 	11840 	11836
f 13096 	131 	13094
f 13098 	135 	13096
f 12018 	1974 	1972
f 13085 	13089 	13099
f 13093 	13097 	13100
f 13096 	8875 	13098
f 13101 	13102 	13090
f 13090 	13102 	13089
f 13089 	13111 	13099
f 13095 	13093 	13100
f 13102 	13111 	13089
f 13095 	11850 	11840
f 1975 	1973 	12029
f 13095 	13100 	11850
f 13092 	13101 	13086
f 13003 	13101 	13092
f 13097 	13245 	13070
f 8860 	136 	13098
f 13086 	13101 	13090
f 13100 	13097 	13059
f 12998 	13101 	13003
f 13097 	13070 	13059
f 13100 	13059 	13053
f 13099 	13083 	13085
f 13094 	12965 	12967
f 13100 	13053 	11850
f 13096 	13094 	12967
f 11850 	13053 	11729
f 13096 	12967 	8875
f 13099 	13104 	13083
f 13112 	13104 	13099
f 13116 	13106 	12991
f 13104 	13107 	13105
f 13112 	13107 	13104
f 13106 	13001 	12997
f 13111 	13112 	13099
f 13110 	13001 	13106
f 13109 	12946 	13110
f 12943 	12946 	13109
f 12946 	12930 	13110
f 13102 	12999 	13111
f 1903 	13463 	1905
f 1905 	13463 	1950
f 13465 	1951 	13464
f 1951 	13465 	1952
f 13105 	13107 	13118
f 13114 	13125 	13117
f 6965 	6969 	2380
f 13007 	13107 	13112
f 13029 	13039 	13108
f 6970 	2411 	6969
f 13114 	13117 	13119
f 13128 	13122 	13117
f 13105 	13118 	13103
f 13113 	13108 	13041
f 13118 	13120 	13103
f 13114 	13119 	13116
f 13039 	13041 	13108
f 13119 	13106 	13116
f 13118 	13123 	13120
f 13121 	13113 	13041
f 13113 	13121 	13115
f 13101 	12998 	13102
f 12998 	12999 	13102
f 13121 	13058 	13115
f 13122 	13109 	13117
f 13122 	12943 	13109
f 13006 	13007 	13112
f 13109 	13119 	13117
f 13119 	13110 	13106
f 13107 	13008 	13118
f 13109 	13110 	13119
f 13121 	12938 	13058
f 13007 	13008 	13107
f 13008 	13123 	13118
f 12958 	12943 	13122
f 13148 	13060 	13153
f 13123 	13126 	13120
f 13148 	13058 	13060
f 1910 	13443 	1915
f 1909 	13443 	1910
f 13060 	13061 	13153
f 13123 	13335 	13126
f 13124 	13128 	13125
f 13006 	13112 	13111
f 12986 	13121 	13041
f 12999 	13006 	13111
f 13114 	13182 	13125
f 13121 	12986 	12938
f 13128 	13124 	13127
f 13129 	13132 	13131
f 13125 	13128 	13117
f 13132 	13134 	13131
f 13152 	11368 	11371
f 13131 	5761 	13135
f 13131 	13135 	13136
f 13131 	13136 	13137
f 13127 	13133 	13139
f 13127 	13139 	13128
f 13139 	13122 	13128
f 12953 	13133 	13207
f 1919 	64 	13141
f 64 	13152 	13141
f 13133 	12955 	13139
f 13141 	1920 	1919
f 12953 	12955 	13133
f 13142 	13143 	13131
f 12955 	12958 	13139
f 1921 	13144 	1922
f 13139 	12958 	13122
f 1921 	1920 	13141
f 1921 	13141 	13144
f 13147 	60 	84
f 13131 	13134 	13149
f 13031 	13050 	13146
f 13148 	13140 	13130
f 13150 	13145 	13176
f 13149 	13174 	13131
f 13147 	64 	60
f 13150 	13151 	13146
f 13150 	13146 	13145
f 13115 	13148 	13130
f 13151 	13035 	13146
f 13148 	13153 	13140
f 13151 	12991 	13035
f 13147 	11368 	13152
f 13146 	13035 	13031
f 13178 	13278 	13129
f 13154 	13155 	13131
f 13156 	13129 	13131
f 13150 	13114 	13116
f 13157 	13138 	13131
f 13141 	13158 	13144
f 176 	13140 	13153
f 13150 	13116 	13151
f 13141 	13152 	13158
f 176 	13160 	178
f 5817 	13144 	13158
f 12991 	13151 	13116
f 13153 	13160 	176
f 180 	178 	13079
f 6980 	3199 	6977
f 13138 	13163 	13131
f 13160 	13079 	178
f 13165 	13159 	13131
f 13161 	13166 	13162
f 11365 	11368 	13147
f 13161 	13164 	13166
f 13148 	13115 	13058
f 13167 	13165 	13131
f 13166 	13047 	13162
f 11371 	13158 	13152
f 13168 	13169 	13166
f 13168 	13166 	13164
f 13232 	13159 	13165
f 11371 	5817 	13158
f 13191 	13176 	13168
f 13167 	13131 	13170
f 13163 	13170 	13131
f 13145 	13168 	13176
f 7375 	5933 	7376
f 13168 	13145 	13146
f 215 	12340 	212
f 13168 	13146 	13169
f 13153 	13061 	13160
f 13191 	13168 	13164
f 13171 	212 	12340
f 13150 	13176 	13182
f 216 	13172 	246
f 13114 	13150 	13182
f 13330 	2220 	12679
f 2211 	2178 	12698
f 13174 	13157 	13131
f 216 	13171 	13172
f 13190 	13173 	13176
f 13172 	13177 	246
f 13156 	13178 	13129
f 246 	13177 	247
f 13134 	13228 	13227
f 13173 	238 	13180
f 13228 	13134 	13132
f 13173 	13182 	13176
f 13173 	13180 	13182
f 247 	13181 	256
f 13134 	13227 	13149
f 13177 	13181 	247
f 13179 	13183 	12744
f 13258 	13260 	13174
f 13260 	13157 	13174
f 13180 	13124 	13125
f 13174 	13149 	13258
f 13180 	13125 	13182
f 13177 	12460 	13181
f 13132 	13129 	13278
f 13155 	13156 	13131
f 13183 	12746 	12744
f 88 	259 	13184
f 13285 	13278 	13178
f 13183 	13185 	12746
f 13187 	13184 	259
f 12340 	12350 	13171
f 12350 	12455 	13171
f 13143 	13154 	13131
f 13172 	13171 	12455
f 13208 	13155 	13154
f 12746 	13185 	12749
f 13156 	13209 	13178
f 13184 	13188 	13186
f 13184 	13187 	13188
f 13172 	12456 	13177
f 13161 	13186 	13164
f 13188 	13164 	13186
f 13185 	13189 	12749
f 12455 	12456 	13172
f 13190 	13191 	13188
f 13190 	13188 	13187
f 13191 	13164 	13188
f 13137 	13142 	13131
f 12456 	12460 	13177
f 13192 	13136 	13135
f 12839 	12842 	13193
f 13194 	13192 	13135
f 13192 	13195 	13136
f 13176 	13191 	13190
f 13136 	13195 	13137
f 12460 	12368 	13181
f 13193 	13175 	12839
f 13193 	13200 	13175
f 13124 	13180 	13215
f 13198 	13124 	13215
f 199 	13202 	13198
f 13195 	13196 	13137
f 199 	204 	13202
f 13200 	13179 	13175
f 13211 	13192 	13194
f 13198 	13202 	13127
f 13221 	13197 	13196
f 13183 	13179 	13002
f 13220 	13196 	13195
f 13223 	12908 	12910
f 13198 	13127 	13124
f 13204 	204 	203
f 13194 	13135 	13206
f 13135 	5788 	13206
f 5788 	5836 	13206
f 203 	206 	13204
f 13201 	12914 	13203
f 13142 	13196 	13143
f 13197 	13143 	13196
f 6962 	1861 	6959
f 204 	13204 	13207
f 13002 	13179 	13200
f 12910 	12914 	13201
f 13280 	13178 	13209
f 84 	13203 	12916
f 204 	13207 	13202
f 13002 	13022 	13183
f 13155 	13209 	13156
f 13202 	13133 	13127
f 13208 	13209 	13155
f 13202 	13207 	13133
f 13183 	13022 	13185
f 13199 	13208 	13143
f 13154 	13143 	13208
f 224 	12970 	206
f 13197 	13199 	13143
f 12914 	12916 	13203
f 13185 	13025 	13189
f 224 	12979 	12970
f 13204 	206 	12971
f 12916 	11365 	84
f 12970 	12971 	206
f 13022 	13025 	13185
f 13147 	84 	11365
f 13025 	13029 	13189
f 13204 	12972 	13207
f 13279 	13280 	13209
f 13204 	12971 	12972
f 161 	11 	13210
f 6973 	6974 	3001
f 13189 	13029 	13216
f 13279 	13209 	13208
f 6973 	3001 	6972
f 13193 	12842 	12804
f 13196 	13142 	13137
f 13187 	259 	263
f 13005 	13200 	13193
f 13187 	263 	13190
f 267 	13190 	263
f 4 	16 	13212
f 13005 	13193 	12804
f 13173 	13190 	267
f 3001 	6974 	3189
f 13212 	8 	4
f 13005 	13009 	13200
f 13205 	13213 	13206
f 238 	13173 	267
f 13215 	237 	240
f 3189 	6975 	6977
f 13200 	13009 	13002
f 13205 	13064 	13213
f 13215 	238 	237
f 13194 	13213 	13211
f 13212 	13214 	8
f 13206 	13213 	13194
f 13197 	13218 	13199
f 13217 	13210 	11
f 13216 	12763 	13189
f 13215 	13180 	238
f 13219 	13066 	13220
f 13066 	13084 	13220
f 13197 	13221 	13218
f 13216 	12765 	12763
f 13198 	13215 	240
f 13214 	13217 	11
f 13196 	13220 	13221
f 13217 	13223 	13210
f 13220 	13084 	13221
f 13219 	13220 	13195
f 13192 	13219 	13195
f 13224 	13073 	13075
f 53 	13201 	55
f 13192 	13211 	13219
f 13224 	13075 	13070
f 13080 	13257 	13261
f 13213 	13064 	13211
f 13223 	13201 	53
f 13066 	13219 	13068
f 13080 	13073 	13257
f 13212 	16 	12774
f 13219 	13211 	13068
f 13065 	13068 	13211
f 13130 	12770 	13225
f 13080 	13261 	13042
f 13063 	13064 	13205
f 13115 	13130 	13225
f 13229 	468 	464
f 464 	13226 	13229
f 468 	13229 	13087
f 12945 	13214 	13212
f 13138 	13157 	13230
f 13260 	13230 	13157
f 13226 	13237 	13088
f 13216 	13108 	13222
f 13214 	12948 	13217
f 13231 	13232 	13165
f 13226 	13088 	13229
f 13229 	13091 	13087
f 2062 	7409 	7410
f 13229 	13088 	13091
f 13108 	13216 	13029
f 13217 	12908 	13223
f 13093 	13088 	13237
f 13108 	13113 	13222
f 13237 	13242 	13093
f 12948 	12908 	13217
f 13222 	13113 	13225
f 13262 	13252 	13231
f 13223 	12910 	13201
f 7375 	7372 	5933
f 13225 	13113 	13115
f 13234 	13233 	13250
f 349 	365 	36
f 13235 	361 	354
f 13233 	13234 	13237
f 13167 	13170 	13231
f 13236 	13231 	13170
f 2209 	5933 	7387
f 13238 	13236 	13170
f 13233 	13237 	13226
f 13231 	13236 	13262
f 361 	13239 	365
f 13163 	13238 	13170
f 288 	429 	13246
f 13241 	13238 	13163
f 37 	1 	13240
f 13234 	13242 	13237
f 13234 	13240 	13242
f 13235 	13239 	361
f 285 	429 	288
f 13249 	13236 	13238
f 13239 	13243 	365
f 1 	2 	13244
f 13241 	13138 	13230
f 2 	13255 	13244
f 13244 	13240 	1
f 13240 	13244 	13245
f 13138 	13241 	13163
f 7393 	7395 	2228
f 13231 	13165 	13167
f 13255 	13224 	13244
f 13243 	36 	365
f 7408 	2246 	7406
f 13246 	433 	13247
f 13240 	13245 	13242
f 13242 	13097 	13093
f 13242 	13245 	13097
f 2062 	7410 	6917
f 13247 	290 	13246
f 13246 	290 	288
f 2069 	6917 	6918
f 13245 	13244 	13224
f 13245 	13224 	13070
f 13269 	13249 	13238
f 13248 	13251 	13235
f 13248 	13181 	12368
f 13233 	534 	13250
f 18 	37 	13250
f 2069 	6918 	6919
f 12368 	12964 	13248
f 13250 	37 	13234
f 37 	13240 	13234
f 13248 	12964 	13251
f 13232 	13231 	13252
f 13235 	13251 	13239
f 13254 	13243 	13239
f 13247 	13283 	290
f 13255 	2 	13253
f 13262 	13236 	13249
f 13251 	13254 	13239
f 13253 	13257 	13255
f 13253 	13256 	13257
f 13255 	13073 	13224
f 13255 	13257 	13073
f 13258 	13149 	13227
f 13256 	13261 	13257
f 13256 	13259 	13261
f 13269 	13238 	13241
f 13261 	13162 	13042
f 13261 	13259 	13162
f 13161 	13162 	13259
f 13230 	13270 	13241
f 13254 	13251 	12966
f 52 	50 	13264
f 50 	13263 	13264
f 12964 	12966 	13251
f 52 	13264 	13253
f 13260 	13267 	13230
f 12966 	13268 	13254
f 13270 	13269 	13241
f 13320 	13324 	13265
f 13270 	13302 	13269
f 13271 	13263 	68
f 13304 	13249 	13269
f 68 	80 	13271
f 13263 	13271 	13272
f 12966 	12977 	13268
f 12977 	12772 	13268
f 13263 	13272 	13264
f 13264 	13272 	13256
f 13268 	12772 	16
f 13272 	13274 	13259
f 13262 	13249 	13308
f 13272 	13259 	13256
f 433 	13246 	429
f 13264 	13256 	13253
f 13230 	13267 	13270
f 80 	88 	13273
f 434 	13286 	433
f 13273 	13271 	80
f 297 	296 	7369
f 13272 	13271 	13274
f 13274 	13271 	13273
f 13275 	40 	36
f 13277 	13260 	13258
f 13274 	13186 	13161
f 13259 	13274 	13161
f 13243 	13275 	36
f 13260 	13277 	13267
f 13275 	5 	40
f 88 	13184 	13273
f 13243 	3 	13275
f 13276 	13258 	13227
f 13275 	4 	5
f 3 	4 	13275
f 13273 	13184 	13186
f 13247 	433 	13283
f 13273 	13186 	13274
f 13299 	13267 	13277
f 26 	44 	1
f 5 	9 	43
f 13276 	13277 	13258
f 1 	37 	26
f 2 	1 	44
f 13312 	2216 	13266
f 13243 	13254 	3
f 13254 	13268 	3
f 13294 	2216 	13297
f 13228 	13132 	13278
f 13297 	2216 	13300
f 13281 	13282 	13228
f 13228 	13282 	13227
f 13282 	13276 	13227
f 13283 	433 	13286
f 13283 	13284 	290
f 13278 	13281 	13228
f 13285 	13281 	13278
f 13286 	434 	13287
f 13280 	13285 	13178
f 13279 	13289 	13280
f 13284 	13286 	13287
f 13289 	13290 	13280
f 13288 	13279 	13208
f 13283 	13286 	13284
f 13284 	394 	290
f 13290 	13291 	13285
f 13281 	13285 	13291
f 13292 	13276 	13282
f 13292 	13293 	13276
f 13295 	435 	13294
f 435 	13295 	13303
f 13281 	13291 	13296
f 13103 	13291 	13290
f 13291 	13316 	13296
f 13305 	434 	13303
f 13281 	13296 	13282
f 13292 	13282 	13296
f 13293 	13299 	13277
f 13267 	13299 	13301
f 13294 	13298 	13295
f 13322 	13313 	13293
f 13299 	13314 	13301
f 13313 	13314 	13299
f 13267 	13301 	13270
f 13293 	13277 	13276
f 13297 	13298 	13294
f 13300 	2216 	13312
f 13285 	13280 	13290
f 13300 	13298 	13297
f 13301 	13302 	13270
f 13302 	13304 	13269
f 13287 	434 	13305
f 13305 	13303 	13307
f 13262 	13308 	13309
f 13262 	13309 	13252
f 13295 	13307 	13303
f 13298 	13307 	13295
f 13304 	13308 	13249
f 13302 	13306 	13310
f 13287 	13305 	13284
f 13307 	13284 	13305
f 13302 	13310 	13304
f 13310 	13311 	13304
f 13304 	13311 	13308
f 13284 	411 	394
f 13308 	13311 	13325
f 13307 	411 	13284
f 13325 	13309 	13308
f 13292 	13322 	13293
f 13299 	13293 	13313
f 13314 	13306 	13302
f 13314 	13302 	13301
f 13298 	13300 	12785
f 13312 	12785 	13300
f 13313 	13425 	13314
f 13199 	13288 	13208
f 13288 	13199 	13218
f 12787 	13307 	13298
f 13083 	13288 	13218
f 13083 	13315 	13288
f 12791 	411 	13307
f 13221 	13084 	13085
f 2216 	13294 	435
f 13221 	13085 	13218
f 2217 	13265 	2216
f 13085 	13083 	13218
f 13315 	13289 	13279
f 435 	13303 	434
f 13291 	13317 	13316
f 13266 	2216 	13265
f 2217 	2218 	13323
f 13323 	13319 	2217
f 13083 	13104 	13315
f 13288 	13315 	13279
f 13315 	13105 	13289
f 13330 	13331 	2220
f 13103 	13317 	13291
f 13296 	13316 	13318
f 13103 	13120 	13317
f 13265 	2217 	13320
f 13326 	13316 	13317
f 13326 	13327 	13316
f 13296 	13318 	13292
f 13319 	13321 	13320
f 13322 	13292 	13318
f 13319 	13320 	2217
f 13327 	13328 	13318
f 13318 	13328 	13322
f 13316 	13327 	13318
f 13323 	13321 	13319
f 13289 	13103 	13290
f 13105 	13103 	13289
f 13104 	13105 	13315
f 13266 	13265 	13324
f 13310 	13426 	13311
f 13426 	13429 	13311
f 13321 	13324 	13320
f 13326 	13317 	13120
f 13120 	13126 	13326
f 13312 	13266 	12785
f 13324 	12785 	13266
f 13313 	13322 	13329
f 13322 	13328 	13329
f 12785 	12787 	13298
f 12787 	12791 	13307
f 13425 	13313 	13329
f 13333 	2218 	13331
f 13332 	2218 	13333
f 12679 	12723 	13330
f 13325 	13311 	13429
f 13330 	12723 	13331
f 13126 	13433 	13326
f 12723 	12733 	13331
f 13327 	13434 	13328
f 13008 	13334 	13123
f 13030 	13334 	13008
f 13123 	13334 	13335
f 13332 	12733 	13323
f 13321 	13323 	12733
f 13333 	12733 	13332
f 12736 	13324 	13321
f 13334 	13346 	13335
f 13321 	12733 	12736
f 13324 	12794 	12785
f 12794 	13324 	12736
f 13332 	13323 	2218
f 13337 	13339 	13046
f 2220 	13331 	2218
f 12698 	12683 	2211
f 13030 	13339 	13338
f 13338 	13350 	13351
f 13337 	13046 	13341
f 13342 	1269 	13340
f 1294 	1271 	13342
f 13344 	13340 	13397
f 13338 	13334 	13030
f 13340 	13344 	13345
f 13334 	13338 	13346
f 13340 	13345 	13342
f 13335 	13348 	13336
f 13346 	13348 	13335
f 13348 	13382 	13336
f 13347 	1294 	13342
f 13351 	13346 	13338
f 13346 	13352 	13348
f 13351 	13352 	13346
f 13342 	13345 	13347
f 13349 	1294 	13347
f 13337 	13350 	13339
f 13339 	13350 	13338
f 25 	13344 	13343
f 13344 	27 	13345
f 13344 	25 	27
f 13345 	30 	13347
f 13345 	27 	30
f 13348 	13353 	13382
f 13349 	13347 	32
f 13348 	13352 	13353
f 13347 	30 	32
f 13349 	32 	8929
f 13357 	13361 	13337
f 12671 	351 	13355
f 13052 	13356 	13341
f 13354 	13356 	13052
f 13357 	13341 	13356
f 13355 	12288 	12671
f 12682 	13358 	13354
f 13354 	13358 	13356
f 13356 	13360 	13357
f 13358 	13360 	13356
f 13359 	12288 	13355
f 1302 	12289 	13359
f 13341 	13357 	13337
f 13361 	13350 	13337
f 13359 	13370 	1302
f 13359 	13369 	13370
f 13363 	13362 	13351
f 1302 	1174 	12289
f 348 	363 	13364
f 13350 	13363 	13351
f 13364 	351 	348
f 13364 	13366 	351
f 13350 	13361 	13363
f 13365 	13363 	13361
f 13362 	13352 	13351
f 13352 	13367 	13353
f 13352 	13362 	13367
f 13368 	13365 	13361
f 13355 	351 	13366
f 12812 	13365 	13368
f 13355 	13366 	13369
f 13360 	13368 	13357
f 13360 	12810 	13368
f 13359 	13355 	13369
f 12802 	12810 	13360
f 13357 	13368 	13361
f 13363 	13365 	13371
f 13363 	13371 	13362
f 13371 	13373 	13362
f 13370 	13397 	13372
f 13365 	12822 	13371
f 12812 	12822 	13365
f 12822 	12844 	13371
f 13371 	12844 	13373
f 13373 	13367 	13362
f 13360 	13358 	12802
f 13376 	13366 	13364
f 12810 	12812 	13368
f 13394 	13370 	13369
f 13372 	13340 	1269
f 13335 	13336 	13126
f 363 	377 	13374
f 13364 	363 	13374
f 13376 	13364 	13374
f 13380 	313 	320
f 320 	13455 	13380
f 13380 	377 	313
f 13374 	377 	13381
f 13336 	13382 	13375
f 13380 	13381 	377
f 13381 	13384 	13374
f 13377 	13375 	13383
f 13382 	13383 	13375
f 13383 	13385 	13377
f 13382 	13386 	13383
f 13374 	13384 	13376
f 13376 	13384 	13387
f 13384 	73 	13387
f 13377 	13385 	13378
f 13379 	13378 	13388
f 13455 	67 	13380
f 13385 	13388 	13378
f 13388 	13389 	13379
f 13380 	67 	13381
f 13385 	13395 	13388
f 13396 	13398 	13388
f 13388 	13398 	13389
f 69 	13384 	13381
f 69 	73 	13384
f 73 	76 	13387
f 13389 	13399 	13390
f 13387 	76 	13400
f 13392 	13391 	13390
f 13366 	13393 	13369
f 13366 	13376 	13393
f 13394 	13369 	13393
f 13386 	13382 	13353
f 13386 	13395 	13383
f 13386 	13401 	13395
f 13393 	13400 	13394
f 13383 	13395 	13385
f 13396 	13388 	13395
f 13397 	13370 	13394
f 13403 	13405 	13396
f 13372 	13397 	13340
f 13398 	13399 	13389
f 13398 	13396 	13405
f 13376 	13387 	13393
f 13400 	13393 	13387
f 13392 	13390 	13399
f 13353 	13367 	13401
f 13394 	13343 	13397
f 13401 	13386 	13353
f 13400 	13343 	13394
f 13402 	13395 	13401
f 13397 	13343 	13344
f 13402 	13403 	13395
f 13400 	13484 	13343
f 13401 	13413 	13402
f 76 	13484 	13400
f 13396 	13395 	13403
f 13411 	13392 	13399
f 13408 	13401 	13367
f 13367 	13373 	13408
f 13398 	13410 	13399
f 13410 	13398 	13405
f 13410 	13411 	13399
f 176 	13404 	13473
f 13402 	13413 	13412
f 13473 	13140 	176
f 13412 	13416 	13414
f 13418 	13416 	13412
f 13404 	178 	13406
f 13408 	13413 	13401
f 176 	178 	13404
f 178 	180 	13406
f 13403 	13402 	13412
f 13414 	13403 	13412
f 13407 	13406 	180
f 13414 	13405 	13403
f 106 	13409 	13407
f 13414 	13415 	13405
f 180 	106 	13407
f 13416 	13421 	13414
f 13414 	13421 	13415
f 156 	162 	13424
f 13410 	13405 	13415
f 13474 	13411 	13410
f 1894 	13411 	13474
f 13432 	13430 	167
f 12844 	12934 	13373
f 13430 	164 	167
f 13373 	12934 	13408
f 13417 	13413 	13408
f 167 	8958 	13432
f 12934 	13417 	13408
f 13417 	13418 	13413
f 13417 	12939 	13418
f 13413 	13418 	13412
f 13419 	13420 	48
f 13475 	13415 	13421
f 13430 	13420 	13419
f 12934 	12937 	13417
f 49 	13420 	13422
f 12939 	12940 	13418
f 12940 	13416 	13418
f 49 	13422 	51
f 13416 	12944 	13421
f 12940 	12944 	13416
f 8900 	51 	13422
f 13423 	13306 	13314
f 13423 	13314 	13425
f 13428 	13426 	13310
f 13427 	13419 	13442
f 13419 	13427 	13430
f 13426 	13428 	13439
f 13427 	164 	13430
f 13423 	13428 	13306
f 13420 	13432 	13422
f 13431 	13428 	13423
f 13420 	13430 	13432
f 13306 	13428 	13310
f 13422 	8921 	8900
f 13422 	13432 	8921
f 13327 	13326 	13433
f 13433 	13434 	13327
f 13436 	13435 	13329
f 162 	13427 	13424
f 13434 	13436 	13328
f 13126 	13336 	13433
f 13427 	162 	164
f 13436 	13329 	13328
f 13435 	13425 	13329
f 13437 	13431 	13423
f 13425 	13435 	13437
f 13378 	13435 	13436
f 13379 	13437 	13378
f 13425 	13437 	13423
f 13431 	13439 	13428
f 13377 	13378 	13436
f 13434 	13377 	13436
f 13434 	13375 	13377
f 13482 	13440 	13438
f 13441 	13438 	13440
f 13441 	13442 	13438
f 13435 	13378 	13437
f 13442 	45 	13438
f 13426 	13439 	13443
f 13442 	13419 	45
f 13439 	13445 	13443
f 13426 	13443 	13429
f 13375 	13434 	13433
f 13406 	13407 	13483
f 13336 	13375 	13433
f 13437 	13379 	13444
f 13379 	13389 	13444
f 13409 	13441 	13440
f 13437 	13444 	13431
f 13407 	13409 	13440
f 13446 	13445 	13439
f 13409 	13424 	13441
f 13444 	13446 	13431
f 156 	13424 	13409
f 13444 	13390 	13446
f 13389 	13390 	13444
f 13441 	13424 	13442
f 13431 	13446 	13439
f 13424 	13427 	13442
f 13446 	13391 	13445
f 13390 	13391 	13446
f 13447 	13448 	396
f 12884 	13449 	12879
f 13451 	13449 	12884
f 411 	13476 	13447
f 12904 	12907 	13451
f 13476 	411 	12791
f 13449 	250 	13450
f 250 	13451 	249
f 13451 	250 	13449
f 12907 	13452 	13453
f 12907 	12929 	13452
f 398 	13454 	318
f 13453 	249 	13451
f 13454 	320 	318
f 13454 	13455 	320
f 13453 	13451 	12907
f 13453 	13452 	13456
f 13448 	398 	396
f 13454 	398 	13458
f 13452 	13459 	13456
f 13457 	13459 	13452
f 13457 	12018 	13459
f 12017 	12018 	13457
f 398 	13448 	13458
f 249 	13453 	13456
f 13458 	13460 	13454
f 13454 	13460 	13455
f 13461 	67 	13455
f 13457 	10896 	12017
f 13460 	13461 	13455
f 13461 	13462 	67
f 12944 	13464 	13463
f 12950 	13464 	12944
f 13448 	13478 	13458
f 12950 	12968 	13465
f 12968 	13466 	13465
f 13464 	12950 	13465
f 12968 	12978 	13466
f 12978 	12981 	13467
f 12978 	13467 	13466
f 13460 	13480 	13461
f 13449 	12981 	12879
f 13449 	13450 	12981
f 12981 	13450 	13467
f 13482 	90 	13462
f 13482 	13438 	90
f 13468 	13472 	13469
f 13472 	13468 	12770
f 13472 	13473 	13469
f 13410 	13415 	13474
f 13415 	13475 	13474
f 13472 	13140 	13473
f 13469 	13473 	13470
f 13471 	13470 	13404
f 13404 	13470 	13473
f 13404 	13406 	13471
f 12944 	13463 	13421
f 13463 	13475 	13421
f 13471 	13406 	13483
f 12770 	13130 	13472
f 13130 	13140 	13472
f 13477 	13448 	13447
f 13447 	13476 	13477
f 13477 	13478 	13448
f 12791 	12800 	13476
f 13476 	12800 	13468
f 13476 	13468 	13477
f 13478 	13477 	13469
f 13468 	13469 	13477
f 13469 	13470 	13478
f 12800 	12770 	13468
f 13479 	13460 	13458
f 13479 	13458 	13478
f 13479 	13480 	13460
f 13481 	13462 	13461
f 13480 	13481 	13461
f 13481 	13482 	13462
f 13479 	13478 	13470
f 13470 	13471 	13479
f 13479 	13471 	13480
f 1900 	1898 	13309
f 13471 	13483 	13480
f 13480 	13483 	13481
f 13481 	13440 	13482
f 13483 	13440 	13481
f 13483 	13407 	13440
f 25 	13343 	13484
f 13485 	76 	73
f 73 	90 	13485
f 76 	13485 	13486
f 13484 	13487 	25
f 13486 	13487 	13484
f 13487 	13488 	25
f 13487 	49 	13488
f 13392 	1881 	13391
f 13490 	8943 	32
f 13485 	90 	13438
f 13485 	45 	13486
f 11886 	11895 	1535
f 13438 	45 	13485
f 45 	48 	13486
f 13487 	13486 	48
f 13487 	48 	49
f 13489 	13488 	51
f 49 	51 	13488
f 13489 	51 	8949
f 13490 	13489 	8949
f 1896 	13474 	1895
f 1973 	1974 	12029
f 1895 	13475 	1901
f 13463 	1903 	13475
f 1544 	1542 	11805
f 1525 	1522 	11438
f 11438 	11597 	1525
f 1529 	1527 	11597
f 11597 	11640 	1529
f 1530 	1529 	11640
f 1532 	11640 	11174
f 1532 	1530 	11640
f 1544 	11805 	1523
f 13467 	1953 	13466
f 1954 	1952 	13466
f 11805 	11280 	1523
f 1992 	1988 	12060
f 1534 	1535 	11895
f 1537 	1536 	11947
f 1538 	1539 	11764
f 11947 	11764 	1539
f 11764 	1542 	1538
f 11947 	1539 	1537
f 1522 	1523 	11280
f 1954 	13466 	1953
f 13456 	1966 	1967
f 13456 	13459 	1966
f 13456 	1967 	249
f 1970 	249 	1967
f 249 	1970 	1964
f 12018 	1972 	13459
f 1985 	1986 	12031
f 1988 	1989 	12060
f 12031 	12060 	1989
f 1992 	12060 	11974
f 1989 	1985 	12031
f 13445 	1916 	13443
f 13475 	1895 	13474
f 1896 	1894 	13474
f 1885 	1884 	13159
f 1890 	1886 	13232
f 13252 	1892 	13232
f 1890 	13232 	1891
f 13325 	1904 	13309
f 1906 	13325 	13429
f 7338 	7335 	13131
f 13443 	1909 	13429
f 1908 	1906 	13429
# 26984 faces

 #end of obj_0

